Cc1n[nH]c(C)c1[C@H]1CCCN1Cc1cn2cccnc2n1,P00533,
CCCCn1ccnc1[C@H]1CCCN(C(=O)Nc2ccccc2C)C1,P00533,
NC(=O)CSc1ncnc2c1sc1nc(-c3ccccc3)c3c(c12)CCCC3,P00533,
Cc1c2cnn(-c3ccccc3)c(=O)c2c(C)n1CCCC(=O)NC[C@@H](C)c1ccccc1,P00533,
C[C@@H]1Sc2ccc(C(=O)NCc3nc(-c4ccccc4)n[nH]3)cc2NC1=O,P00533,
COc1ccc(-c2c(-c3oc(C)cc(=O)c3O)cnn2C(C)(C)C)cc1,P00533,
C[C@@H]1CN([C@@H](C)C(=O)Nc2sccc2C(N)=O)CCO1,P00533,
CC(C)N1C[C@H](CN2CCCCCC2)CCC1=O,P00533,
C[C@@H]1CN(c2ccc(CNC(=O)[C@H](C)n3cncn3)cn2)CCO1,P00533,
CS(=O)(=O)c1cnc(NCc2cnc(C(F)F)s2)nc1,P00533,
CS(=O)(=O)N1C[C@H]2CN(c3ncccc3C#N)C[C@H]2[C@@H]1c1ccccc1,P00533,
Cc1nn(C(F)F)c(C)c1CC(=O)N[C@H]1c2ccccc2C[C@@H]1O,P00533,
Oc1ccc(Oc2nnc(Br)s2)cc1,P00533,
CCc1c[nH]c(CN2CCC[C@@](C(=O)O)(C(F)(F)F)C2)n1,P00533,
COc1ccc(NC(=O)CN(C)C(=O)COc2ccc(Cl)c(C)c2)cc1,P00533,
O=C(C1CCC1)N1C[C@@H](Cc2ccnc3ccccc23)[C@H](O)C1,P00533,
CCCC[C@H]1C(=O)N(C)CCN1C(=O)c1ccccc1-c1ncc[nH]1,P00533,
CCCn1ncnc1CS(=O)(=O)Cc1ccc2c(c1)oc(=O)n2C,P00533,
CCOC(=O)N1CCN(C(=O)CNC(=O)N2CC(=O)Nc3ccccc32)CC1,P00533,
O=C(CCNS(=O)(=O)c1ccc(Br)cc1)N1CCC[C@H]1c1ccc2c(c1)OCCO2,P00533,
COc1ccc(-c2nn3c(nc2=O)-c2ccccc2N[C@H]3C(C)C)cc1,P00533,
O=C(Nc1ccnn1C[C@@H]1CCOC1)c1cc(-c2ccncc2)nc2ccc(Br)cc12,P00533,
O=C(NCc1cnc(Cl)s1)Nc1ccc(C2CC2)nn1,P00533,
O=C(c1ccc(Cl)cc1)c1cccc(Br)c1,P00533,
CC[C@](CNC(=O)c1ccccc1Cl)(OC)c1ccccc1,P00533,
CCOc1ccc(-n2nc3cc(C)c(NC(=O)Cc4ccccc4)cc3n2)cc1,P00533,
Cc1cnc(C2CC2)n1[C@@H]1CCCN(C(=O)NCCc2ccccc2)C1,P00533,
Cc1ccccc1C(=O)Nc1cccc(N2CCCN(Cc3ccccc3C#N)C2=O)c1,P00533,
CN1CC[C@H](C(=O)N2CC3(NC(=O)c4cccc5cc[nH]c45)CC2C3)C1,P00533,
CC(=O)N1C[C@@H](C)CN(C(=O)c2cccc3c2OCO3)c2ccccc21,P00533,
COc1ccc(-c2cccc(-n3cccn3)c2)c(F)c1F,P00533,
Cc1ccc(Nc2ccc(NC(=O)Nc3cccc(Cl)c3)cc2)nn1,P00533,
Cc1cccc([C@@H](C)NC(=O)c2cnc3ccccc3n2)c1,P00533,
O=C(O)c1ccc([C@@H]2Nc3ccccc3-c3nc(=O)c(-c4ccc(F)cc4)nn32)cc1,P00533,
Cc1ccc2c(c1)[nH]c(=O)c1c(C(=O)O)nnn12,P00533,
COc1cccc(CC2(C(=O)N3CCCCC3)CN(c3nnc4ccccn34)C2)c1,P00533,
O=C(C1CCN(C2CCN(CCCc3ccccc3)CC2)CC1)N1CCC[C@@H](O)C1,P00533,
COc1cc(C(=O)Nc2ccc3nc(C)oc3c2)ncn1,P00533,
CCCSc1ncc(Cl)c(C(=O)N[C@H](Cc2ccccc2)C(=O)Nc2ccccc2F)n1,P00533,
Cc1cccc(C)c1OCC(=O)N[C@H]1CCc2ccccc21,P00533,
CCc1cccc(NC(=O)CCC(=O)N[C@@H](C)Cn2cncn2)c1,P00533,
Cc1nc([C@@H](C)N(C)Cc2cc3ccccc3n(C)c2=O)c(C)s1,P00533,
Cc1cnc(N)c(-c2ccnn2-c2ccccc2)c1,P00533,
O=C(O)c1cc2c(Br)n[nH]c2cn1,P00533,
COc1cc(O)ccc1[C@@H](N)CC(F)F,P00533,
CSc1ncc(Cl)c(C(=O)Nc2ccc(Cl)c(Cl)c2)n1,P00533,
CC[C@H](SC1=Nc2ccccc2C2=N[C@@H](CCC(=O)NCc3cccs3)C(=O)N12)C(=O)Nc1ccc2c(c1)OCO2,P00533,
COc1ccc(-c2cc(O)cc(C(=O)O)c2)cc1OC,P00533,
O=C(c1cccc(C(F)(F)F)c1)[C@@H]1CCCN(Cc2cc(=O)[nH]c(=O)[nH]2)C1,P00533,
Cc1nn(C)c2c1[C@@H](c1cccc3ccccc13)CC(=O)N2,P00533,
COC(=O)CC1CC(OCc2ccccc2)C1,P00533,
COc1ccc(NC(=O)CCNS(=O)(=O)c2ccccc2)cc1,P00533,
Cc1cc(Cl)cc(C(=O)Nc2ccccc2-c2cccnc2)c1,P00533,
CCCC(=O)Nc1nnc([C@H]2CC(=O)N(c3ccc(OCC)cc3)C2)o1,P00533,
CCc1ccccc1NC(=O)N1CCC(NS(=O)(=O)c2ccc(Cl)cc2)CC1,P00533,
COC(=O)c1cncc(-c2ccccc2C#N)c1,P00533,
O=C(c1cc(Br)c[nH]1)N(Cc1cccs1)Cc1cccs1,P00533,
Cc1cccc(OCc2ccc(-c3nc(C#N)c(NC[C@H]4CCCO4)o3)o2)c1,P00533,
Cc1cc(Nc2ccc(C(=O)O)cc2)nc(N)n1,P00533,
O=C(NCc1ccc(Cl)cc1)c1ccc(Oc2nccnc2N2CCOCC2)cc1,P00533,
C[C@@H]1CCCC[C@@H]1NC(=O)Cn1c2ccccc2n2c(=O)n(Cc3cccnc3)nc12,P00533,
CC(C)NC[C@@H](O)COc1ccc2ccccc2c1,P00533,
Cc1ccc([C@@H](c2nnnn2C(C)(C)C)N2CCCCC2)cc1,P00533,
COc1cc(N2C[C@@H]3C[C@@H](C2)[C@H](CNS(C)(=O)=O)N2CCCC[C@@H]32)ncn1,P00533,
CS(=O)(=O)CCNC(=O)c1ccc(C(F)(F)F)cc1S(C)(=O)=O,P00533,
Cc1nc(N2CCN(c3ccccc3F)CC2)c2c3c(sc2n1)C[C@@H](C)CC3,P00533,
COc1ccc([C@H](C(=O)NC2CCCC2)N(Cc2cccs2)C(=O)c2ccco2)cc1OC,P00533,
Cn1nncc1C(=O)N1CCC[C@](C)(c2ccccc2)C1,P00533,
O=C(Cc1csc(-c2ccccc2F)n1)Nc1nnc(C2CC2)s1,P00533,
Cc1ccc(F)cc1[C@@H]1NC(=O)OCC1(F)F,P00533,
CCOC(=O)N1CCN(Cc2nc3c(c(=O)n(C)c(=O)n3C)n2Cc2ccccc2)CC1,P00533,
Cc1cc(CNC(=O)c2cn3cc(C(F)(F)F)cc(Cl)c3n2)n(C)n1,P00533,
CNS(=O)(=O)c1ccc(CN2CCC[C@H](c3ccccc3)C2)cc1,P00533,
CC(C)C(=O)N(Cc1ccc(-c2ccc(Cl)c(Cl)c2)o1)[C@@H]1CCS(=O)(=O)C1,P00533,
CCC(=O)N(CCCO)[C@@H]1CCOC(C)(C)C1,P00533,
NS(=O)(=O)C[C@@H]1CCCN1CCOc1cccc(Cl)c1,P00533,
COc1ccc(-c2cc(C(=O)N3CCCCC3)c3c(C)nn([C@@H]4CCS(=O)(=O)C4)c3n2)cc1,P00533,
CC(C)(C)OC(=O)N1CCC(=O)CC12CCC2,P00533,
COCCN(Cc1ccoc1)C(=O)Nc1cccc(OC)c1OC,P00533,
Cc1cccc(C[C@@H]2SC(N3CCN(c4ccccc4)CC3)=NC2=O)c1,P00533,
Cn1cc(C=Cc2ccncn2)c(-c2ccc(C#N)cc2)n1,P00533,
O=c1nc2n(c3ccccc13)CC/C2=C/c1cccc(Cl)c1,P00533,
COc1cccc(N2CCN(c3nc(C(=O)N4CCN(CC(C)C)CC4)cs3)CC2)c1,P00533,
O=C1CN(c2cc(C3CC3)ncn2)CCN1Cc1ccc(F)cc1F,P00533,
O=C(NC1CCN(c2cnc3cc(Cl)ccc3n2)CC1)C1CC1,P00533,
CCOc1ccc(C(=O)Nc2cccc(C(=O)NC)c2)cc1,P00533,
Nc1nc(CNC2CCN(c3nc4ccc(Cl)cc4s3)CC2)n[nH]1,P00533,
O=C(CCC(=O)N1CC[C@@H](c2ccccc2Cl)S(=O)(=O)CC1)c1ccccc1,P00533,
CC[C@@H](c1ccccc1)c1nnc(NC(=O)c2cccs2)s1,P00533,
CC1(C)[C@]2(C(=O)NCc3ccccn3)CC[C@@]1(C)C(=O)C2,P00533,
COc1cc(Cl)ccc1-c1nc(C)nc(N2CCCC2)c1N,P00533,
O=C(O)[C@@H]1Cc2ccccc2N(C(=O)Cc2ccc(C3CCC3)cc2)C1,P00533,
CNS(=O)(=O)c1ccc(-c2cccs2)c(C(=O)Nc2cc3n(n2)CC[C@H](C)C3)c1,P00533,
CC[C@H](CN1c2cc(Br)ccc2N(C)S1(=O)=O)OC,P00533,
Clc1nc2cc(Br)cnc2nc1Cl,P00533,
O=C(c1cc(=O)[nH]c(=O)[nH]1)N1CCCC[C@@H]1c1nc2cc(F)ccc2[nH]1,P00533,
CCCC(=O)Nc1cc2c(cc1OC)NC(=O)C[C@@H]2c1cc2n(n1)CCCNC2,P00533,
Cc1ccsc1[C@H]1CC(=O)Nc2cc3c(cc21)OCO3,P00533,
O=C([C@H]1CC(=O)N(c2cccc(Cl)c2)C1)N1CCC(c2noc(-c3ccccc3)n2)CC1,P00533,
CCN(Cc1ccc2[nH]ccc2c1)C(=O)C[C@@H](NC(C)=O)c1cccs1,P00533,
CC(=O)N1CCN(S(=O)(=O)c2cccc(C(=O)Nc3nc4c(s3)CCCC4)c2)CC1,P00533,
Cn1ncc2c3ccccc3n(CCCC(=O)NC3CCCCCCC3)c2c1=O,P00533,
O=C(NC1CC1)[C@@H]1CN(Cc2ccccc2C(F)(F)F)CCO1,P00533,
CC[C@@H](C)n1ncc(NC(=O)N[C@@H]2CCCN(c3cc(C)nn3C)C2)c1C,P00533,
FC(F)(F)CCN1CCC(c2ccn3nccc3n2)CC1,P00533,
CC(C)N(Cc1ccccc1)S(=O)(=O)c1cc(-c2nnc(C3CCCC3)o2)co1,P00533,
C[C@@H]1CNc2ccccc2N(Cc2ccc(Cl)cc2)C1=O,P00533,
Cc1ccc(C(=O)c2ccc(CN3CCC3)cc2)c(C)c1,P00533,
Cc1nccc(N2CCN(C(=O)Cc3cn4cccc(C)c4n3)CC2)n1,P00533,
CCCN1CCc2[nH]cnc2C12CCN(C(=O)c1ccc(=O)n(C)n1)CC2,P00533,
COc1ccc(Cn2nnnc2SCC(=O)Nc2ccc(-c3ccccc3)cc2)cc1,P00533,
Cc1ccc(S(=O)(=O)Nc2ccc(Cl)c(C#N)c2)c(Br)c1,P00533,
COc1ccc(CNC(=O)[C@H](C)Sc2ccc(C)cc2)cc1,P00533,
COc1cc([C@@H]2c3c(cc(C)oc3=O)O[C@@H]2C(=O)Nc2ccc(Cl)cc2)cc(OC)c1OC,P00533,
CC[C@@H](C(=O)Nc1ccc(SC(F)F)cc1)c1c(C)noc1C,P00533,
CCOC(=O)c1cc2n(n1)C[C@@](C)(C(=O)N[C@H]1CC[C@H](C)CC1)N(c1cccc(CC)c1)C2=O,P00533,
CCOC(=O)c1ccc(CSc2nc3ccccc3c(=O)[nH]2)cc1,P00533,
CC[C@@H](C)NC(=O)c1nn(-c2ccc(C(C)C)cc2)c(=O)n(Cc2ccccc2C)c1=O,P00533,
Cn1cnc2ccc(NC(=O)Cc3cc(Cl)cc(Cl)c3)cc21,P00533,
O=C(CS(=O)(=O)Cc1ccccc1)Nc1nc2cc3c(cc2s1)OCO3,P00533,
O=C1NCCN1CCN1CC=C(c2cn(-c3ccc(F)cc3)c3ccc(Cl)cc23)CC1,P00533,
OC[C@@H]1CCCN(Cc2cccc(OC[C@H]3CCOC3)c2)C1,P00533,
COc1ccc(C(=O)N2CCCCC2)c(C)c1,P00533,
CC(C)[C@@H]1C(=O)N=C2c3ccccc3N=C(S[C@@H](C)C(=O)NCc3cccs3)N21,P00533,
CC(C)(C)OC(=O)N[C@H]1CN(c2ccc(F)cc2)C1=O,P00533,
Cc1cn2c(n1)CC[C@@H](Nc1nnc(-c3ccccn3)s1)C2,P00533,
CC(C)CC[C@@]1(CCN2CCOCC2)CCO[C@H](C(C)C)C1,P00533,
Cc1cccc(OC[C@H](O)CNc2c(C)c(C)nc3ncnn23)c1,P00533,
CC[C@@H](c1cccc(OC(F)(F)F)c1)N1CCNCC1,P00533,
Fc1cc([C@H]2OCC[C@@H]2Nc2ncnc3[nH]ccc23)ccc1Cl,P00533,
CN(C)C[C@H]1C[C@@H](O)CN1c1cc(N2CCC(Cn3cncn3)CC2)ncn1,P00533,
COc1ccccc1CN1C(=O)CC[C@@]1(C)C(=O)NCc1ccc(C)cc1,P00533,
CN(CC(=O)Nc1ccccc1Br)C(=O)c1cc(Br)ccc1Cl,P00533,
O=C(c1ccnnc1)N(CCN1CCCCC1)C[C@H]1CCCN(C2CCCC2)C1,P00533,
CN1C[C@@H](O)CC2(CCN(C(=O)c3ccc(CSc4ncccn4)o3)CC2)C1,P00533,
CN(C)[C@H](CNC(=O)Nc1ccc(F)c(F)c1)c1ccsc1,P00533,
COc1cccc2[nH]c(C(=O)N3CCC4(CC3)C[C@H](CN3CCCC3)OC4=O)cc12,P00533,
Cc1cc2c(cc1CN(CCCn1ccnc1)Cc1ccc(F)cc1)OCO2,P00533,
Cc1ccsc1C(=O)N1c2ccc(F)cc2CC[C@@H]1C,P00533,
Cc1cccc(NC(=O)N[C@H](C)[C@@H]2CCCO2)c1,P00533,
Cc1ccc(NC(=O)C2CCN(C(=O)N(C)C)CC2)cc1Cl,P00533,
COc1cc(C(=O)N2C[C@@H]3CCC[C@@](O)(c4ccccc4)[C@@H]3C2)ccn1,P00533,
COc1ccc(C(C)=O)cc1-c1c(F)cccc1C#N,P00533,
O=C(N[C@H](Cc1ccccc1)C(=O)N1CC[C@@H](Nc2ccccc2)C1)c1ccccc1,P00533,
COC(=O)C1(c2ncc(Br)cn2)CC1,P00533,
Cc1cc(C(=O)N2CC(=O)NC[C@@H]2c2ccccc2)c2c(C)n[nH]c2n1,P00533,
CCN(CC)CCN1C(=O)c2oc3ccccc3c(=O)c2[C@@H]1c1ccc(C(C)(C)C)cc1,P00533,
Cc1cccc(NC(=O)c2ccc(S(=O)(=O)N3CCCC[C@H]3C)cc2)n1,P00533,
O=C(NCc1ccncn1)c1ncccc1Cl,P00533,
CC(C)CCNC(=O)c1nnc2n1CC1(CCNCC1)CC2,P00533,
Cc1scc(C(=O)N2CCC[C@@H](N3CCCC3)C2)c1C,P00533,
COC(=O)CCSc1nnc(-c2ccc(C)c(C)c2)o1,P00533,
CC(=O)N1C[C@H]2CN(S(=O)(=O)c3cc(F)ccc3C)C[C@@]2(C(=O)N2CCCC2)C1,P00533,
Cc1ccc(CNC(=O)C2CCN(Cc3cccc(Cl)c3)CC2)cc1,P00533,
Cc1ccccc1-c1cc(C(=O)O)c2cccc(C)c2n1,P00533,
COc1cc(Br)ccc1C(=O)Nc1nc2c(s1)CCCC2,P00533,
O=C(CCc1ccncc1)N1CCN(C/C=C/c2ccccc2)CC1,P00533,
CSCC(=O)N1CCC[C@]2(CO)CN(C(=O)c3ccncc3)CC[C@@H]12,P00533,
Cc1nn(C)cc1C(=O)NCCN(C1CCOCC1)C1CCN(C(=O)C2CC2)CC1,P00533,
COc1nc(N2CC(C(=O)N3CCC(F)(F)CC3)C2)ncc1Br,P00533,
Cc1nc(N2CCC[C@@H]2C(=O)NCC2CCCCC2)c2cn[nH]c2n1,P00533,
O=C([C@@H]1CCCN(S(=O)(=O)c2ccccc2)C1)N1CCN(c2ccccn2)CC1,P00533,
CCOC(=O)Cn1nnnc1[C@@H](CC)N(Cc1ccc(C)cc1)Cc1cc2c(C)ccc(C)c2[nH]c1=O,P00533,
COc1cccc(CNC(=O)Cn2c(=O)ccn(Cc3ccccc3C)c2=O)c1,P00533,
COc1ncc(Cl)c(N[C@@H](C)c2ccncc2)n1,P00533,
COC[C@@H]1C[C@H](OC)CN1Cc1cccc(OC)c1C,P00533,
CCN(Cc1ccc2c(c1)OCO2)C(=O)c1cccc(OCc2cn3ccccc3n2)c1,P00533,
Cc1ccc2c(c1)N(S(C)(=O)=O)C[C@@H](C)O2,P00533,
CCc1ccccc1OC1CN(C(=O)Cn2cnc3ccccc3c2=O)C1,P00533,
CCN(CC)C(=O)c1cnc([C@@H]2CCCCN2)nc1C,P00533,
COc1ccc(CNC(=O)COC(=O)Cc2c(C)noc2C)cc1,P00533,
Cn1cc(CNC(=O)c2cnn(-c3ccccc3)c2)cn1,P00533,
CCCN(CCC)CCNC(=O)c1cccc(C(C)(C)C#N)c1,P00533,
Cc1ccc(NC(=O)[C@H](c2ccncc2)N(C)C(=O)CNC(=O)c2ccccc2)cc1,P00533,
O=C1CO[C@]2(COCCN(c3ccccn3)C2)CN1c1ccc(F)c(F)c1,P00533,
CN(C)[C@H](CNC(=O)c1ccc2nsnc2c1)c1csc2ccccc12,P00533,
CCn1c(C)cc(C(=O)N2CC[C@@H](N3CCCC3)C2)c1C,P00533,
CCc1cc(C(=O)N2CCC[C@H]2c2n[nH]cc2C)on1,P00533,
C[C@H](NC(=O)c1c(Cl)cccc1Cl)c1cccc(F)c1,P00533,
O=C(c1cnc(-c2cccnc2)nc1)N1CCOC[C@@H](CO)C1,P00533,
COC[C@@H]1c2nnn(C)c2CCN1C(=O)Cc1ccc2c(c1)OCO2,P00533,
COc1ccc(NC(=O)CN2C(=O)[C@H]3CCCC3=Nc3cc(C)c(C)cc32)cc1,P00533,
CCn1c(SCC(=O)Nc2ccc(OC)c(Cl)c2)nnc1-c1cccc(C)c1,P00533,
CN1C(=O)CC[C@H](N)[C@H]1c1cccs1,P00533,
COc1ccc(-c2cc(CNC(=O)[C@@H]3CSC(C)(C)C(=O)N3)no2)cc1,P00533,
COC[C@@H](Cc1ccccc1)NC(=O)N1CCO[C@H](C(=O)O)C1,P00533,
CCOC(=O)NCCC(=O)N[C@@H](c1nc2ccccc2[nH]1)[C@@H](C)CC,P00533,
Cc1cc(Cl)ccc1NC(=O)[C@H]1CCCN1S(=O)(=O)c1cc2c(cc1C)NC(=O)CO2,P00533,
Cn1cc([C@H]2N(C(=O)c3ccnn3C)CC[C@]23C(=O)Nc2ccccc23)cn1,P00533,
Cc1ccc(N(C(=O)c2cnc(-c3cnn(C)c3)s2)C2CCCCC2)nc1,P00533,
CCCNC(=O)N1CCC[C@H](Cc2ncc(C)n2Cc2ccccc2)C1,P00533,
CCOc1ccc(NC(=O)CSc2nccc(O)n2)cc1,P00533,
Fc1cc(F)c([C@@H](c2ccc(Cl)s2)N2CCNCC2)c(F)c1,P00533,
Cc1cc(S(=O)(=O)NC[C@@H]2CCCO2)c(Cl)cc1Br,P00533,
O=C(c1ccoc1)N1C[C@@H](O)CC2(CCN(Cc3cncs3)CC2)C1,P00533,
Cc1ccsc1-c1cc2ccccc2nc1O,P00533,
O=C(N[C@H]1CCNC[C@@H]1O)c1nccnc1-c1nc2ccccc2s1,P00533,
COc1ccc(C[C@@H](C)NC(=O)C2(C#N)CCCCC2)cc1OC,P00533,
C[C@](O)(CSc1ccc(Br)cc1)C(=O)Nc1cccc(C(F)(F)F)c1,P00533,
CCc1ccccc1CN1CC[C@@H](CNS(=O)(=O)N(C)C)C1,P00533,
COc1ccc(-c2noc(Cc3nnc(-c4cc(C)cc(C)c4)o3)n2)cc1,P00533,
COC(=O)c1cc(Nc2ccc(C)c(C)c2)c2cc(F)ccc2n1,P00533,
Cc1ccccc1-c1nc(CN2CCN([C@@H](C)C(=O)N3CCCC3)CC2)no1,P00533,
COc1ccc(-c2noc(CCC3CCCC3)n2)cc1OC,P00533,
CC(=O)c1ccc(N2CCN(C[C@@H](O)CO[C@H](C)c3ccc(Cl)cc3)CC2)cc1,P00533,
C[C@@H]1CO[C@@H](c2cccc(Cl)c2)CN1C(=O)c1ccco1,P00533,
O=C(Nc1nnc(-c2ccco2)s1)c1ccc(S(=O)(=O)N2CCOCC2)cc1,P00533,
COc1ccc(Cc2cccc(C3CCN(C(=O)c4c[nH]nc4C)CC3)n2)cc1,P00533,
CC(=O)Nc1cc(NC(C)=O)cc(C(=O)N2C[C@H]3CCCN3c3ccccc32)c1,P00533,
CCOc1ccc(C(=O)N2CCC[C@H]3[C@@H]2CC(C)(C)N3c2cccc(F)c2)cc1,P00533,
CC(C)(C#N)c1ccc(-c2ccc(C(=O)c3ccccc3)cc2)cn1,P00533,
COc1ccc(NC(=O)Cn2cc(C(=O)c3ccc(Cl)cc3)c(=O)c3cc(OC)c(OC)cc32)cc1,P00533,
C[C@H](NC(=O)Cn1nc2ccccc2n1)c1nnc(N)s1,P00533,
CC(C)N1C(=O)CO[C@H](c2ccc(NC(=O)c3cccc(C#N)c3)cc2)[C@H]1CO,P00533,
Cc1ccc(F)c([C@@H](CCO)N2CCNCC2)c1,P00533,
CC(C)[C@@H](Cn1nccn1)NS(=O)(=O)c1ccc(C(F)(F)F)cc1,P00533,
O=C(NCCc1cccnc1)[C@H]1CCc2sc(C(=O)N3CCCCCC3)cc2C1,P00533,
Cc1cccc(C)c1CN[C@@H]1CCCC[C@H]1C(N)=O,P00533,
CC1(C)[C@H](Cc2cc(CCO)on2)C[C@@H]1NCc1ccccc1F,P00533,
COc1cc(CCC(=O)NCc2ccc3c(ccn3C)c2)cc(OC)c1,P00533,
CCOC(=O)c1scc(-c2ccccc2)c1S(=O)(=O)N1CCN(c2ncccn2)CC1,P00533,
O=C(Nc1nncs1)[C@@H]1CC(=O)N(CCc2c[nH]c3ccc(Cl)cc23)C1,P00533,
O=C(c1ccc(CC2CCN(C(=O)C3CCC3)CC2)cc1)N1CCOCC1,P00533,
O=C(NCC[C@H]1CCCN(Cc2ccco2)C1)c1ncn[nH]1,P00533,
CN(CC(C)(CO)CO)c1ccnc2cc(Br)cnc12,P00533,
Cc1ccc(NC(=O)CN2CCN(Cc3ccccc3F)S2(=O)=O)c(C)c1,P00533,
Cc1cc(C)c(NC(=O)Cn2cnc3cc(C)c(C)cc32)c(C)c1,P00533,
C[C@H](CN(C)C(=O)c1cn[nH]c1[C@@H]1CCNC1)Oc1ccc(Cl)c(Cl)c1,P00533,
CC(=O)N[C@H](c1ccccn1)[C@H]1CC[C@H](CNC(=O)c2c(C)noc2C)CC1,P00533,
CCc1ccccc1OCCN1CCOC[C@@H](C(=O)O)C1,P00533,
CCOC(=O)[C@H](Cc1ccc(-c2cncnc2)cc1)NC(=O)OC(C)(C)C,P00533,
COC(=O)CCc1nc2cc(C(F)(F)F)ccc2n(Cc2ccccc2)c1=O,P00533,
COc1cc(C#N)ccc1-c1cccc(-c2cccnc2)c1,P00533,
CCCc1noc(C[C@]2(O)CCOC2)n1,P00533,
CC(=O)Nc1ccc(C(=O)c2ccccc2)cc1,P00533,
C[C@H](C(=O)NC[C@@H]1Cc2cccc(-c3ccccc3C(F)(F)F)c2O1)N1CCOCC1,P00533,
O=C([C@@H]1CN(Cc2nnc3n2CCC3)CCO1)N1CCC(F)(F)CC1,P00533,
Cc1ccc(NC(=O)CN(C)S(=O)(=O)c2c[nH]c(C(=O)N3CCCC3)c2)c(Cl)c1,P00533,
COc1cc(CNc2nc(O)cc(-c3cnc(C)nc3C)n2)cc(OC)c1,P00533,
CC(C)n1ncc2cc(NS(=O)(=O)c3cccc(C#N)c3)cnc21,P00533,
O=C(CC1(N2Cc3ccccc3C2=O)CCCCC1)NCCc1nc2ccccc2[nH]1,P00533,
COc1ccc(CC(=O)Nc2ccc(S(=O)(=O)N3CCC[C@@H](C)C3)cc2)cc1OC,P00533,
CN1CN(C(=O)CCc2cccnc2)CC1=O,P00533,
Cc1nc(C)c(CC(=O)N2CCOC[C@@H]2c2ccn[nH]2)s1,P00533,
CCc1c(CN(C[C@H](C)c2ccccc2OC)S(=O)(=O)CC)cnn1C,P00533,
O=C(c1cccnc1)N1CCN(Cc2ccc(Cl)c(Cl)c2)CC1,P00533,
CN1CC[C@@](C)(CN(C)C(=O)CSc2ccncc2)C1,P00533,
COc1ccc(NC(=O)[C@H]2CCCN(c3cc(=O)n(C)c(=O)n3C)C2)cc1OC,P00533,
N#C[C@@H](C(=O)[C@H]1CC(c2ccccc2)=NO1)c1nc2ccccc2[nH]1,P00533,
COc1nn2c(Br)csc2c1NC(=O)OC(C)(C)C,P00533,
CC(C)c1cc(NCCc2nc(-c3cccnc3)n[nH]2)n2nccc2n1,P00533,
Cc1cc(C(=O)NCCC(=O)NCc2c(C)nn(C)c2C)n(C)n1,P00533,
O=C(Nc1ncc(Cc2cccc(Cl)c2)s1)c1cccs1,P00533,
CS(=O)(=O)Nc1nnc(CSc2ccccc2)s1,P00533,
CC(C)(C)OC(=O)N1CC2(CCC2)[C@H]1C1CCNCC1,P00533,
Cc1ccc(C)c(OC[C@@]2(O)CN(C3CCCCC3)CC[C@@H]2O)c1C,P00533,
CCOC(=O)C(C)(C)Sc1nc2c(cnn2-c2ccc(Cl)cc2)c(=O)[nH]1,P00533,
O=C1CCc2cc(S(=O)(=O)N[C@H](C(=O)Nc3ccc(C(F)(F)F)cc3)c3ccccc3)ccc2N1,P00533,
CC(C)c1nc(NC(=O)c2cccc(CC#N)c2)n(C)n1,P00533,
NCc1ccc(F)cc1-c1cc(F)ccc1Cl,P00533,
CCOC(=O)C[C@H](c1ccccc1)C1CCNCC1,P00533,
COc1cccc(C(=O)Nc2cccc(CC#N)c2)c1,P00533,
O=C(C1=NN([C@@H]2CCS(=O)(=O)C2)C(=O)CC1)N1CCC[C@H]1/C=C/c1ccccc1,P00533,
O=C1Nc2ccc(Cl)cc2[C@H]1Cc1ccc(OC2CCCC2)cc1,P00533,
O=C(NC[C@@H](c1ccco1)N1CCOCC1)[C@H]1COc2ccccc2O1,P00533,
O[C@@H]1CCN(Cc2ccc(CN[C@H]3CCCc4c(F)cccc43)cc2)C1,P00533,
Cc1noc([C@]23CCC[C@H]2CN(C(=O)c2c(C)noc2C)C3)n1,P00533,
COc1cc(N[C@H](C)CN2CCc3ccccc3C2)nc(N)n1,P00533,
CN(Cc1cccnc1)c1ccc(C(=O)NCC[C@H]2CCCCN2C)cn1,P00533,
CNC(=O)c1cc(O[C@H]2CCCN(C(=O)c3cn(C)nc3OC)C2)ccn1,P00533,
Cc1cccc(C)c1OCC(=O)NCc1ccc2c(c1)OCO2,P00533,
CN1C(=O)Cc2cc(NC(=O)[C@@H]3CCCCN3Cc3cnc4[nH]ccc4c3)ccc21,P00533,
C[C@@H]1CCCN([C@@H](C)CNC(=O)C2CCN(S(C)(=O)=O)CC2)C1,P00533,
CCN(C(=O)CCn1cc(C)cn1)[C@H]1CCOC(C)(C)C1,P00533,
C[C@@H]1CN(C(=O)c2ccccc2NC(=O)c2cc3ccccc3o2)C[C@H](C)O1,P00533,
COc1ccc(C(=O)N[C@H](c2cnn(C)c2)[C@H]2C[C@@H](O)C2)c(OC)c1,P00533,
COc1cccc(-c2n[nH]c3c2CN(C(=O)[C@H]2CC(C(C)C)=NO2)CC3)c1,P00533,
Cc1nc2cc(N[C@H](C)c3nnnn3-c3ccccc3)ccc2o1,P00533,
N#C[C@H]1CN(C(=O)c2c[nH]c3nccc(Br)c23)C[C@]12C(=O)Nc1ccccc12,P00533,
Cc1cccc(-c2cc3nc(C)cc(NCCc4ccc(F)cc4)n3n2)c1,P00533,
CCc1c(C)sc2nc(S[C@H](C(=O)OC)c3ccc(F)cc3)n(C[C@H]3CCCO3)c(=O)c12,P00533,
Cc1cc(N2CCN(C(=O)C[C@H]3CCCOC3)CC2)nc(N)n1,P00533,
COc1ccc(C(=O)N2CCCN(c3ccc(F)cc3)CC2)cc1C,P00533,
Cc1cccc(NC(=O)CC2=C3CCCC[C@@H]3N(C)C2=O)c1,P00533,
C[C@H]1C[C@H](C)CN(C(=O)CN2CCN(Cc3nc4scc(-c5ccccc5)c4c(=O)[nH]3)CC2)C1,P00533,
Cc1nc2sccn2c(=O)c1NC(=O)COc1ccccc1,P00533,
CC(C)c1nc(CN2CCN(c3cnn(C)c(=O)c3)CC2)co1,P00533,
COc1ccccc1[C@H](C)N(C)C(=O)c1cccc(N2CCNC2=O)c1,P00533,
COc1ccc(CNC(=O)[C@H]2CCCN(S(C)(=O)=O)C2)c(OC)c1,P00533,
CC(C)(C)OC(=O)N[C@H](C(=O)O)C1(C(F)(F)F)CCC1,P00533,
COc1cc2c(c(OC)c1OC)-c1ccc(NCC(=O)Nc3ccc4c(ccn4C)c3)c(=O)cc1[C@@H](NC(C)=O)CC2,P00533,
COc1ccc(-c2nc([C@@H]3CC(=O)N(C4CCCCC4)C3)no2)c(OC)n1,P00533,
O=C(NCCC1CC1)[C@@H]1CCS(=O)(=O)C1,P00533,
FC(F)(F)c1cc(-c2nccs2)[nH]n1,P00533,
COc1cccc(CNC(=O)Cn2ncc3c(N4CCOCC4)ncnc32)c1,P00533,
CN1CCCC[C@@H](CC(=O)N2CCCc3ccccc32)C1=O,P00533,
COc1ccncc1-c1[nH]nc2ccncc12,P00533,
CCNCc1ccc(Br)cc1N1CCOCC1,P00533,
C[C@]1(C(=O)NCCc2nnc(N)s2)CCCO1,P00533,
CC(C)c1nn2c(=O)cc(COc3cccc(NC(=O)c4ccc5c(c4)OCO5)c3)nc2s1,P00533,
O=C(c1cccc2[nH]ccc12)N1CCC2(CCCCO2)CC1,P00533,
CCc1ccc(NC(=O)c2ccc(S(C)(=O)=O)cc2Cl)cc1,P00533,
N#Cc1ccc(CCC(=O)N[C@H]2CCc3ccccc32)cc1,P00533,
Cc1ccc(CCNc2nc(C(C)C)nc3c2CCNC3=O)s1,P00533,
CCOC(=O)c1ccccc1NC(=O)COc1cccc(C(C)C)c1,P00533,
O=C(OCc1cccc(C(F)(F)F)c1)c1cnc2sccn2c1=O,P00533,
Cc1noc([C@@]23CN(C(=O)c4ccccc4)C[C@@H]2CN(C(=O)c2cscn2)C3)n1,P00533,
COc1ccccc1-c1cc(C(=O)N2CC(c3nc(C)no3)C2)[nH]n1,P00533,
Cc1conc1C(=O)N1CCC2(CC1)C[C@H](O)c1nn(C(C)C)cc1O2,P00533,
Oc1nccc(-c2ccc(F)c(F)c2)n1,P00533,
CC(=O)Nc1ccc(-c2ccc3c(c2)OCO3)c(F)c1,P00533,
COc1ccc(NC(=O)c2ccc(CSc3nnnn3-c3ccc(OC)cc3)cc2)cc1,P00533,
COc1cccc(-c2noc([C@@H]3CCCN(S(=O)(=O)c4cccs4)C3)n2)c1,P00533,
CSc1ccc(-c2cccc3c2CCC3=O)cc1F,P00533,
CC(C)CC(=O)N1CCC2(CC1)C[C@@H](CCNC(=O)c1ccncc1)CCO2,P00533,
C[C@]1(C(=O)N2CCC3(CC2)OCCc2sc(-c4cccc(N)n4)cc23)CCCNC1,P00533,
COc1ccc(Cl)cc1NC(=O)COc1cccc2c1CCC2=O,P00533,
CC(C)CC(=O)c1ccccc1C(F)(F)F,P00533,
C[C@H]1CN(c2ncnc(-n3cccn3)c2N)C[C@@]2(CCOC2)O1,P00533,
NCC(=O)c1cncc(Br)c1,P00533,
CCN(C)C(=O)c1cccc(S(=O)(=O)N[C@H](C)Cc2cnccn2)c1,P00533,
N#Cc1nccnc1N1CCN(S(=O)(=O)c2ccc(F)cc2)CC1,P00533,
Fc1ccc(CN2CCN(Cc3noc4cc(F)ccc34)CC2)cc1,P00533,
Cn1nc(CN(C(=O)COc2ccc(F)cc2)C2CCCC2)cc1C1CC1,P00533,
COc1nn(C)cc1C(=O)N1CCC(Oc2nccc(C(F)(F)F)n2)CC1,P00533,
CCOCC(=O)Nc1ccc2c(c1)N(S(=O)(=O)c1cccs1)CCC2,P00533,
O=C(Nc1nncs1)c1ccc(O)cc1,P00533,
CCCOc1c(Cl)cc(C(=O)NCc2ccc(N3CCCC3=O)cc2)cc1OCC,P00533,
CCOc1ccc(N2C[C@@H](C(=O)NC3CCCCCC3)CC2=O)cc1,P00533,
Cc1cc(C)n(-c2ccc(=O)n(C3CCN(C(=O)[C@H](C)Oc4ccccc4F)CC3)n2)n1,P00533,
O=C(COc1ccc(Br)cc1)N(Cc1cccc(Cl)c1)[C@@H]1CCS(=O)(=O)C1,P00533,
Cc1nc(C)n([C@@H]2CCCN(C(=O)c3cccnc3)C2)n1,P00533,
COC(=O)[C@@H]1CC12CCN(C(=O)CCc1ccc(F)cc1F)CC2,P00533,
Cc1cccc(-n2c(=O)c3sccc3n(CC(=O)NCc3ccccc3Br)c2=O)c1,P00533,
CCNC(=O)CCc1nc2ccccc2n(CC(=O)Nc2ccccc2C(F)(F)F)c1=O,P00533,
COc1cccc(-n2cnc3cc(C(=O)NC[C@@H](O)c4ccccc4)ccc3c2=O)c1,P00533,
Cc1nc(-c2ccc(N3CCOCC3)cc2)n(C[C@@H]2COCCO2)n1,P00533,
CC(=O)c1ccc(NC(=O)[C@H]2CC(=O)N(C)C2)cc1Cl,P00533,
O=C(NC[C@H]1CCCc2cccnc21)c1cc(O)ccc1Br,P00533,
CCc1ccc(N2C(=O)c3c(C(=O)OC)ncn3C[C@]2(C)C(=O)NC2CCCCCC2)cc1,P00533,
CCOC(=O)c1nn(-c2ccc(F)c(Cl)c2)cc1O,P00533,
Cn1cc(-c2nnc3n2CCCCCC3)cn1,P00533,
O=S(=O)(c1ccccc1)[C@H]1C[C@H]2CC[C@@H](C1)N2S(=O)(=O)Cc1cc(F)cc(F)c1,P00533,
Cc1cccc(N2CCN(C(=O)CCn3cnc4c([nH]c5ccc(F)cc54)c3=O)CC2)c1C,P00533,
CCOc1ccc(NC(=O)c2c(NC(=O)CCC(=O)O)sc3c2CCC3)cc1,P00533,
CC(C)CCc1cc(C(=O)N2CCCC[C@@H]2c2cccnc2)n[nH]1,P00533,
O=C(NCc1oc2ccc(F)cc2c1-c1ccccc1)N[C@@H]1CCNC1=O,P00533,
O=C(Cn1nc(-c2ccccc2)ccc1=O)Nc1nc2c(s1)CCCCC2,P00533,
CC(=O)N(CCc1noc(C2CCC2)n1)[C@H]1CCN(Cc2cnn(C)c2)C1,P00533,
CNC(=O)Cc1cnc(NC(=O)[C@@H](c2ccc(Cl)cc2)C(C)C)s1,P00533,
CN(CCCc1ccccc1)C(=O)c1ccc(NC(=O)C2CCC2)cc1,P00533,
CCc1ccc(NC(=O)N[C@H]2COc3ccc(OC)cc3C2)cc1,P00533,
CCOC(=O)N1CCN(C(=O)[C@@H]2CC(=O)N(c3ccc(OC)cc3)[C@@H]2c2ccc(OC)cc2)CC1,P00533,
CC[C@@H](c1nc(-c2ccccc2)n[nH]1)N1CCOCC1,P00533,
O=C(c1cc2c(s1)CCCCC2)N1CCC[C@H](Nc2ccccc2)C1,P00533,
COc1ccc(CCN2C(=O)[C@@H](CC(=O)N3CCc4cc(OC)c(OC)cc4C3)N=C2O)cc1,P00533,
O=C(Nc1cccc(O)c1)c1scc2c1CCCC2,P00533,
O=C(CCCc1ccccc1)N1CC[C@H]2[C@H](CCCN2C(=O)c2ccc3cc[nH]c3c2)C1,P00533,
CC(C)(C)[C@@H]1CCc2c(sc(NC(=O)c3cccc(Cl)c3)c2C(N)=O)C1,P00533,
Cc1ccc(F)cc1-c1ccc2c(c1)C(=O)CO2,P00533,
Cc1ccccc1C(=O)NCC(=O)NC(C)(C)c1nc(C)c(C)s1,P00533,
O=C(NCCc1ccccc1)c1ccc2c(c1)NC(=O)[C@@H]1CCCCN21,P00533,
Cc1ccc(C)c(Cn2c(=O)n(-c3ccc(C)c(C)c3)c(=O)c3c4c(sc32)CCC4)c1,P00533,
O=C(Cc1n[nH]c(=O)c2ccccc12)Nc1ccc2[nH]ccc2c1,P00533,
CO[C@H]1CCN(CC2CCOCC2)C[C@@H]1Cc1ccccc1,P00533,
O=C(Nc1cccc(F)c1)[C@H]1CCCN(S(=O)(=O)c2c[nH]c(C(=O)N3CCCCCC3)c2)C1,P00533,
O=c1[nH]ccn2c(Br)ncc12,P00533,
CSCC[C@@H](NC(=O)c1ccco1)C(=O)N[C@H]1CC[C@@H](C)CC1,P00533,
Cc1ccc(NC(=O)c2nnc(C(=O)N3CCC(C(=O)NCc4ccccc4F)CC3)s2)cc1,P00533,
CC(=O)Nc1cc(C(=O)N2CCCC2)ccc1N1CCCC1,P00533,
COc1ccccc1-c1ccc([C@@H](C)N(C)S(C)(=O)=O)cc1,P00533,
COc1cc(S(=O)(=O)n2cccn2)c(C)cc1C,P00533,
Cn1c(Cn2ccnc2)nc2ccccc21,P00533,
CCS(=O)(=O)CC(=O)N1CCC[C@@H]1Cc1ccc(F)cc1,P00533,
Cn1nc(-c2ccccc2F)c2cc(C(=O)N3CCN(c4ccccn4)CC3)sc21,P00533,
O=C(Cc1ccc(Cl)cc1)N1CCCC1,P00533,
CC(C)CC(=O)Nc1ccc(NC(=O)c2ccccc2F)cc1,P00533,
COc1ccccc1CNC(=O)CN(C)Cc1n[nH]c2c1CCCCC2,P00533,
CC(=O)N1CC2(CCN(C(=O)COCc3ccccc3)CC2)C[C@@H]1C(=O)O,P00533,
CCCOc1ccc(CN2CCC[C@@H]2c2cc(C(C)C)no2)cc1OC,P00533,
Cc1nc2cc(NC(=O)CCc3ccc(S(=O)(=O)N4CCCCCC4)cc3)ccc2o1,P00533,
O=C(NCCc1noc([C@@H]2CCCO2)n1)c1ccnnc1,P00533,
CCOc1cc(CN2CCC3(CC2)c2ccccc2[C@@H](NC(=O)CSC)[C@@H]3OC)ccc1O,P00533,
O=C(C1CC1)N(CC1CCN(C2Cc3ccccc3C2)CC1)C[C@@H]1CCCO1,P00533,
COc1nn(C)cc1CNC(=O)Nc1cnc(C(F)(F)F)c(C)c1,P00533,
Cc1cc(C)n([C@@H](C)CC(=O)Nc2ccc(CN3CCCC3)cc2)n1,P00533,
COc1ccc(-n2ncc3c(Nc4ccc(C)c(C)c4)ncnc32)cc1,P00533,
COc1ccc(C(=O)N(CC(=O)Nc2nc(-c3ccc(OC)cc3)cn2-c2ccc(F)cc2)C[C@@H]2CCCO2)cc1,P00533,
CC(C)c1nc2c3ccccc3c(=O)n(C)c2o1,P00533,
Cc1occc1S(=O)(=O)C[C@H](O)COC(C)C,P00533,
Cc1ccc(N2C[C@H](C(=O)Nc3nc(-c4cccnc4)ns3)CC2=O)c(F)c1,P00533,
C[C@@H](OCc1ccccc1)[C@@H]1NC(=O)[C@H]2CN(Cc3cccc(F)c3)CCN2C1=O,P00533,
O=C(O)C[C@@H]1CCN(C(=O)c2ccccc2)C[C@@H]1CCN1CCC(n2c(=O)[nH]c3ccccc32)CC1,P00533,
COC[C@]12CCCO[C@@H]1CCN(C(=O)c1ccnnc1)C2,P00533,
Cc1cc(-c2cccc3c(C(=O)N4CCOC[C@@H](CN(C)C)C4)cccc23)ccn1,P00533,
CC(=O)Nc1ccc(S(=O)(=O)N2[C@@H]3CCC[C@H]2C[C@H](NC(=O)C2CCCCC2)C3)cc1,P00533,
CCC(C)(C)C(=O)Nc1ccc(Cl)cc1,P00533,
CCOC(=O)N1CCN(c2cc([C@H]3CCOC3)ncn2)CC1,P00533,
CC(C)c1ccc(N2C[C@@H](C(=O)N(C)C3CCSCC3)CC2=O)cc1,P00533,
Cc1cc(C)n2nc(SCC(=O)N(CCC#N)c3ccc(F)cc3)nc2n1,P00533,
CC[C@H]1CCc2c(sc3ncn4nc(-c5ccc(Cn6cccn6)o5)nc4c23)C1,P00533,
CC(=O)N1CCc2cc(S(=O)(=O)CCC(=O)N(C)c3ccc(Br)cc3)ccc21,P00533,
COc1c(C#N)cccc1-c1cccc(F)c1,P00533,
COc1ccc(S(=O)(=O)N2CCC[C@H]2c2cccs2)cc1Cl,P00533,
O=S(=O)(c1ccc(Br)cc1)N1CCCN(Cc2cn3cc(Cl)ccc3n2)CC1,P00533,
COc1ccc(CNC(=O)N[C@H](c2ccsc2)c2cccs2)cc1OC,P00533,
O=C(O)c1cc2sc(C(=O)O)cc2s1,P00533,
CCCN1CCC2(CC1)CCN(C(=O)Cc1cccc(Cl)c1)C[C@@H]2CO,P00533,
COc1cc(O)ccc1CN1CCC[C@@H](C(=O)c2ccc(Cl)cc2C)C1,P00533,
C[C@H](NC(=O)N(C)Cc1nccs1)C(F)(F)F,P00533,
C=Cc1ncc(OC)c2c1[nH]c1c(OC)cccc12,P00533,
O=C(O)c1cccc(OCCN2CCCC[C@@H]([C@H]3CCOC3)C2)c1,P00533,
COc1ccc(C(=O)N2CC[C@H](O)[C@](CC3CC3)(C(=O)O)C2)cc1,P00533,
COc1ccc([C@H](C)NC(=O)N(C)CCC(N)=O)cc1C,P00533,
CCO[C@H]1CN(C(=O)C2(c3ccc(S(C)(=O)=O)cc3)CCC2)C[C@@H]1O,P00533,
C[C@H]1CCc2sc(NC(=O)Cc3ccccc3)c(C#N)c2C1,P00533,
COc1ccccc1CNC(=O)c1ccc(N2CC[C@@H](OC)C2)cc1,P00533,
CN1C(=O)C[C@H](C(=O)O)C12CCN(Cc1coc(-c3ccccc3)n1)CC2,P00533,
CC(C)c1nnc(COc2ccc(-c3noc(C(F)(F)F)n3)cc2)o1,P00533,
Cc1cc(C(=O)Nc2nccs2)c2ccccc2n1,P00533,
COC(=O)c1ccc2c(F)ccnc2c1,P00533,
COc1ccc(CCOc2cc([C@H](CC(N)=O)c3c(O)n[nH]c3C)ccc2OC)cc1,P00533,
O=C(NC[C@H](O)c1ccc(F)c(F)c1)c1csc(C2CCNCC2)n1,P00533,
Cc1nn(-c2ccc(Cl)cc2)c(C)c1CC(=O)NCCc1ccccc1,P00533,
Cc1oc2c(c1C(=O)N1CCC3(CC1)C[C@@H](CN(C)C)OC3=O)C(=O)CCC2,P00533,
Cc1cccc(Oc2nc3ccccc3n3c(=O)n(CC(=O)Nc4ccccc4)nc23)c1C,P00533,
Cc1cc(C)cc(C(=O)NCC(=O)N(C)Cc2ccc(Cn3ccnc3)cc2)c1,P00533,
O=C(N[C@H](C(=O)N1CCCCC1)C1CCN(C(=O)c2ccc3c(c2)OCO3)CC1)c1ccc2c(c1)OCO2,P00533,
COc1ncccc1C(=O)N1CCN(C[C@H](O)c2cccs2)CC1,P00533,
C[C@@H](NC(=O)C1CC(F)(F)C1)c1ccsc1,P00533,
O=C(Nc1cc(F)ccc1OC[C@H]1CCCO1)N1CCC[C@@H](O)C1,P00533,
Nc1nc(N)nc(SCC2(O)CCSCC2)n1,P00533,
CC(=O)c1ccc(NC(=O)COc2ccc(Br)cc2Cl)cc1,P00533,
CCc1ccccc1NC(=O)c1cccn2c(-c3ccc(F)cc3)nnc12,P00533,
Cc1ncnc(C(=O)N[C@@H]2CCCc3ccccc32)c1C,P00533,
COc1ccc2cc(C(=O)N3C[C@H]4C[C@@H]3CO4)[nH]c2c1,P00533,
C[C@@H](Cn1ccc(C(F)(F)F)n1)NC(=O)NC1CCCCC1,P00533,
CNS(=O)(=O)CCNC(=O)c1cccc2cc[nH]c12,P00533,
CC(=O)Nc1ccccc1-c1nc2ccccc2n(CC(=O)Nc2cccc3ccccc23)c1=O,P00533,
CCCc1nnsc1C(=O)NCCN1CCC(c2cccs2)CC1,P00533,
Cc1ocnc1C(=O)N1CCC[C@@]2(CCc3cnc(-c4ccccc4)nc32)C1,P00533,
CCn1c(COc2cccc(C)c2C)nnc1SCC(=O)NCc1ccc2c(c1)OCO2,P00533,
CN1CCC(n2nccc2NC(=O)c2cnc(-c3ccccn3)nc2)CC1,P00533,
C[C@H](Cc1ccccc1F)C(=O)N[C@H]1CCCN(c2ncccn2)C1,P00533,
Cc1nonc1CC(=O)N1CC[C@@]2(C(=O)Nc3ccccc32)[C@@H]1c1cccnc1,P00533,
Cc1ccc(-c2csc3c(=O)n(Cc4cccc(C)c4)cnc23)cc1,P00533,
Cc1ccc(S(=O)(=O)N[C@@H](Cc2c[nH]c3ccccc23)C(=O)O)c2ccccc12,P00533,
COc1cc(-c2nnc(SCc3ccccc3)n2N)cc(OC)c1OC,P00533,
COc1ccc(CNC(=O)CSc2nnc(-c3ccccc3)[nH]2)cc1,P00533,
O=C(O)c1ccc(OCCC(F)(F)F)c(Cl)c1,P00533,
CNC(=O)c1cccnc1N1C[C@@H]2CCC[C@]2(c2nnc(C3CC3)o2)C1,P00533,
Cc1ccc(S(=O)(=O)N2CCOCC2)cc1C(=O)O[C@@H]1CCOC1=O,P00533,
Cc1ccc(C(=O)N2C[C@@H](C(=O)NCC3CC3)[C@H](c3ccc(C)cc3)C2)cc1,P00533,
Cn1cnc2nc(N3CCC[C@]4(CC3)CNC(=O)O4)ncc21,P00533,
O=c1nc[nH]c2[nH]cc(-c3ccccc3)c12,P00533,
C[C@H](C(=O)N1CCCC1)N1CCC(C#N)(c2ccccc2)CC1,P00533,
Cc1cc(Cl)ccc1NC(=O)c1cc(CN2CCCC2)on1,P00533,
COc1ccc(C=CCN2CCC(OCc3cccnc3)CC2)cc1,P00533,
COc1ccc(CCNC(=O)C2=Cc3sc(C)c(C)c3CS2)cc1OC,P00533,
COc1ccc2c(c1)[C@H]1N(C(=O)OC(C)(C)C)CC[C@@]1(CC(=O)O)C2,P00533,
Cc1nc(-n2cccc2)sc1C(=O)N1CCN(c2cc(-n3cncn3)ncn2)CC1,P00533,
CC(C)[C@@H]1N(C(=O)c2nc[nH]c2C(F)(F)F)CC12CCC2,P00533,
Cc1cc(C(F)(F)F)nc(SCc2nc(-c3ccc(F)cc3)no2)n1,P00533,
CC[C@H](C)c1ccc(NC(=O)Cc2ccccc2OC)cc1,P00533,
CCc1ccc(CN2CCc3c(C(=O)N4CCC(CO)CC4)csc3C2)nc1,P00533,
CCCc1ccc(-c2ccc(C(=O)NCCN3CCCC3)cc2)cc1,P00533,
CC[C@@H](O)CN1CCO[C@H](CN(CCOC)C(=O)c2ccc(C)cc2)C1,P00533,
Cn1c(C(=O)N2CC[C@](C)(C(=O)O)C2)ccc1-c1ccccc1,P00533,
Cc1cc(N2CCN(c3cnn(C)c3)C(=O)C2)nc(C)n1,P00533,
COc1cc(F)c(F)cc1C(=O)Nc1ccc(F)c(C)c1,P00533,
C[C@H](CC1CCCCC1)NCc1ccoc1,P00533,
CC(C)(C)Oc1ccc([C@@H]2CCNC2)cc1,P00533,
CCCc1nc(-n2cccc2)sc1C(=O)O,P00533,
O=C(CN1CCN(C(=O)c2n[nH]c(=O)c3ccccc23)CC1)N1CCCCC1,P00533,
COCCN(Cc1ccsc1)C(=O)NCc1n[nH]c2c1CCCCC2,P00533,
O=C(CCc1nccs1)N1CCCC[C@@H]1Cc1ccc(F)cc1,P00533,
CC(=O)N1CCC(C(=O)N2CCN(S(=O)(=O)c3ccc(C)c(C)c3)CC2)CC1,P00533,
CCCOC(=O)c1ccc(Cl)c(NC(=O)c2ccc(OC)cc2)c1,P00533,
O=C(NCc1nnc2n1CCN(C(=O)c1c(F)cccc1Cl)CC2)[C@H]1CCOC1,P00533,
CN(C)c1nccc(N(C)[C@@H]2CCCN(c3nccs3)C2)n1,P00533,
CC(C)Oc1ncccc1-c1cnn([C@H]2CCCCO2)c1,P00533,
CCn1c([C@H]2[C@@H](C3CC3)CCN2C(=O)CCc2cnccn2)n[nH]c1=O,P00533,
O=C(O)C[C@H](NCc1ccco1)C(=O)Nc1ccccc1Br,P00533,
Cc1ccc(NC(=O)[C@@H](C)C2CCN(C(=O)Nc3ccc(F)cc3)CC2)cc1C,P00533,
O=C1CC[C@@](CCC(=O)N2CC[C@@H](c3ccccc3F)C2)(Cc2ccc3ccccc3c2)N1,P00533,
O=C(Nc1cnccc1O)c1cccc(Nc2ncnc3ccccc23)c1,P00533,
COc1c(F)cccc1[C@@H]1CCN(C(=O)[C@H]2CCc3[nH]ncc3C2)C1,P00533,
COc1cc(C(=O)CCC2CCCC2)ccc1Cl,P00533,
COC(=O)c1sc2ccccc2c1NC(=O)[C@@H]1CCCN1S(=O)(=O)c1ccc(Cl)cc1,P00533,
CCn1cc(C(=O)NCC2CCN(CCn3cc(Cl)cn3)CC2)cn1,P00533,
CN(C)C(=O)c1ccc(NC(=O)CN2CCC[C@H]2C(=O)N(C)C)cc1,P00533,
CCN(CC)c1ccc(-c2nnc(SCC(=O)NCc3ccc(C)c(F)c3)n2C)cc1,P00533,
COc1ccccc1OC[C@H](O)Cn1c([C@@H]2CC(=O)N(c3cccc(F)c3)C2)nc2ccccc21,P00533,
CN(C(=O)CN1CCC([C@H]2OCC[C@@H]2C(N)=O)CC1)C1CC1,P00533,
Cc1ccc(CN2CCNC(=O)[C@H]2CC(=O)N2CCN(C3CCCC3)C(=O)C2)cc1,P00533,
Fc1cccc(-c2n[nH]cc2CN2CCCCCCC2)c1,P00533,
CC1(C)CN=C(NCc2cccnc2)S1,P00533,
O=C(Nc1cc(-n2cnnn2)ccc1Cl)c1cccc(Cl)c1,P00533,
COc1cncnc1NC(=O)[C@H]1CC(=O)N(c2ccc3c(c2)CCC3)C1,P00533,
Cc1cc(O)cc(C(=O)N2CC[C@@]3(CO)CCCN(C)[C@@H]3C2)n1,P00533,
O=C(NCc1ccccn1)c1ccn(COc2ccc(Br)cc2)n1,P00533,
CCn1cnnc1C1CCN(CC(=O)Nc2ccc(OC)cc2)CC1,P00533,
Cc1cc(N2CCN(c3ccc(F)cc3)CC2)n2nc(-c3ccccc3)nc2n1,P00533,
C[C@H]1CN(C)CC[C@@H]1Nc1cnn(C)c1,P00533,
CC(C)c1[nH]c(=O)ccc1C(=O)NCC[C@@H]1CCCCN1S(C)(=O)=O,P00533,
CC(C)(C)OC(=O)N1CCN(c2ccc(CN)cn2)CC1,P00533,
COc1ccccc1C(=O)Nc1ncnc2sc3c(c12)CCCC3,P00533,
NC(=O)Cn1ccnc1[C@@H]1CCCN(C(=O)c2ccc3c(c2)OCCO3)C1,P00533,
CO[C@](F)(C(=O)Nc1cc(Br)cc2cccnc12)C(F)(F)F,P00533,
CCOC(=O)[C@H]1NC(C)(C)Cc2ccccc21,P00533,
Cc1nn(-c2ccccc2)c(CSCC(=O)Nc2cccc(S(=O)(=O)N(C)C)c2)c1C#N,P00533,
CCCOc1cccc(C(=O)Nc2nnnn2CC)c1,P00533,
Cc1cccc(C)c1OC[C@H](O)CN[C@@H](C)c1ccccc1,P00533,
Nc1nnc(SCC(=O)N2N=C3/C(=C/c4ccco4)CCC[C@H]3[C@@H]2c2ccco2)s1,P00533,
O=C(CCS(=O)(=O)c1ccccc1)N1CCC(c2ccncn2)CC1,P00533,
COc1cc(CC(=O)N[C@H](C)c2ccccn2)cc(OC)c1OC,P00533,
N#Cc1c(NC(=O)[C@H]2CC(c3ccccc3O)=NO2)sc2c1CCCC2,P00533,
Cn1c(=O)oc2ccc(S(=O)(=O)N3CC(S(=O)(=O)c4ccc(Cl)cc4)C3)cc21,P00533,
Cc1cn(-c2ccccc2)nc1NC(=O)NC[C@@H]1CCC[C@@H]1O,P00533,
Cc1ccc(NC(=O)CSc2cc(N3CCCC[C@H]3C)ncn2)cc1F,P00533,
CC(C)(C)OC(=O)NC1(C(=O)Nc2ccc(C(N)=O)cc2)CCCC1,P00533,
Cn1c(N2CCC[C@H](C(=O)NCCc3nc4ccccc4n3C)C2)cc(=O)n(C)c1=O,P00533,
O=C1CCC2(CCN(Cc3cccc(Cl)c3F)CC2)CN1C1CC1,P00533,
COC(=O)c1ccc(NC(=O)[C@@H]2CCCN2)cc1,P00533,
COc1ccccc1OCCN1C(=O)[C@@](O)(CC(=O)c2ccc(C)cc2C)c2ccccc21,P00533,
CC(C)[C@@H](CC(=O)O)NC(=O)CCCc1cn[nH]c1,P00533,
CCn1nc(C(=O)NCc2ccccc2OC(C)C)cc1C,P00533,
Cc1cc(OCC2CC2)ccc1C(=O)O,P00533,
CCOc1cc(CNC(=O)c2noc(C)c2Cn2nc(C)cc2C)ccc1OC,P00533,
O=C(Cn1cnnn1)OCC(=O)c1ccc(Br)s1,P00533,
C[C@H]1CCCC[C@H]1NC(=O)c1ccc2nsnc2c1,P00533,
COc1cccc(C(=O)NC[C@@H](c2cccnc2)S(=O)(=O)c2ccc(F)c(C)c2)c1,P00533,
CC(=O)N1CCCC[C@H]1C(=O)N1CC(Oc2cccc(Cl)c2Cl)C1,P00533,
Cc1ccc(S(=O)(=O)N2CCOc3ccccc32)c(C(=O)O)c1,P00533,
COc1ccc(CNC(=O)N2[C@H]3CC[C@@H]2c2cnc(C)nc2C3)cc1,P00533,
Cc1ccccc1C(=O)N1c2ncnn2[C@H](c2ccccc2)C[C@@H]1C,P00533,
O=C(NCc1ccc(Cl)cc1)N1[C@@H]2CC[C@H]1C[C@H](n1cccn1)C2,P00533,
Cc1ccsc1-c1nc(-c2nnn3c2CO[C@@H](c2ccccc2Cl)C3)no1,P00533,
CC(C)(C)c1ccc(S(=O)(=O)NCC(=O)N2CCCC2)cc1,P00533,
CCN(CC)C(=O)Cn1c(=O)n(C)c(=O)c2ccccc21,P00533,
O=C(O)c1oc2ccc(Br)cc2c1CN1CCn2ncnc2C1,P00533,
CCc1nn(C)cc1NC(=O)N1CCNC(=O)[C@H]1CC1CCCCC1,P00533,
O=C(NC[C@@H]1CCN(Cc2ccccc2)C1)c1[nH]ncc1-c1ccccc1,P00533,
COc1cccc(NC(=O)c2cn(C)c3c(=O)n(-c4ccc(F)cc4)c(=O)[nH]c23)c1,P00533,
CCCNC(=O)NC(=O)CSc1nc(C)nc2sc(C)c(C)c12,P00533,
FC(F)C1(CCNc2ccnc3[nH]nnc23)CC1,P00533,
Cc1ccc(NC(=O)Cn2c(=O)c3cccnc3n(-c3ccccc3)c2=O)cc1,P00533,
CCc1ccccc1NC(=O)c1ccc2c(c1)C[C@@H](c1ccccc1)OC2=O,P00533,
Cc1ccc(-c2cc(C(=O)N(Cc3ccc(F)cc3)[C@H]3CCS(=O)(=O)C3)no2)cc1,P00533,
CN(C)S(=O)(=O)c1ccccc1CNC(=O)c1ccc2[nH]cnc2c1,P00533,
O=C(NCc1ccc(F)cc1)c1cccc(NC(=O)N2CCSc3ncccc32)c1,P00533,
CNC[C@@H]1CCN(C(=O)c2cc3ccc(C)cc3nc2C)C1,P00533,
CNC(=O)[C@H]1CN(C(C)=O)CCN1C(=O)c1cc2cc(OC)ccc2n1C,P00533,
Cc1cc(=O)cc(C(=O)N[C@@H](C)c2nc(CC(C)C)no2)[nH]1,P00533,
COc1ccc(C(=O)CSc2nnc(-c3ccc(C)cc3)n2C)cc1,P00533,
Cc1cc(-c2csc(C(=O)O)c2)ccc1O,P00533,
Cc1cc(C)cc(CC(=O)Nc2ccc(OCC(=O)N3CCOCC3)cc2)c1,P00533,
Cc1cccc(C(=O)N(Cc2nccs2)[C@H]2CC23CCNCC3)n1,P00533,
Cc1ccc(NC(=O)CN2C(=O)COc3ccc(S(=O)(=O)N4CCOCC4)cc32)cc1C,P00533,
CCOc1ccc(NC(=O)n2ncc3cc(C)ccc32)cc1,P00533,
Cc1occc1C(=O)Nc1ccc(C(F)(F)F)cc1,P00533,
COc1ccccc1C(=O)N1c2ccc(F)cc2CC[C@H]1C,P00533,
CCn1c(=O)[nH]c2cc(-c3noc(-c4cccc(Cl)c4)n3)ccc21,P00533,
NC(=O)Cn1cc(-c2cccc3oncc23)cn1,P00533,
COc1ccc(-c2nc(C(=O)NCc3noc(C4CC4)n3)cs2)cc1OC,P00533,
COC(=O)c1ccccc1NC(=O)Cn1nc2c3cc(-c4ccc(Cl)cc4)nn3ccn2c1=O,P00533,
O=C(Cc1c(F)cccc1Cl)NC[C@@H]1CCS(=O)(=O)C1,P00533,
COc1ccccc1-n1nc(C)c(Cc2cccc(Cl)c2)c1O,P00533,
CCc1ccc(S(=O)(=O)[C@@H]2CS(=O)(=O)C[C@@H]2N2CCN(c3ncccn3)CC2)cc1,P00533,
CN(Cc1ccc2nc(N)sc2c1)C1CC1,P00533,
CCc1cccc(NC(=O)c2ccc(Cn3c(=O)[nH]c4ccsc4c3=O)cc2)c1,P00533,
COc1ccc(Cc2nnc(SCC(=O)Nc3cccc(C)c3)[nH]c2=O)cc1,P00533,
Cc1cc(S(=O)(=O)N2CCC(c3ccc(Cc4ccccc4F)cn3)CC2)ccc1F,P00533,
COc1ccc(CC(=O)Nc2ccc3nc(C)ccc3c2)c(Cl)c1,P00533,
CS(=O)(=O)c1ccc(CNC(=O)N[C@H]2CCCN(c3ccccc3)C2)cc1,P00533,
Cc1ccc(CSc2nc3cc(C(=O)NC4CCCC4)ccc3c(=O)n2C[C@@H]2CCCO2)cc1,P00533,
COc1ccc(OC)c(NC(=O)c2cc(-c3c(C)cc(C)cc3O)n[nH]2)c1,P00533,
COc1cccc(CC2(C(=O)NCc3cccnc3)CN(C(=O)c3cc[nH]n3)C2)c1,P00533,
CC(C)c1ccc(S(=O)(=O)N2CCN(C(=O)Nc3ccc(F)cc3F)CC2)cc1,P00533,
CCOCc1nnc(NC(=O)Cn2cnc3sc(C)cc3c2=O)s1,P00533,
O=C([C@H]1CC(=O)N(c2ccc(F)cc2)C1)N1CCO[C@@H](c2cc3cccnc3[nH]2)C1,P00533,
COc1ccc([C@H]2[C@@H](C(=O)Nc3ccc4c(c3)OCCO4)CCC(=O)N2c2cc(OC)c(OC)c(OC)c2)cc1,P00533,
CC(C)(C)c1ccc(-c2nnc(SCC(=O)N3CCOCC3)n2C2CCCCC2)cc1,P00533,
CSC[C@H](C)C(=O)N1CC[C@H](c2cc(O)[nH]n2)C1,P00533,
COC(=O)[C@H]1CCCCN1C(=O)c1nc2ccccn2c1C,P00533,
COc1ccc(NC(=O)c2ccc(NC(=O)CCc3c(C)nn(C)c3C)cc2)cc1,P00533,
CC(C)(C)OC(=O)NCC1(CN)C[C@@H]2CCC[C@H]2C1,P00533,
CN(C(=O)c1ccsc1)c1nc2ccccc2s1,P00533,
CC(C)C[C@@H]1NC(=O)[C@H](Cc2ccc(O)cc2)NC1=O,P00533,
CCn1ccc(C(=O)N2CCC(Oc3ccc(C)cc3)CC2)cc1=O,P00533,
NC1=NC(=O)C[C@H](C(=O)Nc2ccc(Cl)cc2)S1,P00533,
O=C(NCc1ccccc1Cl)c1cccc(NC2=N[C@@H]3CS(=O)(=O)C[C@@H]3S2)c1,P00533,
Cc1noc(-c2cn(CCNC(=O)C3CCCC3)nn2)n1,P00533,
Cc1nn(Cc2cn(-c3ccc4ccccc4c3)nn2)c(C)c1C,P00533,
CCc1ccc(S(=O)(=O)Nc2cnc(N(C)Cc3ccccc3)c(C(=O)O)c2)cc1,P00533,
COc1cc(C)c(CN[C@H]2CCC[C@@H](C(=O)NC(C)C)C2)cc1OC,P00533,
CC(C)(C)C(=O)Nc1cnn(C[C@H]2CCCCO2)c1,P00533,
O=C(O)c1ccnc(C=Cc2coc(-c3ccccc3)n2)c1,P00533,
COC(=O)c1ccc([C@H]2c3c(oc4ccc(C)cc4c3=O)C(=O)N2Cc2ccc(OC)cc2)cc1,P00533,
CSCC(=O)Nc1ccc2[nH]ncc2c1,P00533,
COCCN1CCC[C@H](NC(=O)c2cccc(OCC(F)(F)F)n2)C1,P00533,
COC(=O)[C@@H](NC(=O)OCc1ccccc1)[C@H]1CCCOC1,P00533,
COCCc1ncc(CN2CCC[C@H](c3nc(C)c4c(n3)N(CC3CC3)CCC4)C2)cn1,P00533,
CCOc1ccc(N2C[C@H](C(=O)Nc3ccc(S(=O)(=O)NCc4ccco4)cc3)CC2=O)cc1,P00533,
CCc1ccc([C@H]2c3c(oc4ccccc4c3=O)C(=O)N2c2ccccn2)cc1,P00533,
O=C(NCc1nc(C(F)F)no1)[C@]1(c2ccccc2)CCCO1,P00533,
CC1=CC(C)(C)N2C(=O)[C@](O)([C@H]3CCCC3=O)c3cc(C)cc1c32,P00533,
Cc1ccc(NC(=O)CSc2nnc(-c3nc(-c4ccc(F)cc4)no3)n2C)cc1C,P00533,
Cc1cc(C2CC2)ccc1C(=O)NCc1ccc(F)cc1Cl,P00533,
N#Cc1nc([C@@H]2C[C@H]2c2ccc(F)cc2)oc1NCc1ccccc1,P00533,
CCS(=O)(=O)c1ccccc1CC(=O)Nc1ccnnc1C,P00533,
Cc1cccc([C@H]2CCN(C(=O)c3nn[nH]c3C3CC3)C2)c1,P00533,
CCOC(=O)c1cnc(SCc2cccc(C(F)(F)F)c2)nc1N,P00533,
O=C1C[C@@H](c2ccc(C(F)(F)F)cc2)c2cnn(-c3nc4ccccc4s3)c2N1,P00533,
CC1(C)CC[C@H](N2CCCN(Cc3ccccn3)CC2)C1,P00533,
Cc1cc2ncnc(N3CC[C@@H](Nc4ccnc(N5CCOCC5)n4)C3)c2[nH]1,P00533,
Cc1cc(S(=O)(=O)Nc2cccnc2)c(C)s1,P00533,
O=C(Nc1ccc2c(c1)OCO2)c1cccc(NC(=O)c2cccs2)c1,P00533,
Cc1noc(C)c1CN[C@@H](c1ccc(Cl)cc1)[C@H]1CN(C)CCO1,P00533,
Cc1cccc(Nc2cc(C(=O)N3CCSCC3)nc3ccccc23)c1,P00533,
O=C1C[C@H](c2ccc(-c3ncc(Cl)cn3)cc2)CN1,P00533,
Cc1ccc(-c2cc(C(=O)Nc3sc4c(c3C(=O)NC[C@H]3CCCO3)CCC4)no2)cc1,P00533,
CC(=O)c1cc(C(=O)N2CCc3nc[nH]c(=O)c3C2)ccc1C,P00533,
COc1cc(OC)cc(C(=O)N=c2sc3cc(C)cc(C)c3n2C)c1,P00533,
O=C(CCC1CCCC1)NC1CCN(C(=O)N2C[C@@H]3C[C@H](C2)[C@H]2CCCC(=O)N2C3)CC1,P00533,
O=C(Nc1nncn1-c1ccccc1)[C@@H]1COc2ccc(Cl)cc21,P00533,
CC(=O)c1sccc1-c1ccc(C#N)c(F)c1,P00533,
CCn1ccnc1[C@@H]1CCCN(C(=O)c2oc3cc(OC)ccc3c2C)C1,P00533,
CCCCc1nn(CC(=O)N2CCC[C@@H](O)C2)c(=O)n1Cc1ccccc1,P00533,
Cc1cccc(OCC(=O)Nc2ccc3c(c2)nc2n3CCOC2)c1,P00533,
O=C(N[C@@H]1CC(=O)N(Cc2cccc3ccccc23)C1)c1ccco1,P00533,
COC(=O)NCc1ccc(NC(=O)[C@@H]2C[C@H]2c2ccc(C)s2)cc1,P00533,
C[C@@H]1CCCN(C(=O)c2cccc(S(=O)(=O)N3CCOCC3)c2)C1,P00533,
CN1CCC(C(=O)NC[C@@]2(c3ccccc3)CC[C@H](O)[C@@H](N3CCCC3)CC2)CC1,P00533,
Nc1nc(C2CC(O)C2)cc(N2CCCN(C3CCCC3)CC2)n1,P00533,
CCc1cccc(C)c1NC(=O)c1nnn(-c2ccc(F)cc2)c1C,P00533,
Cc1ccc(C)c(N2CCN(S(=O)(=O)c3ccc(-c4c(C)noc4C)cc3)CC2)c1,P00533,
CC[C@H](NC(=O)c1n[nH]c(=O)c2ccccc12)c1ncnn1C,P00533,
Cc1ccc(S(=O)(=O)NCC(=O)OCC(=O)c2cc(C)n(C)c2C)cc1C,P00533,
CSc1ccc(NC(=O)N2CCC(CNC(=O)OC(C)(C)C)CC2)cc1,P00533,
O=C(NCCn1ccc(-c2cnccn2)n1)c1ccccc1Cl,P00533,
Cc1ccc([C@H](O)CNC(=O)c2cc(C(=O)O)sc2C)cc1F,P00533,
Cc1nnc(-c2cccc(C(=O)N(C)[C@@H](C)Cc3ccc(O)cc3)c2)o1,P00533,
CC(C)c1noc([C@@H]2Cc3[nH]cnc3CN2C(=O)Nc2ccccc2)n1,P00533,
CCN(CC)CCNC(=O)C[C@@H]1COc2ccc(Cl)cc2NC1=O,P00533,
Cn1nccc1[C@H]1[C@H](NC(=O)CCn2ccnn2)CCC(=O)N1C1CC1,P00533,
O=C(Nc1cccnc1)[C@@H]1CC(c2cccc(Br)c2)=NO1,P00533,
C[C@@H](NC(=O)CC(C)(C)C)C(=O)Nc1nn(C(C)(C)C)cc1C#N,P00533,
Cc1cn(C)nc1CN1CCOc2ccccc2[C@H]1C(=O)O,P00533,
Cc1ccc(C#N)cc1S(=O)(=O)N1CCC[C@@H]([C@@H](C)N)C1,P00533,
COc1ccc(/C=C/c2nn3c(CN4CCCCC4)nnc3s2)cc1,P00533,
Cc1oc(CNC(=O)C2CCOCC2)cc1C(=O)O,P00533,
C[C@H](CC(=O)N1CC[C@@H](N)C1)c1ccccc1Br,P00533,
Cn1nc(C(=O)NC[C@@H]2CN(Cc3ccccc3)CCCO2)nc1Cl,P00533,
Cn1c(=O)nc(O)c2c3c(cnc21)C(=O)CC(C)(C)C3,P00533,
CCOc1cc(C#N)cc(C(=O)OCc2ccccc2)c1,P00533,
Cc1ccccc1-n1nc(C(C)(C)C)c2c1N(CC(=O)NC1CC1)C(=O)CS[C@@H]2c1cccs1,P00533,
CCCc1noc(-c2cc(S(=O)(=O)Nc3ccc(Cl)cc3)ccc2OC)n1,P00533,
CN1CCC(c2cncc(-c3ccnn3C)n2)CC1,P00533,
COc1ccc(OC)c([C@H]2C[C@H]2C(=O)N(C)C2(C#N)CCC2)c1,P00533,
N#Cc1c[nH]c(C(=O)N[C@H]2CC23CCN(C(=O)c2ccc(-n4cnnc4)cc2)CC3)c1,P00533,
C[C@H](NC(=O)[C@H]1CCS(=O)(=O)C1)c1nc2cc(Cl)ccc2[nH]1,P00533,
Cc1cc(C)cc([C@@H]2NC(=O)[C@H](c3cc(C)cc(C)c3)NC2=O)c1,P00533,
COc1cccc(-c2ncn(C[C@@H]3CN(C)CCN3C)c2-c2[nH]cnc2C)c1,P00533,
CCCn1ccnc1CN1CCCN(c2ccc(F)cc2)CC1,P00533,
Cc1nc(C)c(C(=O)N2CCC(c3nnc(Cn4ccnc4)n3C)CC2)o1,P00533,
Cc1ccc(S(=O)(=O)N(CC(=O)NCc2ccncc2)c2ccccc2Cl)cc1,P00533,
O=C(c1ccncc1Cl)N1CCCN(C[C@H]2COCCO2)CC1,P00533,
O=C(NC[C@H]1CCCO1)c1c[nH]c2ccc(F)cc2c1=O,P00533,
CC1CCN(C(=O)[C@H]2CCCN2C(=O)c2ccc(Cl)c(Cl)c2)CC1,P00533,
CC(=O)N1CCC(N(Cc2ccc(F)cc2)C(=O)CN(C2CC2)S(=O)(=O)c2ccc(C)cc2)CC1,P00533,
C[C@H]1CC[C@H](N2C[C@H](c3nc(-c4nnc(C5CC5)[nH]4)no3)CC2=O)CC1,P00533,
COCc1nsc(N2[C@@H]3C[C@H]2CN(c2nc(SC)nc(C)c2C)C3)n1,P00533,
O=C(O)c1ccc(S(=O)(=O)N2CC[C@H](O)C2)cc1C(F)(F)F,P00533,
Cc1nnc2c(N3CCc4ccccc43)nc3ccc(C(=O)c4ccccc4)cc3n12,P00533,
Cc1ccc2cc(C(=O)N[C@@](C)(C(N)=O)c3ccccc3)ccc2n1,P00533,
O=C(NCc1ccncc1)[C@H]1C[C@]12CCN(C(=O)c1ccccc1)C2,P00533,
Cc1csc(CN(C)C(=O)c2c(C)nn(Cc3ccccc3)c2C)n1,P00533,
O=C(c1ccco1)N1CCC[C@@H]1[C@@H]1CCCN1Cc1ccccc1,P00533,
Cc1ccc2c(c1)N(Cc1nc(-c3ccc(OC(F)(F)F)cc3)no1)C(=O)CO2,P00533,
FC(F)(F)c1cccc([C@@H](NCc2cncs2)c2cccnc2)c1,P00533,
CCCC(=O)N1CCN(c2ccc(-c3ccccc3OC)nn2)CC1,P00533,
C[C@H](O)c1c(-c2ccc(F)cc2)noc1C(=O)NC1CCCC1,P00533,
CC(C)(C)OC(=O)[C@H](Cc1ccc(O)cc1)NC(=O)OCc1ccccc1,P00533,
O=C1NCCN1C(=O)NC[C@@H](c1ccsc1)N1CCC1,P00533,
CC(=O)N1CCC(CCCC2CCN(C(C)=O)CC2)CC1,P00533,
Cc1ncc2c(n1)[C@]1(CCCN(C(=O)CCn3ccnc3C)C1)CC2,P00533,
COC(=O)[C@@H](c1ccccc1)c1ccccn1,P00533,
COC(=O)c1c(NC(=O)CSc2nnnn2-c2ccc(C)cc2)sc2c1CCCC2,P00533,
O=C(NCc1ccsn1)Nc1ccc(Cl)c2ncccc12,P00533,
Cc1ccc(C(=O)N2CCc3cc(-c4csc(NC(=O)Cn5nnc6ccccc65)n4)ccc32)cc1,P00533,
CCS(=O)(=O)N1CCC(O)(c2ccc(OC)cc2)CC1,P00533,
COc1ccccc1CC1CCN(C(=O)[C@@H](C)N)CC1,P00533,
CCOc1ccc2nc(N3CCC(NC(=O)c4cc(C)nn4C)CC3)sc2c1,P00533,
COc1cccc(CNCc2cccnc2)c1OCc1ccccc1,P00533,
Cc1ccc(C(=O)N(C)C2CCCCC2)c(F)c1,P00533,
COc1ccc(CCC(=O)N[C@H](C)[C@H]2CCCO2)cc1,P00533,
Cc1sc2ncnc(NC[C@H]3CCCN3S(C)(=O)=O)c2c1C,P00533,
O=S1(=O)CCC(CN2CC[C@@H]3CCN(c4cccc(C(F)(F)F)n4)C[C@H]32)CC1,P00533,
CN(Cc1ccc(-n2cccn2)cc1)C(=O)c1scc2c1OCCO2,P00533,
CCCc1ccc(C(=O)COC(=O)c2cccnc2Nc2ccccc2OC)cc1,P00533,
C[C@@H](O)c1nc2cc(NC(=O)CCn3cnnc3)ccc2[nH]1,P00533,
Cc1sc2nc(CCNC(=O)CN3C[C@@H](c4ccccc4)CC3=O)[nH]c(=O)c2c1C,P00533,
CCCc1ncc(C(=O)OC)c([C@@H]2CCCN2)n1,P00533,
CCCc1noc(C[C@@]2(O)CO[C@@H](C)C2)n1,P00533,
CNC(=O)c1c(Cl)cnn1-c1ccc(F)cc1,P00533,
COc1ccc(CNC(=O)Nc2ccc3c(c2)OCCO3)c(OC)c1OC,P00533,
C[C@]12CN(Cc3ccc(N4CCCC4=O)cc3)C[C@H]1C(=O)Nc1ccccc1C(=O)N2,P00533,
Cc1nc(CN2CC[C@H](c3ccccc3)C2)n(-c2ccccn2)n1,P00533,
O=S(=O)(Nc1cccc2c1C[C@@H](O)C2)c1cnn(Cc2ccccc2)c1,P00533,
COc1cn(CC(=O)Nc2cccc(C)c2C)c(CSc2nnc(C)s2)cc1=O,P00533,
COC(=O)c1c(Cl)nn(C)c1Cl,P00533,
C[C@@H](OC(=O)c1cccnc1SC(F)F)C(=O)NCc1ccc2c(c1)OCO2,P00533,
Cc1cc(C(F)(F)F)n2nc(C3CCN(C(=O)CCc4ccccc4)CC3)cc2n1,P00533,
Cc1cc(Br)ccc1NCc1ncc[nH]1,P00533,
O=C(Nc1cccc(-c2cccnc2)c1)c1ccc(CN2CCOCC2)o1,P00533,
COc1cccc(NC(=O)c2oc3ccccc3c2NC(=O)c2ccccc2)c1,P00533,
Cc1noc(C)c1S(=O)(=O)N1CCC[C@@H](Cn2c(C)cnc2C2CCOCC2)C1,P00533,
Cc1ccc2sc(-c3ccc(O)cc3F)nc2c1,P00533,
CCOc1c(F)cccc1C(=O)N1CCC[C@H]([C@@H](C)N)C1,P00533,
O=C(CCn1cccn1)N1CC[C@H](O)[C@](Cc2ccc(F)cc2)(C(=O)O)C1,P00533,
Cc1nn(CC(=O)N(C)[C@@H]2CCc3ccccc32)c(C)c1Br,P00533,
COc1cccc(SCC(=O)NCc2ccc(F)cc2)c1,P00533,
O=C(OCc1cc(-c2ccccc2F)on1)c1cnccn1,P00533,
COc1cc2ccccc2cc1-c1ccc(F)cc1,P00533,
Cc1ccccc1NC(=O)[C@@H]1CCCN(S(=O)(=O)Cc2ccc(F)cc2)C1,P00533,
COc1cccc(C(=O)NCCC(=O)NC2CCCC2)c1,P00533,
Fc1ccc(CN(Cc2ccc(F)cn2)C2CCOCC2)cc1,P00533,
COCC(=O)Nc1c[nH]nc1[C@@H]1CCCN(C(=O)Nc2ccc(C(C)C)cc2)C1,P00533,
COc1nc(Cl)nc(N2CCCCCC2)n1,P00533,
CCC(CC)C(=O)Nc1cccc(C(=O)Nc2cc(C)ccn2)c1,P00533,
O=C(CCOc1ccccc1)N1CCC[C@@]2(CCc3c[nH]nc32)C1,P00533,
CCO[C@H]1CN(C(=O)c2occc2C)Cc2cccn2C1,P00533,
CCc1noc(Cn2nnn(-c3ccccc3Cl)c2=O)n1,P00533,
O=C(c1ccncc1)N1CC[C@@H](C2CCN(Cc3cccc(F)c3F)CC2)C1,P00533,
COC(=O)c1ccccc1NC(=O)c1cccc(CSc2ncccn2)c1,P00533,
N#Cc1cc(Cl)ccc1CN1CCC(OC[C@@H]2CCOC2)CC1,P00533,
O=C(NC[C@H]1CCCO1)c1nnn2cc(-c3ccccc3)[nH]c(=O)c12,P00533,
CC(=O)c1ccc(-c2c[nH]nc2-c2ccncc2)cn1,P00533,
Cc1cc(C(=O)N2C[C@@H]3CNC(=O)[C@@H]3C2)c2cc(Cl)ccc2n1,P00533,
COc1ccccc1C(=O)N1CCC(c2nc(NC(C)C)ncc2-c2cc(C)no2)CC1,P00533,
CC(=O)c1ccc(NC(=O)C2(S(=O)(=O)c3ccc(Cl)cc3)CCC2)cc1,P00533,
COc1ccc(N([C@H](C)C(=O)Nc2ccccc2C(F)(F)F)S(C)(=O)=O)cc1,P00533,
C[C@H](CCc1ccco1)NC(=O)C1CCN(Cc2ccccc2)CC1,P00533,
CN1CCC(N[C@H]2CCCC[C@@H]2O)CC1,P00533,
O=C(Cc1csc(-c2ccc3c(c2)OCO3)n1)Nc1cn[nH]c1,P00533,
Cc1nn(C)cc1CCC(=O)N1CCO[C@](COc2ccccc2)(CC(=O)N2CCCCC2)C1,P00533,
Cc1ccc(S(=O)(=O)c2nc(NC(C)C)sc2Cl)cc1,P00533,
CS(=O)(=O)c1cnc2ncnn2c1[C@H]1CCCN(C(=O)c2csc3c2CCCC3)C1,P00533,
COc1ccccc1-n1nnc(C(=O)O)c1-c1ccncc1,P00533,
O=C(O)c1ccc(N2CCN(C(=O)C(F)(F)F)CC2)cc1N(C(=O)C(F)(F)F)[C@H]1CCCOCC1,P00533,
Cc1cc(C)n(Cc2nc(-c3nccn3C)no2)n1,P00533,
C[C@H]1CCCCN1CCNC(=O)CN(C)c1nn2c(NC(C)(C)C)c(-c3ccc(F)cc3)nc2s1,P00533,
Cc1ncc(CN(C)C)c([C@@H]2CCCN2C(=O)Cc2cccnc2)n1,P00533,
Cc1ccc(OCC(=O)NCc2ccc(Br)cc2C)c(Cl)c1,P00533,
Cc1c(Cl)cccc1N1CCN(CC(=O)Nc2ccc(F)cc2)CC1,P00533,
CCCC[C@H]1Oc2ccc(S(=O)(=O)N3CCN(CC)CC3)cc2NC1=O,P00533,
CC(=O)N1c2ccc(S(=O)(=O)N3CCC(C(=O)Nc4ccc(C)c(Cl)c4)CC3)cc2C[C@@H]1C,P00533,
Cc1ccccc1N1CCN(C(=O)NCc2ccc(C(=O)N(C)C)o2)[C@@H](C)C1,P00533,
Cc1cc(COc2ccc(C(=O)Nn3c(C)ccc3C)cc2)no1,P00533,
CO[C@@H]1CCN(C(=O)c2nc3c(o2)CCN(C(=O)c2ccccc2F)C3)C1,P00533,
O=C1CSc2nnc(-c3ccccc3Br)n21,P00533,
Cc1c[nH]c(C(=O)N[C@@H]2COCC[C@H]2Oc2ccc(CO)cc2)n1,P00533,
C[C@@H]1CN(C2CCN(C(=O)C3=NN(C)C(=O)CC3)CC2)CCO1,P00533,
C[C@H](CN(C)c1ccc(C(F)(F)F)c(C#N)c1)C(=O)O,P00533,
COc1cc(CN[C@H](C)c2ccccc2)cc(Cl)c1OCC(=O)NC(C)(C)C,P00533,
c1ccc(-c2nccn2[C@@H]2CCSC2)nc1,P00533,
CO[C@H](CNS(=O)(=O)c1cccnc1)c1ccco1,P00533,
COc1ccc(C(=O)NCC2CCOCC2)cc1,P00533,
C[C@H]1CN(c2cc(Oc3cccc(Cl)c3)ncn2)CCN1C(=O)c1ccccc1,P00533,
CCn1cnnc1[C@@H]1CN(Cc2ccc(Cl)cc2)CC12CCCCC2,P00533,
COc1ccc(-c2noc(-c3nnn(-c4ccccc4OC)c3N)n2)cc1,P00533,
O=C(Cc1ccccc1)N1CCc2nc(-c3ccc(C(F)(F)F)cc3)sc2C1,P00533,
CCN1CCC(NC(=O)C2(c3ccc(OC)cc3)CCCC2)CC1,P00533,
C[C@@H](NC(=O)c1cnn(C2CCCC2)c1-c1ccccc1)c1ccc2[nH]c(=O)[nH]c2c1,P00533,
CN(CC(=O)Nc1ccc(OC(F)(F)F)cc1)C(=O)c1ccc2[nH]cnc2c1,P00533,
COc1ccc(CCC(=O)NC[C@H]2CN(Cc3ccccc3)CCO2)cc1OC,P00533,
CCOC(=O)C1CCN([C@@H](c2ccc(F)cc2)c2c(O)cc(C)n(CCOC)c2=O)CC1,P00533,
Cc1nc2cc(C(=O)N3CCNC(=O)[C@@H]3Cc3ccc(-c4ccccc4)cc3)ccc2n1C,P00533,
C/C(=C/c1ccccc1)CN1CCC[C@@H](C(N)=O)C1,P00533,
CC(=O)Nc1ccc(-c2nc3cc(C)cc(C)c3o2)c(O)c1,P00533,
COc1ccc(S(=O)(=O)N[C@H](C)C(=O)Nc2cccc(Cl)c2C)cc1,P00533,
Cc1ccc(-c2nc(N)sc2CN(C)C)cc1,P00533,
COc1ccc([C@H](C)NC(=O)c2cc(Cl)ccc2OC)cc1OC,P00533,
N#Cc1cnn(-c2ccc(Cl)cn2)c1N,P00533,
COC(=O)Cc1cc(Br)c(C#N)cc1OC,P00533,
CSCc1ccc(C(=O)N2CCN([C@H]3CCC[C@H]3O)CC2)cc1,P00533,
Oc1cc(C(F)(F)F)nc2cc(Cl)cc(Cl)c12,P00533,
Cc1ccc2c(c1)[C@H]1CN(C)CC[C@H]1N2S(=O)(=O)c1cccs1,P00533,
O=C(c1cccc(F)c1)N1CCN(c2ccc(-c3noc(C4CCC4)n3)cc2)CC1,P00533,
Cc1cc(C2CC2)ncc1C(=O)NC[C@H]1CC2(CCNCC2)C(=O)O1,P00533,
O=C(CSC1CCCC1)N1CCC(Oc2ncccc2Br)CC1,P00533,
COC(=O)c1c(SCc2ccc(Cl)cc2)[nH]c2ccccc2c1=O,P00533,
CCn1ccc(C(=O)NC[C@H]2[C@H]3CN(C(=O)c4cncc(O)c4)C[C@]34CC[C@H]2O4)n1,P00533,
Cc1ccc(S(=O)(=O)Nc2ccc3c(c2)sc(=O)n3C)cc1F,P00533,
CN1CCN([C@H](CC(=O)c2ccc(Cl)cc2)C(=O)O)CC1,P00533,
N#Cc1ccc(Cl)cc1NC(=O)CN1CCN(CC(F)(F)F)CC1,P00533,
COc1ccc(-c2cc(C(=O)Nc3nc4c(s3)CN(C(C)=O)CC4)no2)cc1,P00533,
COCCC1(c2noc(C3CCOCC3)n2)CCN(C(=O)CC(C)C)CC1,P00533,
COc1ccc(C2=NN(C(=O)CN3CCc4ccccc43)[C@H](c3ccco3)C2)cc1,P00533,
Cc1ccc(C)c([C@H](C)NC(=O)C2CCC2)c1,P00533,
CC(C)(C)OC(=O)N1CCC[C@]2(C1)C[C@H](O)C2,P00533,
COc1ccc(Cn2ccc3nc(C)c(C(=O)Nc4ccc(OC)c(OC)c4)cc3c2=O)cc1,P00533,
O=C(NCc1ccc(Cl)cc1)C1CCN(C(=O)Cc2ccccc2)CC1,P00533,
O=C(/N=c1/ccccn1Cc1ccccc1)[C@@H]1CCCO1,P00533,
COc1ccccc1-n1c(=O)[nH]c2nc(NCc3ccc(F)cc3)ncc2c1=O,P00533,
CCCC(=O)N(Cc1ccccc1)Cc1nc(N(C)C)ncc1-c1ccccn1,P00533,
O=C(c1ccc2ncccc2c1)N1CCC[C@@](CC2CC2)(c2noc(C3CCOCC3)n2)C1,P00533,
CCc1c(C(=O)Nc2ccc(OC(F)F)cc2)cnn1-c1ccccn1,P00533,
CCOc1ccc(C=c2sc3nc(-c4ccccc4Cl)nn3c2=O)cc1OCC,P00533,
CC(C)c1nnc([C@@H]2CC3(CCN(C(=O)CCC4CCCC4)CC3)CN2CC(=O)N2CCCCC2)o1,P00533,
O=C(c1nc(C2CC2)ncc1Br)N1CCC[C@H]1C1CCOCC1,P00533,
N[C@H](Cc1ccc(C(F)(F)F)cc1C(F)(F)F)C(=O)O,P00533,
NC1(C(=O)N2CCC[C@]3(CCCCc4ccccc43)C2)CCOCC1,P00533,
CC(=O)c1ccc(S(=O)(=O)Nc2cnc(N3CCC[C@@H](CN4CCCC4)C3)c(C(=O)O)c2)cc1,P00533,
CCn1ccc(C(=O)N2CCC[C@](F)(c3nc(-c4ccncc4)no3)C2)n1,P00533,
c1coc([C@H](CNCc2cnn3ccccc23)N2CCCCC2)c1,P00533,
Cc1ccc(CNC(=O)c2ccc(C)cc2Br)cc1,P00533,
CCOc1ccc(CNC2=NS(=O)(=O)C(c3ccc(OC)cc3)=C2C)cc1,P00533,
N#Cc1c(-c2ccco2)ccn2nc(-c3cccc(C(F)(F)F)c3)nc12,P00533,
CC[C@H]1CN(C(=O)Nc2ccccc2CC(N)=O)CCO1,P00533,
COC[C@@H]1CCCN(S(=O)(=O)N(Cc2ccccc2)Cc2ncccc2C)C1,P00533,
Cc1cccc(CCN2CCCn3nc([C@@H](C)O)cc3C2)n1,P00533,
Cc1noc(C)c1C(=O)N[C@H](c1ccccc1)C(C)(C)C,P00533,
C[C@H](CC(=O)N[C@@H](C)CN1CCN(c2ccccn2)CC1)CN(C)C,P00533,
CS(=O)(=O)c1ccc(-c2c(C#N)cccc2C(F)(F)F)cc1,P00533,
O=C(CCc1ccccc1)N[C@H]1C[C@H](C(=O)N2CCOCC2)C[C@H]1c1nc(-c2ccccc2)no1,P00533,
Cc1ccc(C)c(CC(=O)N[C@@H](C)c2nc(C)sc2C)c1,P00533,
O=C(c1cc2c(F)ccc(F)c2[nH]1)N1CCOC[C@@H]1C[C@H](O)c1ccco1,P00533,
O=C(Nc1c(-c2ccc(F)cc2)nc2sccn12)[C@H]1CCS(=O)(=O)C1,P00533,
CCOC(=O)C1CCN(S(=O)(=O)CC)CC1,P00533,
COc1ccccc1O[C@@H](C)C(=O)Nc1ccccc1C(N)=O,P00533,
CCCN(CCC)CCNC(=O)Cc1ccc(F)c(F)c1,P00533,
Cc1ccc(NC(=O)CSCC(=O)Nc2ccc(F)cc2)c(C)c1,P00533,
CC(=O)NCC(=O)N1C[C@@H]2CN(S(=O)(=O)C(C)C)C[C@@H]2[C@H]1c1ccccc1,P00533,
Cc1c(Cl)cccc1NC(=O)N[C@H]1C[C@H]2C(=O)N[C@@H](Cc3ccccc3)C(=O)N2C1,P00533,
O=C(CN1C[C@H](OCc2ccccc2)[C@]2(CCCO2)C1)Nc1nc(-c2ccc(F)cc2)cs1,P00533,
CC(C)NC(=O)CN1C[C@@H](C)Sc2ccccc21,P00533,
C[C@H](NC(=O)C[C@](C)(C(=O)O)c1ccccc1)c1ccc(Cl)c(Cl)c1,P00533,
COC(=O)c1[nH]c(C)c(C(=O)[C@@H](C)N(CC(C)C)C(=O)c2ccc(OC)cc2)c1C,P00533,
COC(=O)c1cn(-n2c(C)cc(C)c(C#N)c2=O)cc2c(O)nnc1-2,P00533,
CN(C(=O)c1cccc(S(=O)(=O)N2CCOCC2)c1)c1ccccc1,P00533,
Cc1ccc(CNc2nc(C)nc3c2cnn3C)c(O[C@@H]2CCOC2)c1,P00533,
CCCN(Cc1cc(-c2ccc(F)cc2)on1)C(=O)NC(C)C,P00533,
C[C@@H](O)CNc1nc2ccccc2n1CC(=O)NC1CCCC1,P00533,
CNC(=O)c1cc[nH]c1[C@H]1CCCN(Cc2cc(OC)cc(OC)c2)C1,P00533,
CC(=O)c1ccc(C(=O)N(CCN(C)C)c2nc3ccc(Br)cc3s2)cc1,P00533,
O=C(NCCS(=O)(=O)N1CCc2ccccc2C1)c1ccccc1C(F)(F)F,P00533,
COc1c(C)cc(C(=O)NC2CCCCCC2)cc1C,P00533,
COc1ccc(-c2cc(C(=O)N[C@H](C)c3ccc4ccccc4c3)no2)cc1,P00533,
CCC[C@H](O)c1cccc(Br)c1,P00533,
CC(=O)N1CCc2ncc(CNC(=O)c3cnc(C)nc3-c3ccccc3)cc2C1,P00533,
Clc1cnc(NCCc2c[nH]nn2)nc1,P00533,
O=C(NCc1ccc(F)cc1)[C@H]1CCCN(c2ncc(-c3ccc(F)cc3)cn2)C1,P00533,
CC[C@@H](NC(=O)c1nc(C(C)C)cs1)c1cccs1,P00533,
CC[C@@H](O)CN[C@H](C)c1ccc(Cl)c2ccccc12,P00533,
c1ccc2c(c1)CCN2C[C@@H]1CCNC1,P00533,
C[C@H](Oc1ccccc1)C(=O)NC[C@H]1COc2ccccc21,P00533,
Cc1ncnc2ccc(-c3ccc(C#N)cc3F)cc12,P00533,
Cc1ccc(CCC(=O)N[C@@H](c2cnn(C)c2)[C@H]2C[C@@H](O)C2)cc1,P00533,
CCC(=O)NCc1cc2n(n1)CCN(C[C@H]1Cc3c(C)nc(C)nc3O1)C2,P00533,
Cc1nc2c(c(=O)[nH]1)CC[C@]21CCCN(CC2COCCOC2)C1,P00533,
C[C@H](CNC(=O)[C@@H]1CCCc2ccccc21)C(=O)O,P00533,
CCn1ncc(CN2CCN(C(=O)c3ccnn3C)CC2)c1C,P00533,
COc1ccc(Oc2ccc(CCNc3cn[nH]c(=O)c3Cl)cc2)cc1,P00533,
COCCN1C[C@@H]2[C@H](NC(=O)c3ccncc3)c3ccccc3[C@@H]2C1,P00533,
CCS[C@@H]1CCCCN(C(=O)c2ccc3c(c2)CCN3C(C)=O)C1,P00533,
C[C@@H](CN1CCOCC1)OC(=O)Cc1ccccc1,P00533,
Cc1c(C(=O)N2CC[C@H](C(N)=O)C2)oc2c(Cl)cccc12,P00533,
CCc1cccc(NC(=O)Cn2nc3c(Oc4cccc(F)c4)nccn3c2=O)c1,P00533,
COc1ccc(OC)c(S(=O)(=O)NC[C@H](OC)c2cc3ccccc3o2)c1,P00533,
O=C(O)c1ccc(C(=O)N2CCC(OC3CCOCC3)CC2)s1,P00533,
Cc1cccc(C(=O)O[C@@H](C(=O)c2ccccc2)c2ccccc2)c1O,P00533,
O=C(NC[C@H]1Cc2ccccc2O1)N1CCC[C@H](c2cn[nH]c2)C1,P00533,
CCc1nnc(-c2csc(S(=O)(=O)Nc3cccc(Cl)c3)c2)o1,P00533,
CCCCC(=O)N1CCC[C@]2(CCC(=O)N(Cc3cccnc3)C2)C1,P00533,
Cc1cccnc1CN1CCC[C@H](c2ccc3cn[nH]c3n2)C1,P00533,
Cc1nn(-c2ccccc2)cc1CN1C[C@@]2(C(=O)O)C[C@@]2(C(=O)O)C1,P00533,
CC(=O)N[C@H](C)c1ccc(C(C)(F)F)cc1,P00533,
Cc1n[nH]c(C)c1[C@H](C)C(=O)NCCc1nccs1,P00533,
CC1(C)CN(C(=O)NC[C@H]2CCN(CC(F)(F)F)C2)CCS1,P00533,
CC(=O)N1CCN(C(=O)Cc2ccc(C)s2)[C@@H](c2ccccc2)C1,P00533,
O=S(=O)(CCc1cnoc1)N[C@@H](CC1CCCC1)c1ccccc1,P00533,
CCN(C)[C@H](C(=O)N1CCN(C)[C@@H](CNC(=O)Cn2nccn2)C1)c1ccccc1,P00533,
CCc1ccc(CNC(=O)[C@@H]2CCCN(c3nc4cccnc4s3)C2)cc1,P00533,
CC[C@@H](C)NC(=O)[C@H]1CCCN(S(=O)(=O)c2ccc(OC)cc2)C1,P00533,
CC[C@@H]1CN(Cc2nc(C)c3ccccc3n2)CCN1C[C@@H](C)O,P00533,
CN1C[C@@]2(CCCN(C(=O)c3cc(=O)[nH]c4ccc(F)cc34)CC2)OC1=O,P00533,
Cc1cccc(Cc2cncc([C@@H]3CCCN3CC(N)=O)n2)c1,P00533,
Cc1nc([C@H]2CC[C@@H](O)[C@H](NC(=O)c3cccnc3)C2)n(C(C)C)n1,P00533,
CCOC(=O)N1CCC(N2CCC(n3nccc3NC(=O)[C@@H]3CCOC3)CC2)CC1,P00533,
CCNC(=O)[C@H](C)Oc1ccc2c(c1)[C@H](c1cccc(C)c1)N(C(=O)C1CCCC1)CC2,P00533,
COc1cc(OC)c(NC(=O)Nc2cccc(OCc3cc(=O)n4cccc(C)c4n3)c2)cc1Cl,P00533,
COC(=O)c1cn([C@@H](CC(C)C)c2nnc3ccccn23)cc2c(O)nnc1-2,P00533,
C[C@H](C(=O)N1CCC(c2ccn[nH]2)CC1)c1cccc(F)c1,P00533,
CCN1CCN(C2CCN(c3nccc(C(F)(F)F)n3)CC2)C1=O,P00533,
Cn1cc(CN2CC(C)(C)O[C@@]3(C[C@@H]4CC[C@H]3C4)C2)cn1,P00533,
CN(Cc1nc2ccccc2c(=O)[nH]1)C(=O)c1cc(C#N)c[nH]1,P00533,
N#Cc1cnc(NC[C@H]2CCCN(C3CCCC3)C2)nc1N,P00533,
Clc1cccc(-c2ccncc2Br)c1,P00533,
Cc1nc(COc2ccc(C(=O)N[C@@H](C)c3ccc4[nH]cnc4c3)cc2)no1,P00533,
O=C1CNc2ncnc(NCc3nnc4ccccn34)c2N1,P00533,
C[C@@H](CN)Cn1cc(Br)cn1,P00533,
O=C(N[C@H]1C[C@](O)(Cn2cc([C@@H]3CCOC3)nn2)C1)c1ccccc1OC(F)(F)F,P00533,
COC(=O)c1cn([C@H]2CCCN(c3cccc(F)c3C(C)=O)C2)nn1,P00533,
COCCn1c(C)cc(O)c([C@@H](c2cccc(F)c2)N2CCN(c3ccccn3)CC2)c1=O,P00533,
CCOC(=O)c1[nH]c(C)c(C(=O)[C@H](C)N(Cc2ccco2)C(=O)C(C)C)c1C,P00533,
Cc1nc(NC(=O)c2ccc(Cl)cc2Cl)sc1SCC#N,P00533,
O=C(CSCc1ccccc1)Nc1cccc(S(=O)(=O)N2CCCCC2)c1,P00533,
CC(C)N[C@@H](Cc1ccccc1)c1ccccc1,P00533,
O[C@@H](CF)c1ccccc1C(F)(F)F,P00533,
O=C([C@H]1C[C@H]1c1ccccc1)N1CCN(c2ccccc2)CC1,P00533,
O=C(Nc1ccccc1)c1ccc(Cl)c(NC(=O)N(C[C@@H]2CCOC2)C2CC2)c1,P00533,
O=C(Cn1cnc2scc(-c3ccc(F)cc3)c2c1=O)NC[C@@H]1CCCO1,P00533,
Cc1ccc(S(=O)(=O)[C@@H](CNS(C)(=O)=O)c2cccs2)cc1,P00533,
COC(=O)c1ccc2nc(CO[C@H]3CN(Cc4cccnc4)C[C@H]3F)[nH]c2c1,P00533,
Cc1cccc(Nc2nc3c(S(=O)(=O)c4ccc(Cl)cc4)nnn3c3ccsc23)c1,P00533,
CCOC(=O)c1cccc(N(CC)C(=O)c2ncn(C(C)(C)C)n2)c1,P00533,
CCC(=O)N1CCc2cc([C@H](O)CN3CCC(NC(C)=O)(c4ccccc4)CC3)ccc21,P00533,
Cc1ccc2nc(CNC(=O)N(CCO)Cc3nccn3C)cn2c1,P00533,
Cc1csc(-c2nnc(NC(=O)c3c[nH]c4ccccc34)o2)c1,P00533,
CCCn1nc(C)c(NC(=O)NC[C@H](c2cccnc2)N2CCCCC2)c1C,P00533,
O=C(NC[C@@H]1CO[C@@H]2CN(Cc3nccs3)C[C@H]12)c1ccsc1,P00533,
C[C@@H](NC(=O)N1CCN(c2ccncc2)CC1)C1CCCC1,P00533,
Cc1ccc(C(=O)[C@@H]2CC(=O)Nc3c2c(C)nn3-c2ccc(C)c(C)c2)cc1C,P00533,
O[C@H](COCc1ccc(Cl)cc1)CN1CCc2ccccc2C1,P00533,
COc1cccc(-c2ccc(O)nn2)c1,P00533,
CCOC(=O)c1cnn2cc(-c3nccn3C[C@H]3CC(=O)N(C)C3)cnc12,P00533,
C[C@H]1CN(CCn2c(=O)c3ccc(C(F)(F)F)nc3n(C)c2=O)CCO1,P00533,
Cn1ccc2ccc(C(=O)Nc3nncs3)cc21,P00533,
COc1ccc(CN(C)[C@@H](C)c2nc3ccccc3c(=O)[nH]2)cc1,P00533,
CN(CCc1cn[nH]c1)C(=O)C1(Cc2ccccc2F)CNC1,P00533,
N#Cc1cccc(C(=O)C2CCC(C(=O)O)CC2)c1,P00533,
COc1ccc(NC(=O)Cc2ccc(Br)cc2OC)nc1,P00533,
CC(C)(C)OC(=O)n1ccc(C(=O)O)n1,P00533,
CCSc1nnc(C(F)F)n1NC(=O)[C@@H](C)n1nc(C(F)(F)F)c(Cl)c1C,P00533,
COC(=O)C[C@H](c1cccnc1)c1c(Cc2ccc(OC(F)(F)F)cc2)[nH][nH]c1=O,P00533,
CO[C@@H]1CC[C@H](c2nc(-c3c[nH]nc3C)nn2-c2cnn(C)c2)C[C@H]1N,P00533,
O=C(CCC1CCCC1)Nc1nc(-c2ccccc2)cs1,P00533,
COC(=O)C1CN(C(=O)NCC2(c3ccc(C(=O)O)cc3)CC2)C1,P00533,
COc1ccc(S(=O)(=O)[C@H]2CS(=O)(=O)C[C@@H]2NCCc2cccs2)cc1C,P00533,
CC1(C)CC(=O)c2sc(NC(=O)CCS(=O)(=O)c3ccccc3)nc2C1,P00533,
N#Cc1cc(F)ccc1N1CC[C@H]2CCN(C3CCCC3)C[C@@H]21,P00533,
COC(=O)c1cccc([C@@H]2CC(=O)Nc3nn(Cc4ccccc4)c(C)c32)n1,P00533,
COc1ccc(Cl)cc1C(=O)Nc1ccc2c(c1)OCO2,P00533,
C[C@@H]1CN(C)CCN1C(=O)c1cnn(C(C)(C)C)c1,P00533,
Cc1ccccc1C(=O)NCc1cccnc1N(C)CCc1ccccn1,P00533,
Clc1ccccc1-c1nnc(N2CCCC2)n1C[C@@H]1CCCCO1,P00533,
COC(=O)CN(c1cc(C)ccc1C)S(C)(=O)=O,P00533,
O=C(Cc1ccc(Cl)s1)Nc1ccc(-n2ncc3c(=O)[nH]cnc32)cc1,P00533,
CCn1c(=O)[nH]c2ccc(N3CCN(c4ccc(C(F)(F)F)cn4)CC3)cc2c1=O,P00533,
COc1ccc(S(=O)(=O)N2CCC[C@@H](C(=O)Nc3ccccc3C(F)(F)F)C2)cc1Cl,P00533,
CCOC(=O)[C@@H]1CCCN(CC(=O)N2N=C(c3ccc(C)cc3C)C[C@H]2c2ccc(C)cc2)C1,P00533,
CCOc1ccccc1C(=O)N1CC2(CN(Cc3ccccc3)C[C@@H]2C(=O)NCC(C)C)C1,P00533,
Cc1ccc(F)cc1C(=O)c1cccc(F)c1,P00533,
CN(C)CCc1cccc(C(=O)N2CCC[C@H](n3c(=O)[nH]c4cccnc43)C2)c1,P00533,
C[C@@H](N[C@H]1CCN(C)C1=O)c1ccoc1,P00533,
CC(=O)N[C@@H]1CCN(C(=O)c2coc(COc3ccc4c(c3)OCO4)n2)C1,P00533,
CCCn1c(=O)n(Cc2nc(-c3ccsc3)no2)c2ccccc21,P00533,
COC(=O)[C@H](N)c1ccc(N2CCCC2)cc1,P00533,
COC(=O)c1cc(C(C)(C)NS(=O)(=O)c2cccc(Cl)c2O)n[nH]1,P00533,
CC(C)C(=O)N1CCN(C(=O)[C@H]2C[C@@H]2c2cccnc2)CC1,P00533,
CCOc1cc2c(cc1OCC)[C@H](CC(=O)OC)N(S(=O)(=O)c1ccccc1)CC2,P00533,
O=C(N[C@@H]1CO[C@H]2[C@@H]1OC[C@H]2O)c1ccc(F)cc1F,P00533,
O=C(NCc1ccc2c(c1)OCO2)[C@H]1CCCCO1,P00533,
Cc1n[nH]c([C@H]2CN(C(=O)c3cccn3C)CCCN2C(=O)c2ccccc2)n1,P00533,
Cc1cccc2nc(CNc3ccc(-c4nc(C5CC5)no4)cn3)cn12,P00533,
CCOc1ccc(S(=O)(=O)N2CCN=C2c2ccccc2)cc1,P00533,
Cc1cc(Br)ccc1NC(=O)COC(=O)[C@@H]1CC(=O)N(c2cccc(C)c2C)C1,P00533,
CCn1nnc2c1CC[C@H](C(=O)Nc1c[nH]c(C(N)=O)c1)C2,P00533,
Cc1cccc(-c2nn3c(-c4ccc(N(C)C)cc4)nnc3s2)c1,P00533,
Cc1ncc(-c2cc(C)c3cc(CC(N)=O)ccc3n2)cn1,P00533,
O=C(C[C@H]1C(=O)N=C2c3ccccc3N=C(SCc3ccc(Cl)cc3)N21)NCc1cccs1,P00533,
COc1ccc(Nc2cc(C)nc(N3CCN(C(=O)Nc4cccc(Cl)c4)CC3)n2)cc1,P00533,
Cc1ccc(C[C@@H]2CCCN(C(=O)c3ccc(=O)[nH]n3)C2)cc1,P00533,
COc1cc(CNC(=O)COc2ccc(OC(F)(F)F)cc2)ccc1F,P00533,
Cc1ccc(S(=O)(=O)N(C)CC(=O)O)cc1,P00533,
CC[C@]1(C)CO[C@H](c2cccc(Br)c2)CN1,P00533,
O=C(c1cc(-c2cccs2)on1)N1CCCc2ccccc21,P00533,
CCN1CCc2c(sc(-n3cccc3)c2CNC(=O)Nc2ccccc2C)C1,P00533,
Cc1nc2c(c(N3CCN(c4ncnc5sccc45)CC3)n1)CCC2,P00533,
Cn1c(SCC(=O)N2CCN(C(=O)c3cccs3)CC2)nnc1-c1cccnc1,P00533,
CC[C@@H](Oc1ccc(F)cc1)C(=O)Nc1nc(C)ns1,P00533,
NC(=O)c1csc(NC(=O)c2cc(-c3cccc(Cl)c3)no2)n1,P00533,
O=C(NCc1cnn(-c2cccc(F)c2)c1)c1ccc(SCCO)cc1,P00533,
CCOC(=O)C[C@@H]1c2cc(OCC)c(OCC)cc2CCN1CC(=O)Nc1cccc(C)c1,P00533,
Cc1ccc(C#N)c(N2CCC[C@H](n3cc(C(=O)NC4CCCC4)nn3)C2)n1,P00533,
CNC(=O)[C@@]1(F)C[C@H]2C[C@]1(c1ccccc1)C2,P00533,
CC(C)CCC(=O)N1CC2(C[C@@H](CC(=O)N3CCOCC3)CO2)C1,P00533,
Cc1cccc(-n2cc(CN(CCO)C(C)C)c(-c3cccc(F)c3)n2)c1,P00533,
CCOc1cncc(CNc2cnc(F)cn2)c1,P00533,
O=C(NCCC1CCN(CC(F)(F)F)CC1)[C@@H]1COCCO1,P00533,
Cc1n[nH]nc1C(=O)NC[C@H]1CCN(C2CCCC2)C1,P00533,
COc1cncc([C@@H](NC(=O)c2ccc3cc[nH]c3c2)[C@H]2C[C@H](O)C2)c1,P00533,
CC(C)c1cc(C(=O)NCCN2CCCCC2=O)nc(N)n1,P00533,
CCCCN(CCCC)S(=O)(=O)c1ccc(OC)c2ncccc12,P00533,
O=C(COC(=O)c1c2c(nc3ccccc13)C(=Cc1ccccc1Cl)CC2)NC1CC1,P00533,
O=C1c2oc3ccc(Cl)cc3c(=O)c2[C@@H](c2cccc(F)c2)N1C[C@H](O)c1ccccc1,P00533,
CC[C@@H](NC(=O)C1(C)CC1)C(=O)N1CCOCC1,P00533,
CCOc1ccc(C(C)(C)C)cc1S(=O)(=O)Nc1cccc(C)n1,P00533,
CN(C)CCC[C@@H](NC(=O)OC(C)(C)C)C(=O)N1CCNCC1,P00533,
O=C(N[C@@H]1CCN(c2cc(-c3ccccc3)n[nH]2)C1)c1ccc(F)c(F)c1,P00533,
Cn1cc(-c2cccc(NC(=O)NC[C@@H](O)C(F)(F)F)c2)cn1,P00533,
Brc1ccc(CNC2CCCC2)c(N2CCCCC2)c1,P00533,
Cc1ccc(-c2csc3nc(SCC(=O)Nc4ccc(S(N)(=O)=O)cc4)n(-c4ccccc4)c(=O)c23)cc1,P00533,
C[C@@H](Nc1ncnc2c1NC(=O)CS2)c1ccccn1,P00533,
O=C(CCCc1nc2ccccc2s1)NCc1ccc(S(=O)(=O)N2CCOCC2)cc1,P00533,
CC(C)NC(=O)CCNC(=O)[C@]1(C)CC(c2cccs2)=NO1,P00533,
CCS[C@H]1CC[C@@H](N(C)C(=O)Nc2cnc(C3CC3)nc2)C1,P00533,
C[C@@H]1C[C@H](N2CCCC2)CN1C(=O)c1c[nH]nc1-c1c(F)cccc1F,P00533,
O=C(Cn1nc(-c2cccnc2)n(C2CC2)c1=O)Nc1ccc2c(c1)OCO2,P00533,
Cc1ccccc1-n1c(CC2CCN(C(=O)c3ccc(=O)[nH]n3)CC2)n[nH]c1=O,P00533,
COC(=O)C[C@@H](NC(=O)c1ccc2c(c1)CCN2S(C)(=O)=O)c1ccc(C)cc1,P00533,
CC(=O)N[C@H]1CCCN(Cc2c(C(=O)O)sc3ccccc23)C1,P00533,
Cc1cc(C)nc(CCNC(=O)CCN2CCCCCC2=O)n1,P00533,
CC(C)n1ccnc1CN1CCCn2nc(CNS(C)(=O)=O)cc2C1,P00533,
Cc1cccc2c(=O)cc(C(=O)Nc3nnc(CC(C)C)s3)oc12,P00533,
COc1ccc(C)cc1NC(=O)CCN1C[C@@H](C)O[C@H](C)C1,P00533,
CN(C)C(=O)[C@@]1(C)CN(c2ccccn2)CCO1,P00533,
O=C(c1ccco1)N1CCCN(Cc2ccc(Cn3cccn3)cc2)CC1,P00533,
CC(=O)Nc1ccc(NC(=O)CC(C)(C)C)cc1Cl,P00533,
COc1cc(N2CCN(CC(=O)N3CCCCCC3)CC2)ncn1,P00533,
Cc1cccnc1S(=O)(=O)NC(=O)c1oc(CC2CC2)nc1C,P00533,
Cc1cnc(OC[C@@H]2CCCN(c3cc(C)nc(C)n3)C2)nc1,P00533,
Nc1cc2ccccc2nc1C1CCN(C(=O)Cc2cccc(F)c2)CC1,P00533,
COc1cc(=O)c(C(=O)NCCC(C)C)nn1-c1ccc(F)cc1,P00533,
COc1ccc(/C=C/c2nccc3c2[nH]c2ccccc23)cc1OC,P00533,
COc1ccc(CCNC(=O)c2cc(-c3ccc(C)o3)n[nH]2)cc1OC,P00533,
CC(C)Cc1ccc([C@H](Nc2ccc3nnnn3n2)C(C)C)cc1,P00533,
CCOc1cc(O)c(-c2nc(N)ncc2-c2ccc3c(c2)OCCO3)cc1CC,P00533,
Cc1nc2[nH]ccc2nc1N[C@H](C)c1cccnc1,P00533,
COCc1nc(C)cc(NCCn2cncc2-c2ccccc2)n1,P00533,
O=C(CCc1nc(-c2ccncc2)no1)NCCn1ccc2ccccc21,P00533,
O=C(c1c[nH]nn1)N1CCC[C@@H]1C1CCN(Cc2ccccc2)CC1,P00533,
CCn1c(COc2ccc(=O)n(-c3ccccc3)n2)nnc1SCC(=O)Nc1c(C)cccc1C,P00533,
COc1ccc(-c2ccc3c(C)noc3c2)cc1OC,P00533,
CC[C@@H](Sc1nnc2c3ccccc3n(C)c2n1)C(=O)N[C@@H](C)c1ccccc1,P00533,
Cc1cnc(CN2C[C@H]3C[C@@H](C2)[C@H](CO)n2c3cccc2=O)cn1,P00533,
Cc1noc(C)c1C(=O)N1CC[C@]2(CC(C(=O)NCC3CC3)=NO2)C1,P00533,
CC(=O)c1cc2c(cc1NC(=O)CN(C)Cc1c(C)nn([C@H]3CCS(=O)(=O)C3)c1C)OCO2,P00533,
Cc1n[nH]cc1-c1ccc2ccc(OCC[C@@H]3CCS(=O)(=O)C3)cc2c1,P00533,
C[C@]12C[C@](CN)(C1)[C@@H](C(=O)N1CCN(c3ccccc3F)CC1)O2,P00533,
COc1ccc(OC)c(-c2cc(C(=O)Nc3cccc(N4CCCCC4=O)c3)[nH]n2)c1,P00533,
O=C(NCCc1noc(C2CCCC2)n1)c1cncc(C[C@@H]2CCNC2)c1,P00533,
COc1cc(-c2cccc3c2CCNC3)ccc1O,P00533,
COc1cc(NC(=O)[C@H]2CSCN2C(=O)[C@H]2CCC(=O)N2)cc(OC)c1OC,P00533,
Cc1ccc2[nH]cc(CC(=O)N3CCc4ccc(Br)cc4[C@H]3C(=O)O)c2c1,P00533,
Cc1oc(-c2ccoc2)nc1CN(CCO)Cc1ccccc1,P00533,
O=C(NCc1ccc(OC(F)(F)F)cc1)[C@@H]1CCN(c2cn[nH]c(=O)c2)C1,P00533,
Cn1c(-c2ccc(Cl)cc2)ccc(C#N)c1=O,P00533,
COC1(CNS(=O)(=O)Cc2noc3ccccc23)Cc2ccccc2C1,P00533,
CCc1nnsc1C(=O)N(C)Cc1ccc([C@H]2C[C@H]2C)o1,P00533,
COc1ccc(Cn2cc(-c3cncc(OC)c3)cn2)cc1,P00533,
Cc1ccc(C(=O)n2nc(-c3ccc(Cl)cc3)nc2NCc2ccco2)cc1,P00533,
Cc1ccc(S(=O)(=O)N2CCC[C@H]2c2cccs2)cc1C,P00533,
Fc1ccccc1CNCc1ccccn1,P00533,
C[C@@H]1C[C@@H](C(=O)N[C@H]2CCN(C(=O)c3cccc4[nH]cnc34)C2)CO1,P00533,
CN1C(=O)CCc2cc(-c3[nH]nc4cnccc34)ccc21,P00533,
Cc1oc(C)c(C(=O)Nc2cccc(NS(=O)(=O)c3ccc(Cl)cc3)c2)c1C,P00533,
COc1cccc([C@@H]2CN(C(=O)c3ccc4cn[nH]c4n3)Cc3[nH]cnc32)c1,P00533,
Nc1nccn1Cc1ccccc1Br,P00533,
O=C(c1ccccc1Br)n1cnc2ccccc21,P00533,
COc1ccc([C@@H]2CC(=O)Nc3c2c(-c2ccccc2)nn3-c2nc(C)cc(C)n2)cc1O,P00533,
C[C@@H](NC(=O)COc1ccccc1)c1nc(-c2ccccc2)no1,P00533,
O=C(NCCc1ccccc1)NCC1CCN(C2CCSCC2)CC1,P00533,
O=C(c1ccc(-n2ccnc2)cn1)N1CCCC12CCC2,P00533,
Cc1cccc([C@@H](N)[C@H](N)c2cccc(C)c2)c1,P00533,
CNc1nc(N2CCN(C/C=C/c3ccccc3)CC2)nc2ccccc12,P00533,
Cc1ccc(CNc2cc(C(=O)N(C)[C@@H](C)c3ccncc3)cc(S(=O)(=O)N(C)C)c2)cc1,P00533,
COc1ccc(Cc2noc([C@]3(C)CCN(C(C)=O)C3)n2)cn1,P00533,
N#Cc1ccc(-c2cn(CCn3cncn3)nn2)cc1Cl,P00533,
CCOc1ccc(NC(=O)CSc2nc3c(cnn3CCO)c(=O)[nH]2)cc1,P00533,
O=c1c(=Cc2ccc(-c3ccc(Cl)c(Cl)c3)o2)sc2n1CCCN=2,P00533,
CC[C@@H](C)c1ccccc1NC(=O)Cc1ccc2c(c1)OCCO2,P00533,
CCN(Cc1ccccn1)c1cc(N2CCN(C)C(=O)C2)ncn1,P00533,
Cc1ccccc1[C@@]1(O)CCN(C(=O)c2cccc3c2OCCO3)C1,P00533,
CCn1ncc(Cl)c1C(=O)NCC[C@@]1(O)CCCOC1,P00533,
CC(C)(C)OC(=O)N1CCN(CCOc2ccc(Br)cc2F)CC1,P00533,
O=C(NCC(=O)N1CCN(S(=O)(=O)C=Cc2ccccc2)CC1)c1ccccc1F,P00533,
CN(Cc1cnccn1)C(=O)Cn1nnnc1[C@@H](c1ccccc1)N1CCOCC1,P00533,
O=S1(=O)C[C@@H]2[C@H](C1)N(Cc1ccc(OC(F)F)cc1)CCN2CCO,P00533,
Cc1cc(C)cc(Nc2nc(Nc3ccc(F)cc3)nc(N3CCCC3)n2)c1,P00533,
O=C(CCNC(=O)c1ccoc1)Nc1ccc(-n2cccn2)c(F)c1,P00533,
COCCn1nnnc1[C@H](c1cc2c(C)cc(C)cc2[nH]c1=O)N1CCN(c2cccc(C)c2C)CC1,P00533,
Cc1cc(C)n2nc(SCC(=O)Nc3cc(C4CC4)nn3-c3ccccc3)nc2n1,P00533,
O=C(Nc1ccon1)Nc1ccn(CCc2ccncc2)n1,P00533,
CCn1cc(S(=O)(=O)N2C[C@H]3CN(c4nc5ccccc5n4C)C[C@H]3C2)nc1C,P00533,
CC(=O)N1[C@@H]2CN(C(=O)c3ncccn3)[C@@H]3CCC[C@H]1[C@]3(C)C2,P00533,
COCc1ccc(C(=O)N2CCCN(Cc3cnn(C)c3)CC2)cc1,P00533,
CCSc1ccccc1C(=O)N1CCCC1,P00533,
COc1ccc2c(c1)c([C@H](C(=O)O)N1CCN(c3ccc(C)cc3C)CC1)cn2CC(=O)O,P00533,
CC(C)(C)OC(=O)N1C[C@H]2C[C@H](CN)C[C@H]2C1,P00533,
Cn1cc(C(=O)N2CCN(c3cnn(-c4ccccc4)c(=O)c3Cl)CC2)c2ccccc21,P00533,
O=C1C[C@H](c2ccc(Cl)cc2)Cc2nc(NCc3ccco3)ncc21,P00533,
COc1ccc(CCNC(=O)[C@H]2CCCN(S(=O)(=O)c3ccc(OC)c(C)c3)C2)cc1,P00533,
CC(C)(C)OC(=O)N1CCC[C@H](NC(=O)OCc2ccccc2)C1,P00533,
Cc1nccc(NC(=O)N2CC[C@H](O)CC(C)(C)C2)n1,P00533,
N[C@@H]1CCN(C(=O)[C@H]2C[C@H]2c2cccc(F)c2)C1,P00533,
CC1(C)Cn2c(nc(=O)c(Br)c2N)S1,P00533,
COc1cc(C(=O)N2CCC(Oc3ccccc3)CC2)ccc1F,P00533,
Cc1ccn2c(=O)cc(COc3ccccc3NC(=O)c3cccc(Cl)c3)nc2c1,P00533,
CCCS(=O)(=O)N1CC(=O)N(c2ccc(F)cc2)[C@@](C)(C(=O)NC2CCCCC2)C1,P00533,
CCOc1cc(CNC(=O)c2cc3cc(S(=O)(=O)N(C)C)ccc3n2CC)ccc1OC,P00533,
COc1cc(CN(Cc2ccccn2)C2CC(C)(C)NC(C)(C)C2)cc(OC)c1OC,P00533,
COc1ccc([C@@H](C)NC(=O)COc2ccccc2F)cc1,P00533,
COc1ccc(CCC(=O)N2CCC[C@@H](O)C2)cc1Br,P00533,
O=C(Cn1c(=O)n(Cc2ccc3c(c2)OCO3)c(=O)c2oc3ccccc3c21)Nc1ccccc1F,P00533,
CCCCn1cc(S(=O)(=O)c2cc(C)ccc2C)c(=O)c2cc(F)c(F)cc21,P00533,
CN(C)c1cc([C@@H]2CCCN2C(=O)CCC(=O)O)ccn1,P00533,
COc1ccc(-c2ccc(OCCN)cc2OC(F)(F)F)cc1,P00533,
CCC1(CC)CNC(=O)[C@@H]1Nc1ncccn1,P00533,
Cc1ccc(C(=O)O)cc1C(=O)OC(C)(C)C,P00533,
Cc1nc(NC(=O)CCc2nc(-c3cccs3)no2)sc1-c1nccn1C(F)F,P00533,
CC(C)n1nccc1C(=O)N1CCN(Cc2nnc[nH]2)CC1,P00533,
Cn1cnc2cc(NC(=O)C[C@@H]3CCCC(=O)N3)ccc21,P00533,
COc1cccc(-c2nc(CS(=O)(=O)CC(=O)N3CCN(c4ccccn4)CC3)c(C)o2)c1,P00533,
COc1ccc2[nH]c(C(=O)N3CCOC[C@@](O)(CN4CCCC4)C3)cc2c1,P00533,
CCN1C(=O)[C@@H](Cc2nc3ccccc3c(=O)n2CC)c2cc(Br)ccc21,P00533,
COC(=O)c1nc2ccccn2c1OC,P00533,
O=C(c1ccc(OC[C@H]2CCCN2C(=O)Cc2ccc(Cl)cc2)cc1)N1CCCC1,P00533,
O=C(N[C@H]1CCCN(c2cc(-c3ccc(F)cc3)n[nH]2)C1)c1ccccc1,P00533,
CC(C)CN1CC[C@]2(COCc3cnc(N4CCOCC4)nc32)C1,P00533,
COC(=O)[C@@H](N)CCn1ncc(Cl)c1C,P00533,
Cc1cccc(NC(=O)N[C@@H](C)[C@H](c2ccccc2)N2CCN(C)CC2)c1,P00533,
CSc1n[nH]c2c(Br)cccc12,P00533,
CC(=O)Nc1cccc(-c2cc(Cl)cc(O[C@@H](C)C(=O)NC3CCCC3)c2)c1,P00533,
CCc1ccc(OCCN(C)C(=O)CCN2CCCC2=O)cc1,P00533,
CCCCN1C(=O)COc2ccc(NC(=O)c3oc4ccccc4c3C)cc21,P00533,
O=C([C@H]1C[C@@H](F)C1)N1CC2(C[C@@H](OCc3cccnc3)CS2)C1,P00533,
COc1cccc(CC(=O)NC[C@H]2CN(C)CCO2)c1,P00533,
CCNC(=O)CN1CCC[C@@H](COc2nccs2)C1,P00533,
CCNC(=O)c1cc2nc(-c3nccc(OC)n3)c(NC[C@@H]3CCOC3)n2c2ccccc12,P00533,
CCN(CC)C(=O)[C@@H]1CCCN(Cc2cccc(OCCc3c(C)noc3C)c2)C1,P00533,
Cc1ccc([C@H](CNC(=O)c2cc(-c3cnn(C)c3)on2)N2CCN(C)CC2)cc1,P00533,
O=C(NC1(c2ccc(F)cc2)CCOCC1)c1ccc(O)c(Cl)c1,P00533,
Cc1ccc2cc(C(=O)Nc3nc[nH]n3)oc(=O)c2c1,P00533,
COc1ccc([C@H]2CCN(C(=O)C3CC4(CC4)C3)[C@@H]2C)cc1F,P00533,
O=C(O)[C@H]1CN(C(=O)Nc2ccccc2)c2ccccc2O1,P00533,
CCc1ccc(Nc2nnc(SC[C@@H]3CCCCO3)s2)cc1,P00533,
O=C(Nc1ccccc1N1CCC(CO)CC1)[C@H]1C[C@]12CCOC2,P00533,
Cc1ccc(C)c(N2CCN(C(=O)Cn3c(=O)[nH]c4ccccc4c3=O)CC2)c1,P00533,
COc1ccc(C(=O)Nc2ccc(Nc3cc(N4CCOCC4)nc(C)n3)cc2)cc1,P00533,
OCCNc1nc(Nc2ccc(F)c(Cl)c2)nc2ccccc12,P00533,
COc1ccc(-n2cc(C(=O)N3CCN(c4ccccc4F)CC3)c3ccccc3c2=O)cc1,P00533,
CCn1nnc2c1[C@H](COC)CN(C(=O)COc1ccccc1)C2,P00533,
C[C@@H]1OCCC[C@@H]1C(=O)NCc1cccc(C(N)=O)c1,P00533,
O=C(CSc1cn(CCNC(=O)c2c(F)cccc2F)c2ccccc12)Nc1ccc2c(c1)OCCO2,P00533,
Cc1sc2nc([C@@H](C)Sc3nnc(N4CCOCC4)n3Cc3ccccc3)[nH]c(=O)c2c1C,P00533,
O=C(Nn1cnnc1)[C@H]1Cc2ccccc2CN1S(=O)(=O)c1ccc(F)cc1,P00533,
COc1ccc2ncc(NC(=O)NC[C@H]3CCCO3)c(O)c2c1,P00533,
CCn1cncc1CNC(=O)c1ccc2scnc2c1,P00533,
OCc1ccc([C@@H](c2cccs2)N2CCNCC2)o1,P00533,
C[C@H]1CC2(CCN(C(=O)OC(C)(C)C)CC2)CN1c1ccc(C#N)c(Cl)c1,P00533,
O=C(O)CNS(=O)(=O)c1ccc(C(=O)NCC(F)(F)F)cc1,P00533,
O=C(c1cc[nH]n1)N1CCO[C@H](c2ccccc2C(F)(F)F)C1,P00533,
COc1ccccc1OCC(=O)Nc1nc(-c2ccc(Br)cc2)ns1,P00533,
Cc1cc(NCc2cncn2CC(C)C)n2nc(C)c(C)c2n1,P00533,
N#CC[C@H](NC(=O)[C@H]1CC[C@H](C(=O)N[C@@H](CC#N)c2ccccc2)CC1)c1ccccc1,P00533,
COc1ccc(C(=O)NC[C@](O)(c2ccoc2)c2ccco2)c(OC)c1OC,P00533,
CC(C)CCNC(=O)[C@H]1CCCN(c2nc(Cl)nc3nc[nH]c23)C1,P00533,
Cc1ccc(-n2nc(C)c3c(N)c4c(nc32)C[C@@H](c2ccccc2)CC4=O)cc1,P00533,
O=C(Nc1ccc2c(c1)C(=O)NCC2)c1ccc2nsnc2c1,P00533,
CC[C@@H](C)CC(=O)NCc1ccc(F)c(F)c1,P00533,
Cn1cccc1C(=O)NS(=O)(=O)c1cnc2n1CCC2,P00533,
CCCCn1c(N)c(N(CC(C)C)C(=O)c2ccc(C)cc2)c(=O)[nH]c1=O,P00533,
Cc1ccc(F)cc1NC(=O)CSc1ccc(C(F)(F)F)cn1,P00533,
O=C(O)[C@@H]1CC[C@H](C(=O)NCc2ccn(-c3ccc(F)cc3)n2)N1,P00533,
CN(C)CCNC(=O)[C@]1(Cc2cc([C@H]3CCOC3)no2)CCCNC1,P00533,
COc1cc(NC(=O)C2=NN(c3ccccc3)C(=O)CC2)cc(OC)c1OC,P00533,
COc1ccc2c(c1)c(C(=O)O)c(C1CC1)n2C,P00533,
CCc1nnsc1C(=O)N[C@H](C)c1ccc(SC)cc1,P00533,
Cc1cccc(C)c1OC[C@H](O)Cn1c([C@@H]2CC(=O)N(c3ccc(F)cc3)C2)nc2ccccc21,P00533,
CCOc1ccc(C(=O)NCc2noc([C@@H]3CCCO3)n2)cc1OCC,P00533,
COc1nc(C(=O)N2CCC[C@H](OCC3CC3)C2)co1,P00533,
O=C(NC[C@H](NC(=O)c1ccncn1)C1CC1)c1ccc2cccnc2c1,P00533,
Cc1scc2c1N(C(=O)CN1CCN(C)CC1)c1ccccc1NC2=O,P00533,
O=C(NCc1ccccc1CO)c1ccccc1CC1CCNCC1,P00533,
CN(C)c1ccc(C(=O)NCc2ccc(S(C)(=O)=O)cc2)cc1,P00533,
COC(=O)c1c(C)[nH]c(C(=O)Nc2ccc(Br)cc2)c1C,P00533,
Cc1occc1C(=O)N1CCC[C@@](F)(c2nc(C3CC3)no2)C1,P00533,
COn1c(C(N)=O)cc2ccc(C)cc2c1=O,P00533,
Cc1nn(C)c2sc(C(=O)N[C@@H]3C[C@H]4CCC[C@@H](C3)N4C)cc12,P00533,
C[C@@H](O)[C@@H]1CCN(C(=O)NCCc2ccccc2Br)C1,P00533,
COc1cc(OC)cc(N2C(=O)c3cc(C)nn3C[C@]2(C)C(=O)NCc2ccc(F)cc2)c1,P00533,
COc1ccc(CNC(=O)CC(C)(C)c2ccccc2)c(OC)c1,P00533,
N#CC1(NC(=O)C[C@H](NC(=O)c2ccccc2)c2ccccc2)CCC1,P00533,
Cc1ccc(CN)c(OCCC(C)C)c1,P00533,
COc1cc([C@@H](C)O)c(Br)c(OC)c1OC,P00533,
COc1ccc(C(=O)NCc2cc(C)nn2C)c(C)c1,P00533,
O=C(NC[C@@H](c1ccco1)N1CCCC1)c1cccc(N2CCCCS2(=O)=O)c1,P00533,
O=C1O[C@@H](CN2CCC(c3cc[nH]n3)CC2)CC12CCNCC2,P00533,
COc1ccc(C(=O)N2CCc3ccc(CNC(=O)NC4CCCC4)cc32)cc1,P00533,
COc1ccc(NS(=O)(=O)c2ccc(C(F)(F)F)cc2)cc1,P00533,
CCOc1ccccc1NC(=O)N1CCC[C@H]1CCc1noc(-c2cccnc2)n1,P00533,
Cc1ccc(CC(=O)Nc2nc3c(s2)CCCCC3)cc1,P00533,
O=C(CCc1ccccc1F)N[C@H]1CCC12CCOCC2,P00533,
COc1cccc(CC(=O)N2CCC(N3C(=O)[C@H](OC)[C@@H]3c3ccncc3)CC2)c1,P00533,
Cc1nnc([C@H](C)Sc2nnc(-c3ccc(F)cc3)n2C[C@@H]2CCCO2)o1,P00533,
O=C(Cn1cc(-c2ccccc2)ncc1=O)NCc1cccc(Cl)c1,P00533,
COc1ccccc1NC(=O)[C@H]1CCCN(S(=O)(=O)c2c(C)noc2/C=C/c2ccccc2F)C1,P00533,
Cc1ccc(Oc2cc(N3CCN(C(=O)Nc4ccc(C)c(F)c4)CC3)nc(C)n2)cc1,P00533,
O=C(Nc1ccccc1C(F)(F)F)c1nc(N2CCOCC2)c2oc3ccccc3c2n1,P00533,
Cc1sc(-c2noc(C3CC3)n2)cc1NC(=O)[C@H]1CC(=O)N(c2ccccc2)C1,P00533,
CC[C@H](C)Oc1ccc(NC(=O)NC[C@H]2CCCOC2)cc1,P00533,
CCN(CC)C(=O)c1ccc2c(=O)n(-c3ccccc3)c(=O)[nH]c2c1,P00533,
NCC[C@H]1CN(C(=O)c2cccc(-c3ccc(Cl)cn3)c2)CCO1,P00533,
Cc1cc(C)cc(NC(=O)N2CCC[C@H]2c2nnc(C(=O)Nc3ccc4c(c3)OCO4)s2)c1,P00533,
Cc1ccc(C(=O)N[C@H]2CC[C@H](Oc3nccnc3C#N)CC2)cc1,P00533,
CC[C@H](NC(=O)c1ccco1)C(=O)N[C@H]1CC[C@@]2(CC1)OCc1ccccc12,P00533,
Cc1cc(N2CC[C@H](N(C)c3nccc(N(C)C)n3)C2)ncn1,P00533,
Cc1nc2ccccc2n1Cc1cc(C(=O)N(C)C[C@@H]2CCCCO2)no1,P00533,
Cc1nc(C)c(CNC(=O)[C@@H]2CC(=O)N(C)[C@@H]2c2ccc(Cl)c(Cl)c2)o1,P00533,
CC(C)Oc1ccc(CNC(=O)[C@H]2CCCN(c3ccc(=O)n(-c4cccc(Cl)c4)n3)C2)cc1,P00533,
COc1cccc(-c2ccc(F)c(C)c2)c1C(C)=O,P00533,
Cc1cccc(CNC(=O)c2ccn(C)c2)c1C,P00533,
COc1ccc(CN2CCC(c3noc(-c4cnc(C)cn4)n3)CC2)cc1OC,P00533,
Cc1cnc(CN2C[C@H]3C[C@@H](C2)[C@H](CO)N2CCCC[C@@H]32)cn1,P00533,
Cn1cncc1[C@@H]1C[C@@H](N[C@H]2CC[C@@](C)(c3ccccc3)CC2)CCO1,P00533,
Cc1nc(CNc2cnccn2)c(C)s1,P00533,
COc1cc(C(=O)N2CCC3(CC2)C[C@@](C)(O)CCO3)nc2ccccc12,P00533,
Cc1nc(C(=O)N2CCC[C@@H](CCC(=O)O)C2)ccc1C#N,P00533,
COc1cccc(C(=O)Nc2cccc(Cl)c2Cl)c1,P00533,
Brc1cnn(-c2cnccn2)c1,P00533,
Cc1noc(C[C@@H]2C[C@H]3CN(C(=O)c4ccc(C)o4)C[C@H]3O2)n1,P00533,
CCC(C)(C)NC(=O)[C@H](c1cccnc1)N(CCc1ccccc1)C(=O)Cn1nnc2ccccc21,P00533,
Cc1cccc(Nc2nc(NCCO)nc(N3CCOCC3)n2)c1,P00533,
CCC1(CNC(=O)Cc2cccc(N3CCCC3=O)c2)CCOCC1,P00533,
CC(=O)Nc1ccc2c(c1)CCCN2C(=O)c1cccnc1,P00533,
Cc1[nH]c2ccccc2c1-c1cn2nc3c(nc2n1)[C@@H]1CC[C@@]3(C)C1(C)C,P00533,
CCS(=O)(=O)N(C)c1ccc(OC2CCN(S(=O)(=O)c3ccccc3)CC2)nc1,P00533,
CO[C@H]1C[C@@H](C(=O)N2CCCC2)N(C(=O)c2cc3ccc(C)cc3[nH]2)C1,P00533,
Cc1ccccc1S(=O)(=O)NCCC(C)C,P00533,
Cc1nc(CC(=O)NC2CCN(S(=O)(=O)c3ccccc3)CC2)cs1,P00533,
c1csc(-c2csc(N3CCNCC3)n2)c1,P00533,
CNC(=O)[C@@]1(Cc2ccc(-c3ccncc3)cc2)CCCN(Cc2ccc(F)cc2)C1,P00533,
COc1ccc(C(=O)NC2CCOCC2)c(OC)c1OC,P00533,
CNC(=O)NC(=O)[C@H](C)Sc1nncn1-c1ccc(C)c(Cl)c1,P00533,
C[C@H](NC(=O)COc1ccc(Br)cc1)c1ccc(Br)cc1,P00533,
O[C@H]1C[C@@H](c2ccc(F)cc2)N(Cc2cn3ccccc3n2)C1,P00533,
COc1cc([C@@H](C)NC[C@@H](C)c2nccs2)ccn1,P00533,
Cn1ccc(-c2noc([C@H](CN)C3CCCCCC3)n2)cc1=O,P00533,
COc1cc(Cl)cc2cc(C(=O)N3CCC[C@@]4(CCc5cnc(N)nc54)C3)oc12,P00533,
CC(C)(C)NC(=O)c1ccc2c(c1)N(Cc1ccccc1F)C(=O)C(C)(C)O2,P00533,
C[C@@H](CN1CCCCC1)c1nc(CC(N)=O)nn1-c1cccnc1,P00533,
Cc1ccc(-c2nnc(Nc3ccc(C(N)=O)cc3)c3ccccc23)cc1S(=O)(=O)N1CCN(C)CC1,P00533,
COCCN(C)C[C@@H]1CN(c2cc(C)nc(-c3ccccc3)n2)C[C@@H]1CO,P00533,
N#Cc1cc(C(=O)CCc2ccccc2)ccc1F,P00533,
NC(=O)[C@@H]1Cc2ccccc2CN1C(=O)c1cc(-c2cccs2)nc2ccccc12,P00533,
Cc1cccc(-c2noc(-c3ccccc3OCC(=O)Nc3ccc(C(N)=O)cc3)n2)c1,P00533,
CC[C@@H](Sc1ccccc1)C(=O)NCC(=O)Nc1ccn(C)n1,P00533,
CCN(CC)CCn1c2ccccc2n2c(C(=O)c3ccc(Br)s3)c(C)nc12,P00533,
Cc1cc(C(=O)N[C@H](C)[C@H](C)C(=O)O)n[nH]1,P00533,
COCc1nc2c(o1)CCN(C(=O)c1ccc(Cn3cccn3)o1)C2,P00533,
c1ccc([C@H]2CN3C[C@H](NC4CCOCC4)C[C@H]3CO2)cc1,P00533,
COc1ccc(C(=O)Nc2cc(-c3nc4ncccc4o3)ccc2Cl)cc1OC,P00533,
COCCN1CC2(CCC1=O)CCN(C(=O)C1CC(F)(F)C1)CC2,P00533,
N#C[C@H](N)c1ccccc1C(F)(F)F,P00533,
CC[C@@H](CCNS(=O)(=O)c1ccccc1)NS(=O)(=O)c1ccccc1,P00533,
CCCOc1ccc(Br)cc1S(=O)(=O)NCc1cccnc1,P00533,
Cc1nn(C)c(C)c1S(=O)(=O)NCc1ccc(-c2ccco2)o1,P00533,
Cc1cc(CC[C@H]2CN(S(=O)(=O)c3cn[nH]c3)CCO2)ncn1,P00533,
COC(=O)c1cc(C)c(O[C@@H](CC(C)C)C(=O)OC)nn1,P00533,
Cc1ccc(C(=O)N2CCC[C@H](OCc3noc(-c4cccnc4)n3)C2)cc1F,P00533,
C[C@H](CNC(=O)C1CC1)NC(=O)C1CC1,P00533,
O=C1NCCCC[C@@H]1n1ccnc1-c1ccco1,P00533,
COCc1nc(C)c(CNC(=O)c2oc3ccc(C)cc3c2C)s1,P00533,
O=C(Cc1ccccc1Cl)N1CCC[C@](CC2CC2)(c2noc(-c3ccncc3)n2)C1,P00533,
O=C(N[C@H]1CCCc2ccccc21)c1ccn2cncc2c1,P00533,
C[C@@H](C(=O)Nc1ccc(C2(C#N)CCCC2)cc1)N(C)C(=O)OC(C)(C)C,P00533,
CC(C)(C)OC(=O)c1cccc(-c2ccc(C#N)s2)c1,P00533,
Cc1cc(Br)cc(C)c1NC(=O)CSc1nnc(COc2ccccc2)n1C,P00533,
CCc1nc(CN2CCC[C@H]2c2nc3cc(F)ccc3[nH]2)n[nH]1,P00533,
COc1ccc(N2C[C@@]3(CCN(C(=O)C4CC4)C3)CC2=O)cc1,P00533,
Cc1ccc(S(=O)(=O)N2CCC(NC(=O)OC(C)(C)C)CC2)cc1,P00533,
CNCCN1C(=O)CC[C@H]2CN(CCOc3ccc(C)c(C)c3)CC[C@H]21,P00533,
CNC(=O)[C@@]1(COC)CCCN1Cc1nc(C(C)C)no1,P00533,
COc1cccc(N=c2oc3c(OC)cccc3cc2C(=O)Nc2ccccn2)c1,P00533,
O=C(NCc1ccc2nsnc2c1)N1CCCC[C@@H]1CN1CCOCC1,P00533,
COc1ccc(COc2cccc(Cl)c2C)cc1,P00533,
c1ccc(CN(Cc2noc(-c3ccccc3)n2)C[C@H]2CCCO2)cc1,P00533,
CSc1nc(N(C)CCO)c2sc3c(c2n1)CCCC3,P00533,
Cc1cccc2sc(N(CCN(C)C)C(=O)c3ccc(S(=O)(=O)N4C[C@H](C)O[C@@H](C)C4)cc3)nc12,P00533,
Clc1cncc(NCc2ccccc2)n1,P00533,
O=C([C@H]1CCN(Cc2ccccc2)C1)N1CCC(c2ccccn2)CC1,P00533,
O=C(Cc1cscn1)NC[C@@H]1CCOC1,P00533,
Cc1cc(CCC(=O)O)cc([C@@H]2CCCN2CC2(O)CCOCC2)n1,P00533,
Cc1cc(=O)nc2sc(N3CCN(C(=O)[C@H](NS(=O)(=O)c4cccs4)C(C)C)CC3)nn12,P00533,
Cc1ccsc1CCNC(=O)CCc1nnc2ccc(N3CCC(C)CC3)nn12,P00533,
Cc1cc(C(=O)Nc2cccc(C(=O)N(C)C)c2C)cc(C)n1,P00533,
Cc1[nH]ccc1C(=O)N1CCC[C@H](c2n[nH]c(C3CC3)n2)C1,P00533,
CC(=O)c1ccc(NC(=O)CCS(=O)(=O)c2ccc(C)cc2)cc1,P00533,
Cc1ccc(C(=O)NCc2nccs2)c(F)c1,P00533,
Cc1nccn1-c1cncc([C@H]2CCCN2CC(=O)N2CCOCC2)n1,P00533,
CCOC(=O)c1cnn(-c2cccc(Cl)c2)c1,P00533,
CN(C)CCN(C(=O)c1cccs1)c1nc2ccc(F)cc2s1,P00533,
Cn1ncc(CN2CCn3nc([C@@H](O)CS(C)(=O)=O)cc3C2)c1C1CC1,P00533,
NC(=O)[C@@H]1CC(=O)NCCN1C(=O)c1cccc(C(F)(F)F)c1F,P00533,
CNC(=O)[C@H]1CCCN1C(=O)C[C@H]1CCOc2ccccc21,P00533,
CS(=O)(=O)N[C@@H]1CN(Cc2cccc(C#N)c2)[C@@H]2CCCO[C@@H]21,P00533,
COc1cc2nc(-c3cc(OC)c4c(c3)OCO4)cc(C)c2cc1NC(=O)CC(C)C,P00533,
Cc1ccc(CN2CCC[C@@H](CCC(=O)N3CCN(Cc4ccccc4)CC3)C2)o1,P00533,
Cc1cc(CN2CC[C@@H](Nc3ncccn3)C2)ccn1,P00533,
C[C@@H](CN1CCOCC1)N(CC(=O)NCC(=O)O)Cc1ccccc1,P00533,
C[C@@H](C(=O)NCCc1ccc(Cl)cc1)n1c2ccccc2c2cn[nH]c(=O)c21,P00533,
Cc1cc(C(=O)N2CC[C@@H](O)[C@](Cc3ccccc3)(C(=O)O)C2)cc(O)n1,P00533,
Cc1c[nH]c(C(=O)N(C)CCC2CCOCC2)n1,P00533,
Cc1ccc(-c2ccc(C(=O)N3CCOCC[C@@H]3C)s2)o1,P00533,
COc1ccc(C2(C(=O)NCc3nnc(C)o3)CCCC2)cc1OC,P00533,
CS(=O)(=O)CC1(CNC(=O)c2cc(C(F)(F)F)nn2C2CC2)CCC1,P00533,
CC(=O)c1c(C)[nH]c(C(=O)O[C@@H](C)C(=O)N(CCc2ccccc2)Cc2ccccc2)c1C,P00533,
Cc1cc(F)cnc1-c1cccc(CN(C)C)c1,P00533,
Cc1nn(C)c2nc(N3CC(=O)N(C)[C@H](C)C3)cc(Cl)c12,P00533,
COc1ccc(Cl)cc1C(=O)N1CCC[C@@H]1C(=O)Nc1cc(F)cc(F)c1,P00533,
O[C@H]1CC[C@@H]([C@H](C[C@H]2CCCCN2)C2CCCCC2)CC1,P00533,
CCOC(=O)C1CCN(CC(=O)N2N=C(c3ccc(C)c(C)c3)C[C@H]2c2ccc(OC)cc2OC)CC1,P00533,
Cc1ccc(NC(=O)CSc2nnc([C@@H](NC(=O)c3ccc(F)cc3)C(C)C)n2C)cc1Cl,P00533,
CCc1cc(CN2CCC(CC(=O)O)CC2)on1,P00533,
CCc1ccc([C@@H](C)NCc2ccc(Cn3ccnc3)cc2)o1,P00533,
CN(C(=O)Cn1cc(C(=O)NCC(C)(C)c2ccc(F)cc2)ccc1=O)c1ccccc1,P00533,
Cc1cc(-c2cnc3c(c2)CCN3C)ccn1,P00533,
O=C(c1nc2cnccc2s1)N1CC[C@@](CO)(C(F)(F)F)C1,P00533,
CCC(CC)c1nnc(NC(=O)c2cccc3c2OCC(=O)N3)s1,P00533,
CCc1ccc(CNC(=O)c2nc(Nc3ccccc3)c3ccccc3n2)cc1,P00533,
Cn1nc(C(=O)N2CCC[C@@H](n3cnc4ccccc4c3=O)C2)ccc1=O,P00533,
Fc1cnc(N2CC[C@]3(C[C@@H](Nc4ncccn4)CO3)C2)nc1,P00533,
NC(=O)C[C@@]1(O)CCCN(CC/C=C/c2ccccc2)C1,P00533,
O=C(Nc1ccccc1)[C@H]1Cc2ccccc2O1,P00533,
CC(=O)c1ccc(N2CCN(Cc3nc4scc(-c5ccco5)c4c(=O)[nH]3)CC2)c(F)c1,P00533,
Cc1ccc(-c2nnc(SCc3ccc(-n4nc(C)cc4C)cc3)n2N)cc1,P00533,
Cc1ccc2cccc(NC(=O)c3cc(OC(F)(F)F)ccc3F)c2n1,P00533,
O=C(c1ncoc1-c1ccccc1Cl)N1CCc2cnccc21,P00533,
C[C@@H]1CS(=O)(=O)CCN1Cc1csc(Nc2ccccc2)n1,P00533,
CN(CC(=O)N[C@@H]1CCCN(Cc2ccccc2F)C1)Cc1cccnc1,P00533,
Cc1cc(C)cc(N(C(=O)c2ccc(C)c(C)c2)[C@H]2C=CS(=O)(=O)C2)c1,P00533,
CN1CC(=O)N(c2cnn(C)c2)C[C@]12CCN(C(=O)c1ccc3ccccc3c1)C2,P00533,
O=C(Cc1n[nH]c(=O)c2ccccc12)Nc1ccc(O)nn1,P00533,
CCOc1ccc(NC(=O)C[C@@H](NC[C@H]2CCCO2)C(=O)O)cc1,P00533,
CC(C)(O)CCc1ccc(-c2nc([C@@H]3CCOC3)no2)cc1,P00533,
COC[C@@H]1CCN1C(=O)c1ccc(F)cn1,P00533,
CC(=O)c1[nH]c(C)c(C(=O)N2Cc3cnc(-c4ccccc4)nc3C2)c1C,P00533,
O=C(c1cccc(Cl)c1)N(Cc1ccco1)[C@H]1CCS(=O)(=O)C1,P00533,
O=C([C@H]1CN(C(=O)c2ccc(Cl)cc2)c2ccccc2O1)N1CCOCC1,P00533,
O=C(N[C@@H]1CCCNC1)c1ccc(F)cc1,P00533,
CC(=O)Nc1cc(NC(=O)c2ccc3nncn3c2)ccc1F,P00533,
O=C(O)[C@@H]1C[C@@H]1c1cc(F)ccc1Br,P00533,
CNC(=O)c1cc2cccc(Br)c2s1,P00533,
Cc1ccccc1OC[C@@H](O)CN1CCC(N2CCNC2=O)CC1,P00533,
O=C(O)c1ccccc1-n1cc(CN2CC[C@@H](Cc3ncccn3)C2)cn1,P00533,
Cc1ccc(-c2nc3nc(C)cc(N4CCN(c5cccc(C)c5)[C@H](C)C4)n3n2)cc1,P00533,
COCCn1ccnc1[C@@H]1CCCN(C(=O)Cc2cccc(F)c2)C1,P00533,
CCS[C@@H]1CC[C@H](N(C)C(=O)C2CCN(c3cnccn3)CC2)C1,P00533,
C[C@H]1[C@@H](c2ccccc2)CCN1C(=O)NCc1cccnc1,P00533,
COc1cccc(NC(=O)C[C@@H]2COCCN2C(=O)Cc2ccncc2)c1,P00533,
NC(=O)[C@H]1CCCN(C(=O)c2ccc(NS(=O)(=O)c3cc(Cl)sc3Cl)cc2)C1,P00533,
CC(=O)c1ccc(C(=O)Nc2nc3c(C)cc(Cl)cc3s2)cc1,P00533,
CC(C)(C)OC(=O)N1CC(OCCO)C1,P00533,
Cc1nc([C@H]2CCCN(C(=O)c3ccc4c(c3)OCO4)C2)n[nH]1,P00533,
CCOc1ccc(CNC(=O)c2ccccc2C)cc1,P00533,
CN(Cc1cccc(O)c1)C(=O)c1cccc([C@@H]2CCCNC2)c1,P00533,
Cc1ccc(-n2c(=O)c3sccc3n(CC(=O)N(C)c3cccc(Cl)c3)c2=O)c(C)c1,P00533,
C[C@H](C(=O)NC1CCN(Cc2cccnc2)CC1)n1ccnc1,P00533,
CC1(C)CCc2cc(CC(=O)NC3CCN(Cc4ccccc4)CC3)ccc2O1,P00533,
O=C(O)COc1ccc(C(=O)N2CCC[C@@H](C[C@H]3CCOC3)C2)cc1,P00533,
COC[C@H](NC(=O)c1cccc(C)c1C)c1nnn[nH]1,P00533,
Cc1cc(N2C[C@@H]3[C@H](CNC(=O)CCc4ccncc4)[C@H]4CC[C@]3(C2)O4)ncn1,P00533,
CCOC(=O)[C@H](O)c1ccc(Cl)cc1,P00533,
N#Cc1cccc(OCCN2CCC(C[C@H]3OCC[C@H]3C(N)=O)CC2)c1,P00533,
O=C(NCC(=O)N1CCCC1)c1c(N2CCOCC2)noc1-c1ccccc1,P00533,
O=C(O)c1ccccc1-c1nc(-c2ccccc2)no1,P00533,
COC(C)(C)C(=O)N1CCC(=O)N(Cc2ccc(F)cc2)[C@H](C(C)C)C1,P00533,
CN(C)c1ccnc(C(=O)Nc2cc(F)ccc2OC[C@H]2CCCO2)c1,P00533,
COC(=O)c1cc(C)nc2c1c(=O)n(Cc1c(F)cccc1Cl)c(=O)n2-c1cccc(OC)c1,P00533,
Cc1cccc(OCc2nnc(SCC(=O)Nc3ccc(F)cc3)n2C)c1,P00533,
COc1cc(C)nc(N2CCNCC2)n1,P00533,
O=S(=O)(Nc1cccc(OC2CCCC2)c1)c1ccccc1F,P00533,
CN(C)Cc1ccnc(NC(=O)c2ccc(S(=O)(=O)NC(C)(C)C)cc2)c1,P00533,
COc1cccc([C@H](C)N(C(=O)C2CCN(c3ccc(C#N)cn3)CC2)c2cnn(C)c2)c1,P00533,
O=C(C1CC1)N1CCS[C@@H](c2ccco2)CC1,P00533,
Cn1c(CN2CCCCC2)nnc1[C@H]1CCCN(S(=O)(=O)C2CC2)C1,P00533,
CSCc1nc(CNC(=O)c2ccc([C@@H]3CCCO3)s2)cs1,P00533,
CN1[C@@H]2CN(C(=O)c3ccccc3F)C[C@@H]2OCCS1(=O)=O,P00533,
O=C(c1cc2c(s1)CCC2)N1CCC[C@H](n2ccnc2)C1,P00533,
O=C(Nc1nccs1)C1CCN(c2ccc(-c3cccs3)nn2)CC1,P00533,
Cc1ccccc1CN(C[C@@H]1CCCO1)C(=O)c1cc(CC(C)C)[nH]c(=O)n1,P00533,
c1ccc(CNCc2cn(-c3ccccc3)nc2-c2ccccc2)cc1,P00533,
CC(C)(C)OC(=O)N[C@H]1CCC(F)(F)C[C@@H]1O,P00533,
COC1(CNC(=O)COc2ccccc2)CCSCC1,P00533,
Cc1ccc(S(=O)(=O)N2C[C@@H](C(=O)Nc3ccc(F)c(F)c3)Oc3cc(C)ccc32)cc1,P00533,
O=C(CCS(=O)(=O)c1cccc2nsnc12)N1CCN(c2cccc(Cl)c2)CC1,P00533,
C[C@@H]1CN(C(=O)c2coc(COc3cccc(C(F)(F)F)c3)n2)CCN1C,P00533,
O=C(CCCn1cc(COc2ccccc2)nn1)N1CCCCCC1,P00533,
O=C(NC[C@@H]1CCCO1)c1cncc(F)c1,P00533,
Cc1cc(C)nc(NC(=O)N2CCC[C@H](Cc3nccn3C)C2)c1,P00533,
CC(C)(C)[C@H]1CN(C(=O)c2ccccc2OC(F)F)C[C@@H](c2ccccc2)O1,P00533,
Cc1c(NC(=O)N2CCC(c3ccc(Cl)cc3)CC2)nnn1C,P00533,
O=c1cccc2n1C[C@H]1C[C@@H]2CN(Cc2cccc3ccnn23)C1,P00533,
COc1ccc(CN2CC[C@@H]2C(=O)Nc2ccc(-n3ccc(C)n3)cc2)cc1,P00533,
CCOc1cc([C@@H]2c3c(n[nH]c3-c3cc(C)cc(C)c3O)C(=O)N2Cc2cccnc2)ccc1O,P00533,
O=C(CSc1nnc(-c2ccccc2)c2ccccc12)N1CCNC1=O,P00533,
Cn1nncc1-c1ccc(C(=O)N2[C@H](C(=O)O)C[C@@H]3CCC[C@@H]32)cc1,P00533,
Cc1nc(CN2CCO[C@]3(CCCN(c4ccccc4)C3)C2)cs1,P00533,
Cc1cc2c(cc1S(=O)(=O)N1CCc3ccccc31)OCC(=O)N2Cc1noc(C2CC2)n1,P00533,
COc1cc(C(=O)N2CCN(c3cncc(F)c3)CC2)ncn1,P00533,
C[C@@H]1CN(C(=O)NCCc2ccco2)C[C@@H](c2ccsc2)O1,P00533,
Cn1ccnc1C(=O)N1C[C@@H]2C[C@H](C1)c1cc(-c3ccccn3)cc(=O)n1C2,P00533,
COc1ccc(C(=O)NC[C@@H]2c3cc(OC)c(OC)cc3CCN2C(=O)Nc2cccc(C)c2)cc1,P00533,
CC[C@@H](C)NC(=O)c1ccc2nc(N3CCC(C)CC3)sc2c1,P00533,
COc1ccccc1[C@@H]1CC(=O)C[C@H](c2ccccc2OC)S1,P00533,
CCOc1ccccc1CN1C(=O)[C@@H](NC(C)=O)c2cccc(Cl)c21,P00533,
CN1CCN(CCNc2ccnc3c(Cl)cccc23)[C@@H](c2ccccc2)C1,P00533,
Clc1ccc(CN2CCN(c3ncnc4c3oc3ccccc34)CC2)cc1,P00533,
CCOc1c(F)cc([C@H](CCC(C)C)N2CCNCC2)cc1Cl,P00533,
O=C(C1CC1)N1CCC[C@](F)(c2nc(-c3ccccc3)no2)C1,P00533,
Cc1cc2nc(-c3nccs3)cc(C(F)(F)F)n2n1,P00533,
C[C@@H](NC(=O)Nc1ccc(F)cc1F)C1CC1,P00533,
CC(C)Oc1cc(F)ccc1NC(=O)c1cc(F)ccc1OC(F)(F)F,P00533,
O=C(O)[C@@H](c1cccnc1)N1CC[C@H](Cc2ccccc2)C1,P00533,
Cc1nc(C(F)(F)F)ccc1C(=O)NCc1ccc(C)n1C,P00533,
COc1ccc(Sc2cc3c(cc2NS(=O)(=O)c2cccc(OC)c2)n(C)c(=O)n3C)cc1,P00533,
O=C(Nc1cccnc1)[C@H]1C[C@@H]1C(F)F,P00533,
COc1ccc([C@H]2Cn3nnc(C(=O)NCc4cccs4)c3CO2)cc1,P00533,
CC(=O)Nc1cnn([C@H]2C[C@@H](COCC(=O)N(C)C)N(Cc3cccc(F)c3)C2)c1,P00533,
COc1ccc(Br)cc1CC(=O)Nc1ccc(OC)c(C(C)C)c1,P00533,
Cn1cnnc1[C@H]1CN(C(=O)Cc2ccc(F)cc2)CC12CCC2,P00533,
Cn1nc(NC(=O)CCC(F)(F)F)c2cccnc21,P00533,
Cc1cccc2oc(CCNC(=O)c3ccc(-n4ccnc4)cc3)nc12,P00533,
CCOCC(=O)N1Cc2ccnn2[C@@H](C(=O)NC2CC(F)(F)C2)C1,P00533,
COCC(=O)N(C1CCOCC1)C1CCN(C(=O)Cc2ccccc2F)CC1,P00533,
CC[C@@H](C)[C@H](O)c1cc(F)cc(OC)c1,P00533,
Cc1ccc(NC(=O)C[C@H]2SC3=NCCN3C2=O)cc1,P00533,
CCCCN(C)C(=O)C1CCC(Cn2c(=O)c3sccc3n(CC(=O)NC(C)C)c2=O)CC1,P00533,
CC(=O)N1CCc2cc(N3C[C@H](C(=O)Nc4cc(F)ccc4Cl)CC3=O)ccc21,P00533,
NS(=O)(=O)c1cccc(CNC(=O)N2CCC[C@@H]2c2cccs2)c1,P00533,
O=C(CN1CCCn2nc([C@@H](O)c3ccccc3)cc2C1)NCc1ccco1,P00533,
COc1ccc(S(=O)(=O)N2CCC3(CC2)Nc2ccccc2-n2cccc23)cc1Cl,P00533,
O=C(C1CC1)N1CCCc2cc([C@@H](O)CN3CCC(C(F)(F)F)CC3)ccc21,P00533,
COc1cc(CN2[C@@H]3CC[C@H]2C[C@@](O)(c2ccc(F)cc2)C3)c(Cl)cc1O,P00533,
COc1cccc(OC[C@H]2CCCN(C(=O)c3cc(=O)cc(C)n3C)C2)c1,P00533,
NCC12CCC(CC1)CN2Cc1ccc(C(N)=O)cc1,P00533,
CCc1ccc(-c2nc3sc(N(C)CC(=O)NCc4cccc(OC)c4)nn3c2NC(C)(C)C)cc1,P00533,
CCc1ccccc1NC(=O)Cn1c(C)cc(C)c(S(=O)(=O)c2ccc(C)cc2)c1=O,P00533,
Cc1nc(CN2CCC[C@H]2C(=O)c2c[nH]c3ccccc23)no1,P00533,
CN(C)c1ccnc(C(=O)N2C[C@@H](O)C[C@@H]2c2cccc(F)c2)c1,P00533,
O=C(CSc1ccc(NC(=O)C2CC2)nn1)NC[C@@H]1CCCO1,P00533,
CNc1nc(-c2ccc(OC)c(OC)c2)cc(C(F)F)n1,P00533,
N[C@@H](CCC(F)(F)F)c1c[nH]c2ccccc12,P00533,
CCOC(=O)CSc1nc2c(c(=O)n1Cc1ccccc1)C1(CCCC1)Cc1ccccc1-2,P00533,
Cc1nc(CN2CC[C@](F)(c3nc(-c4ccc(F)cc4)no3)C2)cs1,P00533,
Cc1ccc(OCc2nc(C3CCN(C(=O)Cc4cccc(C)c4)CC3)no2)cc1,P00533,
Cc1ccc(S(=O)(=O)NCC2CCC(C(=O)NCC(=O)N3CCOCC3)CC2)cc1,P00533,
CC(C)CNC(=O)c1ccc(NC(=O)[C@H]2CCCO2)cc1,P00533,
COc1cccc(-c2ncn(CCCn3nc(C)nc3C)c2[C@H]2CCOC2)c1,P00533,
CCOc1ccc([C@H](NC(=O)[C@H]2CCS(=O)(=O)C2)C(C)C)cc1OCC,P00533,
COc1ccc2cc(C(=O)N3CCC(n4nccn4)CC3)[nH]c2c1,P00533,
Cc1nc(CN2CCO[C@@H](CNc3cccnn3)C2)oc1C,P00533,
Cc1cnc(N2CC3(CCN(Cc4cnn(C)c4)C3)C2)nc1,P00533,
C[C@H](Cc1cnccn1)N(C)CC(=O)NCCc1ccc(F)cc1,P00533,
COc1ccc(Br)cc1S(=O)(=O)N1CCN(S(=O)(=O)c2cc(Br)ccc2OC)[C@@H](C)C1,P00533,
COc1ccc([C@@H](CNC(=O)c2oc3ccc(C)cc3c2C)N2CCOCC2)cc1,P00533,
O=C(O)C[C@H]1CN(C(=O)c2ccc(N3CCCS3(=O)=O)cc2)CCO1,P00533,
CC(C)(C)Sc1ccc2nn(CC(=O)Nc3ccccc3C(F)(F)F)c(=O)n2n1,P00533,
Cn1cc2c(n1)CCC[C@@H]2Nc1ncc(Cl)cn1,P00533,
O=C(NCCc1ccc(-c2ccoc2)s1)c1c(F)cccc1F,P00533,
COc1ccc(CCN2C(=O)CC[C@@]2(C)C(=O)NCCC(C)C)cc1OC,P00533,
CN1CCN(CC2CCN(c3cncc(C(N)=O)n3)CC2)CC1,P00533,
O=C(c1ccc(Br)o1)N1C[C@@H]2C[C@@H](C1)[C@H]1CCCC(=O)N1C2,P00533,
O=C1CCCN1C1CCN(Cc2ccccc2OCCO)CC1,P00533,
CNc1ccccc1CN[C@H]1CCc2nnnn2CC1,P00533,
COc1ccccc1[C@@H]1[C@H](C(=O)NCCc2ccccn2)CCC(=O)N1c1ccc(C)cc1,P00533,
Cc1c(C(=O)N2CCN(c3ccccc3)CC2)sc2nc(-c3ccccc3)cn12,P00533,
COCCN(CCOC)c1nc2c(Cl)c(C)nn2c2ccccc12,P00533,
CCC[C@@]1(CO)CCCN(Cc2nccc(OC)c2OC)C1,P00533,
Cc1cccc(NC(=O)[C@H]2CC(=O)N(c3cccc(-c4noc(C5CCC5)n4)c3)C2)c1C,P00533,
O=C(NCCn1ccc2ccccc21)c1ccc(C(F)(F)F)cc1,P00533,
C[C@H](C(=O)NCc1ccc2c(c1)OCO2)N(C)Cc1ccc(Cl)c(Cl)c1,P00533,
CCOc1ccc(CC(=O)N[C@@H](C)c2ccc(F)cc2F)cc1,P00533,
CC1CCN(C(=O)c2nc(-c3cccc(F)c3)n3c2CCCCC3)CC1,P00533,
Cc1nc(-c2cnn(C(C)C)c2)n(C(C)(C)C)n1,P00533,
CC(=O)c1ccccc1OCCn1ccnc1[C@@H](O)c1cccs1,P00533,
O=C(CN1CCC[C@@H]1C(=O)Nc1ccc(Cl)cc1Cl)Nc1ccccc1F,P00533,
CCCNC(=O)c1nc(C)n(-c2cc(Cl)cc(Cl)c2)n1,P00533,
Cc1ccc(S(=O)(=O)N(CC(=O)O)Cc2ccc(F)cc2)cc1,P00533,
Cc1cnc(N2CC[C@@H]3CCN(c4cnc5ccccc5n4)C[C@H]32)s1,P00533,
N[C@H](c1ccccc1Br)[C@@H]1C[C@H]1c1ccccc1,P00533,
COCCN1C[C@H](C(=O)N2CCC3(CCOCC3)[C@H]2C)CC1=O,P00533,
CC(=O)N1CCN([C@H]2CCN(Cc3ncccc3C)CC[C@@H]2O)CC1,P00533,
CCn1c(C)cc(O)c([C@@H](c2ccc(Cl)cc2)N2CCN(CCO)CC2)c1=O,P00533,
Cc1ccc(OCC(=O)N2CCN(S(=O)(=O)c3ccccc3)CC2)cc1,P00533,
O=C(N[C@@H](Cc1ccccc1)C(=O)N1CCC[C@H]1C(=O)O)c1ccccc1,P00533,
CCc1cccc(NC(=O)c2sc(-c3cn(C)c4ncccc34)nc2C)c1,P00533,
O=C(NCc1cccs1)c1nn(-c2ccccc2)nc1CO,P00533,
COC(=O)c1ccc(Cn2nc(-c3ccc(OC)c(OC)c3)ccc2=O)cc1,P00533,
CC(C)CNC(=O)c1nc(O)c2ccccc2n1,P00533,
CNC(=O)N1CCCC[C@H]1CCn1cc(C(=O)NCC2CC2)nn1,P00533,
Cc1ccc(-c2cnc3c(c2)NC(=O)CO3)cn1,P00533,
O[C@@H](COc1ccc(Br)cc1)Cn1c(COc2ccccc2)nc2ccccc21,P00533,
CCOc1cc(S(=O)(=O)N[C@H]2CCN(C)C2=O)ccc1Cl,P00533,
COc1ccc(NC(=O)[C@@H](C)c2cccc(C(=O)c3ccccc3)c2)cc1,P00533,
O=C1[C@@H](NS(=O)(=O)Cc2cccc(Cl)c2)CCN1c1ccc(F)cc1,P00533,
N#Cc1ccc(N2C[C@@H](CO)C3(CCN(C(=O)Cc4ccsc4)CC3)C2)cc1C(F)(F)F,P00533,
O=C1Nc2ccccc2CC[C@@H]1N1CCC(Oc2ccc(F)cc2)CC1,P00533,
CN1CC[C@H](N2CCC(NC(=O)Cc3c(F)cccc3Cl)CC2)C1=O,P00533,
CCc1ccc(NC(=O)CSc2nc(C)cc3c2C(=O)OC3)cc1,P00533,
CCn1cc(S(=O)(=O)c2ccccc2)c(=O)c2cc(F)c(N3CCCCC3)cc21,P00533,
Cc1cc(F)ccc1C(=O)NCc1nnc2c(Cl)cc(C(F)(F)F)cn12,P00533,
CCOC(=O)c1n[nH]cc1-c1cncn1CCn1nc(C)c(C)c1C,P00533,
Cc1ccc(C)c(C(=O)Nc2nc3ccccc3[nH]2)c1,P00533,
CC(C)CCNC(=O)[C@H](c1ccncc1)N(C(=O)Cn1nnc2ccccc21)c1ccc2c(c1)OCO2,P00533,
C[C@]1(Cc2ccc(Cl)s2)CCCN1,P00533,
CN(CCC#N)C(=O)CSc1nnc(Nc2ccc(Oc3ccccc3)cc2)s1,P00533,
CCN(CC)S(=O)(=O)c1cccc(C(=O)N[C@H](C(=O)/N=c2/sccn2C)C(C)C)c1,P00533,
CC[C@H](c1nnnn1C[C@@H]1CCCO1)N(Cc1cccs1)Cc1cc2cc3c(cc2[nH]c1=O)OCCO3,P00533,
CNC(=O)[C@H]1CN(C(=O)Nc2cccc(SC)c2)CCN1c1ccc(C#N)c(C(F)(F)F)c1,P00533,
Cc1ccccc1C1(CNC(=O)[C@H]2CCCO[C@@H]2C)CCOCC1,P00533,
O=C(CN1C(=O)[C@@H]2CCCCN2c2ccc(C(=O)N3CCCCC3)cc21)NC1CCN(Cc2ccccc2)CC1,P00533,
CNC(=O)[C@H]1CN(Cc2ccncc2)C[C@@H]1NC(=O)c1cnc(C)cn1,P00533,
COc1cc(OC)c(NC(=O)c2cc(F)c(F)cc2C)c(OC)c1,P00533,
CN(C)C(=O)N1C[C@@H]2CC[C@H](C1)N(C(=O)c1n[nH]c3ccccc13)C2,P00533,
O=C(c1ccccc1)[C@H]1CCCN(C(=O)c2cc(-c3ccccc3)on2)C1,P00533,
Cc1nc(N)nc(-c2cc(F)cc(C(=O)N3CC[C@@H](n4ccnc4)C3)c2)c1Cl,P00533,
CCc1ccc(S(=O)(=O)N2CCCCC[C@H]2c2sccc2C)cc1,P00533,
O=C(Cn1ccc([C@@H]2CCCNC2)n1)NCC(F)(F)F,P00533,
Cn1c(CO)nnc1[C@@H]1CCCN(C(=O)c2ccc3cn[nH]c3n2)C1,P00533,
CCN1C(=O)CC[C@H](C(=O)O)[C@@H]1c1ccc(OC)cc1,P00533,
CCOc1ccc(C(=O)OCC(=O)c2c[nH]c3c(CC)cccc23)cc1OC,P00533,
Cc1cc(C)c(/C=C/c2cc(C(F)(F)F)[nH]c(=O)n2)cc1C,P00533,
Cc1cc(C)n(Cc2ccc(C(=O)NCCN3CCNC3=O)cc2)n1,P00533,
COC[C@H]1C(=O)NCC12CCN(C(=O)c1cncc(C)c1)CC2,P00533,
O=C(Cc1ccccc1F)N1CCC[C@@H](c2cc(C(F)F)n3ncnc3n2)C1,P00533,
CCOc1ccc(CNC(=O)C[C@H](c2ccco2)n2cccc2)cc1OC,P00533,
CCN1C(=O)C(C)(C)COc2ccc(NS(=O)(=O)CCc3ccccc3)cc21,P00533,
COCCC(=O)N1C[C@@H]2CCCN3CCC[C@@H]([C@H]23)[C@H]1CCCC(=O)N1CCOCC1,P00533,
COC(=O)c1cc(Br)c2c(c1)CNCCO2,P00533,
CCNC(=O)c1ccccc1NC(=O)CC,P00533,
Cc1cccc(C(C)C)c1NC(=O)c1cnc2sccn2c1=O,P00533,
O=C(CCC1CC1)N[C@@H]1CCCCNC1=O,P00533,
Cc1cccc(CN2CCC(c3cncc(Nc4nc(C)c(C)s4)n3)CC2)c1,P00533,
Cn1cc(N2C[C@@H](C(=O)NCc3ccco3)CC2=O)cn1,P00533,
C[C@H]1CN(C(=O)c2ncccc2O)[C@H](c2ccccc2)CO1,P00533,
CCc1ncc(C(=O)N2CCN(CC)[C@@H](c3ncc[nH]3)C2)s1,P00533,
Cc1cc2nccn2cc1-c1cccnc1,P00533,
Cn1cc(CN2C[C@@H](F)C[C@H]2CNCc2cnnn2C)cn1,P00533,
CCOC(=O)N1CCN(Cc2ccc(OC[C@@H]3CCCN(C(=O)c4cnsn4)C3)cc2)CC1,P00533,
CCc1ccc(-c2nnc(SCC(=O)N(CC)Cc3ccc(Cl)s3)[nH]2)cc1,P00533,
O=C(NCc1cccc(C(F)(F)F)c1)N1CCc2sccc2C1,P00533,
CN1C(=O)c2ccccc2[C@H](C(=O)NCc2ccccn2)[C@@H]1c1cn(C)c2ccccc12,P00533,
O=C(NC[C@@H]1CCC(=O)N(Cc2ccccc2)CC1)c1cncc(Br)c1,P00533,
COc1ccccc1C(=O)N1CCN([C@@H](c2ccccc2)c2cc(C)ccc2C)CC1,P00533,
CC(C)c1ccc(-c2ccc(C(=O)N(C)Cc3n[nH]c4c3CCC4)cc2)nn1,P00533,
Cc1cc(C(=O)N2CCC(O)(C3CCC3)CC2)c2c(C)n[nH]c2n1,P00533,
O=C(NC1CCCCC1)c1ccc2snnc2c1,P00533,
CCNC(=O)COC(=O)CCc1nc2ccccc2c(=O)[nH]1,P00533,
COC(=O)c1sccc1NC(=O)Cn1cnc2c(C)cccc2c1=O,P00533,
CC(=O)c1cccc(NC(=O)C(C)C)c1,P00533,
COC(=O)[C@H](Cc1ccccc1)NC(=O)c1nc(SC)ncc1Br,P00533,
CCn1cc(-c2nc(-c3ccccc3OC)no2)c(=O)c2cc(F)c(N3CCOCC3)cc21,P00533,
N#Cc1ccc(OCC(=O)N2CCN(CCOc3ccc(Cl)cc3)CC2)cc1,P00533,
C[C@@H](C(=O)N1CCC(c2[nH]ncc2-c2ccccc2)CC1)n1cncn1,P00533,
CN(C)c1ccccc1C(=O)N1CCC[C@H](c2nccn2CC2CCC2)C1,P00533,
Nc1ncc(-c2ccc3c(c2)CCCO3)cn1,P00533,
O=C(c1csc(-c2cnccn2)n1)N1CCCc2ccccc21,P00533,
COCCN1CC[C@@H](N2CCCN(S(=O)(=O)c3ccccc3F)CC2)C1=O,P00533,
Cc1nc(C)c(CNC(=O)C2CCN([C@@H]3CCS(=O)(=O)C3)CC2)s1,P00533,
Cc1occc1C(=O)N1CC[C@H]2[C@H]1CCN2Cc1cccnc1,P00533,
CC(=O)NCc1nccnc1C1CCN(C(=O)c2cccc(F)c2)CC1,P00533,
O=C(Nc1ncccn1)c1ccnc(OC2CCCC2)c1,P00533,
COCCn1ccc2c(NC(=O)CCn3ccc4c(OC)cccc43)cccc21,P00533,
COc1cc2c(=O)n(Cc3ccc(C(=O)NCc4ccccc4)cc3)c(=O)n(CC(=O)NC(C)C)c2cc1OC,P00533,
CCOC(=O)c1ncncc1-c1ccccc1OC(F)(F)F,P00533,
CC1(c2ncc(Cl)s2)CCN(C(=O)CCc2cccnc2)CC1,P00533,
Cc1ccc(C)c(C(=O)CSc2nnc(CN3CCCCC3)n2Cc2ccccc2)c1,P00533,
COc1ccc([C@@H](NC(=O)C[C@@H]2CCc3ccccc32)C(=O)O)cc1,P00533,
COC(=O)c1ccc(Oc2ccnc3cc(Cl)ccc23)cc1,P00533,
CC(C)[C@@H]1CCCN1C(=O)CN(C)c1ccc(C#N)cn1,P00533,
O=C1C[C@H](CNc2ccc(-c3ccccc3Cl)nn2)CN1,P00533,
Cc1cccc(NC(=O)N2CC[C@@H](CN3CCCCC3)C2)c1,P00533,
CCc1ccc([C@H]2CCN(C(=O)Nc3cn(C)nc3OC)C2)cc1,P00533,
COC(=O)c1ccccc1C(=O)NCc1ccc(OC)cc1OC,P00533,
CSCC[C@@H](NC(=O)c1ccco1)C(=O)Nc1ccc(-n2ccnc2C)nc1,P00533,
O=C(Cc1ccccc1Cl)N1CCCN2C(=O)CN(Cc3ccc(F)cc3)C(=O)[C@H]2C1,P00533,
CO[C@H]1C[C@@H](CN(C)S(=O)(=O)c2c[nH]c3ncccc23)N(C)C1,P00533,
C[C@@H](NC1CCN(Cc2ccco2)CC1)c1cnn(-c2ccc(F)cc2)c1,P00533,
Cc1ccc(-c2csc3c(=O)[nH]c(N4CCC[C@H](C(=O)N[C@H]5CC[C@H](C)CC5)C4)nc23)cc1,P00533,
O=C(O)CNc1cccc(C(=O)N(CCO)Cc2ccccc2)c1,P00533,
O=C(CN1CCCCCC1)NC[C@H]1COc2ccccc2O1,P00533,
CCN(CC)C(=O)CCc1nn(CCOC)c2c1COCC2,P00533,
CCCCC(=O)N1CCN(c2nc3cccnc3n(Cc3ccccc3)c2=O)CC1,P00533,
O=C(c1cccc(F)c1)N1CCC(C(=O)N2CCCc3ccccc32)CC1,P00533,
Cc1nc2ccccn2c1C(=O)N1C[C@@H](O)C[C@H]1c1cc(F)ccc1F,P00533,
COc1ccccc1[C@H]1CN(C(=O)c2cc(C)nc(O)c2)CCN1,P00533,
COc1ccc(S(=O)(=O)N[C@H](CN)CC(C)C)c(C)c1,P00533,
O=C(c1cnn(Cc2ccccc2Cl)c1)N1CCC(c2nnc3ccccn23)CC1,P00533,
CCC(=O)N1CCc2nc3cc(C4CCN(C(=O)[C@@H](C)O)CC4)nn3c(O)c2C1,P00533,
CCOC(=O)c1nc2cc(C)c(C)cc2nc1N1CCN(C(=O)CCC(=O)OC)CC1,P00533,
Cn1nc(C(=O)Nc2nc3nccc(-c4ccccn4)n3n2)c2ccccc2c1=O,P00533,
COc1ccc(OC)c(-c2cnc(N)c(F)c2)c1,P00533,
CCn1c(SCC(=O)Nc2ccc(C)c(C)c2)nc2nc(N3CCCC3)sc2c1=O,P00533,
O=C(OCc1ccccc1)N1CCCC2(CCNCC2)C1,P00533,
CC[C@@H](C)C(=O)N1CCCc2cc(C(=O)O)ccc21,P00533,
O=C(O)[C@@H](Cc1cc(Cl)sc1Cl)NCc1cncnc1,P00533,
CCCNC(=O)c1cc(F)ccc1OCCN,P00533,
N#Cc1ccccc1COC(=O)c1c[nH]c2ccccc12,P00533,
COc1cccc(NC(=O)C[C@@H](CN2CCN(c3ccccn3)CC2)C(=O)O)c1,P00533,
CC(=O)c1ccc(N2CCN(C(=O)CSc3ccncc3)CC2)cc1,P00533,
CCOc1ccc(C(=O)NCCc2cn3ccsc3n2)o1,P00533,
Cc1n[nH]c(C)c1C(=O)NCc1nnc2ccc(-c3ccsc3)nn12,P00533,
Cc1nn([C@H]2CCCCO2)c(C)c1-c1ccc2c(=O)[nH]c(=O)[nH]c2c1,P00533,
O=C1NCCN1c1ccc(NCc2nccn2CC(F)(F)F)cc1,P00533,
O=C(NC1CCNCC1)c1ccc(-c2cn[nH]c2)cn1,P00533,
Cn1cc2c(NC(=O)[C@H]3COc4ccccc4O3)cccc2n1,P00533,
CCOC(=O)c1cnn(-c2cccc(C(F)(F)F)c2)c1N,P00533,
CC(C)(CC(=O)O)CC(=O)Nc1cccc(Cl)c1C(N)=O,P00533,
CCOC(=O)c1n[nH]cc1CN1CCN(CCc2ccccc2)[C@H](CCO)C1,P00533,
CCOc1cc2c(cc1OC)-c1cc(Cl)nc(=O)n1CC2,P00533,
CCS[C@H]1CCC[C@H]1NC(=O)c1cncnc1,P00533,
C[C@@H](O)c1ccc(-c2ccc3cnc(NC4CCN(S(C)(=O)=O)CC4)nc3c2)cc1,P00533,
COc1ccc2c(c1)O[C@H](c1ccc(O)cc1)CC2=O,P00533,
CN1CCC[C@@H](n2ccnc2-c2cnsc2)C1,P00533,
COc1cc([C@@H]2c3c(oc4ccc(F)cc4c3=O)C(=O)N2C[C@@H]2CCCO2)ccc1O,P00533,
C[C@@H]1CN(CC2CCN(Cc3ccc(C#N)cc3)CC2)C[C@H](C)O1,P00533,
Cc1nc(-c2cc(S(=O)(=O)N(C)C3CCCCC3)c(C)n2C)sc1C(=O)N1CCC(C)CC1,P00533,
COc1ccc(-c2nc(=O)c3c([nH]2)CN(S(=O)(=O)c2cccs2)CC3)cc1,P00533,
COCC[C@]1(C(=O)O)NCC[C@H]1C(=O)OCC1c2ccccc2-c2ccccc21,P00533,
COC(=O)c1ccc(NC(=O)c2cc(-c3cccs3)on2)cc1,P00533,
CCOC(=O)[C@H]1CCCN(C(=O)c2cc3sc(C)cc3n2Cc2cc(OC)cc(OC)c2)C1,P00533,
COc1ccc(CNS(=O)(=O)c2ccc(Br)s2)cc1,P00533,
Cc1cccc(CSc2nc(=O)n(-c3ccccc3)c3c2CCC3)c1,P00533,
Cc1cc(NCC(=O)NCc2ccc(F)cc2)n2nc(-c3cccnc3)nc2n1,P00533,
Cc1cc2cc(C(=O)NCCc3nc(C)c(Cl)s3)ccc2o1,P00533,
Cc1cc2cc([C@@H](c3nnnn3C3CCCCC3)N3CCC(C)CC3)c(=O)[nH]c2cc1C,P00533,
O=S(=O)(CCOc1ccc(F)cc1)N[C@@H](c1ccccn1)[C@H]1C[C@H](O)C1,P00533,
COc1ccc(-c2cc(C(=O)N[C@H](C)c3c(F)cccc3F)no2)cc1,P00533,
CCOC(=O)c1cccc(NC(=O)CCS(=O)(=O)c2ccc3c(c2)NC(=O)CS3)c1,P00533,
Cc1nn(-c2ccccc2)c2nc(N3CCC(NC(=O)Cc4ccc(Cl)cc4)CC3)sc12,P00533,
CC(C)(C(=O)NS(=O)(=O)c1ccc(C#N)cc1)c1ccccc1,P00533,
O=C1C[C@H]2CC[C@@H](CN1Cc1noc(C3CCCC3)n1)N2,P00533,
COc1cc(-c2ccc(C(=O)NCCN(C)C)cc2)ccc1C,P00533,
CN(Cc1nc2sc(-c3ccccc3)cc2c(=O)[nH]1)c1ccccc1,P00533,
CN1CCO[C@H](C(=O)N(Cc2ccc(O)cc2)CC2CC2)C1,P00533,
O=C(CN1CCC[C@@H](C(=O)N2CCOCC2)C1)NC1CCCC1,P00533,
Fc1ccc(-c2nsc(N3CCNCC3)n2)cc1,P00533,
COC[C@](C)(NC(=O)OCC1c2ccccc2-c2ccccc21)C(=O)O,P00533,
CC(C)Cn1cc(NC(=O)NCCN2[C@@H](C)CCC[C@@H]2C)c2ccccc2c1=O,P00533,
CC(C)(C)OC(=O)N1CCC[C@](Oc2ccc(Br)cc2)(C(=O)O)C1,P00533,
N#CCc1cc(-c2ccc(C#N)c(F)c2)ccc1F,P00533,
COc1ccc(NS(=O)(=O)c2cccc(C(=O)OCC(=O)NCc3cccc(Cl)c3)c2)cc1,P00533,
COc1cccc(NC(=O)CSc2ncc(S(=O)(=O)c3ccc(Br)cc3)c(=O)[nH]2)c1,P00533,
COc1cc(OC)cc(C(=O)N2CCN(c3ccc(-n4nc(C)cc4C)nn3)CC2)c1,P00533,
COc1cccc(-c2ccc(N3CCN(C(=O)CN(C(=O)c4ccccc4Cl)C4CC4)CC3)nn2)c1,P00533,
Cc1cc(C(=O)N2CCN(C(=O)OC(C)(C)C)CC2)ccc1F,P00533,
O=C(O)Cc1cccc(C(=O)N2CCC(OC[C@H]3CCOC3)CC2)c1,P00533,
CN(C)C(=O)c1ccc(N2CCC[C@H](c3ccnn3C)C2)nc1,P00533,
CSc1ccccc1C(=O)Nc1c[nH]nc1-c1ccccc1,P00533,
CC(C)C[C@H](CCO)CNC(=O)N1C[C@@H](Oc2ccccc2)C[C@H]1C(=O)O,P00533,
CCCc1nnsc1C(=O)N1CCS[C@H](c2ccco2)CC1,P00533,
Cc1cc(C)c(NC(=O)Cn2nnc(C(=O)NCc3ccccc3Cl)c2N)c(C)c1,P00533,
CC(C)(C)C(=O)N[C@H]1CCCN(CC(=O)Nc2ccccc2F)C1,P00533,
CSc1ccc2ncnc(N3CCC4(CC3)CNCCO4)c2c1,P00533,
CN(C)C(=O)c1cnn2ccc(N)cc12,P00533,
CCc1ccccc1NC(=O)NCc1cccn1Cc1cccc(F)c1,P00533,
COc1ccc(OC)c(C(=O)N2C[C@H]3CN(c4ccc5nncn5n4)C[C@@H]3C2)c1,P00533,
O=C(c1cncc(Cl)c1)N1[C@@H]2CCC[C@H]1C[C@@H](O)C2,P00533,
FC(F)Oc1ccccc1-c1nnc(-c2ccncc2)o1,P00533,
CN(C)C1CCN(c2ccc(Nc3cc4c(N5CCC(CO)CC5)nc(Nc5ccc(F)cc5)nc4cn3)nc2)CC1,P00533,
N#Cc1nc([C@H]2C[C@H]2c2cccc(Cl)c2)oc1N1CCCCC1,P00533,
O=C(N[C@@H](c1ccccn1)[C@H]1CCCN(C(=O)c2cc[nH]n2)C1)C1CC1,P00533,
Cc1cn(C)c([C@@H]2CN(C(=O)c3csc4c3CCCC4)CCO2)n1,P00533,
Cc1ccc2nc(CN(C)CCc3scnc3C)[nH]c2c1C,P00533,
C[C@@H]1[C@H](C(=O)O)CCN1C(=O)OC(C)(C)C,P00533,
COc1ccc(CN2C[C@@H](O)C(C)(C)C2)cc1,P00533,
COc1ccc(-c2cnc3nc(SC)nn3c2N)cc1,P00533,
Cc1csc(C(=O)N2CCC(N3c4ccccc4N(C)S3(=O)=O)CC2)c1,P00533,
O=C(O)C1(Oc2ccc3ccccc3c2)CCN(C2CCNCC2)CC1,P00533,
Cc1cccc(NC(=O)COc2ccc(CCNC(=O)c3cc(=O)c4cc(Br)ccc4[nH]3)cc2)c1,P00533,
COc1ccc([C@H](c2sc3ncnn3c2O)N(C)C2CCCCC2)c(OC)c1OC,P00533,
CNC(=O)C1(CCCc2ccccn2)CCN(C2CCCCC2)CC1,P00533,
O=C(NCc1cccnc1-n1ccnc1)c1cn(Cc2ccccc2)nc1-c1ccccc1,P00533,
NC(=O)[C@@H]1CCCN(CCn2ccnc2-c2ccc3cc(Cl)ccc3n2)C1,P00533,
C[C@@H]1C[C@H](C)CN(C(=O)CN2CCN(C(=O)c3cccc(-n4cccc4)c3)CC2)C1,P00533,
CC(C)CNC(=O)c1nnc(N2CCN(c3ccc(Cl)c(Cl)c3)CC2)c2ccccc12,P00533,
CC(C)(N)COc1ccc(C(F)(F)F)cn1,P00533,
COCn1nccc1-c1nc(Nc2ccccc2)no1,P00533,
CCS(=O)(=O)N[C@H]1CC2(CCN(C[C@H]3CCOC3)CC2)c2ccccc21,P00533,
CN(CCC(=O)O)C(=O)c1cccc([C@H]2CCOC2)c1,P00533,
CN(C)CCN(C)C[C@@H]1CN(C(=O)c2ccc(O)c(Cl)c2)C[C@@H]1CO,P00533,
CCCc1ncncc1C(=O)N1CCCC[C@H]1c1nc2cc(F)ccc2[nH]1,P00533,
O=C(N[C@H]1CCCN(Cc2ccccc2)C1)c1cnn(-c2ccccc2)c1,P00533,
CCC(=O)N(Cc1ccccc1)c1ccc(CC(=O)NCc2cccnc2)cc1,P00533,
COc1ccc(S(=O)(=O)N2CCN(C(=O)c3csc4c3CC[C@H](C)C4)CC2)cc1,P00533,
Cc1ccc(OCC(=O)Nc2ccc(C(=O)c3ccccc3)cc2)cc1,P00533,
Cc1sc2ncn(CC(=O)NC[C@H](c3cccs3)N3CCOCC3)c(=O)c2c1C,P00533,
CCCCc1nc(CN2CCN3C(=O)CNC(=O)[C@@H]3C2)c(Cl)[nH]1,P00533,
CC1CCN(C(=O)C[C@@H]2C(=O)NCCN2Cc2ccc(F)cc2Cl)CC1,P00533,
Cc1cccc(C)c1NS(=O)(=O)c1ccc(F)s1,P00533,
CN1CCCC[C@H]1CCC(=O)NCCc1nccc(-c2ccccc2)n1,P00533,
CCCOc1ccc(C(=O)N2CC(C)(C)NC(C)(C)C2)cc1OC,P00533,
Cc1nc(NCCc2ccccc2)cc(C(=O)N2CCCCC2)n1,P00533,
CC(C)[C@@H](NC(=O)c1ccc2ncccc2c1)c1nc(-c2ccccc2)no1,P00533,
FC(F)(F)Cn1cc(NCc2cnn(-c3ccccc3)c2)cn1,P00533,
NC(=O)c1cc(-c2csc(-c3ccc(NC(=O)C4CC4)cc3)n2)ccc1O,P00533,
COc1cccc(C[C@@]2(C(=O)O)CN(c3nccc(N)n3)CC[C@@H]2O)c1,P00533,
C[C@@H]1CN(Cc2ccccc2)CCCN1CC(=O)NC1CCOCC1,P00533,
O=C1CCSc2ccc(S(=O)(=O)N(Cc3ccc(F)cc3)Cc3cccnc3)cc2N1,P00533,
Cc1cc(C#N)ccc1C(=O)N[C@H](C)c1cccc(Cl)c1,P00533,
COc1cccc(CN(C)C(=O)NC[C@@H]2CCS(=O)(=O)C2)c1,P00533,
Cc1ccc(C(=O)N2C[C@@H]3[C@@H](CN(C)C)[C@@H]3C2)cc1O,P00533,
Cc1cc([C@@H](N)C2CCCC2)cc(C)c1O,P00533,
Cc1ccccc1S(=O)(=O)c1c(C)cc(-c2ccccc2)[nH]c1=O,P00533,
COc1cccc(C[C@H]2CN(Cc3nc4ccccc4[nH]3)CCO2)c1,P00533,
CCCCc1ccc(CCCC(=O)O)cc1,P00533,
CCNC(=O)COC(=O)c1cc(-c2cccs2)nc2c1c(C)nn2-c1ccccc1,P00533,
O[C@@H](COc1ccc2ccc(-c3ccnnc3)cc2c1)CN1CCC(F)(F)C1,P00533,
CC(C)Nc1ncc(-c2cncc(OCc3ccccc3)c2)cn1,P00533,
Cc1ccc(-n2nc(N3CCN(C(=O)CSc4ccccc4)CC3)ccc2=O)cc1,P00533,
Cc1ccc2c(c1)cc(CN1CCC[C@]3(CCc4cnc(N(C)C)nc43)C1)n2C,P00533,
CS(=O)(=O)N1CCC(NC(=O)OCc2ccccc2)CC1,P00533,
C[C@](NC(=O)c1cccc2cc[nH]c12)(C(=O)O)C1CC1,P00533,
COc1cc(F)ccc1-c1csc(N)n1,P00533,
C1=C(c2cnc3ccccc3c2)CCSC1,P00533,
Cc1nccnc1CN1CC[C@H]2CNC[C@H]21,P00533,
CCN(C(=O)c1scnc1C1CCCC1)c1ccc(F)c(F)c1,P00533,
COc1ccc(Br)cc1[C@@H](N)[C@@H](O)Cc1ccccc1,P00533,
CCCS(=O)(=O)N[C@@H](c1cnc2ccccc2c1)[C@H]1C[C@H](O)C1,P00533,
COc1ccccc1C(=O)NC[C@@H]1CC(=O)N(C)[C@H]1c1ccncc1,P00533,
CC(C)N(C(=O)OC(C)(C)C)[C@@H](Cc1ccc(O)cc1)C(=O)O,P00533,
Cc1cc(F)ccc1NC(=O)[C@@H]1CCCN(c2ccc3cc(S(=O)(=O)N4CCCCC4)ccc3n2)C1,P00533,
Cc1cc(C)n(CC2(CNC(=O)c3cccc(-n4cnnc4)n3)CC2)n1,P00533,
CCN1C(=O)C[C@@H](C(=O)NCc2ccncc2)[C@@H]1c1ccc(OC)c(OC)c1,P00533,
COc1ccc(NC(=O)c2cccc(-n3cccc3)c2)cc1,P00533,
Cc1ccc(Cc2nc(N3CCCN(Cc4ccccn4)CC3)c3cnn(-c4ccccc4)c3n2)cc1,P00533,
CN(C)c1cc(C(=O)N2CCC[C@H](c3ccnc(N)n3)C2)ccn1,P00533,
CCc1ccccc1NCC(=O)N1CCC(c2cncc(Nc3ccccn3)n2)CC1,P00533,
CCn1cc(C(=O)N2CC[C@@]3(C2)CN(c2ccc(F)cc2)C(=O)CO3)cn1,P00533,
Cc1nc([C@@H](C)N(C)C(=O)NCc2cccc(-c3nnn[nH]3)c2)c(C)s1,P00533,
CCS[C@H]1CCCCN([C@H](C)C(=O)Nc2ccc(C(N)=O)cc2)C1,P00533,
O=C(c1ccno1)N1CC[C@@]2(COCc3cnc(-c4ccccc4)nc32)C1,P00533,
O=c1cnc2ccccc2n1C[C@@H]1CCCCO1,P00533,
CCCc1ccc(Oc2c(C)oc3cc(O)ccc3c2=O)cc1,P00533,
CCCC[C@H]1CC[C@H](C(=O)N2CC(c3cccnc3)C2)CC1,P00533,
COC(=O)c1ccccc1NC(=O)n1ncc2ccccc21,P00533,
Cc1oc(C(=O)O)cc1CNc1ncnc2ccsc12,P00533,
CN(Cc1c(Br)cnn1C)c1ncns1,P00533,
Cn1ccc(C(=O)N2CCC[C@@H](c3nc4ccccc4[nH]3)C2)n1,P00533,
CN(C)C[C@@]1(O)CCN(C(=O)c2ccc(-n3cccn3)cc2Cl)C1,P00533,
CC(=O)N[C@@H](CCS(C)(=O)=O)C(=O)Nc1cccc(F)c1,P00533,
Cc1ccc(O[C@H]2CCCNC2)c(Cl)c1,P00533,
C[C@H](Sc1ncccn1)C(=O)Nc1ccc(OCc2ccccc2)cc1,P00533,
COC[C@H](NCC1(c2ccc3c(c2)OCO3)CCOCC1)C(C)C,P00533,
CCCO[C@@H]1CCCN(C(=O)NCc2nc(-c3ccccc3Cl)no2)C1,P00533,
CCc1ncnc(O[C@@H]2CCN(C(=O)C3CCN(S(C)(=O)=O)CC3)C2)c1F,P00533,
CO[C@@H]1CN(Cc2cccnc2)CC(=O)N(Cc2ccccc2)C1,P00533,
Cc1cccc(N2CCN(C(=O)Cn3nc(-c4ccc(F)cc4)oc3=O)CC2)c1,P00533,
COc1cc(C(C)=O)ccc1OCC(=O)OCc1nc(N)c2c3c(sc2n1)CCCCC3,P00533,
O=C(Cc1ccncc1)c1ccc(Cl)cc1Cl,P00533,
COc1ccc(C(=O)[C@@H]2CCCN(Cc3cnn(C(C)C)c3)C2)cc1OC,P00533,
O=C(c1ccccc1)N1CCN(C(=O)c2cccc(S(=O)(=O)NCc3cccs3)c2)CC1,P00533,
COc1nnc(NC(=O)N2CCC[C@@H](C(N)=O)C2)s1,P00533,
O=C(CCCC(=O)Nc1nccs1)Nc1nccs1,P00533,
COCCN1CC[C@@H](N2CCN(S(=O)(=O)Cc3ccccc3Cl)CC2)C1=O,P00533,
O=C(NCc1ccc(C2CC2)nc1)c1cc2ccccc2s1,P00533,
COc1ccc(OC)c(N(CC(=O)Nc2cccc(Cl)c2Cl)S(C)(=O)=O)c1,P00533,
COc1ccc(NS(=O)(=O)c2cccc(Br)c2)cc1OC,P00533,
O=C(NC[C@@H]1CCN(c2ccc(F)c(F)c2)C1)c1ccc(O)nc1,P00533,
COc1ccc(CCNC(=O)c2cc3c([nH]c2=O)C[C@H](C)CC3=O)cc1,P00533,
COc1ccc2[nH]c(=O)c([C@@H](c3nnnn3Cc3ccccc3)N3CCc4ccccc43)cc2c1,P00533,
CN(Cc1cccnc1)C[C@H]1CCN(C(=O)c2n[nH]c3c2CCC3)C1,P00533,
O=C(COc1ccc(F)c(Cl)c1)N1CCC(C(=O)N2CCCC2)CC1,P00533,
CN1C(=O)CCC[C@H]2CN(S(=O)(=O)c3cn[nH]c3)CC[C@H]21,P00533,
Cc1ccc(NS(=O)(=O)c2c(C(=O)N3CCCCC3)c(C)n(C)c2C)cc1C,P00533,
O=C(Nc1ccccc1NS(=O)(=O)c1ccc(F)cc1)c1ccc(-c2cc[nH]n2)s1,P00533,
O=C(NCc1ccccc1)c1ccc2c(=O)n(-c3ccc(F)cc3)c(N3CCCC3)nc2c1,P00533,
O=C(Nc1ccccc1)N[C@@H]1CCS(=O)(=O)C1,P00533,
CCc1ccc(S(=O)(=O)N2CCCc3ccccc32)cc1,P00533,
Cc1cnc(N2CCC[C@H](COc3cc(C#N)ccn3)C2)nc1,P00533,
COCC(=O)N1C[C@H](C(=O)NCCc2ccccc2)CC[C@@H]1c1cccc(C)c1,P00533,
Cc1cccc(CC(=O)N2CC[C@]3(CCCN(Cc4cccnc4)C3=O)C2)c1,P00533,
COc1ccc(NC(=O)CCc2c(C)[nH]c(=O)[nH]c2=O)cc1N1CCCCC1=O,P00533,
COc1ccnc(CN2CCS(=O)(=O)CC2)c1,P00533,
Cn1ccc(C(=O)NC2CCN(c3nc4ccccc4n3C)CC2)n1,P00533,
Cc1ccc(C)c(C(=O)N2CCC[C@@H]2C)c1,P00533,
Cc1ccc(NS(=O)(=O)c2ccc(C(=O)N3CCC(C(=O)N4CCCCCC4)CC3)cc2)cc1,P00533,
Cc1cn(CCNC(=O)c2ccc3n(c2=O)C[C@H]2C[C@@H]3CN(Cc3cccs3)C2)nn1,P00533,
Cc1cc(CN2C[C@H](O)C[C@@H]2c2nc(C)no2)c2ccccc2n1,P00533,
CC(=O)N1C[C@@H]2C[C@@]3(C)[C@H](CCCC[C@@H]13)N2C(=O)c1ccnn1C,P00533,
O=S(=O)(c1ccc(-c2csc(-c3ccc(F)cc3)n2)cc1)N1CCOCC1,P00533,
O=C(NCCN1CCN(Cc2ccccc2)CC1)N1CCC[C@@]2(CCNC2)C1,P00533,
CC(=O)Nc1ccc(-c2cnn(-c3ccc(F)cc3)c2)cn1,P00533,
Cc1ccc(C)c(NC(=O)Cn2c(N3CCCCC3)nc(C)cc2=O)c1,P00533,
CCCN1CCN(C(=O)c2cc(CN3CCOCC3)on2)CC1,P00533,
O=C([C@@H]1CNc2ccnn2C1)N1Cc2ccccc2[C@H](n2cccn2)C1,P00533,
c1cnc2c(-c3cnn(C[C@@H]4CCOC4)c3)cnn2c1,P00533,
Cc1cccc(N2CCN(C(=O)CN(C)S(=O)(=O)c3cc4c(cc3C)NC(=O)CO4)C[C@H]2C)c1,P00533,
Cc1noc(C)c1S(=O)(=O)N(C)CC(=O)N1CCC(C)CC1,P00533,
CCOc1ccc(C(=O)NCC2(CN)C[C@H]3CCC[C@@H]3C2)cc1,P00533,
COc1ccc(NC(=O)[C@H]2CCS(=O)(=O)C2)cc1NS(=O)(=O)c1ccc(F)cc1,P00533,
Cc1ccc2[nH]c(CCNC(=O)[C@H](C)NS(C)(=O)=O)nc2c1C,P00533,
O=C(Nc1ccc(OCC(=O)N2CCOCC2)cc1)N[C@H]1CCSC1,P00533,
C[C@H](N)c1nnc(SCc2cccc(F)c2)o1,P00533,
CCc1nn2c(=O)cc(CN[C@H](C)Cn3cccn3)nc2s1,P00533,
O=C1NCCN(C(=O)c2ccc3c(c2)OCCO3)[C@@H]1c1cccc(F)c1,P00533,
Cc1nc(C2CC2)ncc1C(=O)N1CCSCC1,P00533,
C[C@@H](CC(=O)Nc1cc(F)ccc1F)S(=O)(=O)c1ccc2c(c1)NC(=O)CCS2,P00533,
Cc1ccc([C@H](O)CN2CCO[C@H](Cn3cncn3)C2)cc1C,P00533,
CN[C@@H](C)c1cc(F)ccc1Oc1cccc(F)c1,P00533,
COC(=O)c1cc(NS(=O)(=O)c2cnn(C)c2C)nn1C,P00533,
COc1cc(NC(=O)c2c(C)ccn(C[C@H]3CCCNC3)c2=O)ccc1F,P00533,
CCN1CCC(CNC(=O)NCc2ccccc2Oc2ccccc2)CC1,P00533,
CS(=O)(=O)c1cn[nH]c1[C@H]1COCCN1C(=O)c1cscn1,P00533,
C[C@H]1CCc2nc(NC(=O)CCn3cnc4ccccc43)sc2C1,P00533,
Cc1cnc(N)nc1NCC1(Cn2ccnc2C)CC1,P00533,
COc1ccc(CNC(=O)c2cc3c(-c4ccc(Cl)cc4)nn(C)c3s2)cc1,P00533,
CCOc1cc(C#N)ccc1OCC(=O)NC(C)C,P00533,
COc1ccc([C@H](C(=O)NC2CCCC2)N(Cc2ccco2)C(=O)c2ccco2)cc1OC,P00533,
CC(=O)N1CCN(C(=O)Cc2ccccc2C)C[C@H]1c1ccccc1,P00533,
FC(F)(F)c1ccc2nnc(-c3nccs3)n2c1,P00533,
Cc1ccc(Cl)c(OC[C@]2(O)CCCN(C(=O)Cn3nc(C)cc3C)CC2)c1,P00533,
Cc1nnc(CNc2ccc(C(F)(F)F)cn2)n1C1CC1,P00533,
COc1ccc([C@@H]2CN(C(=O)CC3CC3)CCN2C)cc1,P00533,
CCc1ccc(CN2CCN(CC(C)C)[C@@H](CCO)C2)o1,P00533,
Cc1nnc(SCc2nc(C(C)(C)NC(=O)OC(C)(C)C)no2)s1,P00533,
Cn1nc(C(F)(F)F)cc1C(=O)N[C@@H](Cc1ccccc1)[C@H]1C[C@H](O)C1,P00533,
O=C(COc1ccc(Cl)cc1)N1CCC[C@@H](Oc2cccnn2)C1,P00533,
Cc1noc([C@]23CCC[C@H]2CN(C(=O)Cc2cnccc2C)C3)n1,P00533,
COc1cccc2cc(C(=O)NCCn3ccnc3C)oc12,P00533,
Cc1cc(C(=O)N[C@@H]2CCCOC2)c2cccc(Cl)c2n1,P00533,
CCC(CC)[C@@H](CNC(=O)c1nn(-c2ccccc2F)c(C)cc1=O)N1CCOCC1,P00533,
CC(C)[C@@H](NC(=O)CCCn1c(=O)oc2ccccc21)c1cccs1,P00533,
CN(CCO)C(=O)c1ccc(OC2CCN(CC(C)(C)C)CC2)c(Cl)c1,P00533,
CS(=O)(=O)N1CC(C(=O)NCCc2ccc(OC(F)(F)F)cc2)C1,P00533,
Cc1nonc1CNC(=O)N(C)[C@H]1C[C@H](Oc2ccccc2)C1(C)C,P00533,
COc1cccc2c1CCC[C@H](NC(=O)Cn1ccnc1C)C2,P00533,
Cc1noc(C)c1-c1cnc(CC[C@H]2CCCN2CCC(N)=O)cn1,P00533,
Cc1ccccc1C(=O)c1ccc(F)cc1Cl,P00533,
O=C(N[C@@H]1CCN(Cc2cccnc2)C[C@H]1O)c1ccc2ncsc2c1,P00533,
C[C@@H](c1ccccc1)N1CCC[C@H](CO)C1,P00533,
COc1ccc([C@H]2C(=O)N(C3CCCCCC3)CC(=O)N2C2CCCCC2)cc1OC,P00533,
O=C(NCCN1CCC(Cc2ccccc2)CC1)c1nn(CC2CC2)c2c1COCC2,P00533,
Cc1cc(C)c(C#N)c(-c2cccnc2N(C)C)n1,P00533,
COc1ccc(CNS(=O)(=O)c2cc(-c3nc(-c4ccccc4)cs3)n(C)c2C)cc1,P00533,
O=C(CC1CCCCC1)Nc1cccc2c1NCCC2,P00533,
CCn1c([C@@H](C)N2CCCCC2)nc2ccccc21,P00533,
CC[C@H](Oc1ccc(C)cc1)C(=O)Nc1ccc(S(N)(=O)=O)cc1,P00533,
COn1c(S[C@@H](C)C#N)nc2ccccc2c1=O,P00533,
COc1cc(C(=O)Nc2ccc(S(=O)(=O)N3CCCCC3)cc2)ccc1OCC(C)C,P00533,
COc1ncc(Cl)cc1C(=O)Nc1ccc2c(c1)OCCO2,P00533,
FC(F)(F)c1nc2cc3c(cc2[nH]1)OCCCO3,P00533,
Cc1n[nH]cc1CN1CCC[C@H](c2cncc(-n3ccnc3)n2)C1,P00533,
FC(F)(F)[C@@H](C1CC1)N1CCNCC1,P00533,
Cc1cc(C)c(NC(=O)Cc2ccc(C(F)(F)F)cc2)cc1C,P00533,
Cc1ccc2nc(-c3ccc(F)cc3)nc(SCC(=O)NC3CC3)c2c1,P00533,
COc1ccc(-c2ccc(OC)c(F)c2)c(OC)n1,P00533,
CC[C@H](NC(=O)c1ccc(-c2c(C)n[nH]c2C)cc1)c1cnn(C)c1,P00533,
COc1cccc(CNC(=O)[C@@H](C)NC(=O)c2cc3c(C)nn(C)c3s2)c1,P00533,
COc1ccc(C)cc1NC(=O)N1CCN(C)[C@@]2(CCC(=O)N(C)CC2)C1,P00533,
Cc1nc2cc(NC(=O)c3cc(F)cc(F)c3)ccc2s1,P00533,
N#Cc1ccccc1NC(=O)CSc1ncccn1,P00533,
O=C(Nc1cccc(CN2CCCCC2)c1)C1(n2cnnn2)CCCCC1,P00533,
O=C(NC[C@H]1CCCO1)Nc1ccc(NC(=O)c2n[nH]c3ccccc23)cc1,P00533,
Cc1cccc(OCC(=O)N2CCC[C@@H](c3nccn3CC3CC3)C2)c1C,P00533,
Cc1ccccc1CNC(=O)[C@@H]1CCCN1S(=O)(=O)c1cc2c(cc1C)NC(=O)[C@@H](C)O2,P00533,
O=C(O)c1ccccc1CN1CCC[C@@H](Cn2ccnc2)C1,P00533,
Cc1cccc(-n2nc(C)c3sc(N4CCC(NC(=O)COc5ccc(Cl)cc5)CC4)nc32)c1,P00533,
CC(C)c1cc(C(=O)N(C)[C@@H](C)c2ccon2)nc2ncnn12,P00533,
CCOc1cc(CNC(=O)c2cccn2-c2cccnc2)cc(OCC)c1OCC,P00533,
CN(C)CCn1cc(-c2cnc3c(c2)CCN3C)cn1,P00533,
CN1CCc2[nH]cnc2C12CCN(Cc1cc3c(cc1Cl)OCO3)CC2,P00533,
O=C(NCC1(Cc2ccccc2)CCC1)N1CCC(CO)CC1,P00533,
COc1c(F)cc(C(=O)N2C[C@@H]3C[C@H](C2)c2ccc(CN(C)C)c(=O)n2C3)cc1F,P00533,
N#C[C@H](c1nc2ccccc2nc1N1CCN(Cc2ccccc2)CC1)S(=O)(=O)c1ccccc1,P00533,
CC(C)(C)[C@H]1CN(C(=O)c2ncncc2Cl)CCO1,P00533,
O=C(N[C@@H]1CCCc2ccccc21)c1cccc2c1OCC2,P00533,
Cc1ccc([C@H](C#N)C2CCCCC2)cc1,P00533,
Cn1cnc(S(=O)(=O)N2CCC3(CC2)CN(Cc2cccnc2)C3=O)c1,P00533,
CCCOC(=O)Nc1ccc(C(=O)OCCC)cc1,P00533,
Cc1nnc(CN(C)C(=O)c2ccc3c(c2)C(C)(C)C(=O)N3)o1,P00533,
Cc1cnc(C2CCOCC2)n1CCNC(=O)c1cccc(C#N)c1,P00533,
Cc1nc(CC(=O)N(Cc2cccnc2)C[C@H]2CCNC2)cs1,P00533,
CCOc1ccc(-c2cc3c(=O)n(Cc4nc(-c5ccc6c(c5)OCO6)no4)ccn3n2)cc1,P00533,
O=C(CSCC(=O)N1CCCCC1)Nc1nc(-c2ccc(Cl)s2)cs1,P00533,
O=C(CN1CCN(C(=O)[C@H]2CCCO2)CC1)Nc1c(Cl)cccc1Cl,P00533,
CCNS(=O)(=O)c1ccc(NC(=O)[C@@H]2CC(=O)N(c3ccc(OCC)cc3)C2)cc1,P00533,
Cc1cc(C)cc([C@H](C)NC(=O)NCC2CCOCC2)c1,P00533,
CN1C(=O)C[C@@H](C(=O)Nc2ccc(N3CCCCC3)cn2)[C@H]1c1ccnn1C,P00533,
COc1cc(CN(C[C@H]2CCCO2)C(=O)c2cc(-c3ccc(C)cc3)on2)cc(OC)c1OC,P00533,
COC(=O)C1([C@]2(O)CCN(C(=O)OC(C)(C)C)C2)CCC1,P00533,
COc1cccc(NC(=O)OC(C)(C)C)c1[C@H](C)O,P00533,
CCCOc1ccc2ccccc2c1CN(C)S(=O)(=O)c1ccc(OC)c(NC(C)=O)c1,P00533,
NS(=O)(=O)c1ccc(CCC(=O)N2CCC(c3nc4ccccc4o3)CC2)cc1,P00533,
COC[C@@H](C)N(C)C(=O)c1ccc(N(C)C)cc1,P00533,
O=C1NCCN(C(=O)C(F)(F)c2c(F)cccc2F)[C@@H]1c1ccccc1,P00533,
CC(C)NC(=O)CN1c2cccnc2-n2cccc2[C@]12CCN(C(=O)[C@H]1C[C@H](F)C1)C2,P00533,
Cc1cc(CN2C[C@@H]3C[C@H](N(C)C)CN3C(=O)[C@@H]2C)n(C)n1,P00533,
CNC(=O)[C@H]1CCCCN1C(=O)c1cnc(-c2ccccn2)s1,P00533,
Cn1ccc(CC(=O)NCCc2nc(C(=O)O)cs2)n1,P00533,
Cn1cccc1[C@H]1COCCN1C(=O)COc1ccccc1Cl,P00533,
C=C(c1ccccc1)c1nc(N)nc2nc[nH]c12,P00533,
C[C@@H]1CN(C(=O)NCc2ccc(F)cn2)Cc2ccccc2O1,P00533,
CC1CC(C(=O)N2CC[C@@H]3OCCN(S(C)(=O)=O)[C@H]3C2)C1,P00533,
Cc1noc(C)c1CCC(=O)N1CCCC[C@@H]1c1cc(C(N)=O)[nH]n1,P00533,
Cc1nc([C@@H](N)C(C)C)n(CC(=O)N2CCc3ccccc3CC2)n1,P00533,
Cc1cnccc1N1CCC[C@@](O)(Cc2nncn2C)C1,P00533,
CCc1n[nH]c(C(=O)N2CCOCC2)c1Br,P00533,
Cc1noc([C@@]23CCO[C@@H]2CCN(S(=O)(=O)c2cccnc2)C3)n1,P00533,
Cc1ccc(CNc2nnnn2C)s1,P00533,
COc1ccc(CNC2CC(F)(F)C2)cc1,P00533,
CNC(=O)[C@@H](NC(=O)Cn1ccnc1-c1ccccc1)c1ccccc1,P00533,
O=C(Nc1ccc(OC2CCN(C(=O)c3c[nH]c4ccccc34)CC2)nc1)C1CCC1,P00533,
COc1ccc(CN2C(=O)[C@@H](CC(=O)Nc3ccc4c(ccn4C)c3)N=C2O)cc1OC,P00533,
Cc1cc(C)cc(N2CCN(C(=O)Cn3ccnn3)CC2=O)c1,P00533,
Cc1cccc(S(=O)(=O)c2ccc(=O)n(CC(=O)Nc3ccc(F)cc3F)n2)c1,P00533,
Cc1cccc(NS(=O)(=O)c2ccc(Cl)c(C(=O)NC[C@@H]3CCN(c4ccccc4)C3)c2)c1,P00533,
CCOC(=O)c1cc2cc(C)ccc2o1,P00533,
N#Cc1ccc(N2CCCCC2=O)cc1,P00533,
CCOc1ccccc1C(=O)NCC(=O)O[C@@H](C(N)=O)c1ccccc1,P00533,
Cc1cc2c(C)nc(SCc3ccccc3)nc2o1,P00533,
COc1ccc(CC(=O)N[C@H](C)c2cccc(Cl)c2)c(OC)c1,P00533,
Cc1ccccc1CNC(=O)c1csc(-c2ccc(N3CCSCC3)nc2)n1,P00533,
Cc1ccc(C)c(-c2nc(C)sc2C)c1,P00533,
O=C(c1ccc(-c2ccccc2)cc1)N1CCCCCC1,P00533,
Cc1cccc(OCCN2C(=O)CN(CCc3ccccc3)C(=O)[C@H]2C)c1C,P00533,
Cc1ccc(F)c(NC(=O)N2CCOC[C@H]2c2c(C)nn(C)c2C)c1,P00533,
Cc1ccccc1-c1noc(-c2sccc2S(=O)(=O)N(C)c2ccc(F)c(F)c2)n1,P00533,
C[C@H]1CSc2ccc(S(=O)(=O)CCC(=O)Nc3ccc(F)c(Cl)c3)cc2NC1=O,P00533,
COc1ccc(OC)c(CNC(=O)[C@H]2CCCN(c3nccn4nc(-c5ccc(C)c(C)c5)cc34)C2)c1,P00533,
COc1ccc(OC)c([C@@H](C)N[C@H](C)C(=O)Nc2cc(C)on2)c1,P00533,
Cc1noc([C@H]2CN(C(=O)c3cccs3)C[C@H]2c2ccccc2)n1,P00533,
COCCN(Cc1ccncc1)C(=O)c1ccc(-c2noc(C3CC3)n2)cc1,P00533,
Cc1cc(C)c(NC(=O)CC2CCCC2)cn1,P00533,
O=C(OCc1nnc(-c2ccccc2)o1)c1cccc(C(F)(F)F)c1,P00533,
O=C(N[C@@H](CO)C1CCC1)c1ncc(C(F)(F)F)cc1Cl,P00533,
C[C@H](Sc1nc(CC(=O)Nc2ccc(-c3cccc(C(F)(F)F)c3)cn2)cs1)C(N)=O,P00533,
COc1ccc(N2C[C@@H](c3nc(-c4ccccc4C)no3)CC2=O)cc1Cl,P00533,
COC[C@@H]1[C@H](C(=O)NCc2ccccc2OC)CCCN1Cc1ccccc1,P00533,
CC(C)Cn1cc(CN2CCO[C@H](c3nncn3C)C2)cn1,P00533,
C[C@@]1(CO)CCC[C@H]1Nc1ccc(C#N)cn1,P00533,
CN1[C@@H]2CC[C@H]1C[C@H](OC(=O)[C@H]1C=Nc3ccccc31)C2,P00533,
O=C(Nc1ccc(-n2nnn(CC(=O)N3CCOCC3)c2=O)cc1)c1ccsc1,P00533,
COc1cccc(F)c1-c1ccc(S(C)(=O)=O)c(F)c1,P00533,
Cc1nnsc1C(=O)N1C[C@H]2CC[C@@H]1CN(C(=O)C1CCC1)C2,P00533,
COc1ccc([C@@H]2CCN(C(=O)Cc3ccc(-c4ccccc4)cc3)C2)cc1,P00533,
Cc1n[nH]c2c1C[C@H](NC(=O)C[C@H]1CNCC(C)(C)O1)CC2,P00533,
CCc1ncnc(N2CC(C(=O)NC(C)C)C2)c1F,P00533,
O=C(Cc1ccco1)N1C[C@@H]2COC[C@]2(COc2cccnc2)C1,P00533,
Cc1cc(C)cc(OCC(=O)Nc2ccc3[nH]c(=O)[nH]c3c2)c1,P00533,
CCCn1nc(C(=O)N2C[C@H](C)C[C@H](C)C2)ccc1=O,P00533,
COc1ccc(C(=O)Nc2ccc(Oc3nc4ccccc4n4cnnc34)cc2)cc1OC,P00533,
CCOc1ccc(N2C[C@@H](NC(=O)Cc3cccs3)CC2=O)cc1,P00533,
CC(C)(C)c1noc([C@H]2CC(=O)N(Cc3ccco3)C2)n1,P00533,
O=C(Cn1c(=O)c2cccnc2n(-c2ccccc2)c1=O)Nc1cccc(F)c1,P00533,
COc1ccccc1-c1nc(-c2ccccc2OCC(=O)Nc2ccccc2C)no1,P00533,
Cc1ccc(Nc2nnc(Cc3ccc(Cl)cc3)c(O)n2)c(C)c1,P00533,
Cc1cc(Oc2ccc(F)cc2)nc([C@@H]2CCCCN2C(=O)c2ccnc(-c3cncnc3)c2)n1,P00533,
COc1ccc(NC(=O)CSc2nc3ccsc3c(=O)n2-c2ccccc2OC)c(OC)c1,P00533,
Cc1ccc(C)c(NCC(=O)Nc2ccccc2C(=O)NC2CC2)c1,P00533,
CCCN(CCC)CCNC(=O)c1ccc(Br)cn1,P00533,
O=C(COc1ccc(Br)cc1F)NC1CCC(C(F)(F)F)CC1,P00533,
CS(=O)(=O)N1CCC[C@H](C(=O)NCc2ccccc2F)C1,P00533,
CC(C)(C)OC(=O)N1CC2(CN)CC1(C)C2,P00533,
O=C1N(Cc2ccccc2F)CCC[C@]12CCN(Cc1ccc3nonc3c1)C2,P00533,
Cc1ccc(N(CC(=O)NCCN2CCOCC2)S(C)(=O)=O)c(C)c1,P00533,
O=C(c1ccsc1)N1CCC[C@@H]1c1cccc(CN2CCCC2)n1,P00533,
O=C(O)c1noc([C@@H]2[C@@H]3CCCC[C@@H]32)n1,P00533,
Cc1ccc(C(=O)N2CCC[C@@H](c3nc(C)ncc3COCc3ccccc3)C2)cn1,P00533,
COC(=O)C1(NC(=O)OC(C)(C)C)COC1,P00533,
COc1ccc(CCNC(=O)CSc2nc(=O)[nH]cc2C)cc1,P00533,
CCOc1ccc(N(CC(=O)Nc2ccc(CC)cc2)S(=O)(=O)c2c(C)noc2C)cc1,P00533,
Cc1ccccc1-n1ncc(NC(=O)NC2CCN(CC3CC3)CC2)c1C(C)C,P00533,
CCc1cc(C(F)(F)F)n2nc([C@H]3CCCN3C(=O)C[C@H]3C(=O)NCCN3C)cc2n1,P00533,
CCn1c(=O)c(C(=O)Nc2cc(Cl)c(OC)cc2OC)nc2cc(C)c(C)cc21,P00533,
CC(C)Cn1cc([C@H]2C[C@@H]2C(=O)OC(C)(C)C)cn1,P00533,
Cc1ccc(-n2nnc(C(=O)NC3CCCCCCC3)c2C)cc1C,P00533,
Cc1ccc2nc(NC(=O)CSc3nc4c(c(=O)n3Cc3ccccc3)SCC4)sc2c1,P00533,
Cc1noc([C@H](NC(=O)c2ccc(F)cc2)C(C)C)n1,P00533,
c1csc(CNc2nnc(-c3nc(C4CC4)no3)c3ccccc23)c1,P00533,
Cc1cccc(N2C[C@@H](O)[C@H](NC(=O)c3ccccn3)C2)n1,P00533,
C[C@@H]1CCc2c(sc3nc(CN4CCCCC4)[nH]c(=O)c23)C1,P00533,
COC(=O)c1ccccc1O[C@@H]1C[C@@H]2CN(C(=O)Cn3ccc(=O)cc3)C[C@@H]2C[C@H]1O,P00533,
O=C(N[C@@H](c1ccccc1)c1ccc(Br)cc1)c1cnccn1,P00533,
CCn1c(S[C@@H](C)C(=O)c2ccc(NS(C)(=O)=O)cc2)nnc1-c1cccs1,P00533,
COC(=O)c1cc(O)cc(C(=O)NC2(CO)CCCCCC2)c1,P00533,
O=C(CCC(=O)c1ccc2c(c1)CCCC2)Nc1ccc2c(c1)OCO2,P00533,
O=C(NC1CCN(Cc2ccccc2)CC1)C1(c2ccccc2)CCOCC1,P00533,
C(=Cc1nc(-c2ccc3c(c2)OCO3)no1)c1ccccc1,P00533,
Cc1cc(Cl)ccc1CN1CC[C@@H]([C@H](C)O)C1,P00533,
COc1ccc(F)cc1C(=O)N1CCC(c2ccnc3ccnn23)CC1,P00533,
CC1CCN(c2nc3ccccc3nc2SCC(=O)NC[C@H]2CCCO2)CC1,P00533,
COc1ccc(OC)c(-c2ccc(OC)nc2C)c1,P00533,
N#Cc1cccc(COC(=O)c2csc(NCc3ccccc3)n2)c1,P00533,
Cc1nc2c(s1)[C@H](N(C)Cc1ccc(F)cc1C(=O)O)CCC2,P00533,
Cc1cc(Br)c2c(c1)CCCN2C(=O)c1coc(C)n1,P00533,
COC(=O)c1ccc(C(=O)OC)c(S(=O)(=O)Nc2ccc3c(c2)CCC3)c1,P00533,
CCOc1ccccc1CNC(=O)C1CCN(S(=O)(=O)c2c(C)noc2/C=C/c2ccccc2F)CC1,P00533,
CN(C)S(=O)(=O)N(C)c1ccc(C(=O)N2CCCC(C)(C)C2)cc1,P00533,
CCCCn1ccc2c(nnc3c(-c4ccccc4)c(CC)nn32)c1=O,P00533,
N#Cc1cnn(-c2ccccc2)c1NC(=O)CSc1nnc(-c2ccco2)n1-c1ccc(F)cc1,P00533,
Cc1cccc(CSc2ncc(Cl)c(C(=O)NCCC(=O)O)n2)c1,P00533,
O=C(COC1CCCC1)Nc1ccc2nc(C3CC3)sc2c1,P00533,
CCCn1c(=O)c2sccc2n(CC(=O)N2CCCC2)c1=O,P00533,
Nc1c(C(=O)c2ccccc2)sc2nc3c(cc12)N1CCC3CC1,P00533,
C[C@H](C(=O)N1CCCN(CC(=O)O)CC1)c1ccccc1,P00533,
O=C(NC1CCN(C[C@@H](O)COCc2ccco2)CC1)c1ccccc1,P00533,
Cc1ccc([C@H](c2cccs2)N2CCNCC2)s1,P00533,
C=C(C)c1cccc(C(C)(C)NC(=O)Nc2ccc(F)cc2)c1,P00533,
CN1CCC[C@H](c2nc([C@H]3CCC(=O)N(CC4CCCC4)C3)no2)C1,P00533,
CCOC(=O)c1c(C)c(C(=O)NCc2ccco2)c(C)n1Cc1ccccc1,P00533,
Cc1noc(C)c1C[C@H](C)C(=O)NCc1cc(COC(C)(C)C)on1,P00533,
CCS(=O)(=O)Nc1ccc2c(c1)CCC(=O)N2CCC(C)C,P00533,
Cc1noc(C)c1CCC(=O)NC[C@@H](C(C)C)N1CCc2ccccc2C1,P00533,
O=C(Nc1cccc(C(F)(F)F)c1)c1cccc(Nc2ncccn2)c1,P00533,
O=C(NCc1ccnc(N2CCCC2=O)c1)NCc1cccs1,P00533,
N#Cc1ccc(OCC(F)F)cc1Br,P00533,
CCN(CC)C(=O)N1C[C@@H](C)O[C@H](C)C1,P00533,
O=C(CNC(=O)c1ccc(Cl)cc1)Nc1ccc(Cl)c(Cl)c1,P00533,
O=C1C[C@H](c2cccnc2)C2(CCN(Cc3ccco3)CC2)N1,P00533,
Cc1cc(-c2ccc3c(=O)ccoc3c2)ccn1,P00533,
CCOC(=O)N1CCN(C2=NC(=O)[C@H](C#N)C3(CCCCC3)N2)CC1,P00533,
CCC(CC)C(=O)c1cc(Br)ccc1F,P00533,
COC[C@H](NC(=O)N1CCS(=O)(=O)CC[C@@H]1C)c1ccccc1,P00533,
CC(C)(C)OC(=O)N1CC[C@H]2NC(=O)C[C@@H]2C1,P00533,
CC(=O)Nc1ccc(C(=O)Nc2ccc(Br)cc2)cc1,P00533,
CC(=O)c1ccc(-c2n[nH]c3cc(F)ccc23)cn1,P00533,
Cn1cc(Cl)cc1C(=O)N[C@@H](c1cccc(F)c1)c1cccc(Cl)c1,P00533,
COc1ccc(-c2noc(CCC(=O)Nc3cc(OC)c(Cl)cc3OC)n2)cc1,P00533,
COc1ccnc(N2CCC[C@@H](Nc3nccc(C)n3)C2)n1,P00533,
O=C(NCc1ccc(C(F)(F)F)cc1Br)[C@H]1CN(Cc2ccccc2)CCO1,P00533,
CCOC(=O)c1ncc(CN2CCCC[C@H]2C[C@H](C)O)s1,P00533,
COCc1ccc(C(=O)Nc2ccc(-c3nc(CNC(=O)c4[nH]c(C)cc4C)c(C)o3)cc2)o1,P00533,
C[C@@H](CC(F)(F)F)C(=O)N1CCCC[C@H]1c1nc(-c2ccccc2)c[nH]1,P00533,
COc1cc(C(F)(F)F)ccc1-c1c(F)cccc1C#N,P00533,
Cc1cc(CN(C)Cc2ccc(C)c3ncccc23)n[nH]1,P00533,
CCOc1ccc(NS(=O)(=O)c2cc3c(cc2Cl)N(C(C)=O)CCO3)cc1,P00533,
O=C(Nc1cnn(COc2ccc(F)cc2Cl)c1)c1ccc2c(c1)OCO2,P00533,
COC(=O)c1cc2n(n1)C[C@](C)(C(=O)N[C@H]1CC[C@@H](C)CC1)N(Cc1cccc(C)c1)C2=O,P00533,
CC(C)(C)SCC(=O)Nc1cccc(S(=O)(=O)N2CCc3sccc3C2)c1,P00533,
CN(C)c1cccc(C(=O)N2[C@@H]3CC[C@H]2C[C@H](S(=O)(=O)c2ccccc2)C3)c1,P00533,
O=C(O)c1ccc(-c2cc(F)cc(Cl)c2)c(F)c1,P00533,
O=C(COc1ccc(Cl)cc1)Nc1ccc(N2CCN(Cc3ccccc3Cl)CC2)nc1,P00533,
Cc1cccc(OCc2nnc(SCc3cc(=O)c4cc(C)ccc4[nH]3)n2C)c1,P00533,
NCC1(c2ccc(C(F)(F)F)cc2)CCOCC1,P00533,
CC(C)c1ccc(NC(=O)[C@@H](NC(N)=O)C(C)C)cc1,P00533,
COc1ccc(CNS(=O)(=O)Cc2ccccc2Cl)cc1,P00533,
COc1cc([C@H]2NC(=O)Nc3c2c(=O)[nH]c(=O)n3C)cc(OC)c1OC,P00533,
COc1ccc(CNC(=O)c2cc(OC)ncc2Br)cc1,P00533,
Cc1cc(C2CCNCC2)oc(=O)c1C(=O)Nc1ccn(C)n1,P00533,
NC(=O)c1ccc(O[C@@H]2COCC[C@H]2NC(=O)c2ccc(CO)cc2)cc1,P00533,
CC(C)CCNC(=O)[C@H](c1ccncc1)N(C(=O)Cn1nnc2ccccc21)c1ccccc1F,P00533,
CC(C)[C@@H]1CN(C)CCN1C(=O)c1csc(-c2cnn(C)c2)n1,P00533,
Cc1cc(C)cc(C(=O)N2CCC[C@@H](C(=O)NCCc3ccccc3)C2)c1,P00533,
O=C1CC[C@H](c2nc(-c3ccc4[nH]cnc4c3)no2)CN1Cc1ccccn1,P00533,
CN(C)[C@@H](CNC(=O)c1cc(S(=O)(=O)N(C)c2ccccc2)ccc1Cl)c1cccs1,P00533,
COC(=O)c1c[nH]c2cc(F)cc(Br)c12,P00533,
C[C@@H]1Cc2cc(CNC(=O)c3ccc4ccn(C)c4n3)ccc2O1,P00533,
Cc1cc(C)nc(Nc2cc(C)nc([C@H]3CCN(C(C)C)C3)n2)n1,P00533,
Cc1cccc(N2CCN(C(=O)c3cnn4c(C(F)F)cc(-c5ccccc5)nc34)CC2)c1C,P00533,
O=C(COc1ccc(Br)cc1)N1CC(O)=Nc2ccccc21,P00533,
Cc1ccc([C@H]2C[C@@H](C)CCN2C(=O)c2cnc3c(c2)c(C)nn3C)o1,P00533,
CCOC(=O)CCSc1cc(Cl)ccn1,P00533,
Cc1nc2c(C)cccn2c(=O)c1NC(=O)c1cccc(C(F)(F)F)c1,P00533,
C[C@@H]1CCc2c(sc3ncnc(N4CCCC4)c23)C1,P00533,
CC(=O)Nc1ccc(CCn2cc(-c3ccc([C@@H]4CCCN4)cc3)nn2)cc1,P00533,
O=C(c1cnccn1)N1CCC(N2CC[C@@H](Cc3cc(F)cc(F)c3)C2)CC1,P00533,
O=C(O)Cc1c2ccccc2n2c1[nH]c(=O)c1ccccc12,P00533,
Cc1n[nH]c2ccc(-c3cncc(N[C@@H](CO)c4ccccc4)c3)cc12,P00533,
CC(=O)Nc1c(C)nc2ncnn2c1O,P00533,
O=C(NCC[C@@H]1CCCO1)c1ccc(F)cc1Br,P00533,
O=C(N[C@@H](C1CCC1)C1CC1)c1csnn1,P00533,
O=C(NCc1cc(Cl)cc(Cl)c1)c1cncc(Cl)c1,P00533,
COc1cc2c(C(=O)NCc3ccc(F)cc3)cn(CC(C)C)c(=O)c2cc1OC,P00533,
CCN(CC)Cc1cc(CN2CCC[C@](C)(C#N)C2)ccc1OC,P00533,
Oc1cc([C@H]2CCCN(Cc3cccnc3)C2)nc(-c2ccncc2)n1,P00533,
C[C@@H]1CN(Cc2ccccc2)CC[C@H]1N,P00533,
CCCNC(=O)CSc1nnc2c(n1)[nH]c1ccccc12,P00533,
CS(=O)(=O)Nc1ccccc1C(=O)Nc1ccc(S(=O)(=O)N2CCCCCC2)cc1,P00533,
Cc1nnc(C(=O)N2CCC3(CC2)C[C@@H](O)CN(Cc2nccs2)C3)o1,P00533,
CN(CCN1CCCCC1=O)Cc1ccc2cc(O)ccc2c1,P00533,
CC(=O)Nc1ccn([C@H]2CCN(C[C@H](O)C(C)C)C2)n1,P00533,
O=C1CC[C@@H](c2ccc(-c3cnn(C4CC4)c3)cc2)N1,P00533,
O=C1CSc2ccccc2N1CC(=O)N1CCc2sccc2[C@H]1c1ccccc1,P00533,
O=C(CCn1cccn1)N1CCC[C@H](OCc2cccnc2)C1,P00533,
Cc1n[nH]cc1CN1CCOC[C@H]1c1ccco1,P00533,
CCn1nccc1C(=O)N1CCCC[C@@H]1C,P00533,
CN(C)Cc1cc(O[C@@H]2CCN(C(=O)c3ccon3)C2)ccn1,P00533,
CCOc1ccc(NC(=O)Cn2cc(C(=O)c3ccc(CC)cc3)c(=O)c3ccc(C)nc32)cc1,P00533,
COCC(=O)N(C)CC(=O)N1N=C(c2cccs2)C[C@H]1c1ccc(F)cc1,P00533,
COc1cc(-c2nn[nH]c2C)cc(OC)c1OC,P00533,
Cc1cc(C)cc(NC(=O)N[C@@H]2CC(=O)N(C3CC3)C2)c1,P00533,
CCOC(=O)c1sc2nc3c(cc2c1N)CO[C@H](C(C)C)C3,P00533,
Cc1cc2n(n1)CCN(Cc1ccc(-c3ccc4c(c3)NC(=O)CO4)cc1)C2,P00533,
CCN(Cc1cccc2nonc12)C[C@@H]1CCCCO1,P00533,
O=C(CC1CCCCC1)Nc1cccnc1,P00533,
CCn1ccnc1CSc1nnc(-c2ccc(OC)cc2)[nH]1,P00533,
Cc1noc(C2CCN(C(=O)Cc3csc(C(C)C)n3)CC2)n1,P00533,
COc1c(C)cccc1CN[C@H](Cc1cccs1)c1nccs1,P00533,
CCCn1cc(C(=O)N2C[C@H](O)C[C@@H]2c2cccc(OC)c2)cn1,P00533,
COC(=O)NCC(=O)N(C)C1c2ccccc2-c2ccccc21,P00533,
COC(=O)[C@@H]1C[C@@H](F)CN(C(=O)OC(C)(C)C)C1,P00533,
CCOc1cc2c(cc1CNC(=O)C[C@H]1Sc3ccccc3NC1=O)O[C@@H](C)C2,P00533,
O=C(c1cc(-c2ccccc2O)[nH]n1)N1CC[C@@](O)(Cc2ccc(F)cc2)C1,P00533,
CCOc1ccc(Nc2oc(COc3ccccc3Cl)nc2C#N)cc1,P00533,
COc1cccc([C@H](NC(=O)c2sc(C)nc2C)c2nccn2C)c1,P00533,
CCS(=O)(=O)N[C@@H]1CCCN(C(=O)c2nn(-c3ccccc3F)c(C)cc2=O)C1,P00533,
CCOC(=O)[C@@H](C)NC(=O)Cc1coc2cc(C)ccc12,P00533,
CC(=O)N(C)c1ccc(S(=O)(=O)N2CCOC[C@@H]2C(=O)O)cc1,P00533,
Cc1nc(-c2ccccc2)sc1-c1cc(=O)[nH]c(SCC(=O)Nc2ccccc2)n1,P00533,
Cc1occc1CN(C)C(=O)[C@@H]1CCC(=O)N1Cc1cccc(C#N)c1,P00533,
Cc1nnc2n1C[C@@H](NC(=O)N1CC[C@H](Cc3ccc(F)cc3)C1)CC2,P00533,
CC(=O)N1CCC(c2cccc(N3C(=O)OCC3(C)C)n2)CC1,P00533,
Cc1nccn1CCCN1CCC[C@H](c2nnc3ccccn23)C1,P00533,
C=Cc1ccc(COc2cc(C(=O)OC)nc3ccc(F)cc23)cc1,P00533,
Cc1ccc(NC(=O)Cn2cc(-c3noc(-c4cccc(F)c4)n3)nc2C)cc1,P00533,
COc1ccc(CN2CCN(Cc3nn(C)c4c3CCC4)CC2)cc1F,P00533,
CN(C)C[C@@H]1COCCN(C(=O)c2cnc(C3CC3)[nH]c2=O)C1,P00533,
CC1(C(=O)NCc2cccc(F)c2)CCNCC1,P00533,
Cc1cn[nH]c1C[C@@H]1CCCN(C(=O)Cn2c(C)nc3ccccc32)C1,P00533,
C[C@@H](CNC(=O)N(C)Cc1c[nH]nc1-c1ccc(F)cc1)N1CCCCC1,P00533,
COc1ccc2c(Cl)c(C(=O)N3C[C@H](C)O[C@@H](C)C3)sc2c1,P00533,
CCn1ccnc1C1CCN(C(=O)[C@H]2CC(=O)N(CCN(C)C)C2)CC1,P00533,
CCC[C@@H](C)c1cc(C)c(C(=O)Nc2cc(C(N)=O)ccc2F)c(=O)o1,P00533,
Cc1cc(CN2CCC3(CCc4ccccc43)CC2)on1,P00533,
CN(C)[C@H](C(=O)NCc1nc2ccc(Cl)cc2[nH]1)c1ccc(F)cc1,P00533,
c1ccc(-n2nnnc2NCc2noc(C3CC3)n2)cc1,P00533,
O=C(CN1C(=O)CCc2ccccc21)N[C@@H](c1ccccc1)c1cccc(Br)c1,P00533,
CC[C@H](Sc1nc(C)cc(C)n1)C(=O)Nc1ccccc1C#N,P00533,
COc1ccc(OC)c(S(=O)(=O)N[C@H]2CC(=O)N(c3ccc4c(c3)OCCO4)C2)c1,P00533,
CN(C)c1nc(Oc2ccc(C(=O)OCC(=O)Nc3ccccc3)cc2)nc(N(C)C)n1,P00533,
CCn1nc(C)c(CN2CCC(OCc3ccc(F)cc3)CC2)c1C,P00533,
Cc1ccc(F)c(NC(=O)CSc2nnc(CN(c3ccc(F)cc3)S(C)(=O)=O)n2C)c1,P00533,
O=C(NCC(=O)N1CCC[C@@H](C2CCC2)CC1)c1ccc(O)cc1,P00533,
O=C(OCc1cc(Cl)c2c(c1)OCCO2)c1csc(-c2ccsc2)n1,P00533,
Cc1n[nH]c(O)c1C(c1cccc(F)c1)c1c(C)n[nH]c1O,P00533,
CN(C)S(=O)(=O)c1ccc(CNC(=O)COc2ccc(Cl)cc2)s1,P00533,
Cn1c(=O)oc2cc(S(=O)(=O)N(CCc3ccccc3)Cc3ccccc3)ccc21,P00533,
COCCN1CCC[C@@]2(CCN(CC(=O)NCc3ccccc3C)C2)C1=O,P00533,
CCOc1ccccc1CNC(=O)Cn1nc2n(c1=O)C(=O)N(c1ccc(OC)cc1)C2,P00533,
O=C(Cc1ccc2c(c1)CCO2)NCC1CCOCC1,P00533,
COc1cc(NC(=O)CN2CCN(c3cccc(C)c3)CC2)cc(OC)c1,P00533,
CC[C@H](NC(=O)c1n[nH]c2ccccc2c1=O)C1Cc2ccccc2C1,P00533,
CSCCN1C[C@H]2C[C@H](O)[C@@H](NC(=O)c3cnc4ccc(C)cc4c3O)C[C@H]2C1,P00533,
COc1ccc(CC(=O)Nc2c(OC)cccc2OC)cc1,P00533,
Cc1cccc(NC(=O)N2CCCCC[C@H]2c2nc(C3CC3)no2)c1,P00533,
CC[C@@]1(C(=O)O)C[C@@H]2CC[C@H]1N2C(=O)CCc1ccncc1,P00533,
C[C@H](NC(=O)c1ccc(N2CCN(C)CC2)cc1)c1c(F)cccc1F,P00533,
COc1cccc(-n2nnc3c(=O)n(CC(=O)Nc4ccc(F)cc4F)cnc32)c1,P00533,
Cc1nc(C2CCN(C(=O)[C@H]3CNC[C@@H](C(=O)N4CCOCC4)C3)CC2)no1,P00533,
CCC(=O)N(CC(=O)N1CCCN(c2ccc(-c3ccccc3Cl)nn2)CC1)Cc1ccco1,P00533,
CN(C)S(=O)(=O)c1ccc(F)c(C(=O)N2CCN(c3ccc(F)cc3)CC2)c1,P00533,
CCc1nc(C)c(C(=O)N(C)Cc2cc(C(C)C)no2)o1,P00533,
CN1C(=O)[C@H](NC(=O)[C@H](N)c2ccc3ccccc3c2)Cc2ccccc21,P00533,
CN1C[C@@H](CN(C)c2cccc(C#N)n2)CC1=O,P00533,
C[C@@H]1CCCN(C(=O)[C@H](C)N(c2ccc3c(c2)OCCO3)S(C)(=O)=O)C1,P00533,
Cc1sc(NC(=O)CN2CCCC2)nc1-c1ccc2c(c1)CCN2C(=O)CC(C)(C)C,P00533,
CC(C)(C)OC(=O)NCc1ccc(CNC(=O)OC(C)(C)C)cc1,P00533,
CS(=O)(=O)Nc1cccc(-c2nc(C(N)=O)cs2)c1,P00533,
COC(=O)Cn1/c(=N/C(=O)c2ccccc2F)sc2cc(S(N)(=O)=O)ccc21,P00533,
C[C@@H]1CN(C(=O)c2ccccc2-c2ccc(C(F)(F)F)cc2)C[C@H](C)O1,P00533,
O=C(C1c2ccccc2Oc2ccccc21)N1CCc2ncncc2C1,P00533,
CC(C)[C@@H]1CCN(C(=O)OC(C)(C)C)[C@H](C(=O)O)C1,P00533,
COc1ccccc1N1C[C@@H](C(=O)N[C@@H]2CCSc3ccccc32)CC1=O,P00533,
CCn1nc([C@@H](C)C(=O)Nc2nc3c(s2)CN(C)CC3)c2ccccc2c1=O,P00533,
Cc1[nH]nc2ncc(C(=O)NCC[C@H]3[C@@H](C)CCCN3C(=O)c3cccc4c3COC4)cc12,P00533,
C[C@@H]1CNCCN1Cc1cc(F)cc(F)c1,P00533,
COc1cc(CCC(=O)NCC[C@@H]2CCCN2C)cc(OC)c1OC,P00533,
Cc1cc(NC(=O)CN2CC(c3nc(Cc4ccccc4)no3)C2)no1,P00533,
Cc1cc(C(=O)NCC2(NC(=O)c3c(C)noc3C)CCCCC2)n(C)n1,P00533,
CCCN1CCN(C(=O)[C@@H]2c3ccccc3C(=O)N(Cc3ccc(F)cc3)[C@H]2c2ccc(OC)cc2)CC1,P00533,
Cc1nnc(-c2ccccc2C(=O)Nc2cccc(Cl)c2)o1,P00533,
O=C(c1cc(Cn2cnc3ccccc32)[nH]n1)N1CCC[C@@H]1c1nccs1,P00533,
O=C(CCCn1c(=O)c2cccn2c2ccc(Br)cc21)NCc1cccc(F)c1,P00533,
O=C(CSc1cccc(Cl)c1)Nc1ccc(F)cc1,P00533,
CCc1csc([C@@H]2CCCN(C(=O)[C@H]3C[C@H](O)CN3C(C)=O)C2)n1,P00533,
Cc1cc(C)cc(-n2c(SCC(=O)NCc3ccc(C(=O)O)cc3)nc3ccccc3c2=O)c1,P00533,
C[C@H](Nc1cc(C(N)=O)nc(C2CC2)n1)c1nnc2n1CCCCC2,P00533,
COc1cc(Br)c(CNC(=O)c2cnnc(-c3ccccc3)c2)cc1OC,P00533,
O=C(NCc1ccc(OC(F)(F)F)cc1)c1ncccc1Br,P00533,
CCCCn1c(CN2CCOCC2)nc2ccccc21,P00533,
Cc1cccc(-c2noc(CN(C)C(=O)c3ccccc3C)n2)c1,P00533,
COc1ccc(-c2cc(C(=O)N[C@@H]3CCS(=O)(=O)C3)n[nH]2)cc1OC,P00533,
CCCC(=O)OCc1cnc(C)c2oc(=O)c(C(=O)Nc3cc(Cl)ccc3OC)cc12,P00533,
Cc1ccc(C)c(NC(=O)CSCc2ccccc2C)c1,P00533,
Cc1ccc(-c2cnn(CC(=O)Nc3cc(C)cc(C)c3)c(=O)n2)cc1,P00533,
CCc1ncnc(O[C@@H]2CCN(C(=O)CN3CCOC3=O)C2)c1F,P00533,
COc1ccc([C@H](C)NC(=O)c2cnc3onc(C(C)C)c3c2)cc1,P00533,
CC1(c2cn(Cc3ccc(Cl)cc3F)nn2)COC1,P00533,
CC[C@@H](C(=O)NCCc1nc(C)cc(C)n1)n1cccn1,P00533,
CCC(CC)C(=O)N(Cc1cccnc1)Cc1ccc(OC)c(OC)c1,P00533,
CN1CCN(S(=O)(=O)c2ccc(SCC(=O)Nc3ccccc3Cc3ccccc3)nc2)CC1,P00533,
C[C@@H](NC(=O)N1CC[C@H](Cc2ccc(F)cc2)C1)c1cn[nH]c1,P00533,
CN(C)c1ccnc(NC[C@@H]2COc3ccccc3O2)n1,P00533,
COc1ccc(S(=O)(=O)N2CCC(C(=O)Nc3nc(-c4ccccc4)cs3)CC2)cc1,P00533,
CS(=O)(=O)c1ccc(NC(=O)CCc2ncc(-c3ccc(F)cc3F)o2)cc1,P00533,
CC(C)(C)c1ccc(C(=O)c2cnc3ccccc3c2)cc1,P00533,
Cc1ccc(S(=O)(=O)n2ccc3nc(-c4ccc5[nH]nc(N)c5c4)cnc32)cc1,P00533,
COc1ccc(S(=O)(=O)CCNC(=O)c2cc3c(Cl)cccc3s2)cc1,P00533,
Cc1ccccc1NC(=O)c1cc(-c2ccccc2Cl)[nH]n1,P00533,
Cc1cccc(NC(=O)[C@H](C)CS(=O)(=O)c2ccc3c(c2)NC(=O)CS3)c1C,P00533,
Cc1ccc(C(=O)NCc2cccc(OC(F)F)c2)c2ccccc12,P00533,
CCOc1ccc(-c2cc(C(C)=O)ccc2F)c(F)c1F,P00533,
O=c1c(-c2ncc[nH]2)ccc2n1C[C@H]1C[C@@H]2CN(Cc2ccc(Cl)cn2)C1,P00533,
Cc1csc(NC(=O)COc2ccc(-c3nc(-c4ccccc4)no3)cc2)n1,P00533,
CN1CC[C@@H](O)[C@H](C(=O)N2CCC(O)(c3cccc(C(F)(F)F)c3)CC2)C1,P00533,
CCN1CCN(CCN2CC3(CCN(C4CCNCC4)CC3)OC2=O)CC1,P00533,
COc1ccc(C(=O)N2CC3(CC(=O)N(CC4CC4)O3)C2)cc1,P00533,
O=C1C[C@@H](c2ccc(C(F)(F)F)cc2)c2c(nc(-c3ccccc3)[nH]c2=O)N1,P00533,
CCS[C@H]1CCC[C@H]1NC(=O)Nc1ncccc1C,P00533,
C[C@@H]1Cc2cccc3c(=O)c(C(=O)NCc4ccccc4Cl)cn1c23,P00533,
Cc1nccn1CCCC(=O)N1CCCCC[C@H]1c1ccco1,P00533,
COc1c(C)cc(S(=O)(=O)Nc2cc(C)ccn2)c(C)c1C,P00533,
Cn1cc(CN2CC[C@@H]3[C@@H](CC2)OCCN3c2cccnc2)cn1,P00533,
CCn1ncnc1[C@H](NC(=O)CCc1csc(N)n1)C1CC1,P00533,
O=C(COc1ccccc1)Nc1ccc(Oc2ccc(C(=O)O)c(C(=O)O)c2)cc1,P00533,
Cc1nc2nc(N)nn2c(C)c1CCC(=O)N(C)Cc1ccc(Cl)c(Cl)c1,P00533,
Cc1ccc(C)c(C[C@@H]2C(=O)Nc3ccc(Cl)cc32)c1,P00533,
Cc1ccc(-c2ccnc(-c3ccc(C(=O)N[C@H]4CCOC4)cc3)n2)c(C)n1,P00533,
Cc1cc(C)n(-c2cccc(CN3CCC(O)(c4cccnc4)CC3)c2)n1,P00533,
CCOC(=O)c1cccc(NC(=O)N2CCN(CC)c3ncccc32)c1,P00533,
CC[C@H](C)[C@H](NC(=O)[C@H](C)NC(=O)c1cc2cc(Cl)ccc2n1C)C(=O)O,P00533,
CN(c1ccccn1)C1CCN(C(=O)Nc2cccc(C(F)(F)F)c2)CC1,P00533,
O=S(=O)(Nc1cccc(N2CCCS2(=O)=O)c1)c1cc(F)ccc1F,P00533,
CC(=O)c1ccc(S(=O)(=O)N2CCC(c3nnc(C4CC4)o3)CC2)cc1,P00533,
C[C@]12C[C@@H](c3cccc(C(F)(F)F)c3)N(Cc3ccncc3)[C@H]1CCCC(=O)N2,P00533,
Cn1c(=O)c(-c2ccc(C(=O)Nc3ccc(F)cc3)cc2)nc2cccnc21,P00533,
CCn1nc(CC(C)C)cc1C(=O)N(CCO)Cc1ccc(C)cc1,P00533,
Cc1ccnc(N[C@@H]2CCN(C/C=C/c3ccccc3)C2)n1,P00533,
C[C@@H](c1ccc(-c2nccn2[C@H]2CC[C@@H](C(=O)O)CC2)cc1)N(C)C,P00533,
CCOC(=O)c1[nH]c(C)c(CN(Cc2ccco2)C(=O)NC2CCCC2)c1C,P00533,
O=C(Nc1ccccc1F)c1cc(=O)c2cc(Cl)ccc2o1,P00533,
NCc1cccc(NC(=O)c2cccnc2)c1,P00533,
COc1ccc(-c2cnn3c2NC(=O)C[C@H]3C(=O)Nc2cccc(Cl)c2)cc1,P00533,
CCOC(=O)c1cc(Cn2cnc3nc4c(cc3c2=O)CCCC4)on1,P00533,
CCOC(=O)Cn1c(=NC(=O)c2cnn(-c3ccccc3)c2C)sc2cc(S(C)(=O)=O)ccc21,P00533,
CCOc1ccccc1NC(=O)CN1CCC(NC(=O)c2ccccc2)CC1,P00533,
CCc1ccccc1NC(=O)N1CC[C@@H](c2nc3cccnc3n2CC)C1,P00533,
Cn1c(CNC[C@@H]2CSCCS2)cnc1Br,P00533,
CCCc1ccccc1NC(=O)N1CCC[C@H](C#N)C1,P00533,
COc1ccc([C@H](CNC(=O)Cn2cnc3sc(C)c(C)c3c2=O)N2CCCC2)cc1,P00533,
CCOc1ccc([C@@H]2CC(=O)Nc3c2ccc2c3nnn2C)cc1CO,P00533,
Cc1cc(Br)cc(C(=O)N2CC[C@H](C)[C@@H](O)C2)c1,P00533,
CC(C)NC(=O)CN(C)[C@H](C)c1cc2ccccc2o1,P00533,
Cn1cc2c(NC3=NCCN3)cccc2n1,P00533,
CNCc1cccc(NC(=O)[C@@H]2CCCN(C(=O)c3ccc(C)cc3)C2)c1,P00533,
O=C(O)[C@H]1CCN(C(=O)c2cc(Cl)ccc2Cl)C1,P00533,
Cc1cccc(NC(=O)CN(CCc2ccccc2)S(C)(=O)=O)c1,P00533,
Cn1cnc(S(=O)(=O)N2CC[C@H](Oc3ncc(Cl)cn3)C2)c1,P00533,
O=S(=O)(Cc1noc(C2CC2)n1)NCc1cccc2cccnc12,P00533,
Cc1ccc(-c2nc3c4c(ncn3n2)Oc2cc(O)ccc2[C@H]4c2cccnc2)cc1,P00533,
Cc1nc2cc(NC(=O)CCS(=O)(=O)c3ccccc3)ccc2s1,P00533,
O=C(NCc1csc(-c2ccccc2)n1)c1ccc(F)cc1,P00533,
CCOc1c(C)cnc2c1c(=O)n(CC(=O)Nc1cc(C)ccc1C)c(=O)n2C,P00533,
O=C(NCc1ccc(F)cc1)[C@H](c1ccco1)N(C(=O)c1csnn1)c1ccccc1,P00533,
O=C(O)c1cnc2cc(Br)ccc2c1O,P00533,
Cn1cc(Br)nc1[C@H](c1nnnn1-c1ccc2c(c1)CCC2)N1CCNC(=O)CC1,P00533,
COc1ccc([C@H](C)NC(=O)c2cc3c(N4CCCC4)nc(C)cn3n2)cc1OC,P00533,
Cc1cc(Nc2ccc3cc(S(=O)(=O)N4CCCC4)ccc3n2)ccc1Br,P00533,
CCn1c(SCC(=O)Nc2ccc(NC(C)=O)cc2)nnc1-c1ccc(Cl)cc1,P00533,
Cc1cc(CS(=O)(=O)N(C)Cc2nc3c(s2)CCCC3)no1,P00533,
CC(C)c1ccc(CNC[C@H]2CCCO2)cc1,P00533,
COc1ccc(CN2CCO[C@H](c3ccccc3)C2)cc1CN1CCCC1,P00533,
Cc1cc(CO)cc(C)c1CNc1nc(C(F)(F)F)ns1,P00533,
CN(C[C@@H]1CC(=O)N(C2CCCC2)C1)C(=O)Nc1ccccc1Oc1ccccc1,P00533,
COc1ccccc1C(=O)N1CCC[C@@H](n2ccc(C(=O)O)n2)C1,P00533,
CCC[C@@H]1CN(C(=O)c2ccc(-n3cnnc3)cc2)CCN1Cc1ccccc1,P00533,
Cc1ncc(CN2CC[C@@]23CCCN(C(=O)c2ccc4ccccc4c2)C3)s1,P00533,
O=C(NC[C@@H]1CCCO1)c1cn(-c2cccc(C(F)(F)F)c2)cn1,P00533,
O=C(Nc1ccc(-n2ncnn2)cc1)c1cc(=O)c2cc(Cl)ccc2o1,P00533,
COc1ccc(C(=O)CSc2nnc3ccc(-c4ccncc4)nn23)cc1,P00533,
COc1ccc(CN2C(=O)CC[C@@]2(C)C(=O)NCCC(C)C)cc1,P00533,
CNc1cc(CNC(=O)Cc2cccc(C)c2)nc(-c2ccncc2)n1,P00533,
CN(C)C(=O)CN1C[C@@H]2CC[C@H](C1)N(C(=O)c1cccc(N(C)C)c1)C2,P00533,
O=C(NC1CCN(Cc2ccccc2)CC1)c1ccc2c(c1)OCO2,P00533,
Cc1ccc2nc(O)c(-c3noc(CCCC(=O)N[C@@H](C)c4ccccc4)n3)cc2c1,P00533,
CCCc1ccc(S(=O)(=O)N2CCN(Cc3ccc(C)o3)CC2)cc1,P00533,
CC(C)n1cnc(S(=O)(=O)NCCn2ccc(-c3cnccn3)n2)c1,P00533,
COc1ccc(C(=O)[C@@H](C)Sc2nnc(-c3cccs3)n2C)cc1,P00533,
FC(F)(F)Cn1cc(-c2ccc(CN3CCCC3)cc2)cn1,P00533,
Cc1ccc(F)c(-c2cnn([C@@H](C)CC(=O)O)c2)c1,P00533,
CCC(=O)N1CCC[C@@H]1C(=O)NCc1csc(-c2cccs2)n1,P00533,
COc1cc(N2C[C@@H]3CCC[C@H](C3)C2)nc(N)n1,P00533,
COc1ccc(CC(=O)c2ccc(O)cc2O)cc1,P00533,
CN1CC[C@H](CN(C)S(=O)(=O)CCOc2ccccc2)C1,P00533,
Cc1ccccc1CNS(=O)(=O)c1c(C)sc(C)c1-c1ccno1,P00533,
COc1cccc(C(=O)N2C[C@H](c3ccccc3)[C@H](C(=O)N3CCCCC3)C2)c1,P00533,
O=C(Nc1nc2c(s1)CCCCC2)c1nccc2ccccc12,P00533,
O=C(NCc1cccs1)c1cc2n(n1)[C@H](C(F)(F)F)C[C@H](c1cccs1)N2,P00533,
Cc1cccc(NC(=O)Cn2nnc3sc4c(c3c2=O)CC[C@H](C(C)(C)C)C4)c1,P00533,
Cc1ccc(CCNc2nc3ccccc3c3nc(-c4cccnc4)nn23)cc1,P00533,
O=C1CCC2(CCN(C(=O)c3cnc(O)cn3)CC2)CN1Cc1ccccc1,P00533,
CN1CCN(C(=O)c2cc3ccccn3c2)C[C@H]1c1ncc[nH]1,P00533,
COC[C@H]1CN(c2cc(C#N)ccc2C(F)(F)F)CCO1,P00533,
Cc1ccccc1-n1nnnc1[C@H](C)C(=O)N[C@H]1c2ccccc2CCC1(C)C,P00533,
O=C1[C@H]2CN(S(=O)(=O)c3cccs3)C[C@H]2CN1CC1CC1,P00533,
C[C@@]1(O)CCN(C(=O)NCc2cc3ccccc3s2)C1,P00533,
O=C(NCC1CCCCC1)c1cccc(-c2cnc(=O)[nH]c2)c1,P00533,
COc1cc(CC(=O)N[C@H]2CCc3cc(Br)ccc32)cc(OC)c1,P00533,
Cc1ccc(CNC(=O)N2CCN(Cc3nc4cccnc4n3-c3ccccc3)CC2)cc1,P00533,
COCc1ccc(C(=O)N2CCC3(CC[C@@H]3NC(=O)CCc3ccccc3)CC2)cc1,P00533,
O=C(COc1ccc(Cl)cc1)NCCc1csc2nc(-c3ccc(F)cc3)nn12,P00533,
COc1cc(F)ccc1-c1cn(S(=O)(=O)c2ccccc2)c2ccccc12,P00533,
Cc1cccc(OCC(=O)Nc2nn3c(-c4cccc(C)c4)nnc3s2)c1,P00533,
CC(C)NC(=O)CCNS(=O)(=O)c1cnn(C(C)C)c1,P00533,
CCOC(=O)CCSc1ccc(C)cn1,P00533,
Cc1cccc(C(=O)Nc2ccc3c(c2)CCC3)c1Br,P00533,
CC(C)n1cc(-c2cccc3c2C[C@H](C)C3=O)cn1,P00533,
Cc1ccc(-n2cnnc2SCC(=O)Nc2ccccc2C(=O)NCCc2ccccc2)c(C)c1,P00533,
COc1ccc2ncc(C(=O)N3CCC[C@@H](c4cc[nH]n4)C3)c(O)c2c1,P00533,
COc1ccc(-c2nc3nc4ccccc4nc3n2-c2cc(OC)cc(OC)c2)cc1,P00533,
CC[C@H](C(=O)O)N1CCN(Cc2sccc2Br)CC1,P00533,
N[C@@H]1COC[C@@H]1CS(=O)(=O)c1ccccc1,P00533,
Cn1c(CN(c2ccc(F)cc2)S(C)(=O)=O)nnc1SCC(=O)Nc1ccccc1Cl,P00533,
c1cnn(CCCN2CCC(Cn3ccnc3)CC2)c1,P00533,
CC(C)CN1CCCC[C@H]1Cc1nc2c([nH]1)CC(C)(C)CNC2=O,P00533,
CC(=O)N1c2ccc(S(=O)(=O)N[C@H](C(=O)NC3CCCCCC3)C(C)C)cc2C[C@H]1C,P00533,
O=C(NCc1coc(-c2ccccc2)n1)[C@@H]1COc2ccccc2C1,P00533,
CC(=O)N[C@@H](Cc1ccc(-c2cnc3c(c2)CCN3C)cc1)C(=O)O,P00533,
COc1cc(C)c(S(=O)(=O)NCc2ccncc2)cc1C,P00533,
CC(C)C[C@@H](CO)NCc1ccc(F)cc1Cl,P00533,
CCc1ccc2ncc(C#N)c(N3CCC(C(=O)Nc4ccc(OC)c(OC)c4)CC3)c2c1,P00533,
O=C(NCCc1ccco1)c1ccc(-n2nc(Sc3ccc(F)cc3)ccc2=O)cc1,P00533,
CCCc1cc(=O)[nH]c(S[C@@H](C)C(=O)Nc2ccccc2C)n1,P00533,
O=C1O[C@H](CC(=O)N(C[C@H]2CCCO2)c2nc3ccccc3s2)c2ccccc21,P00533,
NC(=O)CCC(=O)NC[C@@H]1Cc2cccc(-c3ccccc3C(F)(F)F)c2O1,P00533,
Cc1cccc(NC(=O)c2cnc3ccccc3c2O)n1,P00533,
Cn1c(Cn2cncn2)nnc1C1CCN(Cc2cccs2)CC1,P00533,
CC(=O)Nc1cccc(C(=O)N2CCCN(c3ccc(=O)n(-c4ccc(C)c(C)c4)n3)CC2)c1,P00533,
O=S(=O)(Nc1ccc(C(F)(F)F)nc1)c1ccccc1,P00533,
Cc1ccccc1-c1nsc(NC[C@H]2CCN(C)C(=O)C2)n1,P00533,
CCCC1CCC(NC(=O)Nc2ccc(F)cc2F)CC1,P00533,
COc1cccc([C@@]2(F)CCN(c3cc(N)ncn3)C2)c1,P00533,
NC(=O)C1CCN(C(=O)C2CCN(S(=O)(=O)Cc3c(F)cccc3Cl)CC2)CC1,P00533,
CC(C)(C)OC(=O)N1CCCC[C@H]1CCC(=O)O,P00533,
O=C(NCc1cccc2[nH]ccc12)[C@@H]1CCc2ncnn2C1,P00533,
CC(=O)Nc1ccc(C(=O)N2CCN(c3ccccc3F)CC2)c(N2CCOCC2)c1,P00533,
CCO[C@H]1C[C@H](NC[C@@]2(CO)COCC3(CCC3)N2C)C1,P00533,
CSc1ccc([C@H](O)CNc2ncc(Cl)cn2)cc1,P00533,
Cc1cc2nc(C(C)C)cc(N[C@H](C(=O)N(C)C)c3ccccc3)n2n1,P00533,
Cc1nsc(C)c1C(=O)N[C@H]1c2ccccc2CC12CCOCC2,P00533,
COc1ccc(OC)c(C(=O)COC(=O)CCc2c(C)nc3cc(C)nn3c2C)c1,P00533,
Cc1ccc(OCc2nc(CCN(C)C(=O)Nc3ccccc3F)no2)c(C)c1,P00533,
COC(=O)Cn1/c(=N/C(=O)c2ccc3c(c2)CCCC3)sc2cccc(Cl)c21,P00533,
O=C(C1CC1)N1CCC(N2CCC[C@H](C(=O)N(Cc3cccnc3)C3CC3)C2)CC1,P00533,
Cc1ccc(-c2ccc3c(=O)ccoc3c2)cc1,P00533,
O=C(O)[C@@H]1CNC[C@H]1c1ccc2c(c1)CCO2,P00533,
O=C(C1c2ccccc2Oc2ccccc21)N1CCN(Cc2ccccn2)CC1,P00533,
Cc1c(-c2cccs2)n[nH]c1C(=O)N[C@@H](C)c1ccc2c(c1)CCC2,P00533,
O=S1(=O)N[C@H](Cc2ccc(-c3ccc(Cl)cc3Cl)o2)[C@H](O)c2ccccc21,P00533,
Cc1ccc2onc(CC(=O)N3CCN(c4ccc(Cl)cc4)CC3)c2c1,P00533,
Cc1cccc(C[C@H](CNC(=O)[C@@H](C)n2cccn2)C(=O)O)c1,P00533,
COc1ccc(-c2ccc3nnc(SCc4cccc(F)c4)n3n2)cc1,P00533,
O=C(O)[C@H]1COCCN1C(=O)c1ccccc1Br,P00533,
COc1cn(CC(=O)Nc2cccc(F)c2)c(CN2CCC(C)CC2)cc1=O,P00533,
Cc1cccc(N2CCN(C[C@H](O)c3ccc4c(c3)CCN4S(C)(=O)=O)C[C@H]2C)c1,P00533,
COC(=O)c1nc2ccc(C)cn2c1OC,P00533,
c1ccc(COc2cnccc2CN[C@H]2CCn3ccnc32)cc1,P00533,
O=C(N[C@H](CO)c1cccc(C(F)(F)F)c1)c1ccc(=O)n(CCOc2ccccc2Cl)c1,P00533,
COc1cccc(CNC(=O)Cn2nc(S(=O)(=O)c3ccc(Br)cc3)ccc2=O)c1,P00533,
Cn1c([C@H]2CCCCN2C(=O)c2ccc(CNC(N)=O)cc2)nc2ccccc21,P00533,
COc1ccccc1NC(=O)CNc1cccc(F)c1,P00533,
O=S(=O)(c1cc(F)ccc1F)N1CCN(Cc2nc3ccccc3s2)CC1,P00533,
COc1ccc(-c2cc(C(=O)N3CCSCC3)n[nH]2)cc1S(=O)(=O)N(C)C,P00533,
Cc1cccc2cc(C(=O)N3CCC[C@@H]3c3cnn(C)c3)oc12,P00533,
COc1cc(OC)cc(C(=O)Nc2cc(C)nn2-c2nc3c(c(=O)[nH]2)CCC3)c1,P00533,
CCCN1CCc2[nH]cnc2C12CCN(Cc1c(CC)nn(C)c1Cl)CC2,P00533,
Cc1ccccc1CN1CCNC(=O)[C@H]1CC(=O)NCCN1CCCOC1=O,P00533,
C[C@H]1OCC[C@H]1S(=O)(=O)NCCc1cccc(F)c1,P00533,
Cc1ccc(-n2nc(S[C@H](C)C(=O)Nc3ccccc3F)ccc2=O)cc1C,P00533,
Cc1csc2c(N3CCC[C@H](N(C)C(=O)C(C)(C)C)C3)ncnc12,P00533,
COc1ccc(-c2nc(CNC(=O)C3CCCC3)no2)cc1,P00533,
CCOc1ccc(C(C)=O)cc1COC(=O)c1ccc(F)c(S(=O)(=O)N2CCCCC2)c1,P00533,
COc1ccc([C@H]2C[C@H](c3cccc(Br)c3)Nc3ncnn32)c(OC)c1OC,P00533,
COc1cc(OC)c(C(=O)NCc2nc3ccccc3n2C)cc1Br,P00533,
COCC(=O)N1CCO[C@@]2(CCCN(c3cccc(F)c3)C2)C1,P00533,
CC(=O)N1C[C@H]2CN(c3ncnc4[nH]ccc34)C[C@@]2(CCc2ccccc2)C1,P00533,
CCCN(CCC)CCNC(=O)COc1ccccc1C,P00533,
CCC(=O)Nc1ccc(C(=O)NCc2ccccn2)cc1,P00533,
CC1(C)CC[C@@]2(C[C@H]2CNC(=O)c2c3c(n[nH]c2=O)CCOC3)c2ccccc21,P00533,
COc1cccc([C@H](C(=O)NC2CCCC2)N(C(=O)Cn2nnc3ccccc32)c2ccc(C)cc2)c1OC,P00533,
O=C(CN1CCN(C(=O)c2cnn(-c3ccccc3)c2)CC1)NCc1ccccc1,P00533,
CC(=O)N(CCc1noc(C(C)C)n1)[C@@H]1CCCN(C(=O)Cn2nc(C)cc2C)C1,P00533,
Cc1ccc2c(c1)[C@@H](N[C@H](c1cccnc1)c1ncc[nH]1)CCC2,P00533,
C[C@]1(c2noc(C3CCOCC3)n2)CCCN(S(=O)(=O)c2ccc(Cl)s2)C1,P00533,
C[C@@H]1CCCN(C(=O)[C@H]2CC(=O)N(c3ccc(Cl)cc3)C2)C1,P00533,
COc1c(Br)cccc1C(=O)N[C@@H](C)c1ccc(F)cc1F,P00533,
Cc1ccc(CN2CC[C@@H](Nc3ccncn3)C2)cc1,P00533,
O=C(Cc1ccccc1)c1ccc2c(c1)OCO2,P00533,
CCOC(=O)C1CCN(CC(=O)N2N=C(c3cccc(C)c3)C[C@H]2c2ccccc2OC)CC1,P00533,
O=C(N[C@@H]1C[C@H]1c1ccccc1)C(c1ccccc1)c1ccccc1,P00533,
COc1ccc2cc(CN(C)C(=O)CNC[C@@H]3CCCO3)ccc2c1,P00533,
CCn1c(SCC(=O)Nc2ccc(F)c(F)c2)nc2c3cc(OC)ccc3n(C)c2c1=O,P00533,
CC(C)N[C@@H]1CCOC[C@H]1OCC(=O)N(C)C,P00533,
COc1ccc(CN(C(=O)Nc2ccc(C)c(C)c2)C2CCN(C(C)=O)CC2)cc1,P00533,
O=C(COc1ccc(F)cc1)NCC(=O)N1CCCc2ccccc21,P00533,
O=c1c2ccc(F)cc2ncn1C[C@H](O)COc1cc(Cl)ccc1Cl,P00533,
Cc1ccc(N2C(=O)C[C@@H](C(=O)Nc3nnc(C)s3)[C@@H]2c2cccs2)cc1,P00533,
CC(C)N1CCC(NC(=O)c2ccc(Cl)cc2)CC1,P00533,
O=C1CC[C@@]2(CCCN(c3ccccn3)C2)CN1Cc1cccnc1,P00533,
CC(C)Nc1ccnc([C@H]2COCCN2Cc2ccccc2F)n1,P00533,
C[C@@H](NC(=O)c1cccnc1N(C)C)C(=O)NC(C)(C)C,P00533,
Cc1cc(Br)cc(C(=O)N[C@H](C)c2cc(C)ccc2C)c1,P00533,
CNC(=O)c1ccccc1NC(=O)Cc1ccc(Cl)cc1,P00533,
Cc1ccc2c(C(=O)N3CCO[C@@H](c4nnnn4C)C3)cnn2c1,P00533,
CC(=O)NC(C)(C)c1noc([C@@H]2CC(=O)N(c3ccc(C)cc3)C2)n1,P00533,
C[C@H](Cc1ccccc1)C(=O)NC1CCOCC1,P00533,
O=C([C@H]1C[C@H]1c1ccco1)N1CCN(Cc2cscn2)CC1,P00533,
Cc1ccc(-c2nnc(SCC(=O)Nc3cccc(S(=O)(=O)N4CCCC4)c3)o2)cc1,P00533,
COc1cccc(-c2n[nH]c(CCN)n2)c1,P00533,
CN(C)CCNC(=O)CC[C@H]1N=C(O)N(Cc2cccc(F)c2)C1=O,P00533,
FC(F)(F)c1cc(-c2ccccc2Cl)ncn1,P00533,
Cc1ccc(-c2nnn(CC(=O)N(C3CCCCC3)[C@@H](C(=O)NC3CCCC3)c3cccs3)n2)o1,P00533,
O=C(c1cc2c(F)ccc(F)c2[nH]1)N1CCOC[C@H]1C[C@H](O)c1ccco1,P00533,
c1ccc(-c2nnc(-c3ccccc3)c(N3CCCCC3)n2)cc1,P00533,
COc1ccnc(N2CC[C@@H]3CCN(c4ccccn4)C[C@H]32)n1,P00533,
COc1ccc(N(C)S(=O)(=O)c2cccc(C(=O)Nc3cccc(NC(C)=O)c3)c2)cc1,P00533,
CC(C)Oc1ccccc1CNC(=O)CCc1ccc(F)c(Br)c1,P00533,
O=C(Nc1ccccc1Cl)c1ccc(O)cc1,P00533,
C[C@H]1CN(S(=O)(=O)c2ncsc2-c2ccccc2)C[C@H](C)O1,P00533,
CN(CC(=O)Nc1ccccc1C(F)(F)F)CC(=O)NC1(C#N)CCCC1,P00533,
CCOc1ccc(NS(=O)(=O)c2cc(C(=O)Nc3cccc(CC)c3)[nH]n2)cc1,P00533,
CCCc1ccc(Oc2coc3cc(O)ccc3c2=O)cc1,P00533,
COc1ccc(CC(=O)N[C@H](C)c2cccc(F)c2)cc1Br,P00533,
CC(C)CS(=O)(=O)c1ccc(Br)cc1,P00533,
CCOc1cccc2nnc(NC(=O)CCC(=O)NCc3cccc(OC)c3)n12,P00533,
CCCC(=O)Nc1cc(C(=O)N2C[C@H]3C[C@@H](n4ccnc4)[C@H](O)C[C@H]3C2)ccc1C,P00533,
COc1ccc(OCC(=O)N2CC[C@@H]3CCN(c4cc(C(F)(F)F)ccn4)C[C@H]32)cc1,P00533,
COc1cccc(CN2CCN(Cc3c[nH]nc3-c3cccc(F)c3)C[C@H]2CCO)c1,P00533,
CN1CCN([C@@H](C(=O)Nc2ccc(CO)cc2)c2ccccc2)CC1,P00533,
Cn1cc(NCc2cccc(C(F)F)c2F)nn1,P00533,
C[C@@H]1CCCN(C(=O)Cn2c(=O)oc3cc(S(=O)(=O)NCc4ccccc4)ccc32)C1,P00533,
CC(C)N(C[C@@H]1CCCNC1)C(=O)OC(C)(C)C,P00533,
C[C@H]1C[C@H](C)CN(CCNC(=O)c2c[nH]c3ccccc3c2=O)C1,P00533,
CCc1ccccc1NC(=O)CN1C(=O)C(C)=C(c2ccc(OC)cc2)S1(=O)=O,P00533,
CCCNC(=O)COC(=O)[C@H](Cc1c[nH]c2ccccc12)NC(=O)c1ccccc1Cl,P00533,
CCOc1cc2c(cc1OCC)[C@@H](C(=O)O)[C@@H](c1cc(OC)ccc1OC)N(C)C2=O,P00533,
COc1ccc(S(=O)(=O)N2CCC(c3noc(-c4ccccc4)n3)CC2)cc1,P00533,
CSCC(=O)Nc1ccc(F)c(C(N)=O)c1,P00533,
Cc1cccc(-c2nocc2CCC(=O)N2CCN(c3ccccn3)CC2)c1,P00533,
Cc1cccc(CO[C@H]2CSC3(C2)CN(c2nnc(C)s2)C3)n1,P00533,
CCN(CC1CC1)C(=O)[C@H]1CCCN1c1ncnc2sccc12,P00533,
COc1cc(CN2CCOc3ccc([C@H](O)C4CCCCC4)cc3C2)cc2c1OCO2,P00533,
O=C(Nc1cnc(N2CCOCC2)nc1)c1cnnn1-c1ccccc1,P00533,
Cc1cc(C)cc(NC(=O)CCNC(=O)C2CCCC2)c1,P00533,
COC(=O)[C@@H](OC(=O)c1ccc(-c2cccs2)nc1C)c1ccccc1,P00533,
CC(C)c1ccc(-n2nnc(C(=O)O)c2-c2ccccn2)cc1,P00533,
CCOc1ccc(NC(=O)CSc2cc(-c3nc(C)no3)ccn2)cc1,P00533,
O=C(Nc1nccs1)c1occc1COc1ccccc1,P00533,
CSCCc1[nH]c(SCC(=O)Nc2[nH]c(C)c(C)c2C#N)nc1C,P00533,
Cc1ccc(NC(=O)COC(=O)c2cc(S(=O)(=O)N3CCOCC3)c(Cl)cc2Cl)cc1,P00533,
O=C(CCCn1cnnn1)N1CCC[C@@H](c2ccccc2)C1,P00533,
O=C(Nc1ccc(Oc2ccccc2F)cc1)c1cn2nc(Cl)ccc2n1,P00533,
Cc1noc(NC(=O)CSc2nnc(-c3ccoc3C)n2-c2ccccc2)n1,P00533,
CCOC(=O)N1CCC(C(=O)Nc2nc3ccccc3n2C(C)C)CC1,P00533,
CS(=O)(=O)Nc1cccc(NC(=O)N2CCC[C@@H](c3cc[nH]n3)C2)c1,P00533,
Cc1ccc(CN2C(=O)c3cc(C(C)C)nn3C[C@]2(C)C(=O)NC2CCCCCCC2)cc1,P00533,
Cn1cccc1[C@H]1COCCN1C(=O)c1noc2c1CCCC2,P00533,
COc1ccc(CNC(=O)C2(c3ccccc3)CCCC2)cc1,P00533,
Cc1ccc(Cl)c2sc(NCCN(C)C)nc12,P00533,
Cc1c[nH]nc1[C@@H]1CCN(c2ncccn2)C1,P00533,
Cn1cc(C(=O)N2CCC[C@@](C)(c3ccccc3)C2)ccc1=O,P00533,
COc1ccccc1Cc1cnc([C@@H]2CCCN(C(=O)c3cc(-c4ccc(C)cc4)n[nH]3)C2)o1,P00533,
CCCn1c(N2CCC[C@H](C(=O)NCC(C)C)C2)nc2ccccc21,P00533,
CN1CCN(c2ccc(-c3cccc(OCc4ccccc4)c3)cn2)CC1,P00533,
Cn1c(=O)c(CNC(=O)[C@H](N)Cc2ccccn2)cc2ccccc21,P00533,
O=S(=O)(c1ccc2ccccc2c1)N1CCN(c2ccc(-c3ccncc3)nn2)CC1,P00533,
CCn1nnnc1NCc1cccc(OC)c1OC,P00533,
O=C(NC1(c2ccc(Cl)cc2)CC1)C1CCCC1,P00533,
Cc1ccc(OCc2nnc3n2CCN(C2CCCC2)[C@@H]3C)cn1,P00533,
CC(=O)N1CCN(C(=O)c2ccc3c(ccn3Cc3ccccc3)c2)CC1,P00533,
O=C(CCc1cccc2ccccc12)N[C@H]1CCCN(Cc2ccccc2)C1,P00533,
CC(C)(C)c1csc(NC(=O)Cn2nc(-c3cccs3)ccc2=O)n1,P00533,
CN(C(=O)C1CCN(S(=O)(=O)c2ccc3c(c2)sc(=O)n3C)CC1)C1CCCCC1,P00533,
Cn1ncc2c(N3CCSCC3)nc(C(=O)NCc3ccc(F)cc3)nc21,P00533,
C[C@@H]1CNCCCCN1S(=O)(=O)c1ccc2cnccc2c1,P00533,
CCN(CC)Cc1cnc2c(C(=O)NCc3noc(C)n3)cnn2c1,P00533,
COc1ccc(-c2nnc3ccc(SCC(=O)Nc4cccc(C)c4C)nn23)cc1OC,P00533,
Cc1csc(N2CCC(NC[C@H]3CCO[C@@H]3c3ccccc3)CC2)n1,P00533,
Cc1cccnc1NC(=O)c1c(C)c2ccccc2[nH]c1=O,P00533,
Cc1ccc(S(=O)(=O)NCCC(=O)N2CCOCC2)cc1,P00533,
CN(C)S(=O)(=O)N1CCO[C@H](c2cc(CCOc3ccc(C(F)(F)F)cc3)[nH]n2)C1,P00533,
O=C(NCc1nc(-c2ccccc2)no1)c1cccc(S(=O)(=O)N2CCCC2)c1,P00533,
O=C(C[C@H]1CC1(F)F)NCCN1CCC(CO)CC1,P00533,
Cc1nc2cc(-c3ccco3)nn2c(N2CCN(C(=O)c3cccc(F)c3)CC2)c1C,P00533,
CS(=O)(=O)c1ccc(-c2ccc(OC(F)F)nc2)cc1F,P00533,
O=C(c1nnn2c1c(=O)[nH]c1cc(F)ccc12)N1CCc2ccccc2C1,P00533,
COC(=O)c1ccc(N2CCOCC2=O)cc1,P00533,
OC1(c2csc(CN3CCc4ccccc4C3)n2)CCN(Cc2ccccc2F)CC1,P00533,
COCCn1ccnc1CN1CCC[C@@H](CNC(=O)c2ccc3c(c2)CCC3)C1,P00533,
O=C(Nc1ccccc1)N1CC[C@H]2CCCC[C@H]2C1,P00533,
C[C@H]1CN(CC(=O)NCCN2CCCCC2)c2ccccc2S1,P00533,
O=C(c1ccc2occc2c1)N1CCCC[C@@H]1CCc1cccc(O)c1,P00533,
CNc1snc(C)c1C(=O)N1CC[C@H](Oc2ccc(Cl)c(Cl)c2)C1,P00533,
COC(=O)c1cccc2nc(C(F)(F)F)[nH]c12,P00533,
O=C(O)C[C@H](CO)CC(=O)N1CCc2ccccc2-c2ccccc21,P00533,
COc1ccc(C(=O)O[C@@H](C)C(=O)c2ccc(Br)cc2)cc1S(=O)(=O)NC1CC1,P00533,
CC(=O)Nc1ccc(NC(=O)c2sc(COc3ccc(C)cc3)nc2C)cc1,P00533,
COc1cc(-c2ccc(C)cc2)nc2ccc(C(=O)NCc3ccco3)cc12,P00533,
Fc1ccccc1CN(Cc1ccnn1[C@@H]1CCCCO1)C[C@H]1CCCO1,P00533,
O=S(=O)(c1cccs1)N1CCC[C@@H](n2ccnn2)CC1,P00533,
Cc1ccc(-c2nc(N)c(C#N)c(-c3cccnc3)c2C)cc1,P00533,
COC(=O)c1c(NC(=O)c2cccs2)sc(C(=O)Nc2ccccc2F)c1C,P00533,
COc1ccccc1NC(=O)N1CCC[C@@H]1C(=O)Nc1ccc2c(c1)OCCO2,P00533,
CC(=O)N1CCC[C@@H]1[C@@H]1CCCN1CCC(=O)NC1CCCC1,P00533,
COc1cc2c(cc1-c1ccc(C(=O)N3CCOCC3)cn1)OCO2,P00533,
CC(=O)Nc1cccc(C(=O)Nc2ccc(F)cc2F)c1,P00533,
CCC(=O)c1ccc(OCCN2CCN[C@@H](C)C2)cc1,P00533,
Cc1noc(C)c1-c1cc(CC2CCN(S(=O)(=O)C(C)C)CC2)ncn1,P00533,
COc1ccc2nc(SCC(=O)Nc3ccc(C)cc3)[nH]c2c1,P00533,
CN(C)c1cnn(CC(=O)N[C@@H](c2ccccn2)C(F)(F)F)c(=O)c1,P00533,
CC(C)NC(=O)c1ccc(OC[C@@H]2CCCN(C(=O)c3ccc(F)c(F)c3)C2)cc1,P00533,
CCC(CC)N1CCN(C(=O)[C@H]2CCCN(c3cc(=O)n(C)c(=O)n3CC)C2)CC1,P00533,
CCCOc1nc2ccccc2nc1N1CCC[C@H](C(=O)Nc2cccc(C)c2)C1,P00533,
CN(C)c1ccc(C(=O)N2CC[C@]3(CCCN(CC4CCC4)C3=O)C2)cn1,P00533,
CC(C)[C@H](NC(=O)C1CCN(C(=O)C2CCC2)CC1)c1nccn1C,P00533,
CCCCN1C(SCC(=O)NCc2cccs2)=NS(=O)(=O)c2ccccc21,P00533,
CCOc1ccc([C@H]2c3c(-c4ccccc4O)n[nH]c3C(=O)N2C[C@@H]2CCCO2)cc1OC,P00533,
CO[C@@H](C)c1nc(CNC(=O)N2CCC[C@@H](Cn3ccnn3)C2)cs1,P00533,
Cc1cccc(C[C@H]2CCCN(C(=O)c3cccc(OCCN4CCCC4=O)c3)C2)n1,P00533,
O=S(=O)(c1ccc2c(c1)CCC2)N1CC[C@@H](n2cc(COCC3CC3)nn2)C1,P00533,
O=c1c2ccccc2nc(SCc2cccc(Br)c2)n1CCCN1CCOCC1,P00533,
O=C(Cn1cc(NC(=O)CSc2ccccc2)cn1)NCC1(N2CCOCC2)CCCCC1,P00533,
COc1ccc([C@H](CC(=O)N2CCN[C@@H](C)C2)NC(C)=O)cc1,P00533,
NC[C@@H]1CN(C(=O)c2cc(-c3ccc(Br)cc3)n[nH]2)CCO1,P00533,
O=C(Nc1ccc(Cl)cc1F)[C@@H]1CC(=O)N(c2ccc(Cl)cc2)C1,P00533,
O[C@@H]1CCC[C@H](NCc2ccccc2)C1,P00533,
CCn1nnc(NCc2ccc(OCc3ccc(C)cc3)c(OC)c2)n1,P00533,
Cc1ccc(-c2nc(CNC(=O)c3cccc(F)c3)no2)cc1,P00533,
O=C(Nc1ccccc1F)c1ccc(F)cc1,P00533,
COC(=O)[C@](O)(CC(=O)Nc1ccc(Br)cc1)C(F)(F)F,P00533,
O=S(=O)(C1CC1)N1CC2(C[C@H](Oc3cnccn3)CCO2)C1,P00533,
Cn1ccnc1[C@H](NS(=O)(=O)c1ccc2c(c1)OCCO2)c1ccc(F)cc1,P00533,
COC(=O)c1ccc(NC(=O)[C@@H](Cc2ccccc2)NC(=O)N2CCOCC2)cc1,P00533,
Cc1nn(CC(=O)N[C@H](C)CCc2ccccc2)c(=O)c2c(C)n(-c3ccc(Cl)cc3)nc12,P00533,
Cn1c(=O)cc(Nc2ccc(Cl)cc2)[nH]c1=O,P00533,
C[C@H](c1ccccc1)N1C[C@@H](C(=O)Nc2ccccc2COc2ccccc2)CC1=O,P00533,
Cc1cc(-c2ccc(S(=O)(=O)N3CC[C@@H](c4ccccc4)C3)s2)on1,P00533,
Cc1cc(C)cc(C(=O)N2C[C@H]3CN[C@H](CCCC(=O)N(C)C)[C@@H](C3)C2)c1,P00533,
CC(C)C[C@H]1COCCN1Cc1ncc(-c2ccccc2F)o1,P00533,
CN(C)c1c(F)cc(C(=O)NC(=O)Nc2nnc(C(F)(F)F)s2)cc1F,P00533,
CC(=O)Nc1ccc(-c2ccc3c(c2)NC(=O)C3)c(C(F)(F)F)c1,P00533,
O=C(Cc1ccccc1)N1CCO[C@]2(C1)C(=O)NC[C@H]2c1ccccc1,P00533,
Cc1cccc(OCCC(=O)OCC(=O)N2CCN(S(=O)(=O)c3ccc(C)cc3C)CC2)c1,P00533,
O=C(N[C@H]1CCCOc2c(F)cccc21)N1CCC[C@@H](c2ccn[nH]2)C1,P00533,
CCC(=O)NC[C@H](OC)c1cccc(F)c1,P00533,
Cc1ccccc1-n1c(=O)n(C[C@H]2CCCO2)c(=O)c2c1ncn2Cc1ccc(C(C)(C)C)cc1,P00533,
O=C(Cc1c(F)cccc1Cl)NCC(c1ccco1)c1ccco1,P00533,
Cc1cc(C[C@@H]2CN(C(=O)Cc3cccc(F)c3F)C[C@H]2O)[nH]n1,P00533,
CN(C)C[C@H](c1ccccc1)N(C)C(=O)C1(O)CCN(C)CC1,P00533,
COCCN1CCC[C@]2(CCN(Cc3ccc(NC(C)=O)cc3)C2)C1,P00533,
CSc1c(Cl)cccc1C(C)(C)O,P00533,
O=C(c1cn2ccccc2n1)N1CCc2n[nH]c(=O)cc2C1,P00533,
COc1cccc(Nc2nc3ccccc3nc2Cl)c1,P00533,
Cc1cc(C)c(NC(=O)CSc2nc3nccnc3c(=O)n2CCc2c[nH]c3ccccc23)c(C)c1,P00533,
Nc1nc(N2CCOCC2)nc2c1[C@H](c1cnc3ccccc3c1)CC(=O)N2,P00533,
CN(CC1CCN(CCc2ccccc2F)CC1)C(=O)[C@H]1CC12CCCC2,P00533,
C[C@H]1Oc2ccccc2O[C@H]1C(=O)N[C@H]1CC[C@H](C(F)(F)F)CC1,P00533,
Cc1ccc(-c2noc(CNC(=O)Cn3nc(C)c4ccccc4c3=O)n2)cc1,P00533,
CCN(CC)C(=O)[C@H]1CCC(=O)N(C)[C@@H]1c1ccccc1,P00533,
O=C(O)[C@@H]1[C@H]2CC[C@H](CC2)[C@H]1C(=O)Nc1sccc1C(=O)N1CCCCC1,P00533,
O=C(NCCc1ccc(Cl)cc1)c1ccccc1Br,P00533,
Cc1ccc([C@H]2CCCN2c2nc3ccccc3c(=O)[nH]2)cc1C,P00533,
COc1ccc(C(=O)N2CCC(c3nc4ccccc4o3)CC2)cn1,P00533,
O=C(Nc1cnn(-c2ccccc2Cl)c1)c1nccc2[nH]ccc12,P00533,
CC[C@H](C)[C@H](c1cc(Cl)ccc1F)N1CCNCC1,P00533,
O=C(Nc1ccc2c(c1)OCO2)c1ccc(CN2CCc3ccccc3C2)cc1,P00533,
O=C(CN1CC[C@@H](c2ccccc2)NC1=O)N1C[C@H](O)C[C@H](O)C1,P00533,
CN(c1ccncn1)[C@H]1CCN(c2ccc(F)cc2C#N)C1,P00533,
Cc1ccc(N([C@@H](C)C(=O)Nc2ccccc2-c2ccccc2)S(C)(=O)=O)cc1,P00533,
Cc1cccc(CN2CCN3[C@@H](COC[C@@H]3C3CC3)C2)c1C,P00533,
O=C(c1cn(CCN2CCNCC2)nn1)N1CCC(c2ccncc2)CC1,P00533,
Cc1cc(C)c(C#N)c(N2CCC[C@]3(C2)CC3(F)F)n1,P00533,
O=C(NC1CCN(c2ncccc2Cl)CC1)c1ccncc1,P00533,
CC(C)c1cc(C(=O)N2CC[C@]3(CCN(Cc4ccccn4)C3=O)C2)n[nH]1,P00533,
COc1cccc(C2=NN(S(=O)(=O)c3ccc(C)cc3)[C@@H](c3cccc(OC)c3)C2)c1,P00533,
COc1cccc(CNC(=O)[C@@H]2CCCN(c3nc4c(C)cc(C)cc4s3)C2)c1,P00533,
O=C(N[C@H]1CN(Cc2ccccc2)CC[C@@H]1CO)C(F)F,P00533,
O=C(CC1CCCC1)NC[C@]1(O)CCN(c2ncccn2)C1,P00533,
CSC1=NCCN1C(=O)C1CCCCC1,P00533,
O=C([C@@H]1COc2ccccc2O1)N1CCC[C@@H](n2cccn2)C1,P00533,
COc1ccccc1NC(=O)CSCC(=O)Nc1csc2nc(=O)c(C)nn12,P00533,
CC(C)CCC(=O)N1CCN(C(=O)c2cccc(N3CCNC3=O)c2)CC1,P00533,
N#Cc1nc(COc2cccc(Cl)c2)oc1NC[C@H]1CCCO1,P00533,
O=C(CCOc1cccc(F)c1)N1CCN(c2ccccn2)CC1,P00533,
Cn1ccc2c(CCC(=O)N3CCCCCC3)cccc21,P00533,
COc1ccc([C@H](C)NC(=O)c2cn3ncccc3n2)cc1OC,P00533,
CC(C)C(=O)N[C@H]1CCN(C(=O)c2cc(-c3cccc(F)c3)no2)CC[C@@H]1O,P00533,
Cc1ccccc1[C@@H]1C[C@@H](C)N(Cc2nnc(C3CCNCC3)s2)C1,P00533,
CC(C)c1nnc(NC(=O)COc2cc(Cl)ccc2Cl)s1,P00533,
CC1(C)[C@H](C(=O)O)[C@@H]1C(=O)Nc1ccccc1C(=O)O,P00533,
CCCC(=O)NC[C@@H]1CC(=O)N(C)[C@H]1c1cnn(Cc2ccccc2)c1,P00533,
Cc1cc(N2CCOCC2)nc(N2CCN(C(=O)CCC3CCCCC3)CC2)n1,P00533,
O=C(c1nc(N2CCCC2)ncc1Cl)N1CC[C@@H]2CCCC[C@@H]2C1,P00533,
CCc1noc([C@@H](C)N2CCN(C(C)=O)CC2)n1,P00533,
CCn1cc(CN2CC3(C[C@H](Oc4cncc(C)n4)CCO3)C2)cn1,P00533,
CN(C)c1nc2sc(C(=O)N[C@@H]3CCCc4[nH]c(=O)ccc43)cc2s1,P00533,
COC(=O)COc1ccc(CN2CC(N3CCCC[C@@H]3C)C2)cc1OC,P00533,
COc1ccc(C(=O)N2CC[C@@H]3COC(=O)N(Cc4ccccc4)[C@@H]3C2)c(OC)n1,P00533,
Cc1cc(Br)cc(C(F)(F)F)c1C,P00533,
NCc1cc(O)nc(CNC(=O)[C@H]2C[C@@H](C3CCCCC3)CCN2)n1,P00533,
O=C(COc1ccc(Cl)cc1)N(Cc1cccs1)C1CCOCC1,P00533,
Cn1c(CCc2ccccc2NC(=O)c2ccc(C#N)cc2)nc2ccccc21,P00533,
COc1cnc(NS(=O)(=O)c2ccccc2Br)nc1,P00533,
CNc1nc2c(s1)[C@@H](c1ccccc1C(F)(F)F)CC(O)=N2,P00533,
COc1ccc(CCC(=O)N2CCC(C(=O)O)CC2)cc1,P00533,
COc1ccc(CN2CC[C@H](O)[C@@H](C(=O)O)C2)cc1OCc1cccc(F)c1,P00533,
COCCN1C(=O)[C@H]2CC[C@@H]1CN(C(=O)c1ccc(-n3ccnc3)cc1)C2,P00533,
COC[C@@H]1CCCN(S(=O)(=O)N2CCC(Oc3ccc(F)cc3)CC2)C1,P00533,
Cc1ccc(NC(=O)C2CCN(c3ccc(-c4cccs4)nn3)CC2)c(C)c1,P00533,
CCn1ncc(C(=O)N2C[C@@H](C(=O)O)[C@H](c3ccccn3)C2)c1C,P00533,
Cc1cnc(-n2ncc(C(=O)NCC(C)(C)CN(C)C)c2C2CC2)nc1-c1cccs1,P00533,
Clc1cnc(CN2CCC(N3CCSCC3)CC2)c(Cl)c1,P00533,
COc1ccc([C@@H](CC(=O)O)NC(=O)Cc2cnn3ccccc23)cc1OC,P00533,
CC1(C)NC(=O)CC[C@@H]1NC(=O)c1cccc2nn[nH]c12,P00533,
O=C(Nc1nccs1)[C@H]1Cc2ccccc2O1,P00533,
CC(C)c1ccc(-n2ccn3c(=O)n(C)nc3c2=O)cc1,P00533,
COc1ccccc1N(CC(=O)Nc1ccc(S(=O)(=O)Nc2ccccc2)cc1)S(C)(=O)=O,P00533,
Cc1noc(C)c1C(=O)N1C[C@H]2C[C@@H](C1)c1cccc(=O)n1C2,P00533,
COC(=O)[C@H]1CN(C(=O)c2ccco2)C[C@@H]1c1ccc(F)cc1,P00533,
O=C(CN1C[C@@H](O)[C@H](Oc2cccc(C(=O)O)c2)C1)Nc1ccccc1C(F)(F)F,P00533,
FC(F)(F)Oc1ccccc1[C@]1(F)CCNC1,P00533,
O=C(NC[C@@H](CO)c1cccnc1)c1cccc2[nH]c(CO)nc12,P00533,
Cc1cc(C)cc(NS(=O)(=O)c2cc(C(=O)NCc3cccnc3)ccc2Cl)c1,P00533,
CCOC(=O)C1CCN(C(=O)Cc2ccc(N(Cc3cccc(C)c3)C(=O)COC)cc2)CC1,P00533,
Cc1cc(C(=O)OCc2cc(C#N)ccc2F)c2c(C)noc2n1,P00533,
CN(C[C@@H]1CCCN1c1cccnn1)C(=O)[C@H]1CC[C@H](O)CC1,P00533,
O=C(NC1CC1)c1cccc(CSc2nnc(-c3ccncc3)n2-c2ccc(F)cc2)c1,P00533,
Cc1nc([C@@H]2CCn3ncnc3C2)n(CCc2ccccc2)n1,P00533,
c1cc(CNC[C@H]2CCN(C3CC3)C2)c2c(c1)OCCO2,P00533,
O=C(Nc1ccn(CC(=O)N2CCOCC2)n1)c1[nH]nc(C2CC2)c1Br,P00533,
COc1cccc(-c2cc([C@@H]3CCCN3)ccn2)c1,P00533,
C[C@@H](C1CC1)N(C)S(=O)(=O)N1CCC[C@@H]1c1ncccn1,P00533,
Cc1ccc([C@@H](NC(=O)OC(C)(C)C)C(=O)N2CNC(=O)NC2)cc1,P00533,
CCCN1CCC[C@]2(CCN(C(=O)CCc3c(C)nc(O)nc3C)C2)C1=O,P00533,
COc1ccc(CNc2ccccc2Cn2ccnc2)c(Cl)c1,P00533,
O=C1CC[C@@H](c2cccc(NC(=O)[C@H]3CCN(C(=O)c4ccccc4)C3)c2)N1,P00533,
CC(C)(C)OC(=O)N[C@H](Cc1cc(Br)sc1Br)C(=O)O,P00533,
C[C@@H]1CN(C(=O)c2cc(OCC(F)F)ccn2)C[C@@H](C)S1,P00533,
Cc1ccc(NC(=O)[C@H]2CCCN2c2nccs2)c2cccnc12,P00533,
Cc1cnc(C(=O)N2CCCC[C@H]2C2CCN(C(=O)CCn3ccnc3C)CC2)cn1,P00533,
O=C(c1cncc(F)c1)N1CCC(c2ncc[nH]2)CC1,P00533,
CCc1c(C)nc(N2CCN(c3ccccc3F)CC2)[nH]c1=O,P00533,
COC(=O)[C@H](Cc1ccccc1)NC(=O)CCC(=O)NCCC(C)C,P00533,
C[C@H]1CC(=O)Nc2ccccc2N1C(=O)CNc1ccc(Cl)c(C#N)c1,P00533,
Cc1cc(C)cc(N(CC(=O)NC[C@@H](O)c2ccccc2)S(=O)(=O)c2ccccc2)c1,P00533,
Cc1ccc(-n2ncc(C(=O)NCCN3CCN(C)CC3)c2-n2cccc2)cc1,P00533,
Cc1[nH]c2ccccc2c1C(=O)N1CC[C@](O)(CO)C1,P00533,
O=C(c1cnc(O)c(Cl)c1)N(CC=Cc1ccccc1)C1CC1,P00533,
CNc1cc([C@H]2CC(=O)N(Cc3ccccc3)C2)nc(C2CCN(C(C)=O)CC2)n1,P00533,
CNC(=O)c1cccc(CSCc2nnc(-c3ccccc3)o2)c1,P00533,
c1ccc(-c2ccc3c(c2)OCCC3)cc1,P00533,
CS(=O)(=O)N1CCN([C@@H](c2cccc(F)c2)c2sc3ncnn3c2O)CC1,P00533,
CSCC[C@H](NC(=O)c1cccs1)c1nc2ccccc2[nH]1,P00533,
COc1ccc(CNC(=O)OC(C)(C)C)cc1,P00533,
COc1ccc(NC(=O)[C@H](C)NC(=O)c2ccoc2)cc1NC(=O)OC(C)(C)C,P00533,
O=C(Nc1ccc2c(c1)C(=O)N1CCCC[C@H]1CCO2)c1cncc(Br)c1,P00533,
O=C1N[C@@H]2COC[C@H]1CN(Cc1ccccc1)C2,P00533,
Cc1nnc(CN2CCC[C@@]3(CCCCc4ccccc43)C2)n1C,P00533,
O=C(c1ccccc1)N1CCC(N[C@H]2C[C@H]3CC[C@@H]2CC3)CC1,P00533,
CCOc1ccccc1C(=O)NS(=O)(=O)Cc1ccccc1C#N,P00533,
C[C@@H]1CN(Cc2ccccc2)CC[C@H]1N(C)Cc1cnc2cnccn12,P00533,
COCC1(CC(=O)N2CCCC[C@@H]2c2cc[nH]n2)CC1,P00533,
COc1cccc(-n2cc(CN(C)C(=O)C[C@H]3COCCN3)cn2)c1,P00533,
COc1ccccc1-c1c(C)oc2cc(OC(=O)N(C)C)ccc2c1=O,P00533,
CCNC(=O)c1nn(CC2CC2)c2c1CN(Cc1[nH]c(CC)nc1C)CC2,P00533,
CCc1ccc(S(=O)(=O)Nc2ccc(S(=O)(=O)Nc3ccccn3)cc2)s1,P00533,
O=C(NC1(c2ccc(C(F)(F)F)cc2)CC1)[C@@H]1CC[C@H](C(=O)O)NC1,P00533,
O=C(Nc1cc(F)c(Br)c2cc[nH]c12)C(F)(F)F,P00533,
Cc1nc([C@H]2CCCCN2C(=O)C2CCC2)ncc1C(=O)N1CCOCC1,P00533,
CO[C@@H](C(=O)N1CCCN(c2ccccc2Cl)CC1)c1cnn(C)c1,P00533,
O=C(CCC1CCN(C2CSCCSC2)CC1)NCc1cccc(Cl)c1,P00533,
O=C(c1ccsc1)N1CCC2(CC[C@@H]2NS(=O)(=O)c2ccccc2)CC1,P00533,
CCc1cc(CN2CCC[C@@H](CCC(=O)NCc3ccc(F)c(F)c3)C2)on1,P00533,
C[C@@H](Nc1ncnc2c1ncn2C)c1ccc(OCC2CC2)c(F)c1,P00533,
O=C(Nc1ccc(OC2CCN(C(=O)Cc3ccc(F)cc3)CC2)nc1)C1CC1,P00533,
NC(=O)c1ccc(C(=O)N2CCC(C3(N)CC3)CC2)o1,P00533,
Cc1nc(CN[C@H](Cc2csc(Cl)c2)C(=O)O)n(C)c1C,P00533,
CC[C@@H]1N(Cc2ccsc2)CCC[C@]12CCC(=O)N2C,P00533,
CC(=O)Nc1ccc(NC(=O)CSc2nc(=O)n(C[C@H]3CCCO3)c3c2CCC3)cc1,P00533,
OC1(c2csc(CN3CCOCC3)n2)CCN(Cc2ccc(C(F)(F)F)cc2)CC1,P00533,
C[C@@H](NC(=O)[C@H]1CC(=O)Nc2ccccc21)c1ccccc1,P00533,
Cc1ccc(S(=O)(=O)N[C@@H](C)C(=O)N2CCC(c3nc(-c4ccc(Cl)cc4)no3)CC2)cc1,P00533,
C[C@H]1CCc2onc(C(=O)N3CC(=O)N(C)c4cc(C(F)(F)F)ccc43)c2C1,P00533,
CC(=O)N[C@@H]1C[C@@H]2CN(Cc3ccc(Oc4ncccn4)cc3)C[C@@H]2C[C@H]1O,P00533,
CN(Cc1nccs1)Cc1cc(-c2ccccn2)ccc1OCC(=O)O,P00533,
COc1ccc2o/c(=N\c3cccc(Br)c3)c(C(N)=O)cc2c1,P00533,
CCCn1ncc(C(=O)N2CCC[C@H](c3nc4c(C)cccc4[nH]3)C2)c1C,P00533,
O=C(Nc1ccc(OC2CCCCC2)cc1)c1cccc(-n2cnnn2)c1,P00533,
COCc1nn2c(-c3ccccc3O)ccnc2c1-c1ccccc1,P00533,
CC=Cc1cc(C(=O)Nc2ccc(C(N)=O)cc2)cc(OC)c1OC,P00533,
CNC(=O)C[C@@H]1C(=O)NCCN1C(=O)c1cccc(-c2sccc2C)c1,P00533,
COc1cc(CN2CCC[C@H](C(F)F)C2)ccn1,P00533,
CN(Cc1nnc2n1CCCCC2)[C@@H](C(=O)O)c1ccccc1,P00533,
CCc1ocnc1C(=O)N1CCC(c2nnc(Cn3ccnc3C)n2C)CC1,P00533,
CCOC(=O)c1ccc(Cl)c(NC(=O)CCCc2ccccc2)c1,P00533,
CCCC(=O)Oc1cn(C[C@@H]2CCCO2)c2nc(CCC)n3c4ccccc4nc3c12,P00533,
COc1ccc(-c2noc(-c3ccc(SCC(=O)N4CCCC4)nc3)n2)cc1,P00533,
Cc1cnc(-c2cccnc2)n1[C@@H]1CCN(C(=O)C2(c3ccccc3)CCCC2)C1,P00533,
Cc1ccc(NC(=O)CCc2nnc3ccc(N4CC[C@@H](c5ccccc5)C4)nn23)cc1,P00533,
COc1ccc2cc(C(=O)NCC3(Cn4nc(C)cc4C)CC3)n(C)c2c1,P00533,
Cc1cc(=O)n(CC(=O)Nc2ccc(Cl)cc2)c(Nc2ccc(F)cc2)n1,P00533,
C[C@H](Nc1ccc2oc(C3CC3)nc2c1)C(=O)N1CCCC1,P00533,
CC(=O)c1ccc(N2CCC[C@@]3(CCC(=O)N(CCCO)C3)C2)nc1,P00533,
O=C(O)c1ccc(S(=O)(=O)N2CCc3cnccc32)cc1Cl,P00533,
CCCOc1cc(-c2cnn(CCN)c2)ccc1F,P00533,
O=C(Nc1ccccc1CC(F)(F)F)N1CCC(N2CCNC2=O)CC1,P00533,
Cc1ccc(CNC(=O)N2CCC([C@H](O)c3nccn3C)CC2)o1,P00533,
COc1ccc(S(=O)(=O)Nc2cc(F)ccc2C)cc1OC,P00533,
CCOC(=O)CCC(=O)N[C@H](CC)c1ccncc1,P00533,
CC(=O)Nc1nnc(-c2ccc(Cl)cc2Cl)[nH]1,P00533,
CCc1ccc([C@H](C)NC(=O)[C@H]2CC[C@H](n3cccc3)CC2)cc1,P00533,
Cc1c(Br)ccc2c1CCN(C(=O)OC(C)(C)C)C2,P00533,
CCC[C@](C)(O)c1cc(C(=O)OCC)no1,P00533,
O=S(=O)(NCc1nnc2n1-c1ccccc1CC2)c1ccc(S(=O)(=O)N2CCOCC2)cc1,P00533,
Cc1cc(C[C@H](C)NC(=O)CCc2ccc(F)c(F)c2)[nH]n1,P00533,
CCNc1nc(C)c(C(=O)N2CCC[C@@H]2c2ncc(Cc3ccc(F)cc3)o2)s1,P00533,
Brc1ccc(COC2CCNCC2)cc1,P00533,
CO[C@@H]1CCCC[C@@H](NC(=O)Cc2ccc3ccccc3c2)[C@H]1O,P00533,
Cc1ccc2nc(NC(=O)CN3CCC(c4nnc(-c5ccco5)o4)CC3)sc2c1,P00533,
CCOC(=O)n1nc(Br)nc1Br,P00533,
O=C(NC[C@@H]1CCc2nc(-c3ccccc3)[nH]c(=O)c2CC1)c1n[nH]c2ccccc12,P00533,
CCOCC(=O)N1CCC[C@@H](c2cc(N3CCNCC3)[nH]n2)C1,P00533,
COc1ccccc1NC(=O)c1csc(NS(=O)(=O)c2cccs2)n1,P00533,
O=C(O)c1nc(N2CCC([C@@H](O)CCc3ccccc3)CC2)ccc1Cl,P00533,
CC(C)N1C[C@H](COc2ccc(Cl)cc2Cl)OC1=O,P00533,
CC(=O)N1CCN(Cc2ccccc2NC(=O)C2CCCCC2)CC1,P00533,
CC(C)(C)OC(=O)N1CC([C@@H](N)C2CCC2)C1,P00533,
C[C@@H](Cc1ccccn1)NC(=O)C1(c2ccc(Cl)cc2)CCC1,P00533,
COc1cc(N2CCC[C@H](NC(=O)c3cnn(C)c3)C2)ccn1,P00533,
CCO[C@@H](C)n1cc(-c2cnc3c(c2)CCN3C)cn1,P00533,
O=C(c1cnn[nH]1)N1CC[C@]2(C(=O)Nc3ccccc32)[C@H]1c1ccccc1,P00533,
CC(C)[C@H](C(=O)N[C@@H](Cc1ccccc1)c1nc2ccccc2[nH]1)N1Cc2ccccc2C1=O,P00533,
Cc1cc(C(=O)N2CCC[C@H](c3nnc(Cn4ccnc4)n3C)C2)n(C)n1,P00533,
Cc1ccc(CCC(=O)NCc2ccc(OC(F)(F)F)cc2)cc1,P00533,
COc1cccc(C(=O)N2CCC[C@@H](c3cc(C(=O)Nc4ccc5[nH]cnc5c4)on3)C2)c1,P00533,
CN1CCC[C@@H](CNC(=O)N2CC[C@@H](COCc3ccccc3)C2)C1,P00533,
CN(CC1CCCC1)C(=O)c1cccc(S(=O)(=O)N2CCCCC2)c1,P00533,
Cc1ccc2nc(COc3ccc(NC(=O)Nc4ccccc4F)cc3)cc(=O)n2c1,P00533,
Cc1ccccc1-c1noc(CNC(=O)COc2ccccc2)n1,P00533,
Cc1cnc(NC(=O)N[C@@H]2CCCC[C@@H]2C(C)C)s1,P00533,
CCn1ncc(Cl)c1C(=O)N1CC[C@@H](C(=O)O)C1,P00533,
CCOCC(=O)N1CC2(CN(Cc3ccccc3)C[C@H]2c2nc(C3CC3)n[nH]2)C1,P00533,
COC[C@H]1CC2(CCN(C(=O)c3nn(C)c4ccccc34)CC2)CO1,P00533,
NC(=O)c1cc(NC(=O)c2ccc(F)cc2)cc(C(N)=O)c1,P00533,
CC1(C)OC[C@H]2C[C@]21NCc1ccc(S(C)(=O)=O)cc1,P00533,
CC(=O)c1ccc(NC(=O)O[C@@H]2CO[C@H]3[C@@H]2OC[C@@H]3NC(=O)NCc2ccccc2)cc1,P00533,
N#Cc1ccc(NC(=O)CNc2ccccc2C(=O)Nc2ccc(Cl)cc2)cc1,P00533,
Cc1noc(C)c1CN1CCN(C(=O)[C@@H]2CCCO[C@@H]2C)CC1,P00533,
COc1ccccc1NS(=O)(=O)c1ccc(C(=O)Nc2ccc3ccccc3c2)cc1,P00533,
COc1ccc(NC(=O)CCc2ccco2)c(OC)n1,P00533,
c1cc(-c2ccnc(N3CCN(c4ncnc5[nH]cnc45)CC3)n2)ccn1,P00533,
Cc1oncc1S(=O)(=O)N1CC[C@@]2(C(=O)Nc3ccccc32)[C@@H]1c1cccnc1,P00533,
CO[C@H](c1ccc(F)cc1)[C@H](C)NC(=O)Cn1ncc2cccnc21,P00533,
FC(F)(F)Cn1ccc(Cc2nc([C@@H]3CCCOC3)no2)n1,P00533,
CC(C)c1nc(N2CCC(NC(=O)Cc3cccc(F)c3)CC2)ncc1-c1ccncc1,P00533,
COc1ccccc1[C@@H](NC(=O)Cc1ccccc1C)c1nccn1C,P00533,
Fc1cncnc1N1CCN(c2ccccn2)CC1,P00533,
O=C(Cn1cnc2ccccc2c1=O)N1CC[C@@H](Oc2cccnn2)C1,P00533,
O=C(C1CCC1)N(CCN1CCOCC1)CC(=O)N1N=C(c2ccccc2F)C[C@@H]1c1ccccc1F,P00533,
NS(=O)(=O)c1ccc2c(c1)CCN2Cc1cccc2ccccc12,P00533,
CC(C)[C@@H]1CN(C(=O)C2(C#N)CC2)CCC(=O)N1Cc1ccc(F)cc1,P00533,
COc1cc(C#N)ccc1S(=O)(=O)N1C[C@@H](C)CN(C)c2ccccc21,P00533,
COc1cc(OC)nc(N2CC[C@H]3CCN(c4cnc5ccccc5n4)C[C@H]32)n1,P00533,
CC[C@H](C)[C@H](NC(=O)[C@@H]1CCCN(S(=O)(=O)c2ccc(F)cc2)C1)C(=O)NC1CC1,P00533,
CC(C)c1nc(CNC(=O)N2CC(N3CCCC[C@H]3C)C2)no1,P00533,
CCOc1ccc(NS(=O)(=O)C2CCC(C)(C)CC2)cc1S(=O)(=O)N1CCCC1,P00533,
O=C(CC1CCN(C(=O)c2ccc3oc(C4CC4)nc3c2)CC1)NC1CCCCCC1,P00533,
Cc1nc(-c2nnc(SCC(=O)Nc3cc(Cl)cc(Cl)c3)n2C)cs1,P00533,
c1ccc(CN2CCCC[C@H](CNCc3ncc[nH]3)C2)cc1,P00533,
O=C(Nc1cc2n(n1)CCCC2)c1ccc2c(n1)CCC2,P00533,
O=C(O)[C@H]1CN(Cc2cccc3cc[nH]c23)CC(F)(F)C1,P00533,
N[C@@H](CCNC(=O)N[C@H]1CC[C@@H](c2ccccc2)CC1)Cc1ccccc1,P00533,
COc1ccc([C@H]2CCCCCN2C(=O)c2ccc(N3CCCC3=O)cc2)cc1,P00533,
COc1cc(OC)cc(C(=O)Nc2ccon2)c1,P00533,
O=C(CN1CCCC[C@@H]1c1nc(=O)[nH][nH]1)NCCC1CCCCC1,P00533,
CC[C@@H](C(=O)N1C[C@H](CO)Cc2cccc(F)c21)n1cnc(C#N)n1,P00533,
CNC(=O)CCN(C)C[C@@]1(O)CCN(Cc2ccccc2)C1,P00533,
O=S(=O)(c1ccc(F)cc1)N1C[C@@H](O)[C@H](N2CCCC2)C1,P00533,
Cc1nc(C(F)(F)F)ncc1C(=O)N[C@@H](C)c1cccc(Br)c1,P00533,
NC(=O)c1cccc(NC(=O)Cc2ccccc2)c1,P00533,
O=C(NCCC(=O)N1CCN(Cc2ccncc2)CC1)c1ccc2ccccc2c1,P00533,
CCNc1cc(C(=O)N2CC[C@H]3CCCC[C@@H]32)ccn1,P00533,
COc1ccc2cc(CC(=O)NC3CCOCC3)ccc2c1,P00533,
COc1ccc(N(C)C(=O)[C@@H]2CCCN(c3ncccn3)C2)cc1OC,P00533,
O=c1c2nn(Cc3c(F)cccc3Cl)c(=O)n2ccn1-c1ccccc1,P00533,
CCc1cc2c(N3Cc4c(OC)ccc(OC)c4[C@@H](O)C3)ncnc2s1,P00533,
Cc1ccc(-c2nc(SCC(=O)N3CCc4ccccc43)c3c(=O)n(C)c(=O)n(C)c3n2)cc1,P00533,
Cc1ncnc(C(=O)N2C[C@@H]3C(C(=O)NC4CC4)=NO[C@@H]3C2)c1C,P00533,
C[C@@H](C(=O)NCc1nncn1C1CCCCC1)c1n[nH]c(=O)c2ccccc12,P00533,
COC(=O)COc1cc(Br)ccc1F,P00533,
C[C@@H]1c2ncc(COCC3CCCC3)n2CCN1Cc1nccs1,P00533,
COCCS(=O)(=O)N1CCC(NC(=O)c2ccco2)CC1,P00533,
COc1ccc(CCNc2ncccn2)cc1,P00533,
CC(=O)N1CCC[C@H](c2ccccc2CC2(C(N)=O)CCN(C(=O)C(C)C)CC2)C1,P00533,
N#Cc1ccc(N2CCN(C(=O)c3ccc(-n4cnnc4)nc3)CC2)nc1,P00533,
Cn1cnc2ccc(NC(=O)CCc3ccc4c(c3)CCO4)cc2c1=O,P00533,
CCc1cccc(NC(=O)N(Cc2ccncc2)C2CC2)c1,P00533,
CCOC(=O)C1CCN(C(=O)Cn2c(=O)n(-c3ccc(C)cc3C)c(=O)c3sccc32)CC1,P00533,
CCn1nc(C(=O)N2CCCCC2)c2c1CC[C@H](NC1CCCCC1)C2,P00533,
COc1ccc(CC(=O)N2CCO[C@H](CO)[C@H]2c2ccccc2)c(OC)c1,P00533,
CCc1n[nH]c(=O)c(C(=O)N2CC[C@H](C3CCCC3)C2)c1CC,P00533,
CSc1nc(SCC(=O)NC[C@H]2CCCO2)c2c3c(sc2n1)CN(C)CC3,P00533,
COc1cccc(CN(CC(C)C)C(=O)Cn2nc(C)c3ccccc3c2=O)c1,P00533,
Cc1c(CN2CCC[C@@H](C)C2)c(=O)n(-c2ccccc2)n1C,P00533,
Cc1cc(C(=O)N(C)Cc2nc3ccccc3c(=O)[nH]2)c(C)o1,P00533,
CCn1nc(CN2CCN(C(=O)c3ccc(Br)o3)CC2)c2c1CCOC2,P00533,
O=C(C[C@H]1CCOC1)N1CCC(c2nc(-c3ccccc3)no2)CC1,P00533,
O=C(Nc1ccc(F)c(F)c1)C1CCN(S(=O)(=O)Cc2cccc(Cl)c2)CC1,P00533,
Cc1ccc(S(=O)(=O)N[C@H]2CCc3cc(C)ccc32)cc1,P00533,
Cn1ccnc1C[C@@H]1CCCN(S(=O)(=O)CCN2CCCC2)C1,P00533,
O=C(C[C@H](c1ccc(O)cc1)c1ccccc1O)N1CCCCCCC1,P00533,
CC(C)[C@H](N)[C@H](O)c1ccc(Cl)cc1,P00533,
Nn1c(SCC(=O)Nc2ccc(Oc3ccccc3)cc2)nnc1-c1cccs1,P00533,
Nc1ncccc1CN1CCn2nc([C@H](O)c3ccccc3)cc2C1,P00533,
COc1cc(C(=O)OCC(=O)Nc2ccc(Cl)cc2C)c(Br)c(OC)c1OC,P00533,
CCCOc1ccc(C(=O)N(Cc2ccc(Br)o2)[C@H]2CCS(=O)(=O)C2)cc1,P00533,
CCn1nccc1C1CCN(C[C@@H]2CCCO[C@H]2c2nccn2C)CC1,P00533,
COc1ncc(C(=O)NCc2ccc(Br)cc2)cn1,P00533,
CC(C)[C@@H](CNC(=O)[C@H]1CC[C@@H](O)CC1)N(C)C,P00533,
CCSc1nc2c(c(=O)[nH]1)CS[C@@H]2C,P00533,
CNC(=O)c1ccc(-c2ccc(OC)c(C)c2)cc1F,P00533,
CSc1ccc(N2C[C@@H](c3nnc(NC(=O)COc4ccccc4C(C)C)o3)CC2=O)cc1,P00533,
COC[C@@]1(SC)C(=O)N(C)c2ccccc21,P00533,
CSCCN1CCN(C(=O)N[C@@H](C(=O)O)c2cccc(C)c2)CC1,P00533,
N#Cc1c(F)cccc1N1CC[C@H](Nc2ccncn2)C1,P00533,
N#Cc1ccc(C(=O)N2C[C@@H](CN3CCCC3)C[C@H](CO)C2)cc1,P00533,
CCOc1ccc(C(F)(F)F)cc1NC(=O)c1cccs1,P00533,
Cn1nc(CNC(=O)CC(C)(C)C)c2c1CCCC2,P00533,
CS(=O)(=O)Nc1cccc(C(=O)Nc2cccc(C(=O)Nc3cccc(C(F)(F)F)c3)c2)c1,P00533,
COC(=O)c1ccc(NCc2cncnc2)cc1OC(F)(F)F,P00533,
O=C(NC[C@@H]1CCCN(Cc2noc(-c3ccco3)n2)C1)c1ccc(F)cc1,P00533,
CN(C)S(=O)(=O)N1CCC(CNC(=O)COCc2ccccc2)CC1,P00533,
O=C1CO[C@H](c2ccc(NS(=O)(=O)Cc3ccccc3)cc2)[C@@H](CO)N1C1CCOCC1,P00533,
CCCC[C@H](CC)C(=O)NCC(=O)N1CCOCC1,P00533,
O=C(NC1(c2ccc(F)cc2)CC1)c1ccccc1OC(F)(F)F,P00533,
Nc1nc(CN2CCN(c3ccc(F)cc3)CC2)nc(N2CCOCC2)n1,P00533,
O=C(NCCN1CCNCC1)N[C@@H](Cc1ccccc1)C1CCCC1,P00533,
CN(C)CC(=O)N1Cc2ccnn2CC[C@H]1COc1cccnc1,P00533,
CCCN(Cc1ccccc1OC)C(=O)c1ccccc1C(=O)OC,P00533,
CCOc1ccc(-n2cc(C(=O)OCC(=O)OC)c3ccccc3c2=O)cc1,P00533,
Cn1nc(C(F)(F)F)cc1C(=O)Nc1cnn(C)c1C(N)=O,P00533,
COc1csc(C(=O)N(Cc2ccccc2)[C@H](C)C(=O)O)c1,P00533,
O=C(c1ccc2ncnn2c1)N1CCC2(CC1)OCCc1ccsc12,P00533,
Cc1ccc(S(=O)(=O)N2CCOCC2)cc1C(=O)OCC(=O)N(C)Cc1ccccc1,P00533,
Cc1ccc(N2CCN(C(=O)C3CCN(c4nccc(C)n4)CC3)CC2)c(C)c1,P00533,
COC(=O)c1cc(CCCC(=O)O)c[nH]1,P00533,
COC(=O)[C@H](C)Sc1nc2sc3c(c2c(=O)n1-c1cccc(C)c1)CCC3,P00533,
O=S(=O)(Cc1ccccc1)NCc1ccc(-c2ccsc2)o1,P00533,
CCO[C@H]1C[C@H](CC(=O)N2CCCC[C@@H]2Cc2ccc(O)cc2)C1,P00533,
O=C(c1ccccc1)c1ccncc1Cl,P00533,
O=S1(=O)CCc2nnc(N3CCN(c4cc(C5CCC5)ncn4)CC3)cc2C1,P00533,
CCOc1ccc(N2CCn3c(SCC(=O)Nc4ccc(F)cc4)nnc32)cc1,P00533,
CC1CCN(S(=O)(=O)c2cn(CC(=O)N3CCN(c4ccc(Cl)cc4)CC3)cn2)CC1,P00533,
CNC(=O)Cc1cccc(NC(=O)N[C@H]2CCOC2)c1,P00533,
CCNc1nc(C)c(C(=O)N2CC[C@@H](Cc3cccc(C(=O)O)c3)C2)s1,P00533,
COc1ccc(C(=O)N[C@@H](C)c2cccs2)cc1OC,P00533,
Cc1nc2sc(C(=O)OCc3cccc(F)c3F)c(C)c2c(=O)[nH]1,P00533,
O=C(O)c1coc(C(=O)N[C@@H]2CC(=O)N(Cc3ccccc3)C2)c1,P00533,
CC(C)(C)c1ccc(NC(=O)NCC2CCN(C(=O)c3ccoc3)CC2)cc1,P00533,
COc1cccc([C@H](C)NC(=O)Nc2ccc(Nc3ccccc3)cn2)c1,P00533,
CCOC(=O)c1ccc(Cl)c(NC(=O)[C@H](C)Oc2ccccc2)c1,P00533,
CO[C@H](C)C(=O)Nc1cccc(NCc2cscn2)c1,P00533,
Cc1ccc(C(=O)Nc2cn(C)nc2C)cc1Br,P00533,
COc1cccc(CNC(=O)NC[C@@H](c2ccc(F)cc2)c2c[nH]c3ccccc23)c1,P00533,
C[C@@H]1CNC[C@@]1(C)CNC(=O)OC(C)(C)C,P00533,
C[C@H](NC(=O)c1cc(-c2ccc(F)cc2F)on1)c1ccncc1,P00533,
CCCC(=O)Nc1cccc(NC(=O)c2ccc(-n3cnnc3)cc2)c1,P00533,
Cc1[nH]nc(C(=O)Nc2ccccc2N2CCc3ccccc3C2)c1C,P00533,
CCn1ccc(C(=O)N2CCN(c3nc4c(OC)ccc(C)c4s3)CC2)n1,P00533,
CN1CCCN(CC(=O)NCc2nc(C(C)(C)C)cs2)CC1,P00533,
COCc1cc(NCc2cn(C)nc2C)cc(C(=O)O)c1,P00533,
CC(C)(C)OC(=O)N1[C@@H]2C[C@@H]2C[C@H]1C(=O)O,P00533,
Cc1cc(C(=O)N2CC(C)(C)OC[C@@H]2C)c2n[nH]cc2c1,P00533,
N#CCC1(O)CN(C(=O)[C@H]2CCCN2Cc2ccccc2)C1,P00533,
Clc1ccc(-n2cc(Br)nn2)cc1,P00533,
CCCOc1ccc(C(=O)Nc2c(C)cccc2CC)cc1,P00533,
Cc1cccc(OCC(=O)N[C@H]2CC(=O)N(c3cccc(F)c3)C2)c1,P00533,
CN(C)c1cc(N2C[C@H](O)C[C@@H]2CNCc2c3c(nn2C)CCC3)ncn1,P00533,
NCCC1(O)CCN(Cc2ccccc2)CC1,P00533,
Cc1ccc(F)cc1-n1c(CCCO)n[nH]c1=O,P00533,
COc1cccc(C(=O)N2CCC[C@@H](Oc3cc(C)nc(C)n3)C2)c1,P00533,
CCSc1ncc2c(=O)n(CC(=O)N(C)c3ccccc3)cnc2n1,P00533,
Cc1ccc(C(=O)N[C@@H](CC(C)(C)C)c2cccnc2)c(=O)[nH]1,P00533,
O=C(O)[C@@]1(NS(=O)(=O)c2ccccc2-c2ccccc2)CCOC1,P00533,
O=C(NCc1ccccc1Cl)c1cc(=O)nc2sc(N3CCCCC3)nn12,P00533,
CC[C@@H](NC(=O)c1ccc(OC)c(C(C)(C)C)c1)c1ccccn1,P00533,
CCCCc1c(C)n(CC(=O)NCc2ccccc2F)c2nc(-c3ccccc3)nn2c1=O,P00533,
O=C(CCc1c[nH]cn1)N1CCc2c(Cl)cc(Cl)cc2C1,P00533,
Cc1ccccc1C[C@@H](CO)CNS(=O)(=O)c1cccc(Br)c1F,P00533,
CCOC(=O)c1ccc(-c2ccc([C@@H]3CC(=O)Nc4c3cnn4C(C)C)o2)cc1,P00533,
Cc1cc(C)n(-c2cccc(C(=O)Nc3nc4c(s3)CCC4)c2)n1,P00533,
O=C(O)[C@H]1CCCN(C(=O)Cc2csc(-c3ccc(Cl)cc3)n2)C1,P00533,
Cc1ccc(C(=O)N2[C@@H]3CC[C@H]2C[C@H](NC(=O)c2cnc(C)cn2)C3)c(C)c1,P00533,
O=S(=O)(c1cccc2cccnc12)N1CCCCC1,P00533,
COCCN1CCC[C@]2(CCN(Cc3ccccc3Cl)C2)C1=O,P00533,
O=S(=O)(NCc1ccccc1CN1CCOCC1)c1ccc(Cl)c(C(F)(F)F)c1,P00533,
Cc1nc(S(=O)(=O)NC(=O)CCC2CCOCC2)sc1C,P00533,
Cc1nn(CC(C)C)c(Cl)c1C(=O)NC[C@H]1COc2ccccc2O1,P00533,
COc1cccc(-c2noc(-c3ccc(CS(=O)(=O)Cc4cccc(C)c4)o3)n2)c1OC,P00533,
Cc1cc(CSc2nnc(-c3ccoc3C)n2C)on1,P00533,
COC(=O)c1c(NC(=O)c2cc(OC)c(OC)c(OC)c2)sc2c1CC[C@@H](C)C2,P00533,
C[C@@H]1CN(C(=O)COc2ncnc3ccc(Br)cc23)C[C@@H](C)O1,P00533,
CC(=O)c1cccc(NC(=O)Cn2nc3ccc(C(=O)NCc4ccccc4)cn3c2=O)c1,P00533,
O=c1cnn(-c2ccc(Cl)cc2)c(=O)[nH]1,P00533,
CCn1cncc1CN[C@H]1CCO[C@@H]1c1ccnn1CC,P00533,
N#Cc1nccnc1O[C@H]1CC[C@H](NC(=O)CC2CC2)CC1,P00533,
CC[C@@H](NCCc1cc(Cl)c2c(c1)OCCO2)c1nccn1C,P00533,
COc1cccc(-c2noc(CCn3nc(-c4ccc(C(C)C)cc4)ccc3=O)n2)c1OC,P00533,
Cc1ccccc1NS(=O)(=O)c1cc(Br)cnc1N,P00533,
Cc1cc(NC(=O)Cn2cc(C(=O)O)ccc2=O)ccc1Br,P00533,
CC(=O)CCC(=O)N1CCc2nnc([C@H](CC(C)C)NC(=O)CN(C)C)n2CC1,P00533,
COc1ccc(CC(=O)Nc2ccccc2C(=O)Nc2ccccc2)cc1,P00533,
O=C(c1nn(Cc2ccccc2)c(=O)c2ccccc12)N1CCN(c2ccc(O)cc2)CC1,P00533,
CCC[C@@H](NC(C)=O)C(=O)N1CCN(c2ccc(OC)cc2)C(=O)C1,P00533,
CC1CCN(CCOc2ccccc2CO)CC1,P00533,
N#Cc1ccc(C2(C(=O)O)CC(=O)C2)cc1,P00533,
c1cc(-c2cnn3cccnc23)nc([C@H]2CCCNC2)c1,P00533,
COc1ccc2cnn(-c3nc4ccccc4[nH]3)c(=O)c2c1OC,P00533,
Cn1c(CNC(=O)c2ccccc2F)nnc1SCC(=O)Nc1ccc(F)c(F)c1,P00533,
O=C([C@H]1CCCN(S(=O)(=O)c2cccs2)C1)N1CCN(Cc2ccc(Cl)s2)CC1,P00533,
COc1ccc(C(=O)N2CCCC2)c(OC2CCN(CC[C@@H](C)c3ccc(C)o3)CC2)c1,P00533,
COC(=O)c1c(NC(=O)[C@H]2CCCO2)c2cc(NCc3cccc(C)c3)cnc2n1Cc1ccccc1,P00533,
COc1cc2c(cc1OC)[C@H](C(CO)CO)NCC2,P00533,
C[C@@H](C(=O)Nc1ccc(F)cc1)n1nnc2ccccc2c1=O,P00533,
O=C(c1cn(C[C@@H]2CCCO2)cc2c(=O)n(-c3ccccc3)nc1-2)N1CCCCC1,P00533,
CS(=O)(=O)CCC(=O)N1CCC[C@@]2(CC(C(=O)Nc3cccnc3)=NO2)C1,P00533,
COc1ccc(Br)c(OC)c1OC(C)C,P00533,
Cc1ccc(N2C[C@H](c3nc(-c4ccc5c(c4)ncn5C)no3)CC2=O)cc1C,P00533,
O=C(Cc1coc(-c2cccs2)n1)N1CCCO[C@@H]2CCC[C@@H]21,P00533,
C[C@@H](NC(=O)c1cccc2c1OCCO2)c1cccc(F)c1,P00533,
Cc1cc(NC(=O)CCNC2CCN(C(=O)C3CCC3)CC2)ccc1F,P00533,
O=C(Nc1ccc(Br)cc1)N1CCN(C(=O)c2nsc3ccccc23)CC1,P00533,
Cc1ccc2[nH]ncc2c1-c1cnc2c(c1)OC(C)(C)C(=O)N2,P00533,
Cc1nccc(C(=O)NC2(c3ncccn3)CCOCC2)c1O,P00533,
COc1ccc2c(ccn2CCNC(=O)Cc2ccc(OC)c(OC)c2)c1,P00533,
COC(=O)C[C@@H](NC(=O)CCC(=O)O)c1cc(C)ccc1C,P00533,
C[C@@H](NC(=O)c1c(N)n(Cc2ccccc2)c2nc3ccccc3nc12)c1ccccc1,P00533,
COc1ccc(NC(=O)CSc2cc(-n3nc(C)cc3C)ncn2)cc1,P00533,
CCC(=O)O[C@H]1CC[C@H]2[C@@H]3CCc4cc(O)ccc4[C@H]3CC[C@]12C,P00533,
CN1C(=O)[C@@H]2CCC[C@H]1CN(C(=O)NCc1nc(C(C)(C)C)no1)C2,P00533,
O=C(CSc1ccc2nnc(-c3ccccc3)n2n1)Nc1cccc(F)c1,P00533,
Cc1c(NC(=O)NC[C@@H](CO)C2CC2)cnn1CC(C)C,P00533,
COc1cc(NC(=O)Cc2c(C(=O)O)c(C)cn2C)cc(OC)c1,P00533,
Cc1cccc(N(C)S(=O)(=O)c2ccsc2C(=O)Nc2ccc(F)c(Cl)c2)c1,P00533,
CCn1cnnc1C1CCN(c2ccnc3c(OC)cccc23)CC1,P00533,
O=C(c1cnc2ccccc2c1S(=O)(=O)c1cccc(F)c1)N1CCSCC1,P00533,
C[C@H](Cc1ccc(OCC(=O)O)cc1)NC[C@@H](O)c1cccc(Cl)c1,P00533,
C[C@@H]1C[C@@H](C(=O)O)CN(C(=O)Cc2ccc3c(c2)CCCO3)C1,P00533,
COc1ccc([C@@H]2CC(=O)c3cc(C)cc(C)c3O2)cc1OC,P00533,
O=C(CCCc1cn[nH]c1)N[C@H]1C[C@H]2CNC[C@H]2C[C@@H]1O,P00533,
CCOC(=O)C1CCN(c2nc3nonc3nc2N(C)C)CC1,P00533,
Cc1ccc(S(=O)(=O)NCc2ccc(C(=O)N3CCN(c4cccc(Cl)c4)CC3)cc2)cc1,P00533,
CC(C)[C@@H]1CCCN(C(=O)Nc2ccnn2Cc2ccccn2)CC1,P00533,
CNC(=O)N(C)c1nc(CSCC(=O)O)ns1,P00533,
Cc1cccc(NC(=O)CSCc2nc3sc(C)c(C)c3c(=O)[nH]2)n1,P00533,
O=C(Cc1noc2ccccc12)NCCn1nc(-n2cncn2)ccc1=O,P00533,
COc1ccc(OCC(=O)NC[C@@H](c2ccc(C)cc2)N(C)C)cc1,P00533,
O=C(O)c1ccc2c(c1)CCN2S(=O)(=O)Cc1ccccc1,P00533,
Cc1ccc(C)c(C(=O)N(CC(=O)O)C2CC2)c1,P00533,
CN(CC(=O)Nc1cccc(CN2CCCC2)c1)Cc1ccc(F)cc1,P00533,
C[C@@H]([C@H](O)c1ccccc1)N(C)S(=O)(=O)c1ccc2ccccc2c1,P00533,
COc1c(NC(=O)N2CCCCC2)csc1Cl,P00533,
Cc1cn2c(=O)c(S(=O)(=O)Nc3ccc(F)cc3Cl)c(C)nc2s1,P00533,
CN(C(=O)c1ccn(C)n1)[C@H](Cc1ccccc1)C1CCN(C(=O)Cc2ccccc2F)CC1,P00533,
CCCn1cnnc1[C@@H]1CN(C)CC12CCN(Cc1cn(C)nc1C)CC2,P00533,
CC(C)n1ncc2c1NC(=O)C[C@@H]2c1cccc(F)c1F,P00533,
CC[C@@H](C)NC(=O)c1sccc1S(=O)(=O)N1CCN(c2cccc(Cl)c2)CC1,P00533,
COCCN1C[C@@H](C(=O)Nc2nn(-c3cccnc3)cc2C)CC1=O,P00533,
Cc1nn(C)c(C)c1[C@H]1[C@H](CN[C@H]2CCSC2)CC(=O)N1C,P00533,
CN1CCC[C@H]1C(=O)N[C@H]1CCCc2ccccc21,P00533,
CCc1nnc2c3c4c(sc3nc(-c3cccnc3)n12)CCCC4,P00533,
CSc1ccccc1C(=O)Nc1ccc2c(c1)N(C(=O)c1cccs1)CC2,P00533,
Cn1c(=O)n(Cc2cccc3ccccc23)c(=O)c2c(N3CCN(C(=O)C4CC4)CC3)ccnc21,P00533,
CCc1ccc2oc(C(=O)NC[C@@H](c3ccccc3Cl)N(C)C)cc(=O)c2c1,P00533,
Cc1cccc(CNC(=O)C2CCN(C(=O)c3cc(-c4ccccn4)[nH]n3)CC2)c1,P00533,
COC(=O)[C@@H]1CCN(C(=O)Nc2ccc3occ(C)c3c2)C[C@@H]1C,P00533,
O=C(NCc1ccccc1Cl)[C@H]1CCCN(c2nccnc2Oc2ccccc2)C1,P00533,
CCn1c(=O)c2sc(N3CCCC3)nc2n(CC(=O)Nc2ccc(OC)cc2)c1=O,P00533,
Cc1c(-c2ccc3nccn3c2)ccc(F)c1F,P00533,
COCCN(C)S(=O)(=O)N1CC(Oc2cccc(C(=O)O)c2)C1,P00533,
Cc1ccccc1C(=O)N1CCN(c2nc(C3CCOCC3)nc3c2c(C)nn3-c2ccccc2)CC1,P00533,
CC(C)(C)CC(=O)c1cc(Cl)ccc1O,P00533,
O=C(N[C@H]1CCCc2ccccc21)[C@H]1Cc2ccccc2O1,P00533,
COc1ncccc1NC(=O)NC[C@@H](O)COc1cccc(F)c1,P00533,
CN(Cc1ccc(OCc2nccn2C)cc1)C[C@H](O)COc1ccccc1,P00533,
CC1(C)C[C@H](NC(=O)c2ccccc2F)C[C@@](C)(CNC(=O)c2ccccc2F)C1,P00533,
CN(C(=O)Cn1c(=O)oc2ccccc21)[C@@H]1CCC[C@@H](O)[C@@H]1O,P00533,
COC(=O)Nc1ccc(CNC(=O)[C@H]2C[C@@H]2c2ccccc2F)cc1,P00533,
C[C@H](C(=O)NC1CC1)N1CCN(c2ncnc3sccc23)CC1,P00533,
Cc1cccc(OC[C@@]2(O)COCCN(C(=O)Cc3cccnc3)C2)c1,P00533,
Cc1ccccc1-c1nc2sc(N3CCN(C(=O)NC(C)(C)C)CC3)nn2c1NC(C)(C)C,P00533,
CCS(=O)(=O)c1ccc(N2CCO[C@@H](Cc3ccccc3)C2)cc1,P00533,
COCc1cc(C[C@@H]2CC[C@H](O)[C@@H](CNC(=O)Nc3ccccc3OC)O2)no1,P00533,
Cc1ccc(O[C@H](C)C(=O)Nc2c(C)cccc2Cl)cc1,P00533,
COc1ccc(OC2CCN(C(=O)C3CC3)CC2)c(C(=O)N[C@H](C)Cc2cccnc2)c1,P00533,
FC(F)(F)c1cnc(N2CCC(CCN3CCOCC3)CC2)s1,P00533,
CCOc1ccc([C@H]2C[C@@H]2C(=O)O)cc1,P00533,
C[C@H](O)CNc1nc2c(c(=O)n(Cc3ccc(Cl)c(Cl)c3)c(=O)n2C)n1C,P00533,
CC(C)c1ccc(C[C@H]2CCN(c3ccn4ncc(Br)c4n3)C2)cc1,P00533,
CCC(CC)NC(=O)c1ccc(OCc2csc(C)n2)cc1,P00533,
CC(C)(C)OC(=O)N1CCNC[C@]2(CCCC(=O)N2)C1,P00533,
Cc1cc2c(N3CCN(c4ccc5nnc(C(F)(F)F)n5n4)CC3)nccn2n1,P00533,
CCCN1N=C(c2ccc(F)cc2)Cn2c1nc1c2c(=O)n(CCC)c(=O)n1C,P00533,
COCC(=O)N1CCC[C@@]2(CCc3cnc(N(C)C)nc32)C1,P00533,
Cn1c(CN2CCOCC2)cc(=O)c(O)c1CN1CCN(C(c2ccccc2)c2ccccc2)CC1,P00533,
CC(C)Cc1cc(C(=O)N2CCC[C@](C)(c3ccccc3)C2)no1,P00533,
C[C@H](NCC(=O)Nc1ccccc1F)[C@@H]1CCCN(C2CCC2)C1,P00533,
Cc1cc(OCC(=O)Nc2ccc(S(=O)(=O)N3CCOCC3)cc2)c(C(C)C)cc1Br,P00533,
NC[C@@H]1CCCN(C(=O)Nc2nncs2)C1,P00533,
COc1cc2ncc3sc4ccccc4c3c2cc1OC,P00533,
CCOc1ccc(Cl)cc1NC(=O)C1CN(C)C1,P00533,
O=C(CCc1ccno1)N1CC[C@@H](Cc2ccc(Cl)cc2)C1,P00533,
c1ccc2c(c1)CC[C@@H](NCCc1noc(C3CC3)n1)C2,P00533,
Cc1c(C(=O)N2CCCC[C@@H]2C)sc2ncnc(NCc3cccc(F)c3)c12,P00533,
CCOc1ccc(NC(=O)[C@@H]2COc3ccccc3O2)cc1S(=O)(=O)N1CCCC1,P00533,
CC(C)NC(=O)c1ccc(NC(=O)CCCN2CCCC2=O)cc1,P00533,
c1ccc(-c2cccc(-c3ncc[nH]3)n2)nc1,P00533,
CO[C@H](c1ccccc1)c1nc2c(o1)CCN(C(=O)c1ccc3c(c1)OCC(=O)N3)C2,P00533,
C[C@H]1[C@H](N(C)C)CCN1S(=O)(=O)c1cc2sc(N3CCN(C4CC4)CC3)nc2cc1Cl,P00533,
Cc1ccccc1O[C@@H]1CCC[C@H](NC2CCN(C(C)C)CC2)[C@H]1O,P00533,
O=C(c1ccccc1Cl)N(Cc1cccs1)c1ccccn1,P00533,
CCn1cnc2c1c(=O)n(CC(=O)Nc1nc(C)cs1)c(=O)n2Cc1ccccc1,P00533,
Cc1cscc1NC(=O)N1CCC[C@@H](c2cncn2C(C)(C)C)C1,P00533,
COCCn1c([C@H]2CCN(C(=O)c3cccc(Cl)c3)C2)nc2cccnc21,P00533,
O=S(=O)(c1ccc(F)c(Cl)c1)N1CCC(n2nccn2)CC1,P00533,
CNc1cncc(-c2cnn([C@H]3CCOC3)c2)c1,P00533,
COc1ccc(-c2nn([C@H](C)C(=O)Nc3ccc(OC)c(OC)c3)c(=O)c3noc(C)c23)cc1,P00533,
CCN1CCN(C(=O)Nc2ccc(F)c(Cl)c2)c2cccnc21,P00533,
CCN1C[C@@H]2CN(C(=O)C3(F)CC3)C[C@@H]2C1=O,P00533,
COCC(=O)N1CCc2[nH]cnc2C12CCN(C(=O)c1cc[nH]n1)CC2,P00533,
CN1[C@H](C(=O)NCc2ccc3c(c2)OCO3)C[C@@H](c2ccco2)NS1(=O)=O,P00533,
CCn1nc(C)c(S(=O)(=O)N2CCN(C(=O)c3cccs3)CC2)c1C,P00533,
O=C(c1cccnc1)N1CCC[C@H](c2nnc(-c3ccccc3F)s2)C1,P00533,
O=C(CCc1ccncn1)N1CCC[C@@H](NS(=O)(=O)c2cccc(F)c2)C1,P00533,
CN(C)CCn1c2c(c(SCC(=O)Nc3ccc(C(F)(F)F)cc3)nc1=O)CCC2,P00533,
COc1ccc(OC)c(NC(=O)Cc2cccc(C)c2)c1,P00533,
O=C(c1ccccc1Cl)N1C[C@H](C(F)(F)F)C[C@H](C(F)(F)F)C1,P00533,
CC(C)NS(=O)(=O)c1ccc2c(c1)nc(-c1cccc3nonc13)n2C(C)C,P00533,
C[C@@H](c1cccc(O)c1)N(C)C(=O)c1ccncc1F,P00533,
O=C(O)c1ccccc1-c1ccc(C=Cc2cc(C(F)(F)F)nc(=O)[nH]2)o1,P00533,
CCCc1cc(OC)c2c(c1OC)OCO2,P00533,
CN(Cc1ccccc1)c1ncc(F)c(Nc2ccc(C(=O)O)cc2)n1,P00533,
Cn1cc(C(=O)N2CCO[C@H](c3cccc(O)c3)C2)c(C2CCCCC2)n1,P00533,
C[C@@H](NC(=O)OCc1ccccc1)C(=O)N1C[C@@H]2C[C@H](C1)c1cccc(=O)n1C2,P00533,
O=C(CNCc1cc2ccccc2[nH]1)N[C@H]1CC[C@@H](c2nc3ccccc3[nH]2)CC1,P00533,
C[C@H]1Cc2ccccc2N1C(=O)COC(=O)Cc1cccc(C(F)(F)F)c1,P00533,
NC(=O)[C@@H](NC(=O)N[C@@H]1COc2cc(F)ccc21)c1ccc(Cl)cc1,P00533,
COc1cc(OC)cc([C@H](C(=O)O)N2CCC[C@@H](NC(C)=O)C2)c1,P00533,
C[C@H](c1cccc(O)c1)N(C)C(=O)CNC(=O)c1ccc(F)c(F)c1,P00533,
CCOC(=O)N1CCN([C@H](c2ccccc2OC)c2c(O)cc(C)n(CC)c2=O)CC1,P00533,
Cc1cccc(C)c1NC(=O)Cc1ccc(Br)cc1,P00533,
Cc1cc2[nH]cc(C(=O)N3C[C@H]4[C@@H](CN(C)C)[C@@H]5CC[C@@]4(C3)O5)c(=O)n2n1,P00533,
Cc1ccc(NC(=O)[C@H]2c3ccccc3C(=O)N(C)[C@@H]2c2cccs2)cc1C,P00533,
Cc1nc(N2CCN(C)CC2)[nH]c1C(=O)c1ccc(C(=O)O)cc1,P00533,
COc1ccc(CN2CCN(C(=O)CSC)CC2=O)cc1,P00533,
CN(C)S(=O)(=O)NCc1nnnn1-c1ccc(Cl)cc1,P00533,
Cc1c[nH]c([C@@H]2CN(C(=O)CCc3cc(Cl)no3)CCO2)n1,P00533,
CC(C)CC(=O)N1CCc2cc(CNC(=O)c3cccc(Cl)c3)ccc21,P00533,
CC(=O)/N=c1/[nH]c(-c2cccs2)c(NC(=O)c2ccco2)s1,P00533,
CN1c2ccccc2N(CCNC(=O)c2noc3c2CCCC3)S1(=O)=O,P00533,
CCC[C@@H](C(=O)O)n1ccc(C2CC2)n1,P00533,
CN(C(=O)CN1CCO[C@@H](c2cccc(Nc3ccc(F)cn3)n2)C1)C1CCCCC1,P00533,
Cc1nc(C)c(C(=O)N(C)[C@H]2CCCN(C3Cc4ccccc4C3)C2)s1,P00533,
COc1ccc(CN(C)C(=O)Nc2ccccc2N2CCOC2=O)cc1OC,P00533,
CCOC(=O)c1ccc(NC(=O)c2ccnc(O[C@@H]3CCSC3)c2)cc1,P00533,
CCN(CC)c1ncnc2c1c(-c1ccccc1)cn2-c1ccccc1,P00533,
O=C(c1ccncn1)N1CCc2cc(-c3cccc(F)c3)ccc21,P00533,
O=C(CSc1ccc2nnc(-c3ccncc3)n2n1)Nc1ccc2c(c1)OCCO2,P00533,
O=C(CCc1cccnc1)N[C@@H]1CC[C@@H](N2CCOCC2)[C@@H]1O,P00533,
Cn1ccc2c(N3CC(c4nnc5ccccn45)C3)ncnc21,P00533,
O=S(=O)(N1CCCCC1)N1CCCN(CCOc2ccccc2)CC1,P00533,
CC[C@@H](C)NC(=O)c1ccc(-c2cccs2)nc1,P00533,
Cc1ccccc1CCC(=O)N1[C@@H]2CC[C@H]1C[C@H](S(C)(=O)=O)C2,P00533,
CSCC[C@H](C(=O)Nc1ccc2nnn(C)c(=O)c2c1)n1cccc1,P00533,
C[C@H](C(=O)Nc1nc(-c2ccc3ccccc3n2)n[nH]1)c1ccc(S(=O)(=O)N(C)C)cc1,P00533,
CCCNC(=O)CCc1nc(-c2cc3ccc(C)cc3nc2O)no1,P00533,
Cc1ccc(-c2cc(C(=O)N3CC[C@@H](O)[C@H](C)C3)[nH]n2)cc1C,P00533,
O=C(O)c1cn2ccc(Br)cc2n1,P00533,
COC(=O)c1cn(C2CC2)c2cc(N3CCNCC3)c(F)cc2c1=O,P00533,
O=c1c2c3c(sc2ncn1Cc1nc2c4cnn(-c5ccccc5)c4ncn2n1)CCCC3,P00533,
CCn1nnnc1-c1cccc(NC(=O)N2CCCN(C(=O)C(C)C)CC2)c1,P00533,
CN(C)c1ccc(NC(=O)C[C@@](O)(c2nccn2C)C(F)(F)F)cn1,P00533,
COc1ccc(CCNC(=O)c2ccc3nc(SCc4ccc(F)cc4)n(C)c3c2)cc1OC,P00533,
Brc1ccccc1-c1nc(SCc2cn3ccccc3n2)n[nH]1,P00533,
CCN(Cc1cccc(Br)c1)C(=O)c1ccc(Cl)cn1,P00533,
O=C(N[C@@H]1CCc2ccccc21)c1cnc2ccc(Cl)cc2c1,P00533,
Cc1ccc(CN(CC(C)C)C[C@@H](O)COCc2ccco2)cc1,P00533,
CSc1cccc(NC(=O)COc2nc(C)nc3ccccc23)c1,P00533,
Cc1nccn1Cc1nnc(C2CCN(C(=O)C3CCOCC3)CC2)n1C,P00533,
O=C(c1ccc(Cl)cc1F)N1CCN(c2ncc(Br)cn2)CC1,P00533,
O=C(COc1cccc2c1CCN(Cc1ccccc1F)C2=O)Nc1ccc(F)cc1,P00533,
CCS(=O)(=O)N1CCC(C(=O)N(C)Cc2ccc(SC)cc2)CC1,P00533,
CC(C)c1ccc(OCC(=O)NCCc2nc3ccccc3[nH]2)cc1,P00533,
COc1ccc(CN(C(=O)Cn2nnc(-c3ccc(C)o3)n2)[C@@H](C(=O)NC2CCCCC2)c2ccc(F)cc2)cc1,P00533,
CC(C)N1CCC(O)(c2cc(F)cc(F)c2)CC1,P00533,
CCO[C@H]1CN(Cc2cc(=O)n3cc(Cl)ccc3n2)C[C@@H]1O,P00533,
CCOc1ccccc1C(=O)N(Cc1ccco1)[C@H]1CCS(=O)(=O)C1,P00533,
O=C(O)CCNC(=O)N1CCC[C@@H](c2ccc(C(=O)O)cc2)C1,P00533,
COc1cc(Br)c(NC(=O)c2ccnn2C(C)C)cc1C,P00533,
Cn1ccnc1[C@@](O)(CCNC(=O)[C@H]1CC(c2ccccc2)=NO1)C(F)(F)F,P00533,
COc1cc(NC(=O)c2ccc(F)c(OC(F)(F)F)c2)ccc1C,P00533,
CC(C)S(=O)(=O)N1CCC2(CC1)C[C@@H](C(=O)NC1CC1)N(c1ccc(C#N)c(C(F)(F)F)c1)C2,P00533,
Brc1ccc(CN2CCOCC2)c(Oc2ccccc2)c1,P00533,
O=C(Cc1ccc(N(Cc2ccc(F)cc2)C(=O)c2cccc(F)c2)cc1)NC1CC1,P00533,
COc1ccc(NS(=O)(=O)c2cc(C(=O)N3CCN(c4cccc(C)c4C)CC3)ccc2C)cc1,P00533,
COc1cccc(-c2cn3c(C(=O)NCC[C@H]4CCCN4C)csc3n2)c1,P00533,
Cc1ccc(S(=O)(=O)CCC(=O)N2CC[C@H]3CC[C@@H](C2)N3)cc1,P00533,
COc1cccc2sc(C(=O)N[C@@H](C)c3cccc(C)c3)cc12,P00533,
Cc1c(C)c2c(c(C)c1O)CC[C@](C)(C(=O)N1CC(=O)N(CCC(F)(F)F)C1)O2,P00533,
O=c1c(C(F)(F)F)cccn1CC1CCCCC1,P00533,
COc1cccc(NC(=O)Nc2nc(C)cs2)c1,P00533,
Cn1c(C(=O)n2ncc(C#N)c2N)cc2ccccc21,P00533,
CCCNC(=O)c1nsc(C(=O)NCc2ccccc2OC)c1N,P00533,
COC(=O)N(C1c2ccccc2-c2ccccc21)[C@H](C(=O)O)c1ccccc1,P00533,
CS(=O)(=O)N1CCOCC12CCC2,P00533,
COC[C@H](C)NC(=O)c1cc(-c2cccc(OC)c2)on1,P00533,
COc1ccc(-c2nn(CCCC(=O)N3C[C@H](C)C[C@@H](C)C3)c(=O)cc2OC)cc1,P00533,
CC(C)c1noc(-c2ccc(N[C@@H](C)Cc3ccncc3)nc2)n1,P00533,
COc1ccc(-c2cc(CNC(=O)CCc3cccn3C)no2)cc1,P00533,
CCS[C@H]1CCCC[C@@H]1NCc1nnnn1C(C)C,P00533,
CNC(=O)c1cc(OC)c(OC)cc1NC(=O)CCc1nc(C(C)(C)C)no1,P00533,
CN(C(=O)C[C@H](NC(=O)c1ccccc1)c1ccccc1)C(C)(C)CC(=O)O,P00533,
CC(C)Oc1ccc(-c2cc(F)cc(Cl)c2)cc1C#N,P00533,
COc1ccc(C2=NN3C(=O)c4ccccc4[C@H]3C2)cc1,P00533,
CN1CCC[C@@H]1[C@](C)(O)c1ccc(OCC(=O)N2CCOCC2)cc1,P00533,
COc1ccc(-c2cc3n(n2)C[C@](C)(C(=O)NCc2ccccc2OC)N(Cc2ccc(C)o2)C3=O)cc1,P00533,
NS(=O)(=O)N1CCC(n2c(=O)[nH]c3ccccc32)CC1,P00533,
COc1ccccc1NC(=O)[C@H](C)OC(=O)c1cc(OC)c(OC)c(OC)c1,P00533,
N#CC1(NC(=O)CNc2cc(Cl)ccc2N2CCCC2)CCCC1,P00533,
Cn1cc(C2CCN(C(=O)CCc3nn[nH]n3)CC2)cn1,P00533,
Cc1ccc(Cl)cc1N1CCN(C(=O)c2cc(-c3cccs3)[nH]n2)CC1,P00533,
CCC(=O)N1CCc2cc(Br)c(S(=O)(=O)N3CCC(C(=O)N4C[C@@H](C)C[C@H](C)C4)CC3)cc21,P00533,
CC[C@H]1CCCC[C@H]1NC(=O)c1sc(-c2ncccn2)nc1C,P00533,
COc1ccccc1NC(=O)C1(c2ccc(Cl)cc2)CCCC1,P00533,
Cc1nn(-c2nc3ccccc3s2)c2c1[C@@H](c1ccc(OCC(N)=O)cc1)SCC(=O)N2,P00533,
COc1ccc([C@@H]2CC(c3cccs3)=NN2C(=O)CSc2nnc(C)n2C)cc1OC,P00533,
COc1cc2c(cc1OC)CN(Cc1nnc(C(F)(F)F)o1)CC2,P00533,
CCn1c([C@H]2CCN(C(=O)CCC(C)C)C2)nc2cccnc21,P00533,
Cc1ccc(C)c(CN2CCC[C@H](CNC(=O)c3ccc(F)cc3)C2)c1,P00533,
C[C@](O)(CNC(=O)Cn1c(=O)oc2ccccc21)c1cc2ccccc2o1,P00533,
CCc1cc(C(=O)N2CCOC[C@H](NC(=O)c3cc[nH]n3)C2)oc1CC,P00533,
CCOC(=O)c1cccc(NC(=O)C2c3ccccc3Oc3ccccc32)c1,P00533,
Cc1ccc(O[C@@H](C)CNc2ccc(C)c(C)c2)cc1,P00533,
CCCNC(=O)CSc1ncnc2c1sc1cccc(F)c12,P00533,
Cc1cc(C(=O)N[C@H]2CCC[C@@H](C(=O)O)CC2)cs1,P00533,
COc1ccccc1NC(=O)c1cc(F)ccc1Br,P00533,
CCOC(=O)c1cnc2c(OC)cccc2c1Nc1ccc2c(c1)OCCO2,P00533,
COc1ccc([C@@H]2[C@@H](CO)OCCN2Cc2ccccc2OCCO)cc1OC,P00533,
O=C(O)C(F)(F)Sc1nnc(SCc2ccccc2)s1,P00533,
CCCCC(=O)N1CCc2ccccc2[C@@H](NC(=O)CCCN(C)C)C1,P00533,
CCc1nc(-c2csc(S(=O)(=O)N3CCC(C(=O)N4CC=C(c5ccccc5)CC4)CC3)c2)no1,P00533,
CC(C)Oc1ccc(CNC(=O)[C@H]2CCCCC(=O)N2)cc1,P00533,
CC(=O)N1CCO[C@H]2CCN(c3c(C#N)cccc3C#N)C[C@H]21,P00533,
CSc1nn2c(=O)cc(CN3CCOc4ccccc4C3)nc2s1,P00533,
Cc1cc(NC(=O)Cn2cnc3nc(N(C)Cc4ccccc4)sc3c2=O)ccc1Br,P00533,
Cc1cccc(Sc2nccn3c(=O)n(CC(=O)Nc4ccc(Br)cc4F)nc23)c1,P00533,
COc1ccc(Cc2nc(Cl)cc(Cl)n2)cc1,P00533,
Cc1c(Cl)cc(C(=O)O)cc1S(=O)(=O)N(C)C,P00533,
CCC1(CO)CCN(C(=O)COc2cc(C)c(Cl)c(C)c2)CC1,P00533,
C[C@H](NC(=O)CCn1cnc2sc3c(c2c1=O)CCCC3)c1ccc(Cl)c(Cl)c1,P00533,
Cc1cccc(CNC(=O)COc2ccc(F)cc2)n1,P00533,
COC(=O)[C@H](CCSC)NC(=O)N1CCN(C(=O)c2c[nH]c3ccccc23)CC1,P00533,
COCCn1cnnc1CNS(=O)(=O)c1cc(Cl)ccc1OC,P00533,
CCOc1ncccc1C(=O)Nc1ccc(C(=O)c2nccn2C)cc1,P00533,
Cc1cc(C(F)F)nn1CC(=O)N1CCC(c2cc3cccnc3[nH]2)CC1,P00533,
Cc1ncnc2c1CCN(C(=O)C1CCC(C)CC1)CC2,P00533,
COc1cc(C(=O)N2CC(OC)(c3cnnn3C)C2)cc(OC)c1C,P00533,
C[C@@H]1CN(C(=O)CS(=O)(=O)Cc2noc(C(C)(C)C)n2)CCO1,P00533,
O=C1CC2(CCN(C(=O)C3(c4ccccc4)CCCCC3)CC2)[C@H](c2cccc(F)c2)CN1,P00533,
Cc1ccc(N([C@H](C)C(=O)Nc2ccccc2C(=O)NC2CCCCC2)S(C)(=O)=O)cc1C,P00533,
O=C(CSc1nnc(-c2ccc(Cl)cc2Cl)[nH]1)Nc1ccccn1,P00533,
COc1ccc(Cl)c(C(=O)N2CCCCC2)c1,P00533,
COc1ccccc1CNC(=O)Cc1cc(=O)[nH]c(SCc2ccccc2F)n1,P00533,
Cc1ccc(N(CC(=O)NC[C@H]2CCCO2)S(=O)(=O)c2ccc(C)cc2)cc1,P00533,
Cc1ccccc1CNC(=O)NCCc1nc(N)nc(N(C)C)n1,P00533,
COc1ccc(OC)c(S(=O)(=O)N2CCn3cccc3[C@H]2c2ccccc2)c1,P00533,
Cc1ccc(-n2cnc(C(=O)N(C)c3ccccc3Cl)n2)cc1,P00533,
c1ccc([C@@H]2[C@@H]3CCC[C@@H]3[C@H]2NCc2cccnc2)cc1,P00533,
CCC(=O)N1c2ncnn2[C@H](c2ccccc2OC)C[C@@H]1c1ccc(C)cc1,P00533,
Cc1ccc([C@@H]2CCN(C(=O)c3n[nH]c4c(=O)[nH]cnc34)C2)c(C)c1,P00533,
CC(C)(C)C(=O)N1CCC[C@H](C(=O)NCc2ccc(C(=O)O)s2)C1,P00533,
CO[C@@H]1CC[C@H](C(=O)NCCc2cc[nH]n2)C[C@H]1NC(=O)Cn1ccccc1=O,P00533,
Cc1ccc(C)c(S(=O)(=O)N2CCN(Cc3cc(=O)n4nc(-c5ccccc5C)sc4n3)CC2)c1,P00533,
Cn1nc(-c2csc(S(=O)(=O)N3CCOCC3)c2)ccc1=O,P00533,
O=C(COc1c(-c2ccco2)oc2ccccc2c1=O)c1cccs1,P00533,
O=C1C[C@@H](c2c(F)cccc2Cl)c2sccc2N1,P00533,
COC(=O)c1c(NC(=O)c2cc(-c3ccc(C)cc3)on2)sc2c1CCCC2,P00533,
O=C(NCC1CCN(c2cc(-c3ccc(F)cc3)n[nH]2)CC1)c1n[nH]c2c1CCCC2,P00533,
CO[C@@H]1CS(=O)(=O)C[C@H]1NC(=O)Nc1ccncc1Br,P00533,
Cc1noc(/C=C\c2ccccc2F)c1S(=O)(=O)N1CCC[C@H](C(=O)NC[C@H]2CCCO2)C1,P00533,
CCn1ncc(NC(=O)N2CC[C@@H](O)CC(C)(C)C2)c1C(F)(F)F,P00533,
COc1ccc(S(=O)(=O)N2CCC[C@H]2c2ccc(F)cc2)cc1,P00533,
O=C(c1ccncc1)N1CCN(C(=O)c2sc3cc(C(F)(F)F)ccc3c2Cl)CC1,P00533,
CC(=O)N1CCN(c2cc(C)nc(N)n2)C[C@H](Cc2ccnc3cccnc23)C1,P00533,
O=C(NCCc1nc2ccccc2c(=O)[nH]1)c1ccc([C@@H]2CCCNC2)cc1,P00533,
CC(=O)N1CCN(C(=O)CCNC(=O)c2sccc2C)CC1,P00533,
CN1CCC(Cc2ccccc2F)(C(=O)N2CC[C@]3(C2)CN(c2cccc(F)c2)C(=O)O3)CC1,P00533,
CCOC(=O)N1CCCSC[C@H]1CN1CCOCC1,P00533,
O=C(N[C@H]1CCN(Cc2ccsc2)C1)c1cccc(OCc2ccccc2)c1,P00533,
CC[C@H]1c2ccsc2CCN1CC(=O)NC[C@@H](C)c1nc2ccccc2s1,P00533,
O=C(N1CCOC[C@@H](Cc2cccc3ccncc23)C1)C1(c2ccccc2F)CCCC1,P00533,
Cc1ncc2c(c1CNC(=O)c1ccc3c(c1)OCO3)CCN(C(=O)c1ccc3nccnc3c1)C2,P00533,
O=C(c1n[nH]c2ccccc12)N1CC[C@H]2[C@@H]1CCN2CCc1ccccc1,P00533,
C[C@H](NC(=O)NC1CCCC1)c1ccc(F)cc1F,P00533,
CN(C)C(=O)[C@H]1CN(S(=O)(=O)c2cc(C(N)=O)n(C)c2)c2ccccc2O1,P00533,
CN(Cc1ccc(-n2cccn2)cc1)C(=O)c1ccc(-n2cnnc2)cc1,P00533,
COc1ccc(OC)c(C[C@@H](C#N)C(=O)O)c1,P00533,
CC(C)Cc1noc(CN2CCc3ccccc3[C@H]2CO)n1,P00533,
CCCC(C)(C)SCCc1ccncc1,P00533,
O=C(NCCN1CCC[C@H](CO)C1)c1ccccc1S(=O)(=O)Cc1ccccc1,P00533,
Cc1nccn1[C@H]1CCCN(C(=O)[C@H](c2ccccc2)N(C)C)C1,P00533,
CC(=O)c1ccc(N2CCN(Cc3ncc(-c4ccc(F)cc4)o3)CC2)c(F)c1,P00533,
CN1CCN(C(=O)CSc2cnc3ccccc3n2)CC1,P00533,
O=C(C1CCCCC1)N1CC[C@H]2[C@H](CCC(=O)N2Cc2ccc3c(c2)OCO3)C1,P00533,
O=C(CCc1ccccc1)NC[C@@H]1CCCN(Cc2cc(F)ccc2-n2cccn2)C1,P00533,
CC(C)(C)OC(=O)N[C@@H](C(=O)O)c1ccccc1S(C)(=O)=O,P00533,
CO[C@@H](C)c1ccc(-c2cnc3nn[nH]c3c2)cc1,P00533,
CCCOc1ccc(S(=O)(=O)n2cnc3cc(C)c(C)cc32)cc1OCCC,P00533,
Cc1cccc(-n2nnc(C(=O)NC[C@H]3CC(=O)N(Cc4ccc(C(C)C)cc4)C3)c2C)c1C,P00533,
C[C@@H]1Sc2ccc(S(=O)(=O)[C@@H](C)CC(=O)N3CCN(c4ccccc4F)CC3)cc2NC1=O,P00533,
Cc1nc2ccc(NC(=O)COc3cccc(F)c3)cc2s1,P00533,
CC(C)(C(=O)N[C@@H]1CC12CCC2)c1nccs1,P00533,
O=C(Cc1ccc(O)c(Cl)c1)N1CCc2oc(CCc3cccnc3)nc2C1,P00533,
COC(=O)c1c(C)nc2ccccc2c1N,P00533,
O=C1[C@@H]2CN(C3CCCC3)CCCN2C(=O)CN1Cc1ccccc1,P00533,
O=C(c1ccc(F)cc1Cl)N1CCN(c2cc(N3CCOCC3)ncn2)CC1,P00533,
COc1ccccc1-c1nn2c(C3CCCCC3)nnc2s1,P00533,
CCc1noc(NC(=O)[C@@H]2CC(=O)OC23CCCC3)c1C,P00533,
O=C(NCC(F)(F)F)[C@H]1CCCN(C2CCN(c3nc4ccccc4o3)CC2)C1,P00533,
Cc1cc(C)c2cc(C(=O)N[C@@H]3CC(=O)N(c4cnn(C)c4)C3)sc2n1,P00533,
O=C(NCc1ccc(F)cc1)N1CC2(C1)OCc1nc(-c3ccccc3)ncc12,P00533,
COc1ccc(NC(=O)c2ccc(=O)n(CC(=O)Nc3ccccc3C)n2)cc1,P00533,
NS(=O)(=O)c1ccc(CCNC(=O)[C@H]2CC(=O)N(c3ccccc3)C2)cc1,P00533,
Cc1cc2c(N3CCC[C@H](c4cccc(C(=O)O)c4)C3)nccn2n1,P00533,
O=C(O)c1ccc(C(=O)NCC2CCOCC2)c(C(F)(F)F)c1,P00533,
C[C@H]1CCCCN1CCOc1ccccc1-c1nc(-c2nnc[nH]2)no1,P00533,
COc1ccc(CN(C)C(=O)[C@@H](NC(=O)c2cccc(C)c2)C(C)C)cc1,P00533,
Cn1cncc1[C@H]1CCCN(c2nccc(C(=O)O)n2)C1,P00533,
c1ccc(CCN2CCC(c3nnc(-c4ccncc4)o3)CC2)cc1,P00533,
Cc1ccc(CCCC(=O)NCc2cccnc2)cc1,P00533,
O=c1c(-c2ccc(O)cc2)coc2cc(O)cc(O)c12,P00533,
Cc1ccc(CNC(=O)c2cc3c([nH]c2=O)C[C@@H](c2ccccc2)CC3=O)cc1,P00533,
CC(=O)c1c(C)nn(CC(=O)NCc2nc(-c3ccncc3)n[nH]2)c1C,P00533,
CCC(=O)N1C[C@H]2CCC[C@H](CNC(=O)c3ccc(Cl)c(F)c3)[C@H]2C1,P00533,
CS(=O)(=O)N1CCC[C@@H]1CNC(=O)c1cccc(OCC(=O)O)c1,P00533,
CCCN1CC(=O)N(Cc2nc(-c3ccccc3Cl)no2)[C@@H](C)C1=O,P00533,
COc1ccc([C@H]2CCCN2S(=O)(=O)c2ccc(C)cc2)cc1,P00533,
CCOc1ccc(F)c([C@@H](C)O)c1Br,P00533,
CC(C)(C)Cc1cc(NC(=O)[C@H]2CCCc3sc(N)nc32)n[nH]1,P00533,
CC1(NS(=O)(=O)C2CC2)CCNCC1,P00533,
Cc1nc(NC[C@H]2Cc3ccccc3CN2C)cc(C2CCNCC2)n1,P00533,
C[C@@H](NC(=O)C1CCN(S(=O)(=O)/C=C/c2ccccc2)CC1)c1ccc(F)c(F)c1,P00533,
N[C@@H](c1ccccc1)C1(CO)CCOCC1,P00533,
O=C(NCC1(c2ccccc2)CC1)[C@@H]1CC(=O)N(CC(F)(F)F)C1,P00533,
CCc1nc(NCc2ccccn2)c2oc3ccccc3c2n1,P00533,
COc1ccc(-c2c(C(=O)O)nnn2Cc2ccccc2F)cc1,P00533,
COc1ccc(NC(=O)Cc2ccc(-c3ccccc3)cc2)cc1S(=O)(=O)N1CCOCC1,P00533,
CN1CCC(CNC(=O)N[C@H](CO)c2ccc(F)cc2)(N(C)C)CC1,P00533,
COc1cc(C)c(C(=O)NCc2cccc(F)c2)c(C)c1,P00533,
CS(=O)(=O)N1CCC[C@@H](C(=O)[C@@H](C#N)c2nc3ccccc3o2)C1,P00533,
COc1ccccc1CN(CC(=O)O)C1CCN(c2cccc(F)c2)CC1,P00533,
CC(C)c1ccc(CNC(=O)CC2CCCC2)cc1,P00533,
COc1ccc(CNC(=O)c2cc3ccccc3nc2C)c(OC)c1,P00533,
CCCC(=O)Nc1ccc2c(c1)CN(C(=O)CC1CCCC1)[C@@H](C(=O)N(C)C)C2,P00533,
Cc1nn(C2CCCC2)cc1CN(C)CC1CCN(C)CC1,P00533,
Cc1cccc2s/c(=N\C(=O)c3ccc(S(=O)(=O)N4C[C@H](C)O[C@@H](C)C4)cc3)n(C)c12,P00533,
C[C@H]1C[C@H](C)CN(C(=O)CCS(=O)(=O)Cc2ccccc2)C1,P00533,
O=C(NC[C@H](c1ccccc1)N1CCCCC1)c1ccccc1,P00533,
CC[C@]1(O)CCC[C@H]2CN(C(=O)CN3CCN(c4ncccn4)CC3)C[C@H]21,P00533,
NC(=O)CCc1nc(-c2ccco2)nn1-c1cccc2c1CCC2,P00533,
O=C(OCCO)c1nn(-c2ccc(Cl)cc2Cl)c2c1CCC2,P00533,
CC(C)CCNC(=O)CSc1nnc2n(CCC(=O)NC(C)C)c(=O)c3cc(Cl)ccc3n12,P00533,
CSCc1ccc(C(=O)N2CCN(CC(=O)Nc3cc(C)on3)CC2)cc1,P00533,
CC[C@H]1CN(C(=O)NCc2cnc(Cl)s2)C[C@H](C)O1,P00533,
CCCOc1ccc(C(=O)CCC(=O)OCC(=O)Nc2ccc(C)cc2)cc1,P00533,
O=C(NCC1CC1)c1cn(C2CN(C(=O)C3(c4ccccc4)CC3)C2)nn1,P00533,
COCCN1CCC[C@]2(CCCN2C(=O)c2ccc(OC)nc2)C1=O,P00533,
O=C([C@H]1CCCN1C(=O)c1ccc(Cl)c(Cl)c1)N1CCCCC1,P00533,
COc1ccc(NC(=O)c2cn(C(C)(C)C)nn2)cc1C,P00533,
CSCc1ccc(CN[C@@H](C)Cc2ccccc2)o1,P00533,
COc1ccc(C(=O)NC2=NC(=O)[C@@H](C)S2)cc1,P00533,
CC(=O)Nc1ccc(C(=O)[C@H](C)OC(=O)c2cccn2C)cc1,P00533,
COc1ccc([C@H]2[C@H](C(=O)Nc3ccc4cc[nH]c4c3)c3ccccc3C(=O)N2C)cc1OC,P00533,
NS(=O)(=O)c1cccc(N2C[C@@H](C(=O)NCCc3ccc(F)cc3)CC2=O)c1,P00533,
Cc1ccc(-c2nc(CC(=O)N[C@H](C)c3cccc(Br)c3)cs2)o1,P00533,
O=C1C[C@@H](c2ccc(Nc3nc4c(cnn4-c4ccccc4)c(=O)[nH]3)cc2)CN1,P00533,
COc1ccc(-c2noc(CCC(=O)N(C)C)n2)cc1OC,P00533,
COc1ccccc1NC(=O)Cc1noc(CN[C@H](c2ccccc2)C(C)C)n1,P00533,
CCOC(=O)c1c(NC(=O)Cc2ccc(Cl)cc2)sc(C(=O)N(C)C)c1C,P00533,
Cc1cc(=O)c(C(=O)NCC2(CN(C)C)CCCC2)nn1-c1cccc(C(F)(F)F)c1,P00533,
O=C1CC[C@@H]2CN(Cc3ccccc3F)CC[C@@H]2N1Cc1cccnc1,P00533,
Cc1ccc(S(=O)(=O)n2c(=O)oc3cc(Cl)ccc32)cc1,P00533,
O=C(c1cc(=O)cc(C(=O)N2CC(C3CCCC3)C2)[nH]1)N1CC(C2CCCC2)C1,P00533,
Cc1ccc(Cl)cc1NC(=O)[C@H](C)Oc1ccc(Br)cc1,P00533,
O=c1[nH]ccc2cc(-c3ccccc3C(F)(F)F)cnc12,P00533,
COc1ccccc1CNC(=O)[C@@H](Cc1ccccc1)NS(=O)(=O)c1cccc2cccnc12,P00533,
CCCN1C(=O)CCc2cc(OCC(=O)O)ccc21,P00533,
CC[C@@H]1[C@@H](NC(=O)c2cc(=O)c(OC)c[nH]2)[C@@H]2CCO[C@H]12,P00533,
Fc1cc(-c2cnn(C3COC3)c2)cn2ccnc12,P00533,
Cc1cc(C(=O)NC[C@@H](C)c2ccncc2)c2cc(Br)ccc2n1,P00533,
O=C1N[C@@H](Cc2c[nH]c3ccccc23)C(=O)N2CCC[C@@H]12,P00533,
CNC(=O)[C@H]1CCN(S(=O)(=O)c2cc3c(cc2F)NC(=O)CC3)C1,P00533,
Cc1nn(C)c(C(=O)N2[C@H]3CC[C@@H]2[C@@](CO)(Cc2ccccc2)C3)c1Cl,P00533,
O=C([C@H]1CCC[C@H](c2ccccc2)O1)N1CCc2[nH]c(-c3ccccc3)nc2C1,P00533,
O=C(Cn1nnc(-c2cccs2)n1)Nc1ccc(-c2nnc3n2CCCCC3)cc1,P00533,
CN(C)c1ccc(C(=O)NCCc2ccc(-c3cccs3)s2)cc1,P00533,
CC(C)c1ccc(C(=O)N2CC[C@@H](Cc3ccc(O)cc3)C2)c(O)n1,P00533,
COCCN1CCC(CNC(=O)Cc2c[nH]c3cc(C)ccc23)CC1,P00533,
C[C@H](CN1CCOCC1)N1CCC(Cc2cccnc2)CC1,P00533,
CC(C)CO[C@@H](C)C(=O)NCCn1cnc2c(N)ncnc21,P00533,
Cc1ncc(Cl)c(N[C@H]2C[C@H]3CO[C@@H](c4ccc(Cl)cc4)CN3C2)n1,P00533,
Cn1c(=O)n(CCc2ccccc2)c(=O)c2c1nc(Br)n2Cc1ccccc1Cl,P00533,
Cc1ncnc(C(=O)Nc2ccc(Cl)c(F)c2)c1C,P00533,
CN(C)CCn1ccc(C(=O)N[C@@H]2CCOc3ccc(F)cc32)n1,P00533,
Cc1noc(C)c1CN1CC[C@@]2(CC(=O)N(c3ccc(F)cc3)C2)C1,P00533,
c1ccc2oc(-c3ccnn3[C@@H]3CCCCO3)cc2c1,P00533,
C[C@@H](NC(=O)c1csc2ccccc12)c1ccccn1,P00533,
COc1cccc(C(=O)O[C@@H](C)C(=O)Nc2nc(-c3ccccc3)cs2)c1,P00533,
COc1ccc(CCC(=O)Nc2c(C(N)=O)oc3ccccc23)cc1,P00533,
COc1ccc([C@H]2CC(c3cccs3)=NN2C(=O)Cn2nnn(-c3ccccc3)c2=O)cc1OC,P00533,
NS(=O)(=O)C1(C(=O)Nc2cccc(Oc3ccccn3)c2)CCCC1,P00533,
CCn1cc(NC(=O)CN2CCC[C@@](C(N)=O)(c3ccccn3)C2)c(C)n1,P00533,
Fc1cccc(CNc2nc(Cl)ncc2Br)c1,P00533,
O=C(CSCc1ccccc1)N1CCC(c2cccs2)CC1,P00533,
C[C@@H](Oc1ccc(F)cc1)c1nnc(SCC(=O)N(CCC#N)CCC#N)o1,P00533,
Cc1nn(CC(=O)NCCc2ccncc2)c(=O)n1Cc1ccccc1,P00533,
Cc1n[nH]c([C@@H]2CN(C(=O)CCc3ncc(C(C)(C)C)o3)CCO2)n1,P00533,
CC[C@H](C(=O)NCCS(=O)(=O)N1CCc2ccccc2C1)c1ccccc1,P00533,
CCC(CC)C(=O)NC[C@@H](c1ccco1)N1CCOCC1,P00533,
O=C(CSc1nc2ccccc2[nH]1)Nc1cccc(S(=O)(=O)N2CCCCC2)c1,P00533,
CC(C)c1cc(-c2nn3c(CN4CCCCC4)nnc3s2)n[nH]1,P00533,
O=C(C1CCCC1)N1CCC[C@@H](c2nccn2Cc2cscn2)C1,P00533,
CC(=O)Nc1onc(C)c1-c1ccc(C)c(S(=O)(=O)N2CCC(C)CC2)c1,P00533,
COc1ccc([C@@H](N[C@H](C)c2nc(C)cc(O)n2)C2CC2)cc1,P00533,
COc1ccc(CNC(=O)c2n[nH]c3ccccc23)cc1OC(F)F,P00533,
O=C(CN1CCN(Cc2ccccn2)CC1)Nc1ccc2c(c1)OCCO2,P00533,
c1cc2nnnn2nc1NCC1(N2CCCCC2)CCCCC1,P00533,
O=C(NC/C=C/c1cccnc1)[C@H]1CCCOC1,P00533,
Cc1ccc(CNS(=O)(=O)c2cc(-c3nc(C)c(C)s3)sc2C)cc1,P00533,
Cc1nn(C)c(C)c1[C@H]1COCCN1C[C@H](O)CN1CCOC[C@H]1c1c(C)nn(C)c1C,P00533,
CCC[C@@H](C)C(=O)NCC[C@H]1CCNC1,P00533,
O=C(c1cccc(Br)c1F)N1CCCC1,P00533,
CC(C)(CO)NC(=O)Cc1ccc(C[C@@H]2CCN(c3nccs3)C2)cc1,P00533,
Cc1ccc(Cl)cc1NC(=O)Cc1noc(/C=C/c2ccccc2)n1,P00533,
CC(C)c1nn(C)cc1NC(=O)N1C[C@@H](N2CCOCC2)[C@@H](C)C1,P00533,
Cc1ccn2c(NC(=O)CCOc3ccccc3)nnc2n1,P00533,
OCC[C@@H]1CN(Cc2cc3ccccc3[nH]2)CCN1C1CCCC1,P00533,
O=C(c1cc(-c2ccc3ccccc3c2)[nH]n1)N1CCC[C@@H](c2nnc[nH]2)C1,P00533,
CC(=O)c1ccc(NC(=O)CN2C(=O)CC(c3ccc(C)cc3)=Nc3ccccc32)cc1,P00533,
Cc1ccnc(NC(=O)[C@H]2CCCN(C(=O)c3ccc(F)cc3)C2)c1,P00533,
O=C([C@@H](O)C1CCCCC1)N1CCC(CN2CCOCC2)CC1,P00533,
CN1CC[C@@H](CN2CCC(OCc3ccccc3)CC2)C1,P00533,
CC(C)CN1C[C@H](OCc2cccc(F)c2)CN(C[C@H](O)CO)CC1=O,P00533,
CC(C)(C)c1noc(=O)n1CC(=O)N1CCC(OCc2ccccc2)CC1,P00533,
COc1cc(N(C2CC2)C2CCN(Cc3c(C)noc3C)CC2)ncn1,P00533,
CCN(CCc1nc2c(C)cccc2[nH]1)C(=O)CCc1c(C)nc2ncnn2c1C,P00533,
CC(C)C[C@H](NC(=O)OCC1c2ccccc2-c2ccccc21)C1(C(=O)O)CC1,P00533,
Cc1ccc(C)c(NC(=O)c2ccc(NC(=O)c3ccco3)cc2)c1,P00533,
CCOCC(=O)N1CCC2(CC1)C(=O)N(C)c1ccccc12,P00533,
CCc1ccc(O[C@@H](C)c2nnc(SCC(=O)N3CCN(c4ccccc4)CC3)n2C)cc1,P00533,
Brc1ccc(-c2ccc3c(n2)CCCC3)cc1,P00533,
O=C(CCc1c(F)cccc1Cl)NCc1cccc(C(F)(F)F)c1,P00533,
CN(C)[C@@H](CNC(=O)Cc1cccc2cccnc12)c1cccc(Cl)c1,P00533,
Cc1ccc(NC(=O)c2cccc(N3CCCC3=O)c2)c(F)c1,P00533,
Cc1ccc(N2CCC[C@@]3(CCCN3C(=O)CCO)C2=O)cc1,P00533,
COC(=O)c1cnn(-c2cc(Nc3ccccc3)ncn2)c1N,P00533,
CC(C)c1nc2ccccc2n1CC(=O)N1CC[C@@](C)(O)[C@H](n2ccc(=O)[nH]c2=O)C1,P00533,
CN1CC[C@H]2CC[C@@H](C1)N2C(=O)c1ncc[nH]1,P00533,
C[C@@H](NC(=O)C[C@H](N)c1ccccc1)c1ccc(Cl)s1,P00533,
CN(C)CCNC(=O)CC1CCN(C(=O)c2nnc(C(=O)Nc3cccc(Cl)c3)s2)CC1,P00533,
CS(=O)(=O)c1ccc(CN2CCn3nc(CO)cc3C2)cc1,P00533,
C[C@@H](C(=O)Nc1ccccc1C(F)(F)F)N(c1ccc(Cl)cc1)S(C)(=O)=O,P00533,
COc1ccccc1-n1cc([C@@H](C)NC(=O)c2cc(C(C)C)nn2C)cn1,P00533,
O=C(Nc1cccnc1)c1cnn(Cc2ccccc2Cl)c1,P00533,
CCOC(=O)C1CCN(c2cc3c(cc2NC(=O)c2cccc(C)c2)n(C)c(=O)n3C)CC1,P00533,
Fc1ccc(CSc2ncnc3c2cnn3-c2ccccc2)cc1,P00533,
Cc1nc(C(F)(F)F)ncc1C(=O)N[C@H](C)c1ccc(Br)cc1,P00533,
COc1cc(OC)c([C@H](N)C2CCOCC2)cc1OC,P00533,
CC[C@@](C)(NC(=O)[C@@H]1Cc2ccccc2N1C(C)=O)C(=O)OC,P00533,
CC(=O)Nc1ccc(C(=O)N2CCc3c(c(CCC(=O)N4CCCC4)nn3C)C2)cc1,P00533,
Cc1ccc(NC(=O)CSc2nncn2-n2cccc2)cc1Cl,P00533,
Cc1cc(C)n(-c2cccc(C(=O)NC[C@@H]3CCCN4CCCC[C@@H]34)c2)n1,P00533,
Cc1ccc(NC(=O)c2c(C)cccc2Br)c(C)n1,P00533,
Cn1nc(CNC(=O)CSc2ccccn2)c2c(Cl)cccc21,P00533,
COc1ccccc1-c1nc(Cl)cc(Cl)n1,P00533,
Cc1ncccc1Oc1ncnc(N[C@@H]2CCOC[C@H]2OCCO)c1C,P00533,
CCCNc1cc(N2CCC(CCC(=O)NCc3cnccn3)CC2)ncn1,P00533,
Cc1cc(=O)c2ccccc2n1C[C@@H]1CCCCO1,P00533,
Cc1ccccc1CNC(=O)c1cc2cc(S(=O)(=O)N(C)C)ccc2n1Cc1ccncc1,P00533,
O=C(Nc1nc(CC(=O)N2CCN(c3ccccc3)CC2)cs1)c1ccccc1,P00533,
Cc1ccn2c(C(=O)NCCc3noc([C@@H]4CCCO4)n3)nnc2n1,P00533,
COc1ccc(C(=O)O)cc1N1CCN(C)CC1,P00533,
CC(C)c1ocnc1C(=O)N1CC[C@@H](c2ccc3ccccc3c2)[C@H](O)C1,P00533,
CCCc1nc(C)sc1C(=O)OCC,P00533,
CC(C)(C)n1cc(C(=O)N2CCO[C@@H](CCc3ccccc3)C2)cn1,P00533,
Cc1nn(C)c2nc(-c3cccs3)cc(C(=O)NCCn3nc(C(F)(F)F)cc3C)c12,P00533,
CCOc1cc(C(=O)N[C@H]2CCCN(c3ncccn3)C2)on1,P00533,
O=C(NC[C@H]1CCN(C2CC2)C1)[C@@H]1CCCCN1C(=O)c1ccco1,P00533,
Cc1ccc(C(=O)c2ccccc2C(=O)N2[C@H]3CCNC[C@@H]2CC3)cc1,P00533,
Cc1nc(N2CCCC2)cc(N2CCN(C(=O)c3c(-c4ccccc4Cl)noc3C)CC2)n1,P00533,
Cc1ccc(-c2ccc(C)c(C#N)c2)cn1,P00533,
CCSc1ccc2nnc(-c3ccc(Cl)cc3)n2n1,P00533,
NC(=O)Nc1cccc(C(=O)N2CC[C@H](Cc3ccccc3)C2)c1,P00533,
Cc1noc([C@]23C[C@H](NC(=O)c4ccoc4C)C[C@H]2CN(Cc2ccccc2)C3)n1,P00533,
O=C(NCc1ccccn1)[C@H]1CCCN(C(=O)c2cccc(C(F)(F)F)c2)C1,P00533,
Cn1ncnc1N1CCC(n2ccc(C(F)(F)F)n2)CC1,P00533,
CCC(=O)N1CCc2cc(S(=O)(=O)N[C@H](CC(C)C)C(=O)Nc3nccs3)ccc21,P00533,
CC(=O)Nc1cccc([C@H](C)NC(=O)[C@]23CC[C@](C(=O)O)(CC2)C3)c1,P00533,
Cc1cscc1C(=O)N[C@@H](c1ccccc1)[C@@H](C)C(=O)O,P00533,
C[C@@H](Cc1cccs1)N(C)CC(=O)N1CCOCC1,P00533,
O=C(O)C[C@H](CNc1ccc(Cl)cc1)c1nc2ccccc2[nH]1,P00533,
CC[C@@H](C)C(=O)N1CCN(CC(=O)Nc2cccc(F)c2)CC1,P00533,
CCc1ccc(NC(=O)N2C[C@H](CO)O[C@@H](C)C2)cc1F,P00533,
O=C(O)c1cc(F)c(F)c(-c2ccc(OC(F)(F)F)cc2)c1,P00533,
CCCn1c(=O)c2c(nc(-n3nc(C)cc3C)n2CC)n(C)c1=O,P00533,
COc1ccc(CNC(=O)[C@@H]2CCCN(c3cnc4ccccc4n3)C2)cc1OC,P00533,
CCc1nc(O)c2nnn(Cc3ccccc3F)c2n1,P00533,
c1cc(-c2cn[nH]c2)ccc1-c1ccc(-c2cn[nH]c2)cc1,P00533,
Cc1cc(CNC(=O)C2CCN(c3ncccn3)CC2)n(C)n1,P00533,
O=C(c1cnccn1)N1CCC(N2CCC[C@@H](CCc3ccc(F)cc3)C2)CC1,P00533,
C[C@@H]1c2nc(C(=O)N3CCCC3)cn2CCN1Cc1ccc2c(c1)OCO2,P00533,
Cc1cccc(NC(=O)Cn2c(NC[C@@H](C)O)nc3ccccc32)c1,P00533,
COc1ncc(C(=O)Nc2cccc(C(C)(C)C)c2)cc1F,P00533,
COc1ccc2nc(-c3ccc4c(c3)OCO4)[nH]c(=O)c2c1,P00533,
C[C@H](NC(=O)NC1CCN(C2CCCC2)CC1)c1cccs1,P00533,
C[C@H](C[C@@H](NC(=O)OCC1c2ccccc2-c2ccccc21)C(=O)O)C(F)(F)F,P00533,
COc1ccc(OCC(=O)Nc2cc(-c3ccc(Br)cc3)no2)cc1,P00533,
CN1CCC(Cc2noc(-c3cc(=O)n(C)c(=O)n3C)n2)CC1,P00533,
O=C1Nc2ccccc2CC[C@H]1Sc1nc2ccccc2s1,P00533,
Cc1[nH][nH]c(=O)c1CC(=O)N1CC[C@@]2(CCCN(CCC3CCCCC3)C2=O)C1,P00533,
O=C(C[C@@]1(O)C(=O)N(Cc2ccccc2F)c2ccccc21)c1ccc2c(c1)OCCO2,P00533,
Cc1c(C(=O)Nc2ccc(C(C)C)cc2)oc2c1[C@@H](O)CC(C)(C)C2,P00533,
Cc1cc(-c2cnn([C@H]3CCOC3)c2)ccc1C#N,P00533,
COc1ccccc1[C@H](NC(=O)[C@@H]1CC(=O)N(c2ccc(C)cc2)C1)c1nccn1C,P00533,
CC(=O)Cn1c(=O)c2c(nc3n(CCc4ccccc4)c(C)cn23)n(C)c1=O,P00533,
CC(=O)c1ccc(NC(=O)N(CCO)C2CCCCC2)cc1Cl,P00533,
CC(=O)N[C@H]1CCCN(C(=O)N[C@@H](C)Cn2ccnc2)C1,P00533,
Cc1cc(C#N)cc(C(=O)NC2CCN(Cc3ccccc3)CC2)c1,P00533,
O=C(O)c1nn(-c2ccc(Cl)cc2Cl)c(=O)cc1O,P00533,
COc1cc(CC(=O)Nc2ccc3c(c2)nc(C)n3-c2ccccc2)cc(OC)c1OC,P00533,
CCc1cc(C(=O)N2CCC[C@@H](c3nnc(Cn4ccnc4)n3C)C2)ccn1,P00533,
CC1(C)C[C@@H](n2cnc3c(c2=O)C2(CCCCC2)Cc2ccccc2-3)CCO1,P00533,
COc1ccccc1OCC(=O)Nc1ccc(S(=O)(=O)Nc2cc(C)on2)cc1,P00533,
O=C(COC[C@@H]1CCCO1)NCc1ccnc2ccccc12,P00533,
CCc1ncc(C(=O)N2CCC([C@@H](O)c3ccccn3)CC2)cn1,P00533,
Cc1c[nH]c([C@@H]2CCCN2Cc2cscn2)n1,P00533,
CC[C@@H](C)NC(=O)N1CCN(Cc2nc3cc(C(=O)N(C)C)ccc3o2)CC1,P00533,
Cc1ccc(S(=O)(=O)N(C)Cn2nnc3ccccc32)cc1,P00533,
COc1ccc(NC(=O)c2nnc(CSCC(=O)NCc3ccco3)s2)cc1,P00533,
CCOC(=O)N1CCN(S(=O)(=O)c2cccc3nsnc23)CC1,P00533,
Cc1cc(NCC2(F)CCN(S(=O)(=O)Cc3cc(F)cc(F)c3)CC2)nc(C)n1,P00533,
Cc1cc(OC[C@H](O)CN2CCc3[nH]c(=O)[nH]c3C2)c(F)cc1F,P00533,
Cn1ncc2c1C[C@@H](C(=O)N[C@H]1CCCC1(F)F)CC2,P00533,
Cc1cccc(NC(=O)C(F)(F)F)n1,P00533,
Cc1nnc(NC(=O)c2cnn(-c3ccccc3F)c2-n2cccc2)s1,P00533,
CN1CCO[C@@H]2CN(c3ccc4c(Cl)cccc4n3)C[C@@H]21,P00533,
COc1ccc(NC(=O)[C@@H]2C[C@@H](c3ccc4c(c3)OCO4)NS(=O)(=O)N2C)cc1,P00533,
O=C(N[C@H]1CCOC1)[C@H]1CC(Cc2ccc3c(c2)OCO3)=NO1,P00533,
CCOC(=O)c1c(NC(=O)c2ccc(S(=O)(=O)N3CCc4ccccc4C3)cc2)sc2c1CCN(C(C)C)C2,P00533,
Cc1cccc(OCC(=O)Nc2ccc(C(F)(F)F)cc2)c1,P00533,
O=C1Nc2ccc(-c3cccc([C@H]4COCCN4)c3)cc2CO1,P00533,
Cc1cc2c(cc1O)NC(=O)C[C@H]2c1ccc(-c2ccccc2C#N)o1,P00533,
CCc1nnc2c(N3CCCN(c4nc(COC)ns4)CC3)nccn12,P00533,
CC(=O)N1CCc2nc([C@@H]3CCCN(C(=O)C4=NNC(=O)CC4)C3)ncc2C1,P00533,
CCN(CC)S(=O)(=O)c1ccc2c(c1)cc(C(=O)NCCN(C)Cc1ccccc1)n2C,P00533,
CCCNC(=O)Nc1cc(C(=O)OC)c2cc[nH]c2c1,P00533,
COCCn1cc(C(=O)NCCn2ccc3ccc(F)cc32)c2ccccc2c1=O,P00533,
O=C(Nc1cccc2nsnc12)[C@H](c1ccccc1)n1cccc1,P00533,
COc1cc(O)cc(-c2cc(C(F)(F)F)ccc2OC)c1,P00533,
CN(CC(=O)Nc1ccc(Cl)cc1Cl)S(=O)(=O)c1ccc(Cl)cc1,P00533,
CN(CC=Cc1ccc(F)cc1)CC(C)(C)CO,P00533,
CCc1ccccc1NC(=O)Cn1cnc2scc(-c3ccc(OC)c(OC)c3)c2c1=O,P00533,
O=C(NCCn1ccnc1)[C@@H]1CN(CC2CC2)[C@H]2c3cc(F)ccc3OC[C@@H]12,P00533,
Cc1ccc(-n2cccn2)cc1S(=O)(=O)NCC(=O)N(C)C,P00533,
CN(CCCC1CCCC1)C(=O)c1cc(CN2CCC[C@@H](O)C2)on1,P00533,
Cc1noc([C@@H]2C[C@@H]3CCN(Cc4ccoc4)C[C@H]3O2)n1,P00533,
CC(=O)Nc1ccc2nc(CN(C)CCCn3cccn3)ccc2c1,P00533,
CCOc1ccc(C(=O)N2CCN(c3cc(-n4ccnc4)nc(C)n3)CC2)cc1,P00533,
Cc1n[nH]c(C)c1CCCN(C)C(=O)c1ccncc1O,P00533,
O=C(N[C@H]1CCS(=O)(=O)C1)c1cnc2ccccc2c1O,P00533,
CC1=C(c2ccc(C)cc2)S(=O)(=O)N=C1N1CCCN(C(=O)[C@@H]2CCCO2)CC1,P00533,
CC(C)(C)OC(=O)N1CC[C@@H](Nc2cc(Cl)ncn2)C1,P00533,
COc1ccccc1-c1n[nH]c(NC(=O)c2ccccn2)n1,P00533,
O=C(NCC1CCN(CC(F)(F)F)CC1)Nc1ccc2c(c1)CCC2,P00533,
COc1ccc([C@@H]2CCCN2C(=O)Nc2ccccc2N2CCN(C)CC2)cc1,P00533,
O=C(CCc1nc(-c2ccc3cc[nH]c3c2)no1)NCCO,P00533,
Cc1ccc2cc(CN(CCCN3CCCC3=O)C(=O)c3csc(C)n3)c(N3CCC[C@@H](O)C3)nc2c1,P00533,
O=C(CN1CCN(c2ccccc2)C1=O)N1CCC(Cc2ccccc2)CC1,P00533,
CCCOc1ccc(Br)cc1S(=O)(=O)NCc1cccnc1,P00533,
Cc1cc(=O)c(O)c(C2(CC(=O)N[C@H](Cc3ccccc3)c3ncn[nH]3)CCN(Cc3ccccc3)CC2)o1,P00533,
CCOc1ccccc1C(=O)NCc1nc(-c2ccc(C)cc2)no1,P00533,
CC(C)[C@@H](C(=O)N[C@@H]1CCN(Cc2cccc(Cl)c2)C1=O)c1ccccc1,P00533,
COc1ccc(C(=O)Nc2nc3c(s2)CC[C@@H]3C(=O)Nc2ccccc2F)cc1,P00533,
Cn1cc(C(=O)N2CC[C@@H]3[C@@H]2CCN3Cc2ccncc2)cn1,P00533,
c1ccc2c(CCCN3CCC(n4cncn4)CC3)cccc2c1,P00533,
O=C(Nc1cccnc1Oc1ccccc1)N1CCc2ccccc2C1,P00533,
C[C@]1(CNC(=O)Nc2ccc(S(C)(=O)=O)cn2)CCCCO1,P00533,
COC(=O)c1ccccc1-n1ncc(NC2CCN(Cc3cccc(C)c3)CC2)c(Cl)c1=O,P00533,
Cc1nc(C)c(CNC(=O)c2sc(N3CCOCC3)nc2C)s1,P00533,
CC(C)(C)c1cc(=O)n(C[C@@H](O)c2ccc(OC(F)(F)F)cc2)cn1,P00533,
Cc1ccc(F)c(S(=O)(=O)NC[C@]2(O)CCCNC2)c1,P00533,
Fc1ccc(-c2nnc(NCc3ccco3)c3ccccc23)cc1,P00533,
COc1ccc2cc([C@H](C)NC(=O)c3cn(Cc4ccccc4)cc(C(=O)NC(C)C)c3=O)ccc2c1,P00533,
CC[C@@H](NC(=O)c1cnccn1)c1ccc(OC)cc1,P00533,
CCCn1c(N2CCC[C@H](C(=O)NCC3CCCCC3)C2)cc(=O)n(C)c1=O,P00533,
NC1=NC2(CCN(C(=O)NCc3cnc4c(c3)CCC4)CC2)C(=O)N1,P00533,
CSCc1cc(F)ccc1CNc1cn[nH]c(=O)c1Cl,P00533,
CC(=O)c1ccc(C(=O)NC23CCC(CC2)CC3)cc1O,P00533,
CCSc1ncc(Cl)c(C(=O)Nc2cccc(Cl)c2Cl)n1,P00533,
CC1(C)CCC(=O)[C@H]([C@H]2CCCCN2)C1,P00533,
Cc1nn(C)cc1-c1cc(C(F)F)c2c(C3CC3)nn(CC(=O)O)c2n1,P00533,
COc1ccccc1Nc1nnc(SCC(=O)Nc2c(C(C)=O)oc3ccccc23)s1,P00533,
CC(=O)c1ccc(N2CCN(S(=O)(=O)c3cc(F)cc(F)c3)CC2)c(F)c1,P00533,
Cc1cnn([C@@H]2CCCN(C(=O)N[C@H](C)c3ccc(N4CCOC4=O)cc3)C2)c1,P00533,
Cc1cccc2c(CCNC(=O)Nc3ccc(OCc4ccccn4)c(F)c3)c[nH]c12,P00533,
CCOc1cc(S(=O)(=O)NC[C@@H]2CCCO2)c(C)cc1C,P00533,
CC(=O)Nc1ccc(S(=O)(=O)NCCC(=O)O[C@@H](C)C(=O)c2ccc(C)cc2)cc1,P00533,
C[C@@H](c1ccccn1)N(C)C(=O)c1csc2nc(-c3cccc(F)c3)cn12,P00533,
CCOc1cc2c(cc1CNC(=O)c1ccc(=O)n(C)c1)O[C@H](C)C2,P00533,
Cc1ccc(Cl)c(NC(=O)CN(C)Cc2ccccc2)c1Cl,P00533,
CC(C)CC(=O)N1CCc2cc(CNC(=O)c3cccc(N(C)C)c3)ccc21,P00533,
O=c1[nH]c2cc(Nc3cnns3)ccc2o1,P00533,
C[C@H]1C[C@H]1C(=O)NCc1ccc(Cn2ccnc2)cc1,P00533,
Cc1ccc(C(=O)N2CCCC[C@H]2CN(C)C)nc1C,P00533,
COc1ccccc1-c1noc(Cn2ncn3nc(-c4cc(C)ccc4C)cc3c2=O)n1,P00533,
COC(=O)[C@]1(N)CCc2ccccc2C1,P00533,
COc1ccc(C)cc1CN[C@@H](Cc1cccs1)c1nccs1,P00533,
O=C(CN1CC(=O)N[C@H]2CCCC[C@H]21)Nc1ccc2c(c1)CCC2,P00533,
Nc1nnc(SCc2cc(=O)[nH]c3ccccc23)s1,P00533,
Cc1ccc(-n2nc3ccc(NC(=O)c4ccc(Cl)cc4)cc3n2)cc1,P00533,
COc1cc(OC)cc(-c2noc(CCNC(=O)c3cccs3)n2)c1,P00533,
CCN1CCN(Cc2cn(Cc3ccccc3)nc2-c2ccc3c(c2)OCO3)[C@@H](C)C1=O,P00533,
Cc1ccc([C@@](O)(CCNc2nc3ccccc3s2)C(F)(F)F)o1,P00533,
CCC(=O)c1cc(C)c(O)cc1C(C)C,P00533,
OCCOc1ccc(CN2CC[C@H](Cc3ccc(Cl)cc3)C2)cc1,P00533,
O=C(Nc1ccccn1)c1ccc(-c2nnc(-c3ccccc3)o2)cc1,P00533,
CCCOc1ccc([C@](C)(O)CN2CCOCC2)cc1,P00533,
O=C(Nc1cc(F)cc(F)c1)c1cn[nH]c1S(=O)(=O)Nc1ccc(Cl)cc1,P00533,
CCOc1ccc(CC(=O)N[C@H]2CCCN(c3cc(-c4ccc(F)cc4)n[nH]3)C2)cc1OCC,P00533,
Cc1cc(N2CCCN(c3ccc4nc(C(C)(C)C)cn4n3)CC2)nc(C2CC2)n1,P00533,
COC(=O)c1cn(CC(=O)Nc2ccc(C)c(C)c2)c2ccccc12,P00533,
CCCOc1cccc(C(=O)N[C@@H](C)CC)c1,P00533,
COc1ccc2[nH]c(=O)c([C@@H](c3nnnn3C3CCCC3)N3CCN(c4cc(C)ccc4C)CC3)cc2c1,P00533,
Cc1ccc(C(=O)N2CC[C@H](Cc3cncc(-c4nccn4C)n3)C2)cn1,P00533,
O=C(N[C@H]1CCCC12CCOCC2)N1CCC[C@@H](CN2CCOCC2)C1,P00533,
Oc1ccc2c(c1)[C@@H](NC[C@@H]1COc3ccccc3O1)CCC2,P00533,
CCCNC(=O)Cn1nc(C)n2nc(-c3ccc(CC)cc3)cc2c1=O,P00533,
CS(=O)(=O)NCCC(=O)N[C@@H]1CCOC[C@H]1Oc1cccc(F)c1,P00533,
COc1ccc(Nc2nc(NC[C@H]3CCCO3)c3c(c2C#N)CC(C)(C)OC3)cc1,P00533,
COc1cc([C@@H](O)COc2ccccc2)cc(OC)c1OC,P00533,
CCN(CC1CCN(CCc2ccccc2C)CC1)C(=O)Cn1ccccc1=O,P00533,
C[C@@](Cc1ccccc1)(C(=O)O)c1ccc(Cl)cc1,P00533,
C[C@@H](C(=O)NC(=O)NC(C)(C)C)N(C)CC(=O)Nc1cccc(Cl)c1,P00533,
O=C(Nc1nnc(-c2ccccc2Cl)o1)c1ccccc1Cl,P00533,
COc1cccc(N2CCN(C(=O)[C@H](C)C3CCN(S(=O)(=O)c4c(C)noc4C)CC3)CC2)c1,P00533,
Cc1ccc(CN(Cc2nc(C(=O)N3CCCC3)co2)[C@@H](C)c2ccccc2)cc1,P00533,
O=C(c1ccc(-n2cccc2)cc1)N1CCC(Cc2n[nH]c(=O)n2-c2ccccc2F)CC1,P00533,
CCc1cccc(CC)c1NC(=O)C1CCN(S(=O)(=O)Cc2ccccc2F)CC1,P00533,
CC(C)(C)c1ccc(-c2ccc3c(c2)CCN3)cc1,P00533,
Cc1ccc2nc([C@@H]3CCCN3C(=O)c3cc4cc(F)ccc4n3C)[nH]c2c1,P00533,
COc1ccccc1CNC(=O)C1CCN(c2nccn3nc(-c4cccs4)cc23)CC1,P00533,
COc1ccc([C@H]2CN(C(=O)C3CC3)[C@@H]3CCN(CCOc4ccccc4)C[C@H]23)cc1,P00533,
CN1C(=O)C[C@@H](CNC(=O)CN2CCOC2=O)c2ccccc21,P00533,
CN(C[C@H]1Cc2ccccc2CO1)C(=O)NCc1cccs1,P00533,
CN(C)c1cc(C(=O)N2CCC(c3ccn[nH]3)CC2)c2ccccc2n1,P00533,
CC(=O)N1CCc2nc(NC(=O)c3c(C)ncnc3C)sc2C1,P00533,
Cc1nnc(SCC(=O)NC[C@H](c2ccccc2Cl)N(C)C)s1,P00533,
Cc1noc2nc(C(C)C)cc(C(=O)N[C@@H]3CCc4[nH]ncc4C3)c12,P00533,
Fc1cc(-c2ccc(-c3nnco3)cc2)cc(N2CCCC2)c1,P00533,
O=C(c1cc(Br)c[nH]1)N1CCC(Cc2cn([C@H]3CCC[C@@H]3O)nn2)(C(=O)O)CC1,P00533,
Cc1sc(Br)cc1C1CC1,P00533,
NC(=O)CN1CCC(NC(=O)c2cc(-c3ccc(F)cc3)[nH]n2)CC1,P00533,
O=C(O)[C@]12CC[C@](C(=O)NC[C@@H](F)C3CCCCC3)(CC1)CC2,P00533,
Cc1cccc(C(=O)N2CCCN3C(=O)CN(CC(C)C)C(=O)[C@@H]3C2)c1,P00533,
CCN(CC)[C@]1(c2nnnn2C2CCCC2)CCN(C(=O)CCc2c(C)noc2C)C1,P00533,
CN(C)c1ccc(C(=O)N2CCC3(CC2)CN(c2ccc(C#N)c(C(F)(F)F)c2)C[C@H]3CO)cc1,P00533,
CCN(C(=O)c1cccc(-c2cc(Cl)ccc2O)c1)[C@H]1COC[C@@H]1O,P00533,
COc1ccc(OC)c(NC(=O)c2cc(-c3ccc(OC(C)C)cc3)on2)c1,P00533,
CCNC(=O)N1CCC(NCc2ccc(O[C@H](C)CC)c(OC)c2)CC1,P00533,
Cc1noc(C)c1CCC(=O)N1CCC[C@]2(C1)C(=O)N(C)c1ccccc12,P00533,
C[C@H](CC(=O)NCCc1ccc2c(c1)OCCO2)C1CCNCC1,P00533,
O=C(Cn1cnc2nc(N3CCC[C@H](C(=O)NC4CC4)C3)sc2c1=O)Nc1ccc(F)c(F)c1,P00533,
CCOC(=O)CNC(=O)N1CCCCC[C@H]1c1cccc(C)c1,P00533,
O=C(CN1CC(n2cccn2)C1)Nc1ccnn1Cc1cccs1,P00533,
COC(=O)c1ncccc1-c1cccc(OCc2ccccc2)c1,P00533,
O=C(Nc1ccccc1OCc1cccc(Cl)c1)N1CC[C@H](O)C1,P00533,
CCN(CCNC(=O)C1CCN(c2nnc3ccc(Cl)cn23)CC1)c1ccccc1,P00533,
CC(C)c1cc(C(F)(F)F)n2nc([C@@H]3CCCN3C(=O)C3CC3)cc2n1,P00533,
COC(=O)C[C@H](NC(=O)N1CCc2[nH]cnc2[C@H]1c1cccc(F)c1)C(=O)OC,P00533,
Clc1cccc(-c2cnnc(NCC[C@H]3COc4ccccc4O3)n2)c1,P00533,
CC(C)OC(=O)c1c(NS(=O)(=O)c2ccc(Br)cc2)sc2c1CCCC2,P00533,
CC(C)Oc1ccc(C(=O)NCC(=O)N2CCN(Cc3ccc4c(c3)OCO4)CC2)cc1,P00533,
Fc1cccc(CN2CCC[C@H](c3nnc(-c4ccncc4)o3)C2)c1F,P00533,
Cn1cc(NC(=O)CCc2ccc(OC(F)(F)F)cc2)ccc1=O,P00533,
CC(C)Cc1nnc(-c2cc3ccccc3n2CC(=O)Nc2ccc3c(c2)OCCO3)o1,P00533,
COCCN1CC[C@@]2(CCN(CC(=O)NCc3cccs3)C2)C1=O,P00533,
CC[C@H](C(=O)Nc1ccc(NC(=O)CN(C)C)c(C)c1)n1cccc1,P00533,
CN(Cc1ccno1)C(=O)CCCc1ccc(Cl)cc1,P00533,
Cc1n[nH]c(C)c1CCC(=O)N1CC[C@](O)(CN(C)C)C1,P00533,
CC(C)OCCS(=O)(=O)N[C@@H](C)Cc1nc2ccccc2s1,P00533,
CN1CCN([C@H](CNC(=O)NC2CCCCC2)c2ccsc2)CC1,P00533,
Cc1cncc(-c2ccccc2OCc2ccccc2)n1,P00533,
O=C1CC2(CCN(C(=O)Cc3ccc(Cl)cc3)CC2)Oc2ccccc21,P00533,
CCn1c(Cn2ccnc2)nnc1C1CCN(C(=O)C(C)(C)OC)CC1,P00533,
C[C@H]1CN(c2cc(C#N)ccn2)CCN1Cc1ccncc1F,P00533,
Cc1ccc(NC(=O)N2CCN(Cc3nc4cccnc4n3-c3cccc(F)c3)CC2)c(C)c1,P00533,
O=C(CCc1ccccc1Cl)Nc1nnc(C2CC2)s1,P00533,
Cc1ccc(C(=O)N2CCC[C@@H](C(N)=O)C2)cc1NC(=O)c1c(F)cccc1Cl,P00533,
C[C@@H]1CCCN(C[C@H](O)COC(c2ccccc2)c2ccccc2)C1,P00533,
CN(C)c1cc([C@H]2CCCN2C(=O)COc2ccc(F)cc2)ccn1,P00533,
Cc1noc(CNC(=O)c2cccc(F)c2)n1,P00533,
C[C@](O)(CNC(=O)c1cc2ccccc2o1)c1ccco1,P00533,
O=C(Nc1cccc(Cl)c1Cl)N1CCCN(Cc2ccc(F)cc2)CC1,P00533,
Cc1nc(N2CCO[C@H](c3n[nH]c(CO)n3)C2)c2c(C)csc2n1,P00533,
Cc1c(C)n(Cc2ccncc2)c2ncnc(NCCN3CCOCC3)c12,P00533,
CC(C)c1nnc([C@@H]2CC3(CCN(C(=O)c4cccs4)CC3)CN2CC(=O)N2CCCC2)o1,P00533,
Cn1c(=O)n(C)c2cc(-c3nc(C4CCN(C(=O)OC(C)(C)C)CC4)cs3)ccc21,P00533,
CC[C@H](C)NC(=O)c1cccc(NC(=O)C2CCCCC2)c1,P00533,
COc1cc(C)cc(NC(=O)c2ccc(C#N)cn2)c1,P00533,
CCOc1ccc(C(=O)Nc2ccc(OC(F)(F)F)cc2)cc1Br,P00533,
O=C(c1ncc[nH]1)N1C[C@@H](c2ccccc2)O[C@@H](C2CC2)C1,P00533,
CC(=O)N1CCc2nc(NC(=O)[C@H](C)Oc3ccccc3)sc2C1,P00533,
Nc1ccc(C(=O)N2CCc3oc(C4CCC4)nc3C2)cn1,P00533,
Cc1nn(C)cc1[C@H](C)NCC1=Cc2cc(Cl)ccc2OC1,P00533,
C[C@H](NC(=O)CSc1nnc(SCC(=O)N[C@@H](C)c2ccccc2)s1)c1ccccc1,P00533,
Cc1cc(F)cnc1-c1ccc2[nH]c(=O)[nH]c2c1,P00533,
CCn1c(S[C@@H](C)C(=O)Nc2nccs2)nnc1-c1ccco1,P00533,
C[C@H]1C(=O)N(Cc2ccccc2Cl)Cc2nnc(-c3cnn(C)c3)n21,P00533,
Cc1c(NC(=O)c2cc3sccc3n2Cc2ccc(Cl)cc2)c(C(N)=O)nn1C,P00533,
C[C@H]([C@@H](C)S(C)(=O)=O)N(C)C(=O)c1ccc(Cl)o1,P00533,
Cc1noc(C)c1CC(=O)N(CC(C)C)[C@@H]1CCS(=O)(=O)C1,P00533,
COCc1cnc2n1CCN(C(=O)c1ccc3c(c1)OCCCO3)[C@@H]2C,P00533,
CNC(=O)c1ccc(OC)c(NC(=O)C2CCN(Cc3ccccc3)CC2)c1,P00533,
c1nc(N[C@@H]2CCN3CCCC[C@H]23)c2sccc2n1,P00533,
COc1ccc(OCCn2c(N)nc3ccccc32)cc1,P00533,
Clc1ccc(Nc2c(-c3ccsc3)nc3cnccn23)cc1,P00533,
CCCc1ccc([C@@H](C)NC[C@H](CO)Cc2ccccc2C)nc1,P00533,
COc1ccc2[nH]c(=O)c(CNC(=O)c3sc4ncn(C)c(=O)c4c3C)cc2c1,P00533,
COc1cccc([C@@H]2CN(C(=O)c3ccc4c(c3)ncn4C)CCO2)c1,P00533,
COc1ccc(/C=C/CN2C[C@@H](CS(=O)(=O)N(C)C)[C@H](O)C2)cc1,P00533,
Cc1n[nH]c(C)c1CCN(C)CC(=O)Nc1nnc([C@H]2CCCO2)s1,P00533,
COc1c(CN[C@@H](c2ccccc2)c2ccccn2)c(C)nn1C,P00533,
Cc1ccc(NC(=O)c2csc(C(F)(F)F)n2)cc1F,P00533,
C[C@@H](c1cccc(C(F)(F)F)c1)N(C)C(=O)c1cnc(C(=O)O)cn1,P00533,
C[C@@H]1CN(C(=O)c2cc(-c3cccs3)on2)c2ccccc2O1,P00533,
COCCn1c([C@H]2CCN(C(=O)c3ccc(C)c(OC)c3)C2)nc2cccnc21,P00533,
CCCOc1ccnc2c1c(=O)n(CC(=O)N1CCCCCC1)c(=O)n2C,P00533,
CCOC(=O)Cn1c(=O)oc2cc(S(=O)(=O)N3CCN(c4cccc(Cl)c4)CC3)ccc21,P00533,
Cc1cnn(CCC(=O)N[C@H]2CCc3c(O)cccc32)c1,P00533,
C[C@H]1CN(c2ncc(-c3cnccn3)c(-c3ccco3)n2)CC[C@H]1O,P00533,
CC(C)(C)OC(=O)N1CC[C@@H](n2cc(C(N)=O)c(N)n2)C1,P00533,
Cc1ccc(CCC2CCN(C(=O)c3cnc4n(c3=O)CCS4)CC2)cc1,P00533,
O=C(O)c1ccc(-c2ccc3ccccc3c2)c(F)c1,P00533,
CC[C@](CNC(=O)c1ccc(OC(F)(F)F)cc1)(OC)c1ccccc1,P00533,
Cc1nn(-c2ccccc2)c2nc3c(c(C(=O)O)c12)CCC3,P00533,
CN1CCC(n2nc(Cc3cccs3)nc2Cn2cnnn2)CC1,P00533,
Cc1nnc(-c2ccc(Br)cc2)s1,P00533,
CCn1c(Cn2cccn2)nnc1C1CCN(c2ncccc2F)CC1,P00533,
COc1ccc(CN(C)[C@H](C)c2ccncn2)cn1,P00533,
Cc1cccc(C[C@@H](CNC(=O)c2cc(C(C)C)nn2C)C(=O)O)c1,P00533,
Cc1ccc(SCCN2CCN(CCO)CC2)cc1,P00533,
O=C(c1cccc2cnccc12)N1C[C@H]2C[C@@H](N3CCCC3)[C@H](O)C[C@H]2C1,P00533,
Cc1noc(C)c1CCC(=O)N1CCC2(CC1)CN(c1ccc(C#N)c(C(F)(F)F)c1)C[C@@H]2CO,P00533,
COC[C@@H](C)N1C[C@@H](C(=O)Nc2cc(OC)c(OC)c(OC)c2)CC1=O,P00533,
O=C(NC1C[C@@H](C(F)(F)F)C[C@H](C(F)(F)F)C1)c1cccn2c(=O)[nH]nc12,P00533,
Cn1cc(-c2nc(C(=O)NCc3ccc(F)c(Cl)c3)cs2)c2cccnc21,P00533,
CCN(CC)CC(=O)N1CCN(C(=O)c2cn(-c3ccccc3)nc2-c2ccc(C(C)C)cc2)CC1,P00533,
CCCCS(=O)(=O)N[C@@H](c1ccccn1)[C@H]1C[C@H](O)C1,P00533,
COC1(C(=O)N2CCc3c(F)cccc32)CCOCC1,P00533,
COc1ccc(CN2CCCC[C@H]2C[C@H](NC(=O)C2CCC2)c2ccccn2)cc1,P00533,
CCc1ncc(CN2CCC[C@H]2c2n[nH]cc2-c2ccccc2F)cn1,P00533,
CCOC(=O)c1ccc(-c2cc3cc(F)ccc3s2)[nH]1,P00533,
C[C@@H](NC(=O)c1ccco1)c1nc(-c2ccc(N(C)C)cc2)no1,P00533,
COc1ccc(CC(=O)N(Cc2cccs2)[C@H]2CCS(=O)(=O)C2)cc1,P00533,
Cc1nc(N)n(CC(=O)NCc2ccc(F)cc2F)c(=O)c1C,P00533,
Nc1ccnc(-c2cc(N)nc(Cl)n2)c1,P00533,
CN(C)c1nc(Oc2ccc(C#N)cc2)cc(C(F)(F)F)n1,P00533,
O=C(Cn1c(-c2ccccn2)noc1=O)N1c2ccccc2CCc2ccccc21,P00533,
O=C(NC[C@H]1COCCO1)c1cc2c(s1)-c1ccccc1OC2,P00533,
Cc1nnc(NC(=O)NCC(C)(C)N2CCN(C)CC2)s1,P00533,
CCOc1ccc(CC(=O)N[C@H]2C[C@H]2c2ccccc2)cc1,P00533,
NC(=O)CO[C@@H]1CO[C@H]2[C@@H]1OC[C@@H]2NC(=O)c1ccc(C(F)(F)F)cc1,P00533,
CCOc1ccc(NC(=O)COCc2nc3ccccc3s2)cc1S(=O)(=O)N1CCCC1,P00533,
CCn1cnc2c(N3C[C@H]4CCCCC[C@H]43)ncnc21,P00533,
Cc1ccccc1-n1c(=O)c2ccccc2c2ccccc2c1=O,P00533,
O=C(C[C@H](c1cccc(O)c1)c1ccccc1O)N1CCCN(C2CCCC2)CC1,P00533,
O=C(c1cccc2c1COC2)N1CCN(c2nsc3ccccc23)CC1,P00533,
CN(CC(=O)NC(C)(C)C)[C@H]1CCC[C@@H]1S(C)(=O)=O,P00533,
COC1(CC(=O)N2CC[C@@H]3OCCN(Cc4ccncc4)[C@H]3C2)CCC1,P00533,
O=C(CCC1CCN(C2CCOCC2)CC1)N[C@H]1CCN(Cc2ccccc2)C1,P00533,
C[C@H](OC(=O)c1ccc2c(c1)C[C@@H](c1ccccc1)OC2=O)C(=O)Nc1ccccc1F,P00533,
CC[C@H](CC(=O)NS(=O)(=O)c1cnn[nH]1)c1ccccc1,P00533,
CNc1cc(C)nc(-c2cccc(C(=O)N(C)[C@@H](C)c3ccncn3)c2)n1,P00533,
CC(C)CCNC(=O)N1C[C@@H](c2nc(-c3cnccn3)no2)[C@]2(CCN(C)C2)C1,P00533,
Cc1cc(C)c(NC(=O)Cn2nc3c(Oc4ccc(Cl)cc4)nccn3c2=O)c(C)c1,P00533,
CN1C(=O)c2ccccc2Sc2ccc(NC(=O)N3CCOCC3)cc21,P00533,
CC(C)(C)c1cc(NC(=O)Cn2c(C(F)(F)F)nc3ccccc32)on1,P00533,
CSc1nc(C)cc(N2CCN(Cc3ccncc3F)[C@@H](C)C2)n1,P00533,
Cc1cc2c(cc1S(=O)(=O)Nc1c(C)n(C)n(-c3ccccc3)c1=O)n(C)c(=O)n2C,P00533,
CC(C)(c1noc(-c2nc3ncc(CCO)cn3n2)n1)C1CC1,P00533,
COc1ccc(NC(C)=O)cc1NC(=O)NCCS(=O)(=O)N(C)C,P00533,
CCOc1ccc(NS(=O)(=O)c2ccc(C(=O)NCc3ccncc3)cc2)cc1,P00533,
CCCOc1ccccc1CCNC(=O)c1cc(C)c(C)[nH]c1=O,P00533,
C[C@@H]1CCc2c(sc(NC(=O)c3ccc(Br)cc3)c2C(=O)O)C1,P00533,
O=C(O)c1cccc2c1CCN(S(=O)(=O)C1=CCCCC1)C2,P00533,
Cn1nccc1C(=O)N1C[C@@H]2CN(C3Cc4ccccc4C3)C[C@@H]2[C@H]1c1ccccc1,P00533,
COCC[C@@]1(c2noc(-c3cccnc3)n2)CCCN(C(=O)NC(C)C)C1,P00533,
CN(C)[C@]1(c2ccccc2)CCN(C(=O)C2CCS(=O)(=O)CC2)C[C@H]1O,P00533,
CN1C(=O)OC[C@]12CCN([C@@H](C(=O)NCC1CC1)c1cccc3c1nnn3C)C2,P00533,
Cc1nccn1Cc1cccc(CNCc2cn(C)nc2C(C)C)c1,P00533,
Clc1nc(Cl)c2cnn([C@@H]3CCCCO3)c2n1,P00533,
CCC(CC)N1CCN(C2CCN(C(C)C)CC2)[C@H](CCO)C1,P00533,
COc1ncc(CN(C)Cc2cc(C(C)(C)C)n[nH]2)cn1,P00533,
C[C@@H]1CC[C@H](C)N1C(=O)C1CCN(c2nc(-c3ccccc3)nc3c2CCC3)CC1,P00533,
C[C@H](NC(=O)Cc1cccs1)c1ccc(Cl)s1,P00533,
COC(=O)[C@H]1CCCC[C@H]1NC(=O)c1cnn(CC(C)C)c1C,P00533,
COC(=O)c1sccc1S(=O)(=O)Nc1cccc2cccnc12,P00533,
Cc1nc(SCC(=O)Nc2ccc(SC(F)F)cc2)n(C[C@@H]2CCCO2)c1C,P00533,
Cc1ccc2[nH]cc(CCN3C[C@H](C(=O)Nc4ccccc4C)CC3=O)c2c1,P00533,
CS(=O)(=O)N[C@H]1CCCN(C(=O)c2ccc(CC(=O)O)cc2)C1,P00533,
O=C(Nc1ccc(F)cc1)c1nnc([C@@H]2CCCN(C(=O)c3cccc(Cl)c3)C2)s1,P00533,
CSc1ccc(NC(=O)c2cnc3ncccn23)cc1,P00533,
COc1ccc2c(c1)C[C@H](Nc1ccnc(C3CCC3)n1)CCC2,P00533,
CC1(C)CCC[C@](C)(NC(=O)N[C@@H]2CCN(C(=O)c3ccccc3)C2)C1,P00533,
CN(Cc1ccsc1)Cc1cccc(OC2CCN(C(=O)c3[nH]nc4c3CCCC4)CC2)c1,P00533,
Cc1c(Cl)cccc1-n1nc([C@H](C)O)nc1[C@H]1CC[C@@H](N)CC1,P00533,
Cc1c(CCC(=O)N2CCC[C@@H](NC(=O)Cc3ccccc3)CC2)cnn1C,P00533,
O=C(NC1CCCCC1)N1CCc2cc(S(=O)(=O)NC[C@@H]3CCCO3)ccc21,P00533,
OC(c1ccccc1)(c1ccccc1)c1ccncc1,P00533,
O=C(CCCc1nc(-c2ccccn2)no1)N1CCCC[C@@H]1CN1CCCCCC1,P00533,
CCn1cccc(NC(=O)N[C@@H](C)[C@H]2OCCc3sccc32)c1=O,P00533,
Cc1ccc(N2CCC3(CC2)CC(=O)N(Cc2c(C)noc2C)C3)nn1,P00533,
Fc1ccc(-c2ccc(-c3ccccc3)cc2)nc1,P00533,
COc1ccccc1-c1nc2cccnc2[nH]1,P00533,
CCOc1cc(Br)c(F)cc1NC(=O)NCc1cccc2c1CCCN2,P00533,
CC[C@@H](CN1CCOCC1)n1cncc1-c1cnn(-c2ccc(C)cc2)c1,P00533,
O=C(c1ccc(-c2ccccc2)cc1)n1cccn1,P00533,
O=C(Cc1csc(-c2ccc(C(F)(F)F)cc2)n1)O[C@@H]1CCOC1=O,P00533,
C[C@@H](N[C@H]1CCc2[nH]ncc2C1)c1cc2ccccc2o1,P00533,
Cc1cccc(Cc2cnc(NC(=O)CNC(=O)C(C)(C)C)s2)c1,P00533,
Cc1cc2c(F)c(Oc3ncnn4cc(OC[C@H](C)OC(=O)[C@@H](C)N)c(C)c34)ccc2[nH]1,P00533,
CC[C@@H](O)c1cc2n(n1)CCCN(C(=O)c1nonc1C)C2,P00533,
CCN(Cc1ccccc1F)c1cc([C@@H]2CCOC2)nc(NCCO)n1,P00533,
Cc1cc(CN2CCC(F)(CNC(=O)C(C)(C)C)CC2)no1,P00533,
CC(C)n1ccc(NC(=O)[C@@H]2CCCN(c3ncc(Br)cn3)C2)n1,P00533,
Nc1nccnc1C(=O)NC[C@H](c1cccc(Cl)c1)N1CCCC1,P00533,
CN(C)c1nnc(-c2ccc(NC(=O)Cc3cccnc3)cc2)o1,P00533,
Cc1ccnc([C@H](NC(=O)c2cncc(F)c2)C2CC2)n1,P00533,
COc1ccc(S(=O)(=O)N2CCc3ccccc32)cc1C(=O)N1CCN(Cc2ccsc2)CC1,P00533,
Cn1cc(CN[C@H]2CC(=O)N(Cc3ccccc3Cl)C2)cn1,P00533,
O=C(Nc1cccc(C(F)(F)F)c1)[C@@H]1CCCN(c2ccc(-n3cccn3)nn2)C1,P00533,
Cc1ccc(OC(F)F)c(C(=O)COC(=O)c2c[nH]c3ccccc23)c1,P00533,
Cc1ccccc1CC(=O)N[C@@H]1CCCN(CCN2CCOCC2)C1=O,P00533,
COc1ccc(C2=NO[C@H](C(=O)NC3CCCC3)C2)cc1,P00533,
O=C1C[C@@H](c2ccc(OC(F)(F)F)cc2)Sc2ccccc2N1,P00533,
CC(C)(C)OC(=O)N[C@@H](CN1CCN(C(=O)OCC2c3ccccc3-c3ccccc32)CC1)C(=O)O,P00533,
N#Cc1ccc(-c2ncccc2Br)cc1,P00533,
Cc1cccc(C(=O)Nc2ccccc2Br)c1C,P00533,
COc1ccc(C(=O)NS(=O)(=O)c2ccc(Cl)cc2F)cc1OC,P00533,
COc1ccc(CC(=O)NCc2ccc(Cl)cc2Cl)cc1Br,P00533,
O=C(c1ccc2cccc(F)c2n1)N1CCC2(CC1)OCCc1c2[nH]c2ccccc12,P00533,
CCn1nc2c(cc1=O)CN(Cc1nnsc1Cl)CC2,P00533,
O=C(NC[C@H]1CO[C@@H]2CN(Cc3nccs3)C[C@H]12)c1ccncc1,P00533,
NC(=O)CCCC(=O)N1C[C@@H](c2ccccc2)O[C@@H](c2ccc3c(c2)OCO3)C1,P00533,
COc1ccc2c(c1)OCC[C@H]2NC(=O)c1cnc(-c2ccccc2)nc1,P00533,
CCOc1ccc2cc(C(=O)N[C@H](C)[C@H](c3ccccc3)N(C)C)[nH]c2c1,P00533,
CN1CCO[C@H](CNC(=O)c2cc(OC(F)(F)F)ccc2F)C1,P00533,
COc1ccc(OC)c(S(=O)(=O)N2CC[C@H](Cc3nnc(-c4cccnc4)[nH]3)C2)c1,P00533,
CCCN(CC)c1ccc(C(=O)N2CCO[C@@H](C(F)F)C2)cn1,P00533,
COc1ccc2oc(-c3noc(-c4ccsc4)n3)c(C)c2c1,P00533,
COc1ccc(C(=O)Nc2nn(Cc3ccccc3F)cc2Cl)c(OC)c1,P00533,
Cc1ccc2nc([C@@H]3CCCN3C(=O)CCN3CCCC3=O)[nH]c2c1,P00533,
CCOc1ccccc1CNC(=O)c1cc2n(n1)C[C@](C)(C(=O)NCc1ccc(C)cc1)N(C)C2=O,P00533,
Cc1[nH]c(=O)[nH]c(=O)c1CSc1nnc([C@@H]2CCCN2)o1,P00533,
COc1ccccc1NS(=O)(=O)c1cccc(C(=O)Nc2ccccc2C(=O)O)c1,P00533,
CCCC[C@@H](O)[C@@H](N)c1ccc(C(F)(F)F)c(F)c1,P00533,
CC[C@@H](CNC(=O)[C@@H](C)Sc1nc2ccccc2s1)NC(=O)c1c(C)ccnc1N,P00533,
CNC(=O)[C@H]1Cc2ccccc2N1C(=O)Cc1csc(NC(=O)C(C)C)n1,P00533,
COc1ccc(C[C@H](NC(C)=O)C(=O)NC2CCN(C(=O)c3ccc(Cl)cc3)CC2)cc1,P00533,
COc1cc2c(cc1Cl)C1=CC(=O)CC[C@@]1(CCF)C2,P00533,
O[C@@H](CNCc1ccccc1)c1cccc(Cl)c1,P00533,
Cc1cccc(C)c1-c1ccc(C(=O)N2CCCN(c3ncccn3)CC2)cn1,P00533,
O=C(N[C@H](c1ccccc1)c1ccccn1)c1cc2ccccc2s1,P00533,
Cc1ccc(NC(=O)C[C@@H](C)S(=O)(=O)c2ccc3c(c2)NC(=O)[C@@H](C)S3)c(C)c1,P00533,
Cn1cnc2c(C(=O)N3CCN(c4cccc(Cl)c4)CC3)nn(-c3ccccc3)c2c1=O,P00533,
CC(C)[C@H]1C[C@@H](C(=O)NCc2ccccc2)[C@]2(N1)C(=O)Nc1ccccc12,P00533,
CN(C(=O)c1cc2c(s1)-c1ccc(Cl)cc1S(=O)(=O)C2)c1ccccc1,P00533,
CCN1CCC[C@H](CN2CCN(Cc3cccc(Cl)c3)CC2)C1,P00533,
O=C(Cc1csc(-c2ccccn2)n1)N1C[C@H]2C[C@@H](C1)[C@@H]1CCCC(=O)N1C2,P00533,
COc1cc(OC)c([C@H]2NCC[C@]23C(=O)Nc2ccc(F)cc23)cc1OC,P00533,
Cc1cc(CNC(=O)c2cc(Cl)ccc2Br)n(C)n1,P00533,
CSc1nccc(-c2cn(C)nc2C)n1,P00533,
O=C(NCc1ncccn1)Nc1ccc2c(c1)Cc1ccccc1-2,P00533,
Cn1cc(-c2nn(C)cc2C(=O)NCc2cc3c(s2)CCCC3)cn1,P00533,
CCc1cc(NCC(=O)Nc2cccc(C)c2C)c2nncn2n1,P00533,
OCCn1cc(CN[C@@H]2CCCOc3ccccc32)cn1,P00533,
Cc1cccc(-c2nnc3n2C[C@@H](C(=O)Nc2cc(CN(C)C)ccn2)CC3)c1,P00533,
COc1ccccc1NC(=O)CS(=O)(=O)c1ccc(Cl)s1,P00533,
CC(C)(C)CC(=O)Nc1cc(S(=O)(=O)N2CCCCCC2)ccc1Cl,P00533,
Cc1cccc(-c2ccccc2OC(F)(F)F)n1,P00533,
CCOC(=O)C1=NN(c2ccc(C)cc2)[C@H]2c3cccc4cccc(c34)[C@@H]12,P00533,
C[C@@H](Nc1ccc(C(=O)N2CCOCC2)cn1)c1ccc2c(c1)CCCC2,P00533,
Cc1sc2nc(S[C@@H](C)C(=O)NC[C@H]3CCCO3)n(C3CCCC3)c(=O)c2c1C,P00533,
Cc1ccc(C2(CNC(=O)c3ccnn3C)CCOCC2)cc1,P00533,
COc1cccc(CC(=O)N2CCC(N3CCC(C(=O)N4CCCC4)CC3)CC2)c1,P00533,
COc1ccc(S(=O)(=O)N2CCn3cccc3[C@H]2c2ccc(F)c(F)c2)cc1OC,P00533,
CC(C)C[C@@H](NC(=O)c1cc2cc(Cl)ccc2n1C)C(=O)N[C@H](C)C(=O)O,P00533,
Cc1cc(-c2ccc(F)cc2)cnc1C(=O)O,P00533,
O=C(NC1CCN(c2ccccc2C(=O)N2CCCCC2)CC1)c1ccccc1Cl,P00533,
Cc1ccc(NC(=O)Cc2nnc(-c3cnccn3)o2)c(Cl)c1,P00533,
C[C@@]1(NC(=O)CN2CCN(S(=O)(=O)c3ccc(F)c(Cl)c3)CC2)CCS(=O)(=O)C1,P00533,
CC(C)OC(=O)c1ccn(Cc2noc(-c3ccoc3)n2)c(=O)c1,P00533,
CC(C)(O)C1CCN(c2cnc3cc(Cl)ccc3n2)CC1,P00533,
CC(C)(C)n1cc(CN2CCNC(=O)[C@H]2c2ccccc2C(F)(F)F)nn1,P00533,
Cn1ccc(C(=O)Nc2ccnn2-c2ccc(F)cc2)cc1=O,P00533,
COc1cc(CCC(=O)N[C@@H]2COC[C@@H](O)[C@H]2O)ccc1C,P00533,
CNC(=O)Cn1ccc(N[C@@H](C)c2nccn2-c2ccccc2)n1,P00533,
Cc1ccc(CNc2cc(-n3ccnc3)ncn2)cc1C,P00533,
Cc1ccn2c(=O)c(C(=O)NCCC(C)C)c(O)nc2c1,P00533,
O=C(COc1ccc(Cl)cc1Br)Nc1ccc2c(c1)OCO2,P00533,
Cn1cc(Br)cc1C(=O)NS(=O)(=O)[C@@H]1C[C@@H]2CC[C@H]1C2,P00533,
COC(=O)C[C@@](C)(NC(=O)c1ccc(F)c(S(=O)(=O)NC2CC2)c1)c1ccncc1,P00533,
CC[C@@H](C)NC(=O)[C@@H](C)c1ccc2cc(OC)ccc2c1,P00533,
CCOC(=O)C[C@H](c1c(O)c2ccccc2[nH]c1=O)C1CCCCC1,P00533,
CCc1cccc2c(CC(=O)N[C@H]3c4ccccc4C[C@@H]3O)c[nH]c12,P00533,
Cc1cccc(S(=O)(=O)N2CC[C@@H]3NC(=O)CC[C@@H]32)c1,P00533,
C[C@@H](Nc1ccn2ncc(Br)c2n1)c1ccsc1,P00533,
CCOc1nccnc1N1CC[C@H](NC(=O)c2ccc3[nH]ccc3c2)C1,P00533,
Cc1ccccc1CN1CCC(CN(C[C@H]2CCCO2)C(=O)CCn2cncn2)CC1,P00533,
COc1ccc(S(=O)(=O)N2CC3(CN(C(C)=O)C[C@H]3c3nc(C)no3)C2)cc1OC,P00533,
c1ccc(-n2nnnc2N[C@H]2CCC[C@@H](CN3CCOCC3)C2)cc1,P00533,
Cc1cccc(C(=O)N2CCC[C@@H](c3nnc(C)s3)C2)c1,P00533,
COCC(=O)N1CCC[C@H](Oc2nccnc2N(C)C)C1,P00533,
O=C(CCCc1cccs1)N[C@H]1CCOc2ccccc21,P00533,
CC(=O)Nc1c(C)nc(Oc2ccccc2F)nc1C,P00533,
CC(C)(C)Oc1ccc([C@@H](N)CC2CC2)cc1,P00533,
COc1cc2cc(CN3CC[C@H](N(C)C)C3)c(-c3cccc(Cl)c3)nc2cc1OC,P00533,
COc1ccc(NC(=O)N2CCN(Cc3ccc(C)cc3)C(=O)[C@H]2C)c(F)c1,P00533,
O=C(O)Cc1ccc(S(=O)(=O)N2CCOCC2)s1,P00533,
COc1ccc(-n2nnc3c(=O)n(Cc4nc(-c5ccccc5Cl)no4)cnc32)cc1,P00533,
NC(=O)N[C@@H](CC(=O)N1CCC(C(=O)Nc2ccccc2)CC1)c1ccccc1,P00533,
O=C(Nc1ccccc1CN1CCCC1)[C@@H]1CCCCN1C(=O)c1ccccc1,P00533,
CC[C@H](CNC(=O)N(C)Cc1cccc(SC)c1)N(C)CC,P00533,
CCO[C@@H](C)c1ccc(-c2nc(C)cc(NC)n2)cc1,P00533,
COc1ccc(NC(=O)CSc2nc3ccncc3[nH]2)cc1,P00533,
CS(=O)(=O)CCC(=O)N1C[C@H]2OCC[C@H]2[C@H](C(=O)NCc2ccco2)C1,P00533,
O=C(N[C@@H]1CCN(Cc2cccc(Cl)c2)C1=O)c1cccc(-n2ccnc2)c1,P00533,
CCN(CC)S(=O)(=O)c1cccc(C(=O)Nc2cc3oc4ccccc4c3cc2OC)c1,P00533,
C[C@H]1CCN(Cc2cnnn2C)c2cc(C(F)(F)F)ccc2S1,P00533,
Cc1cccc(C(=O)Nc2ccc(F)cc2Br)c1,P00533,
CN(CC1(CO)CCOCC1)c1nnc(N)s1,P00533,
Cc1ccc(S(=O)(=O)N2C[C@@H](C)O[C@@H](C)C2)cc1C,P00533,
OC1(c2ccccc2F)CCN(c2nnc(Cl)s2)CC1,P00533,
CC(=O)Nc1nnc([C@@H]2CC(=O)N(c3ccccc3)C2)o1,P00533,
Fc1ccc(OCc2ccccc2)c(F)c1,P00533,
O=C(c1ccc2[nH]nnc2c1)N1CCC[C@H](c2nccs2)C1,P00533,
CC(C)c1cc(C(=O)N2CCC[C@@H](CCC(=O)O)C2)nn1C(C)(C)C,P00533,
CCCc1ccc(OC[C@@H](O)CN2CCN(c3cc(Cl)ccc3C)CC2)cc1,P00533,
CSc1cccc(NC(=O)c2c(N3CCCC3=O)c3cc(F)ccc3n2C)c1,P00533,
CCOC(=O)c1cnn(-c2cc(Oc3cc(C)ccc3C)ncn2)c1C(F)(F)F,P00533,
CCCn1nccc1S(=O)(=O)N[C@H](C)c1nc(C)c[nH]1,P00533,
COc1ccc(S(=O)(=O)N(C)CCc2ccccc2)cc1N1CCN(C(=O)[C@H](C)Oc2ccccc2)CC1,P00533,
Cn1cc(CCC(=O)N[C@@](C)(C(N)=O)c2ccccc2)c2ccccc21,P00533,
Cc1cccc(N2CCN(S(=O)(=O)c3ccc4c(c3)NC(=O)CCS4)C[C@@H]2C)c1,P00533,
COc1ccc(S(=O)(=O)N(Cc2csc(COc3ccc(C)cc3)n2)C2CC2)cc1,P00533,
COc1ccc([C@@H]2c3cc(OC)c(OC)cc3CCN2C(=O)N[C@H](C)C(=O)Nc2ccccc2)cc1,P00533,
CC(C)n1cc(-c2ccnc(C(=O)NCC3(C)CCOCC3)c2)cn1,P00533,
COc1cc(N2C[C@H](C(=O)Nc3ccnn3Cc3ccc(C)o3)CC2=O)cc(OC)c1OC,P00533,
CC(C)(C)OC(=O)N1CCN(C(=O)c2ccc(C#N)cc2)CC1,P00533,
CCOc1ccccc1C(=O)NCC1CCN(c2nc(C)cc(C)n2)CC1,P00533,
CN(Cc1cccc(OCCN2CCN(C(=O)C3CCC3)CC2)c1)C[C@@H]1CCC(=O)N1,P00533,
C[C@H](NC(=O)c1ccc(O)cc1O)c1ncc(-c2ccccc2)o1,P00533,
Cc1ccc(NC(=O)CCn2ccnc2)cc1Cl,P00533,
Cc1ccc(Cn2c(=O)c3sccc3n(CC(=O)Nc3cccc(C(F)(F)F)c3)c2=O)cc1C,P00533,
Cc1cc(C)n(-c2ccc(SCC(=O)NCC(=O)Nc3ccc(F)c(F)c3)nn2)n1,P00533,
CN1[C@@H]2CC[C@H]1C[C@@H](NC(=O)Cc1cc(F)ccc1Cl)C2,P00533,
CC(C)C(=O)Nc1ccc2[nH]cc([C@H](C(=O)O)N3CCN(Cc4ccccc4)CC3)c2c1,P00533,
COC(=O)[C@H](CO)N(Cc1ccccc1)Cc1ccccc1,P00533,
COC(=O)c1cnc(-c2cccc(F)c2)nc1[C@H]1CCCN1,P00533,
C[C@@H]1C[C@@H](c2cccnc2)N(C(=O)Nc2ccc(-n3nccn3)nc2)C1,P00533,
C[C@@H]1NC(=O)CC[C@H]1NC(=O)c1ccc2c(c1)COC2,P00533,
Cc1ccc(Cl)c(S(=O)(=O)NC2(CN)CCOCC2)c1,P00533,
O=C(c1cc2n(n1)CCN(Cc1ccc(C(F)(F)F)cc1)C2=O)N1CCN(C(=O)c2ccco2)CC1,P00533,
COc1ccc(-c2noc(CNC(=O)c3c(-c4ccccc4Cl)noc3C)n2)cc1,P00533,
Cn1nc(-c2ccc(OC[C@H]3CCCN3)cc2)nc1C1CC1,P00533,
Cc1ccc(C(=O)[C@@H]2CCCC[C@H]2C(=O)O)cc1C,P00533,
Cc1cccnc1CN1CCC(N2C(=O)NCCc3ccccc3[C@@H]2c2ccccc2)CC1,P00533,
Cc1noc(C)c1-c1nc([C@H]2CCCN(C(=O)c3cn(C)cn3)C2)ccc1CO,P00533,
Cc1n[nH]c(C)c1CN(CCOc1ccccc1)C[C@@H]1CCCO1,P00533,
COc1ccc(CCC(=O)Nc2ccccc2C(=O)N(C)Cc2ccccc2)cc1,P00533,
Cc1cccc(N(Cc2nc3[nH]c(C)cc(=O)n3n2)C(=O)C(C)(C)C)c1,P00533,
Cc1ccccc1NC(=O)CN1C(=O)C(C)(C)c2cc(Cl)ccc21,P00533,
CSCC[C@H](Nc1nc(-c2ccccc2)nc2ccccc12)C(=O)O,P00533,
CCc1ccc2[nH]c(=O)c(CN(C[C@H]3CCCO3)C(=O)c3ccccc3)cc2c1,P00533,
O=C(O)c1ccccc1Oc1cccc(C(F)(F)F)c1,P00533,
CCOCC(=O)N1CCO[C@@H](CN2CCCN(C)CC2)[C@@H]1c1cnn(C)c1,P00533,
O=S(=O)(NCc1nc2cccnc2n1C1CCCCC1)c1ccc(Cl)s1,P00533,
CC(C)C(=O)N1CCC(c2nc(O)cc([C@@H]3CCCN(C(=O)c4cccnc4)C3)n2)CC1,P00533,
CCn1c(SCc2nc(N)nc(N(C)C)n2)nnc1-c1ccccc1,P00533,
CCc1ccc(OCc2nc(CCN(C)C(=O)Nc3ccccc3C)no2)cc1,P00533,
O=C(NCCc1nc(C2CC2)no1)[C@H]1CNC[C@H](C(=O)N2CCCC2)C1,P00533,
COc1ccc(/C=C/c2nn3c(Cn4nnc5ccccc54)nnc3s2)cc1,P00533,
COc1ccccc1CNC(=O)[C@@]1(C)Cn2nc(-c3ccccc3)cc2C(=O)N1c1cccc(F)c1,P00533,
CC(C)Nc1ncc(-c2ccncc2)cn1,P00533,
CCCn1cnnc1CNC(=O)COc1cccc(NC(=O)CC)c1,P00533,
COC(=O)c1cn(-c2cccc([C@@H](O)c3ccc(OC)cc3)c2)cc2c(O)nnc1-2,P00533,
O=C(Nc1ccccc1C(=O)NCc1ccc2c(c1)OCO2)c1ccc(-n2cccn2)cc1,P00533,
Cc1nccc(N2CCC3(CC2)OC(=O)N2CCN(C(=O)c4cccs4)C[C@@H]23)n1,P00533,
CCOc1cc(CNc2cn(C)nn2)ccc1OC(F)F,P00533,
O=C(c1cc(=O)[nH]c(=O)[nH]1)N1CCN(c2nc3ccccc3s2)CC1,P00533,
CC(C)[C@@H](NC(N)=O)C(=O)Nc1ccc(Oc2ccccc2)cc1,P00533,
CCN1C[C@H](NC(=O)c2snnc2C(C)C)[C@@H](OC)C1,P00533,
Cc1ccc(CNC(=O)Cc2csc(NC(=O)c3ccc[nH]c3=O)n2)cc1,P00533,
Cn1c(SCC(=O)c2ccc(Cl)cc2)cc(=O)n(C)c1=O,P00533,
O=c1ccc(-c2ccc(F)cc2)nn1CCNS(=O)(=O)c1ccc(F)cc1F,P00533,
COc1ccc([C@H](CNC(=O)N2CCN(Cc3ccc(C#N)cc3)CC2)N2CCCC2)cc1,P00533,
Cc1ccc(NC(=O)CSc2ncc(S(=O)(=O)c3ccc(C(C)(C)C)cc3)c(=O)[nH]2)cc1C,P00533,
O=C1c2ccccc2C[C@H]1[C@H]1CCCN1,P00533,
O=C(O)[C@@H]1C[C@@H](C(F)(F)F)CN(C(=O)OCc2ccccc2)C1,P00533,
N#CCOc1ccc(NC(=O)c2cc(Br)ccc2Cl)cc1,P00533,
CCN(CC)C(=O)c1cccc(NC(=O)COc2cccc(N3CCCC3=O)c2)c1,P00533,
CCOC(=O)[C@@H](C)Sc1nc2c(c(=O)n1-c1ccc(F)cc1)SCC2,P00533,
CNC(=O)[C@H](C)CN(C)C(=O)Nc1cc(-n2cccc2)ccc1F,P00533,
Cc1cccc2[nH]c(-c3ccc4c(c3)OCO4)nc12,P00533,
COCc1nnc2n1CCN(C(=O)Nc1ccc(C)cc1Cl)C2,P00533,
CN(C(=O)CCn1ccnc1)[C@H]1CCCN(c2ccccn2)C1,P00533,
CCCOc1ccccc1[C@@H]1S[C@H](C)C(=O)Nc2[nH]nc(C)c21,P00533,
COc1ccc(NC(=O)Nc2cc(C(F)(F)F)ccc2N2CCOCC2)cc1,P00533,
COC(=O)c1ccc2c(=O)n(-c3ccc(C)c(F)c3)c(N3CCN(C)CC3)nc2c1,P00533,
CS(=O)(=O)N1CCC2(CC1)C[C@@H](CC(=O)N1CCN(C3CCCCC3)CC1)CCO2,P00533,
CN1CCCN(c2ncc(C(C)(C)C(=O)O)c(N3CCOCC3)n2)CC1,P00533,
Cc1ccc(F)cc1CN(C)c1cnc2ncn(C)c2n1,P00533,
COc1ccc(/C=C/c2nc3ccccc3n2C)cc1,P00533,
COCCN(C)Cc1cn(-c2ccccc2)nc1-c1cccc(OC)c1,P00533,
Cc1cccnc1N1CCN(Cc2nc3ccccc3n2C)CC1,P00533,
CNS(=O)(=O)c1cccc2c1CCN(C(=O)c1ccccc1Oc1cccc(C)c1)C2,P00533,
Cc1cc(C)c2[nH]c(=O)c([C@@H](c3nnnn3C(C)(C)C)N3CCN(c4ccccc4F)CC3)cc2c1,P00533,
O=C(c1cc(C(F)(F)F)[nH]n1)N1CCO[C@H]2C[C@H](CO)C[C@@H]21,P00533,
Cc1nn(C(C)C)c(C)c1S(=O)(=O)N[C@H](CC(F)F)C(=O)O,P00533,
Cc1cc2nnc(S(=O)(=O)CCO[C@H]3CCCC[C@H]3C)n2c(C)n1,P00533,
O=C(NCC(=O)N1CCCN([C@@H]2CCSC2)CC1)c1ccccc1,P00533,
CCOc1ccc(C(=O)Cn2nc3n(C)c(=O)c4ccc(C(=O)NC5CCCCC5)cc4n3c2=O)cc1,P00533,
COc1ccc(Cl)cc1N(C)C(=O)[C@H]1CCCN(c2ncnc3c2nc2n3CCCCC2)C1,P00533,
CC(=O)Nc1ccc(S(=O)(=O)Nc2ccc(Cl)cc2Cl)cc1,P00533,
CCN(CC)c1ncnc2sc3c(c12)CCCC3,P00533,
Cc1cccc(C(=O)N2C[C@@H](CO)[C@H](c3cnn(C)c3)C2)c1F,P00533,
CCCCn1c(SCC(=O)Nc2cccc(F)c2)nc2ccsc2c1=O,P00533,
O=C(NC[C@H]1CCN1C(=O)Cn1ccc(C(F)(F)F)n1)[C@H]1CCCS1(=O)=O,P00533,
Cc1ccc(NS(=O)(=O)c2cccc(C(F)(F)F)c2)cc1O,P00533,
Cc1ccc([C@H](O)CN2CCC3(CC2)C[C@@H](O)c2cc(Cl)c(C)cc2O3)cc1,P00533,
CNC(=O)[C@@]1(COC)CCCN1C(=O)Cn1ccc(C(F)(F)F)n1,P00533,
COCC[C@@]1(NC(=O)c2ccc(F)cc2)CCN(C(=O)Cn2ccc(C)n2)C1,P00533,
O=C(Cn1cccc(C(F)(F)F)c1=O)c1ccc(Oc2ccccc2)cc1,P00533,
Cc1nc(C)n(C[C@@H]2CCCN2C[C@@H](O)COc2ccccc2C)n1,P00533,
Cc1ccn(-c2ccc(N3CCN(C(=O)c4ccccc4Cl)CC3)nn2)n1,P00533,
Cc1nc(NC(=O)[C@@H]2CN[C@@H](C)C2)sc1Cc1cccc(F)c1,P00533,
O=C(Nc1ccc2c(c1)OCO2)N1C[C@@H]2CNC[C@]2(CO)C1,P00533,
CC(C)[C@H](NC(=O)c1ccc2nc(-n3cccc3)sc2c1)C(=O)NCc1ccccc1,P00533,
N#Cc1cc(-c2ccccc2F)[nH]c1Cl,P00533,
CCc1cc(NC[C@@H](C)CN2CCOCC2)nc(C)n1,P00533,
Cc1nn(C)c(C)c1C[C@@H](C)NC(=O)[C@H]1CCCN1C(=O)c1ccccc1O,P00533,
COc1ccc([C@H]2CCN(C(=O)Cc3nc[nH]c3C)C2)cc1,P00533,
COc1ccnc(N2CCC(c3nnc(Cn4cncn4)n3C3CC3)CC2)n1,P00533,
CCC[C@H]1COC[C@H]2CN(C(=O)c3cc(C)nc(O)c3)CCN12,P00533,
CC[C@@H](C)n1ncc(Br)c1C(=O)O,P00533,
Cc1noc2nc(CCC(=O)NCc3cccnc3)nc(N3C[C@@H](C)C[C@H](C)C3)c12,P00533,
O=C(NCc1nncn1C1CCCCC1)[C@@H]1CCCN1C(=O)C1CCCCC1,P00533,
O=C(Cn1nc(N2CCN(c3cccc(Cl)c3)CC2)ccc1=O)NCc1ccccc1F,P00533,
CC(C)c1cccc(-c2cccc3c(=O)[nH]cnc23)c1,P00533,
O=C(c1cc(O)cc(O)c1)N1CCc2cc(F)ccc2C1,P00533,
Cc1cc(NC2CCN(C(=O)CC3CCCCC3)CC2)ncn1,P00533,
c1cc(-c2cnn([C@@H]3CCCCO3)c2)n2nccc2c1,P00533,
Cc1ccc2c(c1)N(Cc1cc(F)cc(F)c1)N=C(C(=O)N1CCOCC1)S2(=O)=O,P00533,
CN1CC[C@H](N2CCC[C@@H](NC(=O)c3ccc4ccccc4c3)C2)C1=O,P00533,
COC(=O)N[C@@H]1CN(Cc2ccccc2)CC[C@H]1C,P00533,
Clc1ccc2cc(Oc3cnccn3)cnc2c1Cl,P00533,
O=C(c1cccc2ncsc12)N1CCC[C@H](Cc2nc3ccccc3[nH]2)C1,P00533,
COc1ccc(Cl)cc1NC(=O)c1ccccc1NS(=O)(=O)c1ccccc1,P00533,
CN(C[C@H]1CCCN(c2ncnc3sc4c(c23)CCC4)C1)C(=O)OC(C)(C)C,P00533,
C[C@@H](Oc1cccc(C(F)(F)F)c1)c1ccn[nH]1,P00533,
Cc1cccc(S(=O)(=O)N(C)CCc2noc(COc3ccccc3)n2)c1,P00533,
CC(C)CCN1CCN(Cc2cnn(-c3ccccc3F)c2)C[C@H]1CCO,P00533,
COCCN1CCC[C@]2(CCN(C/C=C/c3ccc(F)cc3)C2)C1=O,P00533,
Cc1nc2cc(NC(=O)c3ccnc(O[C@@H]4CCSC4)c3)ccc2s1,P00533,
O=C(CCNC(=O)c1ccoc1)Nc1cccc(Cl)c1-n1cncn1,P00533,
Cc1ccc(NC(=O)CN(C)CCc2scnc2C)c(C)c1,P00533,
Cc1ccc(S(=O)(=O)Nc2ccc(-c3noc(COc4ccc(F)cc4)n3)cc2)cc1,P00533,
COCc1nc(C)c(CNC(=O)C[C@H]2CCc3ccccc32)s1,P00533,
Cc1csc2ncc(C(=O)N[C@@H](C)Cc3ccco3)c(=O)n12,P00533,
Cc1nc(C(F)(F)F)ncc1C(=O)Nc1ccc(C(C)(C)C#N)cc1,P00533,
O=C(O)[C@@H]1CC(=O)N(C2CCN(c3ncccc3C(F)(F)F)CC2)C1,P00533,
CCCCn1c(SCC(=O)c2ccc(OCC)cc2)nnc1-c1ccco1,P00533,
O=C(c1cccc2ncsc12)N1CCC[C@H](c2cc[nH]n2)C1,P00533,
Cc1cccc(CCC(=O)Nc2c(OC(F)F)noc2C)c1,P00533,
CN(C(=O)N1CCO[C@@H](c2ccc(Br)cc2)C1)C1CCCC1,P00533,
COc1cccc(Oc2c[nH]nc2-c2ccc(OC)cc2O)c1,P00533,
CCCNC(=O)N1CC[C@@](CCOC)(NC(=O)c2ccc(F)cc2)C1,P00533,
Brc1ccc(Cn2c(CN3CCOCC3)nc3ccccc32)cc1,P00533,
CCCC(=O)N1CCc2c(O)nc([C@H]3CCCCN3C(=O)C[C@H](C)n3cccn3)nc2C1,P00533,
O=C(Cc1cccs1)N[C@H](Cc1cccc(F)c1)c1cccc(F)c1,P00533,
COC(=O)c1ccc(F)c2c1CCN(C[C@H]1CCC(=O)N1)C2,P00533,
CCN(CC)C(=O)COc1cc(OC)ccc1Br,P00533,
CC[C@@H]1CN(C(=O)c2cccc3c2CCCC3)CCN1C(=O)COC(C)=O,P00533,
COc1cc(C(=O)NCc2ccc(Cl)cc2Cl)cc(OC)c1Br,P00533,
C[C@H](NC(=O)c1cnc2c(ccn2C)c1)c1ccc(S(C)(=O)=O)cc1,P00533,
Cc1cccc(OCc2nc(CCN(C)C(=O)Nc3ccc(C)c(C)c3)no2)c1,P00533,
Cc1cc(C)c2[nH]c(CC(=O)N3CC[C@H](c4cc(COc5ccccc5F)[nH]n4)C3)nc2c1,P00533,
O=C(c1n[nH]c2ccccc12)N1CCC[C@H]1c1noc(C2CC2)n1,P00533,
Cc1ccc(CNc2cc(Cl)ncn2)cc1,P00533,
CNc1ccc([C@@H]2CCCN2C(=O)c2ccccc2)c(C)n1,P00533,
CC(C)C(=O)N1CCC[C@@H](CCc2noc(-c3ccc(F)cc3)n2)C1,P00533,
Cc1cc(C(=O)NCc2ccccn2)ccc1N(C)S(C)(=O)=O,P00533,
CCNS(=O)(=O)c1ccc(NC(=O)Nc2cc(C)ccc2OC)cc1,P00533,
CCN(CC)CCN1CCC[C@@H](c2nc3ccccc3[nH]2)C1,P00533,
Nc1ccnc(C2CC2)c1Br,P00533,
COc1ccc(-c2cc(C(=O)N3C[C@@H](c4nncn4C4CC4)C4(CCOCC4)C3)[nH]n2)cc1,P00533,
N#Cc1c[nH]c(C(=O)N[C@@H]2CC[C@H](F)C2)c1,P00533,
CCCn1cc(C(=O)Nc2ccc(CC(=O)O)cc2)c(=O)c2ccc(C)nc21,P00533,
CC(=O)Nc1ccc(OCC(=O)NC2CCN(Cc3ccccc3)CC2)nc1,P00533,
C[C@@H](NC(=O)[C@H]1CCCO1)c1ccccc1C(F)(F)F,P00533,
COc1ccc(CN2CCc3c(C(=O)NCCC(C)C)c(OC)cc(=O)n3CC2)cc1O,P00533,
CCc1ccc(S(=O)(=O)N2CC[C@H](Oc3ncccc3C(=O)N3CCOCC3)C2)cc1,P00533,
CCC(C)(CC)NC(=O)c1cccc(NC(=O)[C@H]2CCCO2)c1,P00533,
CC[C@H]1COCc2nnc(-c3c[nH]c4ccccc34)n21,P00533,
COc1ccc(CN2CCN(C3CCCC3)[C@@H](CCO)C2)c(OC)c1C,P00533,
O=C([C@@H]1C[C@@H]1c1cc(F)ccc1F)N(Cc1cccnc1)C1CC1,P00533,
O=C(NCCN(C(=O)C1CC1)C1CCOCC1)c1ccncc1,P00533,
CCCc1c(C)nc2ccc(C(=O)OCC)cc2c1O,P00533,
Cc1nccc(N2CC[C@H](c3ncc(Cc4cccc(Cl)c4)o3)C2)n1,P00533,
CN1C(=O)c2cc(C(=O)NCc3ccc(F)cc3)nn2C[C@]1(C)C(=O)NCc1ccc(F)cc1,P00533,
CC(C)(C)OC(=O)N1CCN(CC(=O)NCc2cccs2)CC1,P00533,
COc1ccc(OC)c([C@@H]2CCCN2C(=O)Cn2nc(-c3ccc(F)cc3)oc2=O)c1,P00533,
CSc1ccccc1[C@](C)(O)C1CC1,P00533,
CCNC(=O)[C@@H](C)N1CCC(Cc2ccccc2)CC1,P00533,
COc1ccc(N2CC(=O)N(c3ccccc3)[C@@H](/C(C)=C/c3ccccc3)C2=O)c(OC)c1,P00533,
COc1ccc(CNS(C)(=O)=O)cc1OC,P00533,
Cc1cc2nnnn2c(SCc2c(Cl)cccc2Cl)n1,P00533,
COc1ccc(NC(=O)N2CCN(C(=O)OC(C)(C)C)C[C@H]2C)cc1,P00533,
Cc1cc(S(=O)(=O)N2CCN(S(C)(=O)=O)CC2)c(C)cc1Cl,P00533,
CC(C)[C@H](C(=O)N(C)Cc1nnc2c(=O)[nH]ccn12)S(=O)(=O)c1ccc(Br)cc1,P00533,
O=C(NCC1CCN(Cc2ccccc2)CC1)c1cccc(Cl)c1,P00533,
CCS(=O)(=O)NCC(=O)N1CCC[C@H]1C(C)(C)C,P00533,
Fc1cnc(NCc2nc(-c3ccccc3)n[nH]2)cn1,P00533,
COC(=O)c1ccc(OC[C@@H](O)CN2CCN(Cc3cccc(C(F)(F)F)c3)CC2)cc1,P00533,
Cc1ccc(CNC(=O)c2cccc(NC3=N[C@H]4CS(=O)(=O)C[C@H]4S3)c2)cc1,P00533,
CC(C)(O)CCc1ccc(CN2CCCC2)cc1,P00533,
Cc1ccc2c(=O)c(C(=O)c3ccc(Cl)cc3)cn(CC(N)=O)c2n1,P00533,
Cn1nc(C2CCN(C(=O)CCCc3ccccc3)CC2)n(C2CCCC2)c1=O,P00533,
CNC(=O)[C@@]1(Cc2ccccc2-c2ccncc2)CCN(C(=O)CCC2CCCC2)C1,P00533,
Cc1ccc(-c2nc(CNC(=O)[C@@H](C)Oc3cccc(C)c3C)cs2)cc1,P00533,
Cc1nn(C)c(C)c1CCC(=O)N1CCOc2ccc(C(F)(F)F)cc21,P00533,
Cc1cnc(CNc2ccc(-n3ncnc3C)cc2)o1,P00533,
O=C(CCc1cccs1)Nc1cccc2c1CCC2,P00533,
Cn1ccnc1[C@H](N[C@H]1CCCOCC1)C1CCOCC1,P00533,
COc1ccc(S(=O)(=O)Nc2ccccc2C(=O)NC2CCCCC2)cc1Br,P00533,
Cc1cc(N2CCN(Cc3ccccc3)CC2)n2nc(C)c(-c3ccccc3Cl)c2n1,P00533,
CCOc1ccc(-c2ccc(NS(=O)(=O)c3cccc(C)c3)cc2)nn1,P00533,
Cc1nc(-c2ccccc2)ncc1C(=O)Nc1ccccc1Br,P00533,
Cc1nn(C)c(C)c1-c1ccnc2cc(C(=O)Nc3sc4c(c3C#N)CC[C@H](C)C4)nn12,P00533,
Cc1c(O)ccc(-c2ccc(C(=O)NCCN3CCCCC3=O)cc2)c1C,P00533,
CC[C@]1(C(=O)NCc2ccccn2)C[C@H]2CC[C@@H]1N2C(=O)c1n[nH]c2c1CCC2,P00533,
CNc1nc(N2CCC[C@@H](CCC(N)=O)C2)ncc1Br,P00533,
O=C(NCc1noc(-c2ccco2)n1)[C@@H](c1cccnc1)N1CCOCC1,P00533,
O=C(NCCc1ccccc1)c1nc2ncccn2n1,P00533,
CC(C)(C)OC(=O)N1C[C@H](F)CC2(CNC2)C1,P00533,
Cc1ccoc1CNC(=O)c1sc(CCN)nc1C,P00533,
CC[C@H](C(=O)N1CCC[C@H](c2c(S(C)(=O)=O)cnc3ncnn23)C1)c1ccccc1,P00533,
O=C(NC1(c2cccc(Br)c2)CC1)c1cc2cc(F)ccc2o1,P00533,
Cc1cc(C)c2nc(O)c(-c3nccn3CC[C@@H](O)CO)cc2c1,P00533,
Cc1ccc(-n2nc(C)c(NC(=O)CN(C)c3ccccc3)c2C)cc1,P00533,
Cc1ccc(S(=O)(=O)N2CCN(C(=O)c3oc4ccc(Br)cc4c3C)CC2)cc1,P00533,
Cc1cc(C(=O)N2CCCN(c3ncccc3Cl)CC2)nc(C)n1,P00533,
CCOc1cc(C(=O)N2CCOCC2)ccc1OCc1cccnc1,P00533,
CCCOc1cccc(NC(=O)Nc2c(C)noc2C2CC2)c1,P00533,
CC(C)(C)c1ccc([C@H]2COC(CC#N)=N2)cc1,P00533,
c1cc(N2CCN(c3nncs3)CC2)nc(N2CCOCC2)n1,P00533,
O=C(c1ccco1)N1CCN(C(=O)c2ccc(-c3ccco3)o2)CC1,P00533,
Cn1cc(NC(=O)c2csc(-c3ccc(Cl)s3)n2)c(-c2ccccn2)n1,P00533,
N#Cc1cccnc1-n1cc(NC(=O)N2CCC(c3ccon3)CC2)cn1,P00533,
Cn1cc(-c2ccc3cc(OCC(=O)N4CCCCCC4)ccc3c2)cn1,P00533,
CN(Cc1ccc(O)cc1)S(=O)(=O)c1ccccc1Cl,P00533,
Cc1ccc([C@H](CNC(=O)c2cc(-c3ccc(Cl)cc3)on2)N2CCCC2)cc1,P00533,
Cc1nnc2n1CCN(C(=O)Cn1ccc3ccccc31)C2,P00533,
O=C(O)c1cnc(Br)s1,P00533,
CCN(CC)C(=O)[C@@H]1CCCN(S(=O)(=O)c2cc(Cl)ccc2Cl)C1,P00533,
COc1ccccc1-c1cc2nc(Cl)nc(C#N)c2s1,P00533,
CNC(=O)c1ccc(CN(C(=O)Nc2ccc3c(c2)Cc2ccccc2-3)C2CC2)cc1,P00533,
COc1cc(C)cc(F)c1C(=O)C(F)(F)F,P00533,
O=C(NCc1ccco1)[C@@H]1CC[C@@H](c2ccc(F)cc2)N(C(=O)Nc2ccccc2)C1,P00533,
Cc1cc(-c2cnc(N3CCC[C@@H](C)C3)nc2C2CCN(c3ncccn3)CC2)on1,P00533,
CC(C)N1CCN(Cc2cnc(N(C)C)s2)C[C@H]1CCO,P00533,
Cn1ccc(N2CCC[C@H](N3CCO[C@@H](c4cccc(O)c4)C3)C2=O)n1,P00533,
COc1ccc([C@@H]2C(=O)N(C3CCCCCC3)CC(=O)N2Cc2ccc(C)cc2)cc1,P00533,
CN(Cc1cc(Br)ccc1Cl)C(=O)[C@H]1NCCc2ccccc21,P00533,
Cc1cc2c(cc1NC(=O)N1CCc3c(Cl)cc(Cl)cc3C1)OCO2,P00533,
CCn1nc(C)c(C(=O)N2CC[C@H](N3CCN(C)CC3)[C@H](CCCO)C2)c1C,P00533,
CCn1nccc1C(=O)N1CCCN(c2nnc3ccccn23)CC1,P00533,
C[C@H]1CCCN(C[C@H](O)CO[C@H]2CC[C@H](C(C)(C)C)CC2)C1,P00533,
Cc1nn(-c2ccccc2)c(C)c1CN1C[C@@H]2[C@H](C1)[C@@H]1CC[C@H]2N1[C@H](C)C(N)=O,P00533,
CN(C)C(=O)c1nnn(-c2ccc(NC(=O)COc3ccc(F)cc3)cc2)n1,P00533,
Cn1ncc2c(N3CCC[C@@H]3c3cccc4c3OCCO4)ncnc21,P00533,
Cn1c(COc2cccc(C(F)(F)F)c2)nnc1SCC(N)=O,P00533,
COc1cccc(NC(=O)c2cc(C)nc3onc(C)c23)c1OC,P00533,
CN1CCC(Cc2cccc(F)c2)(C(=O)NC[C@]2(C)CCCO2)CC1,P00533,
CC1(C)[C@H](Cc2cc(-c3ccc(F)cc3)on2)C[C@@H]1NS(C)(=O)=O,P00533,
O=S(=O)(Nc1ncn(-c2ccccc2)n1)c1cnc2ccc(F)cc2c1,P00533,
CN(C(=O)OC(C)(C)C)C1CN(C(c2ccccc2)c2ccccc2)C1,P00533,
O=C(C1CCCCC1)N1CCN(c2nc3ccccc3nc2-c2ccccc2)CC1,P00533,
O=C(Nc1cccnc1)N1CCCN(Cc2ccc(F)cc2)CC1,P00533,
Cc1cc(C)c(OCC(=O)Nc2ccc(C)c(-n3nnnc3C)c2)c(C)c1,P00533,
Cc1ccnc(CNC(=O)C[C@@H]2CCOC2)c1,P00533,
COC(=O)c1c[nH]c2cc(NC(=O)C3CC3)ccc12,P00533,
Cc1c(NC(=O)c2ccc(S(=O)(=O)N3C[C@@H](C)O[C@H](C)C3)cc2)c(=O)n(-c2ccccc2)n1C,P00533,
O=C(Nc1ccccc1)c1ccc(NC(=O)c2cnc3[nH]ccc3c2)cc1,P00533,
COc1ccc(OC)c(NC(=O)NCCC2CCN(S(=O)(=O)c3ccc(C)cc3)CC2)c1,P00533,
Cc1cccc(S(=O)(=O)N2CCCC[C@H]2CNS(N)(=O)=O)c1,P00533,
O=C(NCc1ccccc1)[C@H](c1cccs1)N(C[C@@H]1CCCO1)C(=O)Cn1nnc(-c2ccc(F)cc2)n1,P00533,
Cn1nc2n(c1=O)C[C@@]1(CCN(C(=O)CCc3ccccn3)C1)OC2,P00533,
Cc1ccc(S(=O)(=O)CCC(=O)N(C)C2CCCCC2)cc1,P00533,
CCOC(=O)CSc1nc2c(c(=O)n1C)S[C@@H](C)C2,P00533,
COc1cccc(Br)c1C(=O)N[C@H](C)c1ccc(F)cc1,P00533,
CCc1c(C(=O)N2CC[C@@H](c3ccccc3)C2)cnn1-c1ccccn1,P00533,
COc1cc(NC(=O)N[C@H]2CCN(c3ccc(C)c(C)c3)C2=O)cc(OC)c1,P00533,
Fc1ccc(C2=N[C@@H](c3ccccc3)CO2)nc1,P00533,
CN1Cc2nnc(C(=O)NC3CCCCC3)n2C[C@]12CCN(C(=O)c1ccn(C)n1)C2,P00533,
CCc1cccc(C)c1NC(=O)COc1ncnc2sc3c(c12)CCCC3,P00533,
COc1cc(=O)[nH]c(SCC(=O)Nc2nc(-c3ccccc3)cs2)n1,P00533,
CCN1CCN(CCSC(C)(C)C)C[C@@H]1c1ncc[nH]1,P00533,
COC(=O)C1CCN(Cc2ccc(Cl)cc2)CC1,P00533,
Cc1ccc(NC(=O)CN(C)S(=O)(=O)c2ccc3c(c2)C[C@@H](C)N3C(=O)C2CCC2)cc1Cl,P00533,
CCc1ccc(N2C[C@@H](C(=O)NCc3ccc(S(N)(=O)=O)s3)CC2=O)cc1,P00533,
C[C@@H](COc1ccc(Cl)c(Cl)c1)N[C@@H](C)Cn1cncn1,P00533,
OCC[C@H]1CN(CC2CC2)CCN1Cc1ccc(F)c(F)c1,P00533,
CCc1cc(CN2CCC(CNC(=O)[C@H]3CCCCN3C(=O)OC)CC2)on1,P00533,
Cc1noc(C)c1CN1CCC2(CC1)NC(=O)C[C@H]2c1ccccc1,P00533,
CCO[C@@H](C)C(=O)N1CCC2(CCC(=O)N(Cc3ccccc3)C2)CC1,P00533,
CN1CC2(CCN(C(=O)c3nccc4ccccc34)CC2)C[C@@H]1C(=O)N1CCOCC1,P00533,
Cc1c(Cl)cccc1NS(=O)(=O)c1ccc(-c2ccno2)s1,P00533,
C[C@@H]1C[C@H](NC(=O)c2cccc3cccnc23)C[C@H](C)O1,P00533,
COCC(=O)N[C@@H]1CN(C(=O)c2cc(C)nn2C)C[C@H]1c1nc(-c2ccccc2)n[nH]1,P00533,
O=C(NCc1ccccn1)[C@@H](c1ccccc1)n1cccc1,P00533,
Cc1cc(Cl)c2oc(C(=O)N3CCC[C@@H](CCCO)C3)c(C)c2c1,P00533,
Cc1cc(NS(=O)(=O)c2ccc(NC(=O)C3CCCC3)cc2)nc(C)n1,P00533,
COc1ccc([C@H](CNC(=O)[C@@H](C)Oc2ccc(Cl)c(C)c2)N2CCCC2)cc1,P00533,
N#Cc1ccc(F)cc1OC(F)(F)F,P00533,
CCCn1c(SCC(=O)Nc2ccccc2CC)nnc1-c1cccnc1,P00533,
O=C(Cn1ncc2c(c1=O)CCCC2)NCCn1ccc2ccc(Br)cc21,P00533,
Cc1ccccc1-c1nc(-c2ccc3c(c2)OCO3)no1,P00533,
CCOC(=O)c1c(CN(C)Cc2ccc(OC)cc2OC)nc2ccccc2c1C,P00533,
Cn1nc(C(=O)Nc2ccc(F)cc2F)c2c1-c1ccccc1SC2,P00533,
COc1ccc([C@H](C)NC(=O)CCn2cncn2)c(OC)c1,P00533,
O=C(NC[C@H](c1ccco1)N1CCCC1)c1ccc(SC(F)F)cc1,P00533,
COC(=O)c1cccc(CN2C[C@H]3C[C@@H](n4cncn4)[C@H](O)C[C@H]3C2)c1,P00533,
CN(C[C@@H]1COc2ccccc2O1)C(=O)c1cc(COc2cccc(F)c2)[nH]n1,P00533,
CC(C)C[C@H]1CN(Cc2ccc(Cl)cc2)CCN1,P00533,
O=C(c1ccc(OCCN2CCOCC2)cc1)N1CCC[C@@H]1c1cccc(-n2ccnc2)n1,P00533,
O=C(Cc1ccncc1)N1CC[C@]2(C(=O)NCC3CCOCC3)C[C@H]2C1,P00533,
CCCn1[nH]cc/c1=N\C(=O)CN1C[C@H](O)C[C@H]1c1cccc(F)c1,P00533,
O=C(c1ccccc1)c1ccc2nc(NCc3ccco3)c3nncn3c2c1,P00533,
CC(C)n1cc(CN2C[C@H]3Cc4nnc(C(=O)Nc5ccccc5)n4C[C@H]3C2)cn1,P00533,
COc1ccncc1NC(=O)Cc1ccc(Br)cc1OC(F)(F)F,P00533,
O=C(C1CCOCC1)N1CC(OCc2ccccc2F)C1,P00533,
CN1CCO[C@H](CNC(=O)Cc2c(Cl)cccc2Cl)C1,P00533,
CCN(CC)S(=O)(=O)c1ccc2c(c1)cc(C(=O)NCCN(C)C)n2C,P00533,
O=C(Nc1ccc(Oc2cnccn2)cc1)c1ccccc1SC[C@@H]1CCCO1,P00533,
O=C(CCNC(=O)c1ccc(F)cc1F)NCCc1cn2ccccc2n1,P00533,
CCCSc1nc(N)c2c3c(sc2n1)C[C@H](C(C)(C)C)CC3,P00533,
CCOC(=O)c1ccc2nc(NC(=O)c3ccc4c(c3)OCCO4)sc2c1,P00533,
Cn1cc(C(=O)Cn2cnc3c(c2=O)CCC3)cn1,P00533,
Cc1ccc(CNC(=O)C2CCN(c3nccn4nc(-c5cc(C)ccc5C)cc34)CC2)cc1,P00533,
FC(F)(F)c1cccc(-c2cc(Cl)nc(Cl)n2)c1,P00533,
CCSc1ccccc1C(=O)Nc1nnc(C(CC)CC)s1,P00533,
CCn1c(SCC(=O)Nc2nnc(C)s2)nnc1-c1cccc(F)c1,P00533,
CC(C)c1nn2c(=O)c(NC(=O)c3ccc(F)cc3)cnc2s1,P00533,
CCC(=O)N1C[C@H]2CN(C(=O)c3ccccc3)C[C@@]2(CN(C)C)C1,P00533,
O=C(c1ccccc1Cl)N1CCC[C@@H]1CN1CCCC1,P00533,
COc1ccc2[nH]cc([C@H](C(=O)O)N3CCN(CCOc4ccc(Cl)cc4)CC3)c2c1,P00533,
CC(=O)N1CCN(c2ncc3c(n2)CCCC3=O)CC1,P00533,
CNC(=O)Cc1ccc(NC(=O)c2ccc(COc3ccc(C)cc3)o2)cc1,P00533,
Cc1ccc(OCC(=O)Nc2nonc2-c2ccc(C)cc2)cc1,P00533,
N#Cc1cc(S(N)(=O)=O)ccc1F,P00533,
Cc1nnnn1-c1ccc(CC(=O)N[C@H]2CC[C@H](C(=O)O)CC2)cc1,P00533,
Cc1ccc(S(=O)(=O)N(CC(=O)NC[C@@H]2CCCO2)c2ccc(C(C)C)cc2)cc1,P00533,
O=S(=O)(c1ccc(F)cc1)C1CN(S(=O)(=O)c2ccc3c(c2)OCCO3)C1,P00533,
Cc1ccc2nc([C@H]3CCCN3C(=O)CCC(F)(F)F)[nH]c2c1,P00533,
CC(C)NCc1cccc2c1oc1ccccc12,P00533,
CCn1nc(C)n2cc(S(=O)(=O)Nc3cc(C)ccc3OC)cc2c1=O,P00533,
Nc1cc(CC[C@H]2CN(C(=O)CCCn3cccn3)CCO2)ccn1,P00533,
CCOc1cc([C@@H](CS(C)(=O)=O)NC(=O)CCc2cccc(Br)c2)ccc1OC,P00533,
COc1ccc([C@H]2CC(=O)Oc3cc(C)[nH]c(=O)c32)cc1,P00533,
CN(C(=O)c1ccc(NC(=O)c2ccc(F)cc2)cc1)c1ccccc1,P00533,
CNC(=O)c1sc2ncccc2c1[C@H]1CN(Cc2ccnc(N3CCCC3)n2)CCO1,P00533,
Cc1n[nH]c(C)c1CN(C)Cc1cn(C)nc1-c1ccc(Oc2ccccc2)cc1,P00533,
O=C(CO)NCCn1cc(-c2ccccc2)nn1,P00533,
C[C@H]1C[C@@H]2[C@@H](CC(=O)N2C2CC2)[C@@H]1CNC(=O)Nc1cccc(C(F)(F)F)c1,P00533,
Cc1nc2ncccn2c1C(=O)N1CCC[C@]2(C1)C(=O)Nc1ccccc12,P00533,
Cc1n[nH]c(C)c1[C@@H](C)CC(=O)N1CC(OCc2nc(C3CC3)no2)C1,P00533,
C[C@H](NC(=O)c1ccc(NC(=O)c2ccco2)s1)c1ccc(S(C)(=O)=O)cc1,P00533,
O=C(c1ncccc1O)N1CC[C@@]2(O)CCN(C(=O)N3CCCC3)C[C@H]2C1,P00533,
C[C@@H]1CN(C(=O)Cn2cc(S(=O)(=O)CC(=O)N3CCc4ccccc43)c3ccccc32)C[C@H](C)O1,P00533,
COC(=O)[C@@H]1CCCN1C1CCNCC1,P00533,
C[C@@H]1Cc2ccccc2N1C(=O)Cn1cnc(-c2ccccc2)cc1=O,P00533,
Cc1ccc(S(=O)(=O)N[C@H](C)c2nnc3n2CCOC3)cc1,P00533,
CC(C)c1cc(C(=O)N2CC3(CNC(=O)N3C)C2)no1,P00533,
Brc1cnc(OC2CCCCC2)nc1,P00533,
COc1ccc(N(C(=O)COc2ccc(F)cc2)S(=O)(=O)c2ccc(C)cc2)cc1,P00533,
O=C(Nc1ccc2[nH]ncc2c1)C1CCN(c2cnccn2)CC1,P00533,
O=C(O)c1sc2cccc(F)c2c1Cl,P00533,
Cc1conc1CNC(=O)[C@H]1C[C@H]1C1CCCCC1,P00533,
Cc1c(C)n(Cc2ccco2)c2ncnc(SCCC(=O)O)c12,P00533,
CC[C@@H]1CCCC[C@H]1NC(=O)NCc1ccc(C2CCC2)cc1,P00533,
Cc1ccccc1S(=O)(=O)N1CCC(n2c(C)nc3cccnc32)CC1,P00533,
Cn1nccc1-c1cc(Cl)c(C(=O)O)cc1F,P00533,
C[C@H](Sc1nc2ccccc2c(=O)n1Cc1ccco1)C(=O)N1CCc2ccccc2C1,P00533,
C[C@H]1CCCN1CC(=O)Nc1ccc2[nH]nc(C(N)=O)c2c1,P00533,
COc1ccc(F)cc1-c1ccc(CN2CCCC2)cc1,P00533,
Cc1ccc(N2CCN(CC(=O)Nc3ccc(Cl)cc3)CC2)nn1,P00533,
Cc1nc2ccccc2cc1C(=O)Nc1ccc(Br)cc1,P00533,
COc1ccccc1[C@@H]1CN(C(=O)c2ccc3c(c2)OCO3)C[C@H]1C(=O)NCc1ccc2c(c1)OCO2,P00533,
Cc1nccn1CCNc1cccc([C@@H]2CCCN2C)n1,P00533,
Fc1ccc(CN2CCc3nc(N4CCN(c5ccccc5F)CC4)ncc3C2)cc1,P00533,
O=C(c1ccco1)N(Cc1cnc(S(=O)(=O)Cc2ccccc2)n1Cc1ccccc1)C1CC1,P00533,
Cc1ccc(S(=O)(=O)Nc2cc(C(=O)O)ccc2N2CCN(Cc3cccc(F)c3)CC2)cc1,P00533,
COC(=O)[C@@H](C)Sc1nnc2[nH]c(=O)c(C)c(C)n12,P00533,
O=C(Cn1nc2ncccn2c1=O)N1CCc2ccccc21,P00533,
COc1ccc(CC(=O)N2CCCC[C@@H]2C(=O)O)c(Cl)c1,P00533,
CC(C)(C)OC(=O)N1CCC[C@@]1(Cc1ccc(Cl)c(Cl)c1)C(=O)O,P00533,
COc1ccc(NC(=O)N[C@H]2CCS(=O)(=O)C2)cn1,P00533,
Clc1ccccc1-c1nn2c(-c3cncc(Br)c3)nnc2s1,P00533,
COc1ccc(OC)c(NS(=O)(=O)c2c(C)nn(-c3ccccc3)c2C)c1,P00533,
COc1ccc(N2C[C@@H](C(=O)Nc3ccccc3C(=O)Nc3cccc(C)c3)CC2=O)c(OC)c1,P00533,
CCCn1cc(NC(=O)N(CCOC)Cc2cnn(C)c2)nn1,P00533,
Cc1ccc(NS(=O)(=O)c2cc(-c3onc(C)c3C)sc2C)c(C)c1,P00533,
COc1ccc2nc(CNS(=O)(=O)N(C)C(C)C)[nH]c2c1,P00533,
Cc1c(Cl)cccc1C(=O)N1C[C@@H]2Cc3cnc(N4CCCC4)nc3[C@@H]2C1,P00533,
C[C@@H](NC(=O)N1CCN(c2cnn(C)c2)CC1)c1cccc(F)c1F,P00533,
O=C(Nc1nnc(CCc2ccccc2)s1)[C@@H]1CC(=O)N(c2ccc(F)cc2)C1,P00533,
CCC[C@H](CC(C)C)C(=O)NS(=O)(=O)c1cnccn1,P00533,
CCOc1ccc2[nH]c(=O)c([C@@H](c3nnnn3C(C)(C)C)N3CCN(C4CCCCC4)CC3)cc2c1,P00533,
Cc1csc(NC(=O)N2CCN([C@@H](C)C(=O)N3CCCC3)CC2)n1,P00533,
Cc1cccc(Cn2c(=O)c3nscc3n(Cc3c(C)noc3C)c2=O)c1,P00533,
Cc1c(CNC(=O)N2CCO[C@@H](CCc3ccccc3)C2)cnn1C,P00533,
O=C(Nc1cccc(-n2cccn2)c1)[C@H]1CCCN1C(=O)C1CCCC1,P00533,
CC(C)CCn1c(=O)c2ccccc2n2c(SCC(=O)NCc3ccccc3)nnc12,P00533,
Cc1sc2nc(-c3cccnc3)nc(N3CC(O)(C(N)=O)C3)c2c1C,P00533,
COc1ccc(Cl)cc1S(=O)(=O)Nc1ccc(-c2cn3ccccc3n2)cc1,P00533,
COc1ccc(-c2cc3c(=O)n(CC(=O)N4CCN(c5ccccc5F)CC4)nc(C)n3n2)cc1,P00533,
CS(=O)(=O)N(CC(=O)N1CCOCC1)C1CCCCC1,P00533,
O=S(=O)(/C=C\c1ccc(Cl)cc1)N1CCC[C@@H]1c1nnc2ccccn12,P00533,
COc1ccc(F)c(-c2cccc3c2CCC3=O)c1,P00533,
CC(C)c1cccc(-c2cccc(OC(F)(F)F)c2)n1,P00533,
COC(=O)c1sccc1S(=O)(=O)N1CCc2nc(NC(=O)c3ccoc3)sc2C1,P00533,
CC(C)c1ccc(O[C@@H](C(=O)O)C(C)C)c(Br)c1,P00533,
O=C(CN1C(=O)CSc2sc(S(=O)(=O)N3CCCC3)cc21)NCCc1ccco1,P00533,
CCc1cc(N2CCC(N(C)C[C@H]3CCCCO3)CC2)nc(N(C)C)n1,P00533,
Brc1cccc2c1CCC21CC1,P00533,
c1cc2c(cc1CN1CCN(C3CSCCSC3)CC1)OCO2,P00533,
O=C(NCc1nc(-c2cc[nH]c(=O)c2)no1)NC[C@H]1CCCO1,P00533,
CN1CC(=O)N(c2cccnc2)C[C@@]12CCN(S(=O)(=O)c1ccccc1)C2,P00533,
CSc1ncccc1C(=O)N[C@@H]1CCc2nn(C)c(=O)cc2C1,P00533,
CC(=O)N1CCCC[C@H]1c1ccc(C(=O)N(C)Cc2ccoc2C)n1C,P00533,
Cc1cccc(CNS(=O)(=O)c2c(C)[nH]c(C)c2-c2nnc(C3CCC3)o2)c1,P00533,
COc1ccc(NS(=O)(=O)c2ccc(Cl)s2)cc1,P00533,
O=S(=O)(c1cccs1)N(Cc1cccc(OCCN2CCOCC2)c1)Cc1ccccn1,P00533,
NS(=O)(=O)c1ccc(NCc2ccccc2)cc1,P00533,
O=C(N[C@@H]1C[C@@H]1c1ccccc1)c1cnco1,P00533,
COc1cc([C@H]2CC(=O)Nc3c2c(=O)nc2sccn32)ccc1O,P00533,
c1cc(-n2ccc(-c3ccn(-c4ccnc(C5CC5)c4)n3)n2)cc(C2CC2)n1,P00533,
COc1ccc(CC(=O)N[C@H]2CCc3cc(F)ccc32)cc1OC,P00533,
CCN(CC)CCN(C(=O)[C@@H]1COc2ccccc2O1)c1nc2c(F)cc(F)cc2s1,P00533,
CN(C)S(=O)(=O)N1CC[C@](Cc2ccccc2)(C(=O)O)[C@H](O)C1,P00533,
COc1ccc(CNC(=O)[C@H]2CCCN(C(=O)c3cnn(-c4ccc(F)cc4)c3-n3cccc3)C2)cc1,P00533,
O=C(CCNC(=O)c1cccs1)NCc1ccccc1CN1CCCCC1,P00533,
COc1cccc([C@@H]2C[C@@H](c3cccc(OC)c3)n3nc(N)nc3N2)c1,P00533,
COc1ccc(-c2cccc(C(=O)N(C)CCn3cnc4ccccc43)c2)nn1,P00533,
CSCC[C@@H](NC(=O)Nc1ccc(F)cc1F)c1nnc2ccccn12,P00533,
CC[C@@H](Oc1ncn(-c2ccccc2)n1)C(=O)N1CCC(C(=O)NC(C)C)CC1,P00533,
CN1CCC[C@H]1CCNC(=O)Cc1cccc(F)c1,P00533,
Cc1cc(C(=O)NCc2ccc(F)cc2)n(C)n1,P00533,
COc1ccc(OC)c2c1cc1n2C[C@](C)(C(=O)NC2CCCCC2)N(CCC(C)C)C1=O,P00533,
O=C(NCc1ccc2sccc2c1)[C@@H]1COCCO1,P00533,
COc1ccc(-n2cc(-c3ccccc3)nc2NC(=O)CN(C(=O)CC(C)C)C(C)C)cc1OC,P00533,
CCc1ccc(S(=O)(=O)N2CCCCC[C@@H]2c2cccc(F)c2)cc1,P00533,
Cc1ccc2scc(C(=O)NC3CN(c4ccncn4)C3)c2c1,P00533,
C[C@@H]1CCCCN1c1cc(SCC(=O)N2CCN(c3ccc(F)cc3)CC2)ncn1,P00533,
Cc1cc(O[C@H](C)C(=O)N2CCc3ccccc3C2)cc(C)c1Cl,P00533,
COC[C@H]1CCCN1S(=O)(=O)c1ccc2c(c1)CN(C(=O)C1CCCC1)CC2,P00533,
CC(=O)N1CCO[C@@H](c2cncc(CCNC(=O)c3ccno3)n2)C1,P00533,
COc1ccc(-c2nn3c(-c4cccc(C(F)(F)F)c4)nnc3s2)cc1,P00533,
COc1cc(C(=O)N2CCCOc3c(cccc3OC)C2)ccc1OCCN,P00533,
CC(C)Cn1cc(Br)cn1,P00533,
Cc1cc(CN2CCN(C(=O)NCCN3CCC[C@H](C)C3)CC2)no1,P00533,
C[C@H]1CC(=O)Nc2ccccc2N1C(=O)CNc1cccc2ccccc12,P00533,
Cc1nc(N2CCN(S(=O)(=O)c3ccccc3Cl)CC2)cc(-n2cnc(C)c2C)n1,P00533,
N#Cc1ccncc1N1CC[C@@H](COc2cnccn2)C1,P00533,
O=C(Cc1cccnc1)N1CC[C@@H](Oc2ncccn2)C1,P00533,
CC[C@@H](SC1=Nc2ccccc2C2=N[C@@H](CCC(=O)NCc3ccco3)C(=O)N12)C(=O)NC1CCCCC1,P00533,
CCOC(=O)c1cccc(NC(=O)c2ccc(Cn3c(=O)c4cccn4c4cccnc43)o2)c1,P00533,
N#Cc1ccc(N2CCCN(c3ncc(Br)cn3)CC2)nn1,P00533,
CCOCc1ccccc1CN[C@H](C)c1ncc(Cl)n1C,P00533,
O=S(=O)(N[C@@H](c1ccccn1)[C@H]1C[C@H](O)C1)N1CCCCCC1,P00533,
Cc1cnc(C(=O)N[C@H](C)c2ccccc2F)s1,P00533,
COc1cc(CN2C[C@H](C3CC3)[C@@H](N)C2)ccc1F,P00533,
COc1cc2c(cc1OC)[C@@H](c1cccc(OC)c1OC)N(C)CC2,P00533,
COc1ccccc1CNC(=O)CCC(=O)N1C[C@H](C)Oc2ccc(C)cc21,P00533,
CCOC(=O)c1ccccc1NC(=O)CSc1nc2ccccc2n2c(CC)nnc12,P00533,
Cc1cc2ncn(S(=O)(=O)c3ccc(S(=O)(=O)NC4CCCCC4)cc3)c2cc1C,P00533,
CN(Cc1n[nH]c2c1CCCCC2)C(=O)c1ccc(CSc2ccccn2)cc1,P00533,
Nc1c(-c2nc(-c3ccc4c(c3)OCO4)no2)nnn1-c1ccc(Br)cc1,P00533,
CCc1cc(C(=O)N2CCN(C(c3ccccc3)c3ccccc3)CC2)no1,P00533,
CCCN(C)C(=O)C[C@H]1CCCN(c2cnn(C)c(=O)c2)C1,P00533,
CC(C)(C)OC(=O)N1CC[C@@H](O)[C@@](C)(CO)C1,P00533,
CCOC(=O)N1CCC[C@@H](C(=O)N[C@@H](c2nc(C)cs2)C2CC2)C1,P00533,
O=C(COc1ccc(Cl)cc1S(=O)(=O)N1CCOc2ccccc21)N1CCOCC1,P00533,
COc1cccc(CN(C)C(=O)c2cccc(NC(=O)[C@H]3CCCO3)c2)c1OC,P00533,
COc1cccc(-c2cn(CCc3cn(C)nn3)nn2)n1,P00533,
CCOc1ccc(CCNC(=O)CCn2c(=O)c3cccn3c3ccc(F)cc32)cc1,P00533,
Cc1ccc2c(c1)[nH]c1c(N3CCN(Cc4ccccc4)CC3)ncnc12,P00533,
CC(C)(C)OC(=O)Nc1cccc(Br)c1Cl,P00533,
COCc1nc(C(=O)N2CCN(Cc3cc(C)no3)CC2)cs1,P00533,
COc1ccc(NC(=O)Cn2c(=O)[nH]c3ccccc3c2=O)c(OC)c1,P00533,
CC(C)c1ccc(NC(=O)CC2=C3CCCC[C@@H]3N(C)C2=O)cc1,P00533,
COc1ccc(-c2cc(C(=O)N3CC[C@H](CS(N)(=O)=O)C3)[nH]n2)cc1,P00533,
Cc1cc(C)nc(-c2cccc(C(=O)NC[C@H](CO)Cc3ccsc3)c2)c1,P00533,
Cc1cccc(-c2nc3nc(C)cc(N4CCOCC4)n3n2)c1,P00533,
Cc1ccc2cc(S(=O)(=O)N(C)C)ccc2c1,P00533,
CC(C)(NC(=O)c1cncc2ccccc12)c1ccccc1,P00533,
O=C(COC[C@H]1CCCO1)Nc1ccnc2cccnc12,P00533,
Cc1cc(C(=O)O)nn1-c1cccc(F)c1,P00533,
COc1cccc(N2CCC(N[C@@H](c3ncnn3C)C(C)C)CC2)c1,P00533,
CCS(=O)(=O)N1CCc2nc([C@@H]3CCN(C(=O)Cc4cccc(C)c4)C3)nc(O)c2C1,P00533,
COC(=O)c1ccc(C)c(NC(=O)CSCc2ccc(Cl)cc2)c1,P00533,
COc1cc(-c2noc(Cc3nnc(-c4cc(C)cc(C)c4)o3)n2)cc(OC)c1OC,P00533,
O=C(CC1CCN(c2ncnc3ccc(F)cc23)CC1)N1CCSCC1,P00533,
CNC(=O)c1ccc(CN(C)C(=O)CCc2nc(-c3cccs3)no2)cc1,P00533,
CCCN1CCN(S(=O)(=O)c2ccc3c(c2)oc(=O)n3Cc2noc(CC)n2)CC1,P00533,
COc1ccc2cc(C(=O)NC[C@@H]3COc4ccccc4O3)oc2c1,P00533,
CCN1C(SCC(=O)NCc2ccc(F)cc2)=NS(=O)(=O)c2ccccc21,P00533,
Cc1nc(-c2cccc(Cl)c2)[nH]c(=O)c1CCO,P00533,
CN(Cc1csc(-c2cccs2)n1)C(=O)CCc1nc(Cl)n[nH]1,P00533,
O=C(Nc1ccc(Cl)c(S(=O)(=O)N2CCOCC2)c1)c1ccc(-c2ccccc2)cc1,P00533,
CC(C)(C)[C@@]1(CNC(=O)c2cc3c(F)ccc(F)c3[nH]2)CCNC1,P00533,
CCOc1ccc(CN2CCN(Cc3cccc(F)c3)CC2)cc1,P00533,
Cc1nc(CNc2nc(Cl)nc3nc[nH]c23)sc1C,P00533,
CCc1ccccc1NC(=O)COc1cc(-n2cccn2)nc(C)n1,P00533,
Cn1ncc(N2CCC(OC[C@@H]3CCCCO3)CC2)c(Cl)c1=O,P00533,
O=C(N[C@H](CO)Cc1ccccc1)N[C@H]1CCOC2(CCCCC2)C1,P00533,
Cn1c(CNC(=O)c2ccc(-c3ccc(F)cc3)cc2F)nc2ccccc21,P00533,
O=C(O)[C@@H](O)c1ccccc1C(F)(F)F,P00533,
O=C(NCc1ccc2c(c1)OCO2)[C@H]1Cc2ccccc2S1,P00533,
O=C(c1ccc2c(c1)[nH]c(=O)n2C1CC1)N1CC[C@@](O)(C(F)F)C1,P00533,
O=C(NCC1CCSCC1)[C@@H]1CN(Cc2ccccc2)CCO1,P00533,
CC(=O)c1c(N=c2oc3ccccc3cc2C(N)=O)oc(C)cc1=O,P00533,
O=C1CCCCN1CCNC(=O)N1CCC[C@H]1c1nc2ccccc2[nH]1,P00533,
CN(Cc1ccncc1)C(=O)[C@@H]1CCCN1C(=O)Cc1ccccc1,P00533,
CCN1CCC[C@H](NC(=O)NC[C@H]2CCN(c3ccccc3)C2)C1,P00533,
CN(C)c1ccc(-c2nn3c([C@H]4CCCN(S(C)(=O)=O)C4)nnc3s2)cc1,P00533,
Cn1nc(C2CCN(C(=O)[C@@H]3OCCc4ccccc43)CC2)c2nccnc21,P00533,
COc1ccc2c(ccn2CCNC(=O)CCn2nnc3ccccc3c2=O)c1,P00533,
Cn1cc(CCNC(=O)N2CCOCC2)cn1,P00533,
Cc1nccn1C[C@H](C)CNc1ccc(S(C)(=O)=O)cc1S(C)(=O)=O,P00533,
O=C1C[C@H](C(=O)Nc2cccc(F)c2)c2c(nc(N3CCc4ccccc4C3)[nH]c2=O)N1,P00533,
CN(CCc1noc(-c2ccc(Cl)cc2)n1)C(=O)Nc1ccccc1F,P00533,
C[C@H](C(=O)N(C)[C@H]1C[C@@H](C(=O)O)C1)n1cccn1,P00533,
COC(=O)C(C)(C)CNC(=O)N1CCC2(CC1)C[C@@H]2C(=O)N1CCCC1,P00533,
COc1ccc(-c2noc(CN(C(C)C)S(=O)(=O)c3ccc(C)cc3)n2)cc1,P00533,
Cc1ccc2nc(Nc3nc(-c4cnc(N5CCCC5)nc4C)cc(=O)[nH]3)nc(C)c2c1,P00533,
Cc1ccc(-c2csc3c(=O)[nH]c(N4CCC[C@H](C(=O)NCc5cccs5)C4)nc23)cc1,P00533,
Cc1cc(NC(=O)c2cncc(Br)c2)c2cc(F)cc(F)c2n1,P00533,
Cc1nc(CN2CC[C@]3(C2)CN(C(=O)c2csnn2)CCC3(F)F)cs1,P00533,
COc1cc(NC(=O)[C@@H]2CCCc3ccccc32)cc(OC)c1OC,P00533,
CS(=O)(=O)C1(CNC(=O)c2cccc3oc(=O)[nH]c23)CCCC1,P00533,
Cc1cccc(N([C@@H](C)C(=O)N2CCOCC2)S(C)(=O)=O)c1,P00533,
CCc1nn2c(=O)cc(COc3cccc(C)c3C)nc2s1,P00533,
Cc1ccccc1Cn1cc(C(=O)N[C@@H](C)Cc2cccnc2)nn1,P00533,
C[C@@H]1NCCn2c(C(=O)NC[C@@H](N)c3ccc(Cl)c(C(F)(F)F)c3)ccc21,P00533,
Cc1ccc(CN[C@H](c2ccc(F)cc2)c2nccn2C)cc1C,P00533,
CCn1nc(C(=O)O[C@@H]2CCOC2=O)c2ccccc2c1=O,P00533,
Cc1nn(C(F)F)c(C)c1CC(=O)NCCC1CCN(C)CC1,P00533,
CCOC(=O)c1cc(C(F)(F)F)cc(Cl)c1F,P00533,
COc1ccc(OC)c(Nc2nc(Nc3cc(OC)ccc3OC)nc(N3CCCCCC3)n2)c1,P00533,
CC(=O)N1CCc2cc([C@@H](O)CN3CCCC[C@H]3C)ccc21,P00533,
C[C@H]1CN(C2CCN(c3n[nH]c(N)n3)CC2)[C@H](Cc2ccc(Cl)cc2)CO1,P00533,
O=C(NCc1ccccc1Cl)c1cncnc1C(F)(F)F,P00533,
COC(=O)c1ccc(OC)c(Cn2c3ccc(F)cc3c3nc4n(c(=O)c32)CCCS4)c1,P00533,
CNC(=O)Cc1ccccc1NC(=O)N[C@@H]1CCCC[C@H]1C,P00533,
Cc1ccc(-c2noc(CCCC(=O)N3CC4(C[C@H](N5CCCCC5)CO4)C3)n2)cc1,P00533,
N#CC1(c2cccc(Br)c2)CC1,P00533,
CC[C@H](C)c1ccc(N2C[C@H](C(=O)Nc3ccc(OC)cc3)CC2=O)cc1,P00533,
CC(C)N(C)C[C@@H]1CC[C@@]2(COCCN(C(=O)CC3(O)CCC3)C2)O1,P00533,
CC(=O)NCc1ccc(S(=O)(=O)N2CCOC[C@H]2c2cccc(F)c2)cc1,P00533,
Cc1nccn1CCNC(=O)c1ccnc(OCC2CCOCC2)c1,P00533,
CO[C@@H]1C[C@H]2CN(C(=O)c3cc(NC(C)=O)ccc3Cl)C[C@H]2C[C@H]1N(C)C,P00533,
O=S(=O)(NC1CCN(Cc2ccc(Br)cc2)CC1)C1CC1,P00533,
Cc1ccc(NC(=O)Cn2cc(C#N)c3ccccc32)c(C)c1,P00533,
Cc1ccc(NC(=O)CSc2nc(C)c(C)o2)cc1F,P00533,
Cc1cc2oc(C(=O)Nc3ccc(S(=O)(=O)N4CCC[C@@H](C)C4)cc3)cc(=O)c2cc1C,P00533,
COc1ccc(NC(=O)c2cccc(N3CCN[C@@H](c4ccccc4)C3)n2)cc1OC,P00533,
CO[C@H]1C[C@@H](C(N)=O)N(c2cccc(F)c2C#N)C1,P00533,
COc1c[nH]c(C(=O)Nc2cccc(-n3nnnc3C)c2)cc1=O,P00533,
Cc1oc(C(C)C)cc1C(=O)N1C[C@@H](O)C[C@H]1c1cc(F)ccc1F,P00533,
CC[C@@H](c1nnnn1Cc1ccc(OC)cc1)N1CCN(C(=O)c2ccco2)CC1,P00533,
Cc1c(Cl)cccc1S(=O)(=O)N1CCN(C2CCCC2)CC1,P00533,
CN1CCc2ccc(C(=O)N3CCN(c4ccc(Cl)cn4)CC3)nc21,P00533,
Cn1c(Cl)cnc1CN1CCCN(c2ncccc2C#N)CC1,P00533,
C[C@@H]1CCc2nc(NC(=O)c3cc(O)nc4ccccc34)sc2C1,P00533,
COCCN(C)CCN1C[C@H](NC(=O)c2ccc(OC)c3ccccc23)CC1=O,P00533,
COC(=O)CCCn1cc(COc2ncccn2)nn1,P00533,
CC[C@@H](C)[C@H](NC(=O)c1ccccc1-n1cnnn1)C(=O)OC,P00533,
O=C(c1cccc2[nH]ccc12)N1CCN(c2ccccc2)CC1,P00533,
CCS(=O)(=O)N1CCC2(CC1)CN(Cc1ccccn1)C(=O)CO2,P00533,
CN1CCN(C(=O)CCc2nnc3c4cc(-c5ccc(Cl)cc5)nn4ccn23)CC1,P00533,
Cc1cc(C[C@@H]2CN(C(=O)c3cnc(Nc4ccccc4)nc3)C[C@@H]2O)on1,P00533,
CCCc1oc(C(=O)N2CCN(C)C[C@@H]2c2ccccc2)cc1CN1CCOCC1,P00533,
Cc1ncsc1C(=O)NCC[C@@H]1CCCOC1,P00533,
O=C(C1CCCC1)N1CCN(c2ncnc3c2nnn3-c2ccccc2)CC1,P00533,
Clc1cnccc1N1CCN(c2cc(C3CC3)n[nH]2)CC1,P00533,
Cn1cc([C@@H]2CCN(C(=O)Nc3cnn(C[C@@H]4CCCO4)c3)C2)cn1,P00533,
CC(C)(C)OC(=O)N1C[C@H](CC(=O)O)OC2(CCC2)C1,P00533,
Cc1cccc(-c2nnc(SCc3noc(CCC(=O)Nc4cc(C)ccc4C)n3)[nH]2)c1,P00533,
O=C(O)c1ccc(CNC(=O)[C@H](Cc2ccccc2)C(F)(F)F)o1,P00533,
Cc1ccc(OC[C@@]2(O)CCCN(CC(=O)NC(C)(C)Cc3ccccc3)CC2)cc1,P00533,
O=C(CN1CCN(c2ccc(F)cc2)CC1)Nc1ccc(S(=O)(=O)N2CCOCC2)cc1,P00533,
CCN1CCCN(CC(=O)NCc2cccc(C)c2)[C@@H](C)C1,P00533,
Cc1ccn2c(F)c(C(=O)Nc3ccc(NC(=O)CN(C)C)cc3)nc2c1,P00533,
Cc1ccc(S(=O)(=O)N2CCC[C@H]2c2nc(-c3ccc(Br)o3)no2)cc1,P00533,
C[C@@H](NC(=O)CSc1nnc(COc2ccccc2Cl)o1)c1ccccc1,P00533,
Cc1ccc(-c2nc(C3CCN(S(=O)(=O)c4cc(F)cc(F)c4)CC3)no2)cc1,P00533,
CC(=O)Nc1ccc(-c2cnc3[nH]cc(C(C)=O)c3c2)cn1,P00533,
Cc1cc(C)c2c(c1)[C@@H](N(C)C(=O)c1ccn3nccc3n1)CCO2,P00533,
O=C(NS(=O)(=O)c1cccc(Br)c1)c1ccc(Cn2cccn2)cc1,P00533,
COc1ccc(-c2noc(C(=O)NCc3ccc(Br)o3)n2)cc1OC,P00533,
C[C@](C#N)(NC(=O)CNc1ccc2c(c1)C(=O)CCC2)C1CC1,P00533,
Cc1cc2c(cc1CN1CCC[C@@]13CCCN(C(C)C)C3=O)OCCO2,P00533,
CCCCn1c(=O)c2c(nc(Br)n2[C@@H](C)C(C)=O)n(C)c1=O,P00533,
COc1ccc(S(=O)(=O)NCc2ccccc2C)cc1C,P00533,
COc1ccc(NC(=O)CCCn2cnc3ccccc3c2=O)cc1C(=O)N(C)C,P00533,
Cc1cc(O)c(-c2n[nH]c3c2[C@@H](c2ccc(Cl)cc2)N(CCCO)C3=O)cc1Cl,P00533,
N#Cc1ccc(-c2ccc(Cl)cc2)n(Cc2cccc(Cl)c2)c1=O,P00533,
Cc1cc(CN2CCN(c3nccc(-c4ccccc4)n3)CC2)on1,P00533,
CCc1n[nH]c(C(=O)N2CC[C@@H](O)[C@@H]3[C@@H](C2)N(C)C[C@H]3c2ccccc2)c1C,P00533,
Cc1ccccc1NS(=O)(=O)c1ccc(-c2ccno2)s1,P00533,
Cc1cnc(C(=O)N2CCC[C@]2(C)c2nc(C)cc(O)n2)cn1,P00533,
NC(=O)c1cccc(OCC(=O)N2CCC3(CCNCC3)C2)c1,P00533,
Nc1nccnc1C(=O)Nc1ccc2c(c1)OCCO2,P00533,
c1cncc(CN2CCn3c(CN4CCOCC4)nnc3C2)c1,P00533,
Cc1cccc(CO[C@@H]2CCOC3(C2)CN(C(=O)C2(F)CCC2)C3)n1,P00533,
O=c1cc([C@@H]2CCN(c3ncnc4c3ncn4-c3ccccc3)C2)[nH]c(=O)[nH]1,P00533,
CC(C)NC(=O)Cn1c2ccc(F)cc2c2nc3n(c(=O)c21)CCS3,P00533,
C[C@@H](Oc1ccccc1F)C(=O)N[C@]12CC[C@](C(=O)O)(CC1)CC2,P00533,
COc1ccc2[nH]c3c(c2c1)CCN[C@@]31C(=O)N(CC(C)C)c2ccccc21,P00533,
CC(C)N1C(=O)[C@@H](Cc2nc3ccccc3c(=O)n2C)c2ccccc21,P00533,
Cc1nc(N2CCC(C)CC2)ncc1-c1cc(=O)[nH]c(N2CCC(C(N)=O)CC2)n1,P00533,
COc1ccc(C[C@H]2CCN(C(=O)Cc3ccc(C(F)(F)F)cc3)C2)cc1OC,P00533,
Cc1nn(C)c2c(=O)n(C)c(N3CCN(C(=O)C4CCC4)CC3)nc12,P00533,
CC(C)(C)OC(=O)N1CCc2ncnc(Cl)c2C1,P00533,
Cc1cc(N2CCC[C@@](O)(c3c[nH]nn3)C2)nc(C)n1,P00533,
COc1cccc(CN2CC[C@@H](O)[C@](Cc3ccc(F)cc3)(C(=O)O)C2)n1,P00533,
CC[C@@H](C)n1ncc(C(=O)Nc2ccc(C)nc2O)c1C,P00533,
O=C(Nc1cc(F)ccc1F)c1ccc(Br)cc1F,P00533,
Cc1cc(CNC(=O)c2cnc3c(c2)ncn3C2CCCC2)on1,P00533,
CCc1nc([C@H]2OCC(=O)N(C3CC3)[C@@H]2c2ccc(OC)cc2)n(CC)n1,P00533,
CN(C)C(=O)CSc1nnc(NC2CC2)s1,P00533,
Cc1noc(-c2cccn2Cc2cccc(Cl)c2)n1,P00533,
Cn1cc(C(=O)N[C@H]2CCCc3occc32)c([C@H]2CCOC2)n1,P00533,
NC(=O)c1ccccc1NCC(=O)Nc1ccc(N2CCCC2=O)cc1,P00533,
O=C1COc2cc(C(=O)N3CCOc4ccccc4C3)ccc2N1,P00533,
CC[C@@H](CNc1cc(-c2ccccc2)nc2ccnn12)N(C)CC,P00533,
CN1C[C@@H]2COCCN2C2(C1)CN(C(=O)Nc1ccc(F)cc1)C2,P00533,
CCO[C@@H]1C[C@H](N(C)C(=O)c2cc(-c3ccco3)[nH]n2)C12CCC2,P00533,
CCOC(=O)c1ccc(NC(=O)[C@@H]2CCCO2)cc1,P00533,
CCC[C@H](C)c1nnc(NC(=O)[C@@H](CC)c2ccccc2)s1,P00533,
O=C(Nc1ccc([C@@H](O)[C@H]2COCC(=O)N2Cc2ccccc2)cc1)C1CCCCC1,P00533,
CCOc1ncccc1C(=O)NCc1nccc2ccccc12,P00533,
COc1ccc(-c2nc(CSCC(=O)N[C@@H](C)c3ccccc3)c(C)o2)cc1OC,P00533,
Cc1ccccc1[C@@H](C)NC(=O)Cn1cc(Br)c(=O)[nH]c1=O,P00533,
CCS(=O)(=O)N1CCCN(C2=NS(=O)(=O)C(c3ccc(F)cc3)=C2C)CC1,P00533,
COc1ccc([C@@H](C)CN[C@@H](C)c2ccccc2)cc1OC,P00533,
Cc1ccc(C2=NO[C@@H](CNC(=O)[C@@H]3CCc4cn[nH]c4C3)C2)cc1,P00533,
Cc1ccc(NC(=O)CNC(=O)c2ccccc2Cl)c(C)c1,P00533,
O[C@]1(COc2cccc(F)c2)CCNC1,P00533,
COc1ccc(CCNC(=O)[C@@H](NC(=O)c2ccccc2Br)C(C)C)cc1OC,P00533,
Cc1cc(F)c2ncc(C(=O)N[C@@H]3CCC[C@H]3C(=O)O)cc2c1,P00533,
COc1ccccc1Cc1noc(-c2ccc(OC)c(OC)c2)n1,P00533,
N#Cc1cccc(-c2ccc3cnccc3c2)c1,P00533,
Cc1ccn2c(NC(=O)C3CCCC3)c(-c3ccc(F)cc3)nc2c1,P00533,
CCC[C@]1(CO)CCCN(CCCn2nnnc2C)C1,P00533,
COC[C@@]12COC[C@@H]1CN(c1noc(-c3ccccc3)n1)C2,P00533,
O=C(Cn1nc(C2CC2)ccc1=O)N1CCSCC1,P00533,
Cc1cccc(-n2c(=O)c3c(c4cc(C)ccc4n3C)n(CC(=O)Nc3c(C)cc(C)cc3C)c2=O)c1,P00533,
O=C(N[C@@H](C(=O)NCc1ccccc1N1CCCC1)[C@@H]1CCc2ccccc21)c1cncs1,P00533,
O=C(CCc1c[nH]c2ccccc12)NC[C@@H]1Cc2ccccc2O1,P00533,
COc1ccc(-c2cc(N)ncn2)cc1C,P00533,
COc1ccc(CN2CCN3CCN(C)C[C@H]3C2)c(OC)c1,P00533,
O=C(NCc1ccc(C(F)(F)F)cc1)c1c(F)cccc1Cl,P00533,
CCc1noc([C@@H]2CC[C@@H](Nc3nccc4occc34)C2)n1,P00533,
CN1CC[C@@H](NC(=O)Cn2cnc3sccc3c2=O)CC1=O,P00533,
c1cc(CN2CCCCCC2)cc(OCC[C@H]2CCCCN2)c1,P00533,
O=C(Nc1ccc2nc(-c3ccccn3)oc2c1)c1ccc2cc(-c3nn[nH]n3)ccc2c1,P00533,
CCOC(=O)c1c(C)[nH]c(C(=O)[C@H](C)OC(=O)c2ccccn2)c1C,P00533,
Nc1c(C(=O)NCc2ccccc2)nsc1C(=O)NCc1ccccc1C(F)(F)F,P00533,
CC(=O)NC(C)(C)C[C@@H](C)NCCn1ccnn1,P00533,
C[C@@H]1C[C@@H](C)CN(S(=O)(=O)c2ccc(C(=O)NCc3ccccc3F)cc2)C1,P00533,
Cc1nncn1CCN1CCCN(C(=O)c2ccc(Cl)cn2)CC1,P00533,
C[C@H](NC(=O)[C@@H]1CCCCO1)c1ccc(-n2ccnc2)cc1,P00533,
COc1ccc(C(=O)N2CCN(c3nc(C)cc(N4CCOCC4)n3)CC2)c(OC)c1,P00533,
Cc1cccc([C@@H](NC(=O)c2nccn2C)C2CC2)n1,P00533,
NC[C@@H]1CCCN(C(=O)c2nn(-c3cccc(Cl)c3F)c3c2CCC3)C1,P00533,
CC(C)Cc1cc(N[C@@H](CO)C[C@@H](O)c2ccccc2)nc(N)n1,P00533,
Cc1cccc(CN2CCC(CNC(=O)Nc3cn(C)c(=O)c4ccccc34)CC2)c1,P00533,
CC(C)C[C@@H](C(=O)NCCc1ccc(O)cc1)n1cccc1,P00533,
O=C(Cc1cccc(C(F)(F)F)c1)NCCn1cc(Cl)cn1,P00533,
COc1ccc(CNC(=O)Cn2cnc3nc4c(cc3c2=O)C[C@@H](C)CC4)cc1OC,P00533,
CCCNC(=O)N1CCc2cc(OC)c(OC)cc2[C@@H]1CNC(=O)c1ccccc1C,P00533,
FC(F)(F)c1ncnc(OC2CCNCC2)c1Cl,P00533,
O=C(Cc1csc(SCC(=O)Nc2ccc(F)cc2)n1)NCc1ccccn1,P00533,
C[C@H](NC(=O)c1cc(COc2cccc(F)c2)[nH]n1)C(N)=O,P00533,
COC(=O)c1ccc(N2CCN(C(=O)c3ccccc3)CC2)c(NC(=O)COc2ccc(C)cc2)c1,P00533,
O=C(Nc1c(-c2ccc(Cl)cc2)n[nH]c1C1CC1)c1ccccc1F,P00533,
Clc1cccc(N2CCN([C@H]3CCCN(Cc4cc[nH]n4)C3)CC2)c1,P00533,
COc1cccc(CNC(=O)c2nc[nH]c2C(=O)NC(C)C)c1OC,P00533,
COc1ccccc1NC(=O)CSc1nnc(-c2ccccn2)o1,P00533,
COc1cncc(Br)c1CCC(=O)O,P00533,
COC(C)(C)C(=O)NCC[C@@H]1CCN(Cc2ccccc2)C1,P00533,
CCN(Cc1cc(=O)[nH]c2ccccc12)C(=O)Nc1ccc(F)c(Cl)c1,P00533,
CCn1c(SCC(=O)Nc2cc(OC)cc(OC)c2)nnc1-c1ccc(C)cc1,P00533,
O=C(O)COc1ccc(S(=O)(=O)N[C@@H]2c3ccccc3[C@H]3C[C@@H]2C3)cc1,P00533,
Cc1noc(C)c1S(=O)(=O)N1CC2(CC(=O)N(CC3CC3)O2)C1,P00533,
CN(Cc1nc2ccc(F)cc2[nH]1)c1nc2c(c(=O)[nH]c(=O)n2C)n1C,P00533,
CCCN1C(=O)/C(=c2\sc3nc(-c4cccc(Cl)c4)nn3c2=O)c2cc(Br)ccc21,P00533,
CC[C@@H](C(=O)Nc1ccccc1)N1CCN(S(=O)(=O)c2ccc3c(c2)CCC3)CC1,P00533,
Oc1cccc([C@H](O)CNC2CCN(Cc3ccco3)CC2)c1,P00533,
COc1cc(CN(C)C[C@@H]2C[C@H](OC)CN2C)cc2c1OCCO2,P00533,
C[C@]1(NC(=O)c2cccc(F)c2)CCOC2(CCN(Cc3cn[nH]c3)CC2)[C@@H]1O,P00533,
C[C@@]1(CO)CN(C(=O)c2ccc(Cl)cc2)C[C@@H]2CN(Cc3cccnc3)CCN21,P00533,
CCc1c(C(=O)N[C@H]2CN(CCC(N)=O)C[C@@H]2C(C)C)csc1C,P00533,
CN(C)C(=O)[C@@H]1CCCCN1S(=O)(=O)c1cn[nH]c1,P00533,
Cc1nonc1CN(C)C(=O)c1cnc(N2CCC[C@@H](C)C2)nc1,P00533,
COc1cc(-c2ccc3c(c2)CCC3=O)ccc1NC(C)=O,P00533,
O=S(=O)(C1CC1)N1CC[C@H](Oc2cccnn2)C1,P00533,
Cc1nc([C@H]2CCN(C(=O)C3CCCC3)C2)nc(C)c1CC(=O)NC1CCCCC1,P00533,
COC(=O)c1cc(S(=O)(=O)Nc2ccc(F)c(F)c2)cn1C,P00533,
Cc1nn(CCC(=O)NCc2ccccc2)c(C)c1S(=O)(=O)N1CCCCC1,P00533,
N#Cc1c(N2CCN(C(=O)CNC[C@H]3CCCO3)CC2)nc(-c2ccccc2)c2c1CCC2,P00533,
CC(C)(C)OC(=O)N1CC[C@@H]([C@H](N)C(=O)O)C1,P00533,
COc1cc(C(=O)Nc2nc3ccccc3s2)ncn1,P00533,
COc1cncc2c1CCCN2C(=O)OC(C)(C)C,P00533,
CC[C@@H](NC(=O)CCCN1CCOCC1)c1cnn(C)c1,P00533,
CC[C@@H](C)c1nc(N2CCN(C(=O)C(C)C)CC2)c2c3c(sc2n1)CCCC3,P00533,
CCN1C(=O)[C@]2(CC[C@@H]3CN(Cc4ccc(OC)cc4)C[C@@H]32)N=C1C,P00533,
Cc1ccccc1NS(=O)(=O)c1ccc(C)c(C(=O)NCc2ccccc2F)c1,P00533,
CSCC[C@H](NC(=O)c1oc(C)nc1C)c1nc2ccccc2[nH]1,P00533,
COc1ccc(-c2cnc(N)nc2[C@H]2CCCN(C(=O)CN3CCOCC3)C2)cc1,P00533,
CC(C)(C)[C@H](CO)NC(=O)c1cnccn1,P00533,
Nc1nc(N2CCCCC2)nc2c1[C@H](C(=O)Nc1ccc(Cl)cc1)CC(O)=N2,P00533,
COc1ccc(NC(=O)c2cc(=O)c(OC)c[nH]2)cc1,P00533,
CN1CCN(c2ncnc3c2c(-c2ccccc2)cn3-c2cccc(Cl)c2)CC1,P00533,
CCc1cc(N2CCN(c3nc(C)cnc3C)CC2)nc(N2CCOCC2)n1,P00533,
CC[C@H](C)[C@H](NCc1nccn1C)c1ccc(Cl)cc1,P00533,
Cc1ccc(OC[C@]2(O)CCCN(CC(=O)NCc3cccc(F)c3)CC2)c(C)c1,P00533,
CC(C)CCn1c(SCC(=O)c2ccccc2)nc2cc(C(=O)NCc3ccco3)ccc2c1=O,P00533,
O=C(NC[C@@H](c1ccsc1)N1CCC1)Nc1c(F)cccc1F,P00533,
CCc1nc(CSc2nnc(-c3cccs3)n2CC(N)=O)cs1,P00533,
O=C(O)c1cccc(CNS(=O)(=O)CC23CCC(CC2)C3)c1,P00533,
Cc1ccc(C(=O)N2C[C@@H]3COC[C@]3(COCc3cccnc3)C2)cn1,P00533,
COc1ccc(Cc2nnc(S[C@H]3Cc4cc(OC)c(OC)cc4C3=O)o2)cc1,P00533,
CC(C)[C@H](O)[C@H](N)c1ccc(O)cc1F,P00533,
CCC[C@H](C)NC(=O)c1ccc(CN(c2ccccc2)S(C)(=O)=O)cc1,P00533,
CCOc1cc([C@H](CS(C)(=O)=O)NC(=O)c2cc(Br)ccc2F)ccc1OC,P00533,
CCN(CC)CC(=O)N1CCN(CC)[C@@H](c2ncc[nH]2)C1,P00533,
O=C(CN1CCN(Cc2cccc(C(F)(F)F)c2)CC1)Nc1ccccc1C(=O)NC1CC1,P00533,
CCO[C@@H](C)n1cc(-c2cc(OC)ccc2OC(F)(F)F)cn1,P00533,
CCc1nnc(NC(=O)CSc2nnc3c(n2)[nH]c2ccc(C)cc23)s1,P00533,
COc1ccc(-c2cc3c4nnc(SCC(=O)Nc5ccc(F)cc5Cl)n4ccn3n2)cc1,P00533,
COc1cc(C(=O)N2CC(=O)N(c3ccc(C)cc3)C[C@@H]2C)ccc1O,P00533,
Cc1ccc(N2CCC[C@H](c3nccn3Cc3cscn3)C2)nc1,P00533,
CC(C)(C)NS(=O)(=O)c1cccc2cccnc12,P00533,
COC(=O)c1cn(CC(=O)NC2CCCCC2)c2nc(C)ccc2c1=O,P00533,
COC(=O)c1ccc(C)c(NC(=O)NCCN2CCCC2)c1,P00533,
COc1ccc([C@@H]2CCCN2C(=O)CNS(=O)(=O)/C=C\c2ccc(C)cc2)cc1OC,P00533,
Cc1ccc(NC(=O)N[C@H]2CC(=O)N(Cc3ccc(F)cc3)C2)cc1C,P00533,
N=c1c2c(n(Cc3ccccc3)c3c1CCC3)CCC2,P00533,
COc1cc2ccccc2cc1C(=O)NC[C@H]1CCCO1,P00533,
O=C1N(Cc2cccnc2)c2ccccc2C12CCN(c1nccs1)CC2,P00533,
CCOc1ccc(-c2noc(CNC(=O)NC[C@@H]3CCCO3)n2)cn1,P00533,
CC1=NN(c2nc3ccccc3[nH]2)C(=O)[C@@H]1Cc1ccccc1,P00533,
C[C@@H](CNS(C)(=O)=O)N1CCc2sccc2C1,P00533,
COc1ccccc1CNC(=O)c1cc(F)cc(Cl)c1C,P00533,
O=C(c1cccs1)N1CC(N2CC(F)(F)C[C@H]2COCc2ccccc2)C1,P00533,
Cc1cc(C)c2oc3c(c(=O)c2c1)[C@H](c1cccc(O)c1)N(Cc1ccccc1)C3=O,P00533,
CS(=O)(=O)N1CCC[C@@H]1CN[C@@H]1CCCOc2ccc(F)cc21,P00533,
C[C@H](Nc1ccc(Br)cc1)c1nnc2n1CCCCC2,P00533,
C[C@H]1CCc2nc(NC(=O)[C@@H]3CCCN3S(=O)(=O)c3ccccc3)sc2C1,P00533,
CCOc1ccccc1NC(=O)N1CCC[C@@H]1c1c(C)noc1C,P00533,
CCCn1c(Cn2nnc(-c3ccc(F)cc3)n2)nc2cc(S(=O)(=O)N3CCOCC3)ccc21,P00533,
O=C(O)[C@H]1CCc2cc(OCCn3ccnc3)ccc21,P00533,
CCc1ccccc1NC(=O)NC(Cc1ccc2c(c1)OCO2)Cc1ccc2c(c1)OCO2,P00533,
Cc1nsc(N2CCCN(C(=O)c3cnn(C)c3)CC2)n1,P00533,
Cc1ccc(C(=O)NC[C@H]2[C@H]3C[C@H](CN(C(=O)CO)C3)c3cccc(=O)n32)cc1,P00533,
CCOc1ncccc1C(=O)N[C@H]1CCCc2occc21,P00533,
O=C1N(c2cccc(F)c2)c2ncccc2S(=O)(=O)N1Cc1cccc(F)c1,P00533,
Cn1c(-c2ccccc2)nn(CCNC(=O)c2cc3ccccc3o2)c1=O,P00533,
CCOc1cc(S(=O)(=O)N[C@@H]2CCCN(C(=O)C(C)C)C2)ccc1Cl,P00533,
O[C@H]1CN(Cc2cccc3c2sc2ccccc23)C[C@@H]1N1CCOCC1,P00533,
O=C(Nc1ccc(F)cc1OCc1ccccc1)C1CCS(=O)(=O)CC1,P00533,
N#Cc1cccc(-c2cn(CCc3csc(-c4cnccn4)n3)nn2)c1,P00533,
COC[C@H](C)NC(=O)C1CCN(Cc2c[nH]nc2-c2ccc(F)cc2)CC1,P00533,
Cc1ccc(C(=O)N(C)C[C@H]2CCCO2)cc1NC(=O)c1oc2ccccc2c1C,P00533,
COc1ccc(OC)c(CCNC(=O)c2c(N3CCCC3=O)c3cc(F)ccc3n2C)c1,P00533,
CCN(CC(F)(F)F)C(=O)[C@H]1CCC(=O)N(c2ccc(OC)cc2)[C@@H]1c1ccc(OC)cc1,P00533,
CC(C)(C)c1cncc(CNc2cnccn2)c1,P00533,
COc1ccc2cc(C#N)c(SCC(=O)Nc3cccc(C)c3)nc2c1,P00533,
Cc1ccccc1-c1noc(CN(C)C(=O)Nc2ccc(Cl)cc2)n1,P00533,
Cc1cncc(C(=O)N2CC[C@@H](c3ccc4ccccc4c3)[C@H](O)C2)c1,P00533,
CC(C)(C)SC[C@@H]1CCCCN1C(=O)c1cccc(Br)c1,P00533,
O=C(CCc1ncc(-c2ccccc2F)o1)NCc1ccc(C(=O)N2CCCC2)cc1,P00533,
COc1ccc(OC)c2sc(NC(=O)c3ccc(S(=O)(=O)N(C)C)cc3)nc12,P00533,
Cc1nn(C)cc1C(=O)N1CCC[C@H]1c1ccc(Br)cc1,P00533,
COc1cccc(CN2CCC[C@]3(CCN(C(=O)[C@H]4CCCO4)C3)C2)c1,P00533,
COc1ccccc1N1CCN(CCNC(=O)CCc2ccccc2)CC1,P00533,
COc1ccc([C@H](CNC(=O)c2cc3cc(F)ccc3[nH]2)N2CCOCC2)cc1,P00533,
COc1cccc(Cn2nccc2NC(=O)CSCc2ccccc2)c1OC,P00533,
Cc1noc(C(C)C)c1C(=O)NC[C@@H](c1cccs1)N1CCC(C)CC1,P00533,
Cc1cncc(C(=O)NC(c2ccccc2)c2ccccc2)n1,P00533,
Cc1cncc(C(=O)N2CCC[C@]3(C2)CN(c2ccccc2)C(=O)CO3)c1,P00533,
CC(=O)c1ccccc1NS(=O)(=O)c1ccc(-n2ncc(Cl)c(Cl)c2=O)cc1,P00533,
Cc1c(C(=O)OCc2ccccc2Cl)sc2ncn(C)c(=O)c12,P00533,
C[C@H](C(=O)N(C)C)N(c1ccc(F)cc1)S(C)(=O)=O,P00533,
COC(=O)C[C@H]1CN(Cc2ccccc2C#N)c2ccccc21,P00533,
COc1cc(C(=O)Nc2cccc(Cl)c2)ccc1OC(F)F,P00533,
CC(C)(O)CCc1ccc(C(=O)N[C@@H]2CCNC2=O)cc1,P00533,
O=C(NCc1ccc2ncccc2c1)N1CC[C@](F)(CO)C1,P00533,
Cc1oc2c(c1C(=O)N[C@H](CC(C)C)c1cccnc1)C(=O)CCC2,P00533,
O=c1cc(CN2CCCCC2)oc(CN2CCN(CC=Cc3ccccc3)CC2)c1O,P00533,
CC(=O)N1CCN(C)C[C@@H]1C(=O)N1CCC(c2noc(C)n2)CC1,P00533,
N#CCn1cc(-c2cccc(OC(F)(F)F)c2)cn1,P00533,
COc1ccc(Cn2cnc3c2c(=O)n(C2CCCCC2)c(=O)n3-c2ccc(F)c(F)c2)cc1,P00533,
COc1ccc2occ(Br)c2c1,P00533,
CC(C)c1nc(CN(C)C(=O)CCN(C)[C@@H]2CCS(=O)(=O)C2)no1,P00533,
C[C@H](Oc1ccccc1)C(=O)Nc1cccc(F)c1F,P00533,
COc1cc([C@@H]2CC(O)=Nc3c(-c4ccccc4)nsc32)ccc1OCC(N)=O,P00533,
Cc1cccc(OCCC(=O)OCC(=O)NC(=O)NC2CCCCC2)c1,P00533,
CCOc1ccc(CNC(=O)[C@@H]2COc3ccccc3O2)cc1OCC,P00533,
COC(=O)c1cc(OC)c(OC)c(OC)c1NS(=O)(=O)c1cc(OC)ccc1OC,P00533,
C[C@H]1C[C@H](C)CN(S(=O)(=O)c2ccc(C(=O)Nc3ccc(F)cc3F)cc2)C1,P00533,
Cc1csc(CCNC(=O)N(Cc2ccccn2)C[C@H]2CCCO2)n1,P00533,
Cc1ccc([C@H](C)C(=O)NC2CCN(Cc3ccc(Cl)cc3)CC2)s1,P00533,
C[C@H]1Cc2cc(F)ccc2[C@H](C)N1C(=O)c1c[nH]c(=O)c(Br)c1,P00533,
CSc1cccc2sc(N3CC(C(=O)O)C3)nc12,P00533,
OC[C@@H]1CN(Cc2ccccc2)CC[C@H]1F,P00533,
CCCNC(=O)c1nnn(-c2ccccc2Cl)c1-c1cccnc1,P00533,
Cc1c([C@@H](C)NC(=O)c2ccc(NC(=O)c3ccccn3)cc2)cnn1C,P00533,
Cc1ccc(Cn2cnc3c2c(=O)n(CC2CC2)c(=O)n3-c2ccccc2)cc1,P00533,
CC(C)CN(CC(C)C)C(=O)c1cccc(NS(=O)(=O)c2ccc(C(=O)O)cc2)c1,P00533,
C[C@H](NC(=O)c1ccoc1)C(=O)NCc1ccccc1Cn1cncn1,P00533,
O=C(Nc1ccc(CCN2CCSCC2)cc1)[C@H]1CC(=O)N(Cc2c(F)cccc2F)C1,P00533,
O=C(CCc1ccc2c(c1)OCCO2)Nc1ccc(F)cc1F,P00533,
CCCC[C@@H](CC)C(=O)N[C@H](C)c1cccc(Br)c1,P00533,
CN(C)c1ccc(O[C@H]2CCN(C(=O)Cc3ccsc3)C2)nn1,P00533,
C[C@H](Cn1cncn1)NC(=O)Nc1cccc2c3c(oc12)CCCC3,P00533,
Cc1ccc(NC(=O)Cn2c(=O)n(Cc3ccccc3F)c(=O)c3sccc32)c(C)c1,P00533,
CCCCc1ccc(NC(=O)c2cn(CC)nc2OCC)cc1,P00533,
O=C(CCNC(=O)c1ccc(Cl)cc1)Nc1nn2cnnc2s1,P00533,
Nc1nc(CN2CCN(C(=O)CNC(=O)c3ccccc3F)CC2)nc2ccccc12,P00533,
C[C@H](OC(=O)c1sccc1-n1cccc1)C(=O)Nc1ccc(F)cc1F,P00533,
Cc1cc(NC(=O)[C@@H](c2ccccc2)N2CC[C@@H](c3noc(C)n3)C2)no1,P00533,
CCOc1ccc(CC(=O)N2CCO[C@@H](CC(=O)O)C2)cc1,P00533,
CC(C)(C)[C@]1(C)CN(c2nc(N)nc3c2CCCC3)CCO1,P00533,
CC(=O)N1c2ccccc2C[C@H]1C(=O)N1CCCc2n[nH]cc21,P00533,
CC(=O)Nc1ccc(S(=O)(=O)N2CCC(NC(=O)CC(C)(C)C)CC2)cc1,P00533,
O=C(Nc1ccn(Cc2cccnc2)n1)c1ccc(NS(=O)(=O)c2ccccc2)cc1,P00533,
COc1cccc(S(=O)(=O)N2C[C@@H](C(=O)O)CC[C@@H]2C)c1,P00533,
CCC(=O)Nc1cc(Cl)c(OC)cc1OC,P00533,
Cc1ncc(C(=O)Nc2cccc(OCc3ccccc3)c2)cc1F,P00533,
CN(C)CCNC(=O)c1csc2c1CCCC2,P00533,
C[C@H](NC(=O)CSc1ccccc1)C(=O)O,P00533,
Cc1cccc(CCNC(=O)CNC2=NS(=O)(=O)c3ccccc32)c1,P00533,
C[C@@H](NC1=NS(=O)(=O)c2ccccc21)C(=O)OCC(=O)c1ccc2c(c1)OCCCO2,P00533,
CCn1nc(C)c(S(=O)(=O)Nc2c(C)nn(C)c2C)c1C,P00533,
CC(C)(C)CNC(=O)c1[nH]cnc1C(=O)N1CC[C@H](O)C1,P00533,
C[C@H]1CCCC[C@H]1NC(=O)c1cn(C)c2ncccc12,P00533,
Cc1nn(C)c(C)c1CN(C(=O)c1ccc(-c2ccccc2)n1C)C1CC1,P00533,
Cc1ccc(N2C(=O)CCS2(=O)=O)cc1S(=O)(=O)NC[C@@H](c1ccccc1)N(C)C,P00533,
COc1ccc(S(=O)(=O)NC[C@H](O)c2ccc(C)o2)c(C)c1,P00533,
C[C@@]1(O)CCCN(Cc2ccccc2)C1,P00533,
CCOc1ccnc(NC(=O)Cc2cccc(Oc3ccccc3)c2)c1,P00533,
COc1ccc(C2=Nc3ccccc3N=C(SCC(N)=O)C2)cc1,P00533,
O=C([C@H]1CCOC1)N1CCC[C@@]2(COCCN(c3cccnc3)C2)C1,P00533,
CCOc1cccc(CNC(=O)c2nn[nH]c2Nc2ccc(CC)cc2)c1,P00533,
O=C(O)Cc1cn([C@@H]2CC[C@H](C(=O)NC3(C4CCCCC4)CC3)C2)nn1,P00533,
O=C(CC[C@H]1CN(C(=O)c2cocn2)CC12CCCCC2)N1CCCC1,P00533,
C[C@H]1CN(C(=O)C2CCN(c3ccncc3)CC2)C[C@@H]1NC(=O)C1CC1,P00533,
COCc1ccccc1CNC(=O)[C@@H]1CCCN(c2ncccn2)C1,P00533,
Fc1ccccc1-c1cnc(-c2cccnc2)nc1[C@@H]1CCCNC1,P00533,
COc1ccc(Oc2nc(N3CCOCC3)nc3c2CN(C(=O)Cc2ccc(F)cc2)CC3)cc1,P00533,
Cc1cc(C(F)(F)F)ccc1[C@H](O)C1CCCC1,P00533,
COc1ccc(C(=O)Nc2c(OC)ncnc2OC)c(C)c1,P00533,
COc1ccc(-c2ccc(C(=O)NCc3noc([C@H]4CCCO4)n3)o2)cc1,P00533,
c1cc(OC2CCOCC2)c2sccc2n1,P00533,
Cc1cccc(OCC(=O)Nc2ccc(S(=O)(=O)Nc3onc(C)c3C)cc2)c1,P00533,
COc1cc(OC)nc(N2CCC(CF)CC2)n1,P00533,
CCOc1ccc(C)cc1NC(=O)[C@H](CC)c1ccccc1,P00533,
O=C(CCSc1ccccc1)NC[C@@H](O)c1ccc(-c2ccco2)cc1,P00533,
CCOC(=O)c1cc(-c2ccc(C)cc2)n(CCC(=O)NC2CCCC2)c1C,P00533,
CS(=O)(=O)c1ccc(N2CCC(O)CC2)c(Cl)c1,P00533,
Cc1cc(-c2cc(S(=O)(=O)N[C@@H](C)c3ccsc3)c(C)s2)[nH]n1,P00533,
Cc1cccc(NC(=O)c2ccc(=O)[nH]n2)c1C,P00533,
CN1C(=O)CCc2cc(-c3cncc(N4CCOCC4)c3)ccc21,P00533,
COc1ccc(CC(=O)NCCn2c(-c3ccc(C)cc3)nc3ccccc32)cc1,P00533,
O=C(Nc1cccc(C(=O)N2CCN(c3ccccc3)CC2)c1)c1ccccc1,P00533,
CCc1noc([C@]2(O)CCN(c3cc(Cl)ccc3C#N)C2)n1,P00533,
CCc1ccccc1OCCN(C)C(=O)c1cccc(-n2cnnc2)c1,P00533,
CCCNC(=O)Cc1csc(-c2ccsc2)n1,P00533,
CCOc1ccc([C@H]2CC(c3cc(C)ccc3C)=NN2C(=O)CN2CCCCC2)cc1,P00533,
Cn1nc(C(=O)N2CC[C@@H](Cc3ccccn3)C2)[nH]c1=O,P00533,
COc1c(F)cc(F)cc1-c1c(F)cncc1F,P00533,
Cc1cccc(C(=O)N2CCNC[C@@H]2C(F)(F)F)c1C,P00533,
CC(C)c1nnc2n1[C@@H](C)CN(C(=O)CCc1n[nH]c(=O)[nH]1)C2,P00533,
Cc1cc(N)ncc1-c1cnn([C@H]2CCCCO2)c1,P00533,
CC[C@@H]1CN(C)CCCN1C(=O)Cc1ccc2[nH]c(=O)[nH]c2c1,P00533,
O=C(CN1CCCCCC1)Nc1ccc(OCc2ccccc2)c(F)c1,P00533,
COc1ccnc(N2CCC(C#N)(c3ccccc3)CC2)n1,P00533,
CC(C)(C)NC(=O)CN1CCCN(CC(=O)Nc2cccc3ccccc23)CC1,P00533,
CCn1ccn2nc(-c3ccccc3)cc2c1=O,P00533,
CCC(=O)Nc1nnc(Cc2ccc(Cl)c(Cl)c2)s1,P00533,
Cn1c(SCC(=O)Nc2sc3c(c2C#N)CCCC3)nnc1-c1cc2ccccc2o1,P00533,
CCOC(=O)c1cn[nH]c1S(=O)(=O)Nc1ccc(C)c(F)c1,P00533,
CCOc1cccc([C@@](C)(O)C2CC2)c1,P00533,
O=C(CCc1nc2ccccc2c(=O)[nH]1)N(Cc1ccccc1)Cc1ccco1,P00533,
COC[C@](C)(O)CNC(=O)c1ccc(Cl)cc1,P00533,
O=S1(=O)CC[C@@H](CNS(=O)(=O)c2ccc3c(c2)CCC3)C1,P00533,
CCNc1ncnc2c1ccc(=O)n2-c1ccc2cn[nH]c2c1,P00533,
COc1ccccc1-c1nc2cnccn2c1NCCC(=O)Nc1ccc(Cl)cc1F,P00533,
Cc1[nH]cnc1CC(=O)N[C@H]1CC[C@H](NC(=O)C[C@@H](C)CC(C)C)CC1,P00533,
CC(=O)Nc1ccc(S(=O)(=O)NC2CCN(Cc3nnn4c3CO[C@@H](c3cccc(F)c3)C4)CC2)cc1Cl,P00533,
CCN(C)C[C@@H](C)CNc1nc(C)nc2c1CCNCC2,P00533,
Cc1nn(-c2ccc3nncn3n2)c2c1[C@H](c1cccc(OCc3cccc(Cl)c3)c1)CC(=O)N2,P00533,
CCc1ccccc1Nc1nc(N)nc(Cn2nnc(-c3ccccc3)n2)n1,P00533,
COc1cc(Br)cnc1C1CCOCC1,P00533,
Cc1nnsc1C(=O)N1CCC(CNC(=O)Nc2cccc(Cl)c2)CC1,P00533,
Nc1nonc1-c1noc(-c2cccc(COc3ccc(Cl)cc3Cl)c2)n1,P00533,
O=C(CN1C(=O)CC(c2ccc(F)cc2)=Nc2ccccc21)NCCc1ccccc1,P00533,
COc1ccc(C(C)C)cc1[C@@H]1CCCCN1,P00533,
CCOc1ccc(S(=O)(=O)N2C[C@H](CO)C[C@@H]2CO)cc1C,P00533,
Cc1nnnn1[C@H](Cc1ccc(F)cc1)C(=O)N1CCC[C@@H](c2nc3ccccc3[nH]2)C1,P00533,
O=C1CC[C@@H](NC2(c3ccc(Cl)cc3)CC2)CCN1,P00533,
CN(CC1CCN(c2cnccc2C#N)CC1)S(=O)(=O)C1CC1,P00533,
Cc1cc(C(=O)OCC(=O)Nc2ccc(Cl)cc2C)c(C)o1,P00533,
O=C(N[C@@H]1CCCN(C(=O)c2ccco2)C1)c1ccc[nH]1,P00533,
O=C(c1ccc(S(=O)(=O)N2CCCCC2)cc1)N1CCN(C(=O)[C@@H]2COc3ccccc3O2)CC1,P00533,
O=C(C1CN(c2nc(C3CC3)ns2)C1)N1CCCC1,P00533,
NC(=O)Cc1nc(-c2ccc3cccc(F)c3n2)n([C@H]2CCS(=O)(=O)C2)n1,P00533,
COC(=O)c1nnc([C@@H]2CCCN2)s1,P00533,
CCOC(=O)c1sc2nc(SCC(=O)Nc3cccc(Cl)c3)n(N)c(=O)c2c1C,P00533,
Cc1c(C(=O)NC(C)(C)C)sc2ncnc(NC[C@@H]3COc4ccccc4O3)c12,P00533,
COC[C@@H]1[C@H](NC(=O)c2cc(S(N)(=O)=O)ccc2OC)[C@@H]2CCO[C@H]12,P00533,
Cc1cc(C)c(CNC(=O)Cc2ccc(Br)cc2)c(=O)[nH]1,P00533,
C[C@H]1Cc2ccccc2N1S(=O)(=O)c1ccc(F)c(C(=O)O)c1,P00533,
Cc1c2c(CSc3nnc(-c4ccccc4)o3)n[nH]c(=O)c2nn1-c1ccc(Cl)cc1,P00533,
O=C(c1ccc(N2CCCC2)nn1)N1CCC[C@@H](c2ccn[nH]2)C1,P00533,
Cc1noc(C)c1CNc1ccccc1,P00533,
Cc1cc(C)n2nc(SCC(=O)N[C@H](C)c3ccc(Cl)c(Cl)c3)nc2n1,P00533,
Cn1cc(C[C@H]2CCN(C(=O)Nc3cc(F)cc(F)c3)C2)cn1,P00533,
COCCC(=O)N1CCCC[C@@H]1c1ncc(C(=O)NCc2ccc(F)cc2)c(C)n1,P00533,
CC(C)S(=O)(=O)c1ccc(C(=O)O)cc1,P00533,
COCCN(C/C=C/c1ccccc1)C(=O)CN1CCCCCC1,P00533,
COc1ccc(F)cc1S(=O)(=O)N1CCC(Cn2c(C(F)(F)F)nc3ccccc32)CC1,P00533,
CCOc1ccc([C@@H]2Nn3c(C)nnc3S[C@H]2C(=O)Nc2ccccc2C(F)(F)F)cc1,P00533,
CCc1ccc(OCC(=O)Nc2nonc2-c2ccc(OC)cc2)cc1,P00533,
CC[C@@]1(O)CCCN(Cc2c(C(=O)N3CCCCC3)nc3c(C)cccn23)C1,P00533,
O=C(Nc1nnc(-c2ccc(F)cc2)o1)[C@@H]1COc2ccccc2O1,P00533,
O=C(NCc1ncc[nH]1)c1cc2c(s1)CCOC21CCN(c2ncco2)CC1,P00533,
O=C(NCC1(c2ccccc2)CCOCC1)c1ccccc1F,P00533,
CN(C)Cc1cc(O[C@@H]2CCNC2)ccn1,P00533,
CCc1cccc(CC)c1NC(=O)COc1ccc(C(C)C)cc1,P00533,
Cc1ccc2ncnc(N[C@@H](C)C(=O)NCCc3nc(C)c(C)s3)c2c1,P00533,
Cc1cc(-c2cccc(CN3CCCC3)c2)ccn1,P00533,
Nc1nc(-c2ccncc2)nc(N)c1Cc1ccc(Cl)cc1,P00533,
O=c1c(Br)c(Br)cnn1-c1cccc(Cl)c1,P00533,
CCn1nc(Cn2cncn2)nc1Cn1nc(C)c(C(C)=O)c1C,P00533,
CSc1ncccc1C(=O)N1CCC2(CC1)C[C@@H](CN1CCOCC1)OC2=O,P00533,
COc1ccc(Nc2nc(N3CCOCC3)nc(N3CCOCC3)n2)cc1,P00533,
Cc1ccc(OCC(=O)N2CCC3(CC2)C[C@@H](OCc2ccccc2)CCO3)cc1,P00533,
CCOc1ccccc1OCC(=O)Nc1c2c(nn1-c1ccccc1)CCC2,P00533,
CNc1ncccc1-c1cccc(-c2cccnc2)c1,P00533,
COc1ccccc1NC(=O)[C@@H](C)OC(=O)C1CCN(C(=O)c2cccs2)CC1,P00533,
Cn1ccnc1CN1CCN(C(=O)c2cc(C(F)(F)F)nn2C)CC1,P00533,
Cc1nc2cc(C(=O)OCC(=O)N[C@@H](C)C(C)C)ccc2n1-c1ccccc1,P00533,
CSCC[C@@H](C)NCCc1nc2c(C)cccc2[nH]1,P00533,
Cc1ccc(C(=O)CSc2nc3cc(C(=O)NC[C@@H]4CCCO4)ccc3c(=O)n2Cc2ccccc2)c(C)c1,P00533,
CC1(C)CC2(CCCCC2)N(C(=O)N2CCOCC2)Cc2ccccc21,P00533,
NC(=O)c1cnn2c1NC[C@@H](CN[C@@H]1CCCOc3ccccc31)C2,P00533,
COCc1cccc(C(=O)Nc2ccc(F)cc2OC(C)C)c1,P00533,
C[C@H](NC(=O)c1cc(C2CC2)on1)c1cccc(F)c1,P00533,
Cc1ccc(-c2cccnc2CC#N)cc1C,P00533,
O=C(c1cc(-c2ccccc2)no1)N(Cc1cccc(OC[C@@H]2CCOC2)c1)C1CC1,P00533,
CN(Cc1noc(C2CCCC2)n1)C(=O)c1ccc(CCC(C)(C)O)cc1,P00533,
Cc1cccc(Cl)c1[C@H](N)C1CCCCC1,P00533,
Cc1cccc(-n2c(=O)c3c(cc(C)n3C)n(CC(=O)Nc3ccc(Br)cc3F)c2=O)c1,P00533,
COc1ccc(S(=O)(=O)NCc2ccc([C@@H](C)N)cc2)c(C)c1F,P00533,
COC(=O)c1ccc(NCc2nnnn2C)c2c1CCCC2,P00533,
CCS(=O)(=O)N1C[C@@H]2CN(Cc3cccnc3)C[C@]2(C(=O)O)C1,P00533,
Cn1cnc([C@H](CNC(=O)c2cc3cccn3c(=O)[nH]2)N2CCCC2)c1,P00533,
O=C(NCc1ccc(S(=O)(=O)N2CCOCC2)cc1)[C@H]1CC(=O)N(Cc2ccco2)C1,P00533,
CC(C)c1cnc(NC(=O)C2CC3(C2)CC(C)(C)C3)s1,P00533,
O=C(NCCc1ccccc1)c1[nH]nc2c1CCCC2,P00533,
Cc1nn(-c2ccc3nnc(C)n3n2)c2c1[C@@H](c1ccc(OCc3ccc(F)cc3)cc1)CC(=O)N2,P00533,
c1ccc(COc2cccc(CN3CCCN(C4CC4)CC3)c2)nc1,P00533,
O=C(NCCC(=O)N1CCc2sccc2C1)c1ccco1,P00533,
COc1ccc(CCNC(=O)CN2CCN(CC(=O)NCc3ccccc3)CC2)cc1,P00533,
CC[C@H](NC(=O)NCCc1ccco1)c1nc(C)cs1,P00533,
Cc1c(S(=O)(=O)N2CCCC2)cc(C(=O)NCCc2ccccc2)n1C,P00533,
CC(C)c1ccc(-n2nc(C(=O)NCc3ccc(F)cc3)c(=O)n(Cc3ccccc3F)c2=O)cc1,P00533,
CN1CCC2(CC1)CN(C(=O)CCc1cn[nH]c1)CCCN2C,P00533,
CS(=O)(=O)N1CC[C@@H](C(=O)NC2CCCCC2)Oc2ccc(Cl)cc21,P00533,
Cc1ccccc1-c1nn2c(=O)cc(CN3CCN(C(=O)c4ccccc4Cl)CC3)nc2s1,P00533,
FC(F)(F)Oc1ccc([C@@H]2CCNC2)cc1,P00533,
Cc1cc(Br)cc2[nH]nc(C(=O)O)c12,P00533,
COC[C@H](NC(=O)[C@H](O)c1cc(Cl)cc(Cl)c1)C1CC1,P00533,
Cc1cnn(CCNc2ncc(C)c(C)n2)c1,P00533,
Cc1cc2ccccc2n1CCNC(=O)[C@H]1CCc2[nH]cnc2C1,P00533,
Cn1ncc2c(NC3CCc4ccccc4CC3)ncnc21,P00533,
Cc1cccc(CNC(=O)Cn2nc(C(F)(F)F)cc2C)n1,P00533,
CCN1CCN(C(=O)CN(c2cc(OC)ccc2OC)S(=O)(=O)c2ccc(OC)c(OC)c2)CC1,P00533,
COCC(=O)N1[C@@H](C)CN(C(=O)Nc2cccc3cccnc23)C[C@@H]1C,P00533,
CC(C)(CO)NC(=O)c1cccc(Br)c1,P00533,
CCOC(=O)C1CCN(Cc2cccc(OCc3ccccc3)c2)CC1,P00533,
CS(=O)(=O)N(C/C=C/c1ccccc1)c1cccc(N2CCCC2=O)c1,P00533,
CN(Cc1ccco1)C(=O)CN1CCO[C@H](CNc2cccnn2)C1,P00533,
CN1CC2(CCN(C(=O)COc3ccc(F)c(Cl)c3)CC2)CC1=O,P00533,
Cn1cnnc1[C@@H]1CCCN(C(=O)c2n[nH]c3ccccc23)C1,P00533,
Cn1nc(C(=O)NCCc2csc(-c3cccnc3)n2)c2c1CCCC2,P00533,
COc1ccc(CCn2c(N3CCCCC3)nc3c2c(=O)n(C)c(=O)n3C)cc1,P00533,
Cc1ccccc1[C@H]1C[C@@H](C)N(C(=O)c2cc(C(N)=O)n(-c3ccccc3)n2)C1,P00533,
Fc1cccc(Br)c1[C@H](c1ccc(Cl)s1)N1CCNCC1,P00533,
CC(C)c1nc(N(C)C)nc(N2CCC(C(=O)N3CCCC3)CC2)n1,P00533,
COc1cccc([C@@H](O)Cn2ccn3nc(-c4ccc(C)cc4)cc3c2=O)c1,P00533,
CCc1nnc(CN2CCC(CNC(=O)c3ccoc3)CC2)o1,P00533,
O=C(CN1CCC[C@@H](C(=O)c2ccccn2)C1)NCc1ccc(C(=O)O)o1,P00533,
c1ccc(-n2cc(CCn3ccnc3-c3cnn4cccnc34)cn2)cc1,P00533,
Cn1c(C(=O)N2CCC3(CC2)OCCc2ccsc23)cc2cc(F)ccc21,P00533,
C[C@@H]1CO[C@H](c2cccc(Cl)c2)CN1C(=O)c1cc(C(=O)O)co1,P00533,
N#CCc1cc(-c2ccc(N3CCCCC3)nc2)ccc1C#N,P00533,
CN(CC(=O)N1CCC[C@@H](c2nc(N(C)C)ncc2-c2ccc(Cl)cc2)C1)C(=O)c1ccco1,P00533,
O=C(Cc1cccc(OC(F)(F)F)c1)NC1CN(C(c2ccccc2)c2ccccc2)C1,P00533,
CCOc1ccccc1CN1CCC[C@H]1c1c(C)noc1C,P00533,
CC1=C(Cc2ccc(C)cc2)[C@H](C(=O)O)OC1=O,P00533,
CC(=O)N[C@H](C(=O)Nc1ccc2nc(N3CCCC3)sc2c1)C(C)C,P00533,
O=C(CSc1nnc(-c2c[nH]c3ccccc23)o1)N(C1CCCCC1)[C@@H]1CCS(=O)(=O)C1,P00533,
CC[C@@H](C(=O)N[C@@H](C(=O)OC)c1ccccc1)N(C)Cc1nc(-c2ccccn2)no1,P00533,
CC1(C)Cc2nnc(-c3ccc(Br)s3)n2CCN1,P00533,
CC(C)CNC(=O)[C@H]1CN(Cc2ccccc2)CC12CN(C(=O)CN(C)C)C2,P00533,
Cc1ccc(-n2nc(C)c3sc(N4CCCN(C(=O)Cc5cccc(C)c5)CC4)nc32)cc1,P00533,
CC(C)NC(=O)NCCn1nnc2cc(C(=O)N(C)C)ccc21,P00533,
CCCNc1ccc(CNC(=O)N2CCCC2)cc1,P00533,
COc1cccc([C@H](CNc2nc3ccccc3c(=O)[nH]2)N(C)C)c1,P00533,
COc1cc(CN2CCN([C@H](C)C(=O)O)CC2)cc(OC)c1,P00533,
O=C(Nc1ccc(F)cc1)NC1CCN(Cc2csc(-c3ncccn3)n2)CC1,P00533,
O=C(CCc1cn[nH]c1)N1CCC[C@]12CCCN(Cc1ccccc1)C2=O,P00533,
Cc1ccc([C@@H](C)C(=O)Nc2ccc(N3CCCC3=O)cc2)cc1,P00533,
Cc1ccc2[nH]ncc2c1-c1cccc(C(C)C)n1,P00533,
Cc1ccsc1C(=O)N1C[C@H](C(=O)Nc2ccccc2)C2(CCOCC2)C1,P00533,
COC(=O)c1ccc(CN(C)S(=O)(=O)c2ccc(OC)cc2)cc1,P00533,
FC(F)(F)c1ccc2[nH]c3ccccc3c2c1,P00533,
COc1cccc(N(C(=O)Cn2nnc3ccccc32)[C@@H](C(=O)NCc2ccccc2)c2ccccc2C)c1,P00533,
COc1cc(NC(=O)c2cc(S(=O)(=O)N(C)C)c(C)s2)c(OC)cc1Cl,P00533,
FC(F)(F)c1ccnc(N2CC[C@H](Oc3ccncc3Br)C2)c1,P00533,
O=C(N[C@@H]1CCCN(C2Cc3ccccc3C2)C1)C1(N2CCOCC2)CCCCC1,P00533,
Cc1cnc(C)c(N2CCC([C@H](O)CN3CCCCC3)CC2)n1,P00533,
N#Cc1ccc(N2CCO[C@H](C(=O)NC3CC3)C2)cn1,P00533,
O=C(O)[C@H](O)Cc1ccc(Cl)s1,P00533,
N#CCc1cccc(-c2cc(F)c(F)c(C#N)c2)c1,P00533,
CCN1CCC[C@@H]1CNC(=O)CCC1CCN(C(=O)c2cnccn2)CC1,P00533,
COc1ccc(NC(=O)N2CCN3CCNC(=O)[C@@H]3C2)cc1OC,P00533,
Cn1cc(CN[C@@H]2CCCN(c3cccnc3)C2=O)cc1C#N,P00533,
CN(Cc1ccccc1)C(=O)NCCc1ccn(-c2ccccc2)n1,P00533,
COc1ccccc1CNC(=O)[C@@H]1CCCN(C(=O)c2cnn(-c3ccc(F)cc3)c2-n2cccc2)C1,P00533,
Clc1cc(Br)cc(C2CC2)c1,P00533,
Clc1ccccc1NCc1nnc(-c2ccccc2)s1,P00533,
CCc1nc(N2CCN(C(=O)c3ccccc3)CC2)c2cnn(-c3ccc(OC)cc3)c2n1,P00533,
Cc1nc([C@@H]2CCCN(C(=O)N3CCCCCCC3)C2)[nH]c1C(=O)O,P00533,
Cc1cc(C)c(NC(=O)CSCc2cc(O)[nH]n2)c(Cl)c1,P00533,
O=C(CCc1ccccc1)N1CCC[C@@H]1c1ccccc1Cl,P00533,
Nc1n[nH]cc1C(=O)Nc1cccc(C(=O)O)c1,P00533,
CNC(=O)CN(C)C[C@@]1(O)CCCN(Cc2ccc(C(C)C)cc2)C1=O,P00533,
NC(=O)CNC(=O)COc1nn(-c2ccccc2)cc1Cl,P00533,
COC(=O)c1[nH]/c(=N/C(=O)Cn2cnc3ccccc3c2=O)sc1CC(C)C,P00533,
Cc1cc(C)c(C(=O)N2CCO[C@@H](CCCC(C)C)C2)c(O)n1,P00533,
CN(C)CCN1C(=O)c2oc3ccccc3c(=O)c2[C@@H]1c1ccccc1F,P00533,
COc1ccc2c(c1)[C@H](SCC(=O)N1CCc3ccccc31)CC(C)(C)O2,P00533,
CC(C)(C)OC(=O)NCc1nc(CN)cs1,P00533,
O=C(O)[C@@H]1CN(Cc2ccnc(O)c2)C[C@H]1c1ccc(Cl)cc1,P00533,
O=C(N1CCN(c2cccnc2)CC1)[C@@]1(c2ccccc2)CC12CCCC2,P00533,
CC(C)(C)OC(=O)N1CC[C@@H]2NCCO[C@H]2C1,P00533,
Cc1ccc(N2C[C@@H](C)N(C(=O)c3cccc(C#N)c3)CC2=O)cc1,P00533,
CCOC(=O)C1(Cc2ccccc2C(F)(F)F)CCN(Cc2ccccn2)CC1,P00533,
CCCc1nc(SCC(=O)Nc2ccc(Cl)c(Cl)c2)c2c(=O)n(C)c(=O)n(C)c2n1,P00533,
COc1cccc(OCCC(=O)N2C[C@@H](F)C[C@@H]2CO)c1,P00533,
COC[C@@H]1[C@H](NC(=O)c2cc(S(N)(=O)=O)ccc2F)[C@@H]2CCO[C@H]12,P00533,
CCn1ccc(C(=O)N2CCC[C@@H](C(=O)CCc3ccccc3)C2)n1,P00533,
COc1ccccc1N1CCN(C(=O)c2c(O)nc(C)c(C)c2C)[C@@H](C)C1,P00533,
COc1ccc(CN2CCC(O)(COc3ccc(C)cc3)CC2)cc1OCCn1ccnc1,P00533,
CC1(C)Cc2nc3sc4c(=O)n(CC(=O)Nc5ccc(Cl)cc5Cl)cnc4c3cc2CO1,P00533,
O=C(NCc1cccnc1-n1cccn1)c1cccc(NC(=O)c2cccnc2)c1,P00533,
CS(=O)(=O)N1CC(CS(=O)(=O)N2Cc3ccccc3CO2)C1,P00533,
CC(C)(C)OC(=O)COC[C@H](NC(=O)OCC1c2ccccc2-c2ccccc21)C(=O)O,P00533,
CC(=O)c1cccc(NS(=O)(=O)c2cc3c(cc2Cl)NC(=O)CO3)c1,P00533,
CCOc1ccc(C2=Nc3ccc(Br)cc3C(c3cccnc3)=NN2)cc1,P00533,
CC[C@H](C(=O)O)n1nncc1-c1ccc2c(c1)OCO2,P00533,
O=C(NC1CCCC1)[C@@H](c1ccc(O)cc1)N(Cc1ccccc1)C(=O)[C@H]1COc2ccccc2O1,P00533,
COC(=O)c1cccc(Cn2c(C(F)(F)F)ccc(C(N)=O)c2=O)c1,P00533,
CO[C@@H](C(=O)N[C@H](c1ccccc1)C(C)(C)C)c1ccccc1,P00533,
Cc1nnnn1CCC(=O)N[C@@H](CC(C)C)c1cccnc1,P00533,
COc1ccc(CCNC(=O)c2nc(Cl)sc2C)cc1,P00533,
CCc1ccccc1CCN1CCC[C@@](O)(c2c[nH]nn2)C1,P00533,
Cc1nc(CC(=O)N(Cc2scnc2C)C[C@@H]2CCNC2)cs1,P00533,
O=C(O)c1cc(Br)cc(OCC(F)(F)F)c1,P00533,
CCC[C@@H]1CN(C(=O)Cn2nc(C)c(C(C)=O)c2C)C[C@H]1NS(C)(=O)=O,P00533,
CS(=O)(=O)c1ccc(-c2csc(CC(=O)NC[C@@H](O)COc3cccc(F)c3)n2)cc1,P00533,
CN(C[C@@H]1CCCCO1)C(=O)Nc1ccc(C(F)(F)F)cc1,P00533,
Cc1cc(C)c(C(=O)NC[C@@H]2CCN(C)[C@H]2c2cccnc2)o1,P00533,
O=c1ccc(-c2cccnc2)nn1CC1CN(c2ncc(Cl)cn2)C1,P00533,
CNC(=O)[C@H]1CNCCN1C(=O)CCN(C)c1ccc(F)cc1,P00533,
COc1ccc(OC)c(CNC(=O)Cc2nnc(-c3cccs3)o2)c1,P00533,
COc1ccc(OC)c(NC(=O)c2cc3c([nH]c2=O)C[C@H](C)CC3=O)c1,P00533,
CCOc1cc(S(=O)(=O)NCc2ccccc2Cl)ccc1Cl,P00533,
COc1cc(-c2onc(N3CCC[C@@H](NC(C)=O)C3)c2C(=O)O)ccc1F,P00533,
CC(C)C(=O)N(Cc1nccn1Cc1c(F)cccc1Cl)C1CC1,P00533,
C[C@@H](NC(=O)c1cc(Cl)ccn1)C(=O)O,P00533,
Cc1ccc(-c2ccnn2C)cc1NC(=O)N1CCNC(=O)[C@H]1C,P00533,
CCOc1ccc(-n2nnnc2CNC(=O)NC(C)(C)C)cc1,P00533,
Cc1ccc(S(=O)(=O)N(C)CC(=O)N2CCN(Cc3ccc4c(c3)OCO4)CC2)cc1,P00533,
Cc1ccc(CCNC(=O)[C@@H]2CCCN(C(=O)NCC(C)C)C2)cn1,P00533,
CCN1CCC(NCc2c[nH]nc2-c2cccnc2)CC1,P00533,
C[C@@H](O)[C@H](NC(=O)c1cc(S(=O)(=O)N2CCCCC2)ccc1Cl)C(=O)O,P00533,
Cc1cc2[nH]/c(=N\c3ncc4c(n3)C[C@H](c3ccc(F)cc3)CC4=O)nc(C)c2cc1C,P00533,
CCSc1nc2c(s1)c(=O)n(-c1ccccc1)c(=O)n2CC(=O)Nc1ccc(C)c(C)c1,P00533,
Cc1cc(NC(=O)NC[C@@H](O)c2ccc(F)c(F)c2)no1,P00533,
C[C@H]1CCCCN1C1CN(C(=O)c2cnc3c(c2)ncn3C)C1,P00533,
COc1c(F)cc(F)cc1-c1cnn(CC(C)C)c1,P00533,
COc1ccc(CNC(=O)[C@H]2CCCN(S(=O)(=O)c3ccc4[nH]c(=O)ccc4c3)C2)cc1,P00533,
COc1cc(Cl)ccc1NC(=O)[C@@H](C)Oc1ccc(F)cc1,P00533,
O=C(Nc1ccc(-c2csc(N3CCOCC3)n2)cc1)[C@H]1CCCNC1,P00533,
Cc1c(-c2ccccc2)[nH]c2ccc(Cl)cc12,P00533,
Cc1ccc(C=CS(=O)(=O)NCC(=O)OCC(=O)c2cc(C)c(C)cc2C)cc1,P00533,
Fc1cccc(C(F)(F)F)c1[C@@H](C1CCCC1)N1CCNCC1,P00533,
Cc1nc(CN2CCC3(CC2)CN(C)C(=O)CO3)n(C)c1C,P00533,
CCSc1ncc(CN2CCCN(C(=O)[C@@H]3CCCO3)CC2)cn1,P00533,
CNC(=O)c1ccc(S(=O)(=O)N[C@H](C)c2ccc(S(C)(=O)=O)cc2)cc1,P00533,
COc1ccc(OC)c(CN(Cc2ccccc2)Cc2nc(C(=O)N3CCN(C(C)=O)CC3)co2)c1,P00533,
CC(=O)c1ccc(N2CCN(C(=O)c3cc4c(=O)n5ccccc5nc4s3)CC2)cc1,P00533,
CCOC(=O)c1c(NC(=O)COc2ccccc2)sc2c1C[C@@H](C)CC2,P00533,
CCOc1ccccc1CNC(=O)Nc1ccc(-c2noc(CC)n2)cc1,P00533,
COc1cccc(NC(=O)[C@H](C#N)Cc2ccccc2OC)c1,P00533,
CSCC[C@@H](CO)NC(=O)c1cc(-c2ccc3c(c2)CCO3)[nH]n1,P00533,
Fc1cc(-c2ccc3c(c2)CCCO3)cn2ccnc12,P00533,
Cc1cc(Br)ccc1C(=O)NCc1ccc(F)cc1Cl,P00533,
COc1cc(=O)n(CC(=O)N2CCOCC2)nc1-c1ccccc1,P00533,
O=C(O)c1ccc(Cl)cc1-c1cn(Cc2nnc3n2CCCCC3)nn1,P00533,
CN1CCN(C[C@@H](O)COc2ccccc2F)CC1,P00533,
COc1cccc2cc(C(=O)NC[C@H](O)c3ccc4c(ccn4C)c3)oc12,P00533,
CCCN(CCC)S(=O)(=O)N[C@H]1CCO[C@@H](c2cnn(C)c2)C1,P00533,
CN(Cc1cc(-c2ccccc2)no1)C(=O)c1cn(Cc2ccccc2F)nn1,P00533,
Cc1cc(C(F)(F)F)nn1[C@@H](C)CC#N,P00533,
CN(C(=O)c1cc(-n2cccn2)ccc1Cl)[C@H]1C[C@H]2C[C@@H](O)C[C@H]2C1,P00533,
CC(C)n1nc(O)c2c1N=C(O)CS[C@@H]2c1ccncc1,P00533,
CS(=O)(=O)N1CCc2ccc(=O)n(CC3CCOCC3)c2CC1,P00533,
CC(C)(C)OC(=O)N1CCN(CC(=O)N[C@H](c2ccccc2)C(C)(C)C)CC1,P00533,
O=C(NCc1ccc(O)cc1)c1cccc(O)c1,P00533,
Cc1cc(-c2ccc(C(=O)O)cc2)nc([C@H]2CCCN(C(=O)C(C)(C)C)C2)n1,P00533,
O=C(c1ccc(F)cc1)N1CCCN(CCn2cncn2)CC1,P00533,
COC(=O)C[C@@H](CN)c1ccc(Cl)cc1,P00533,
CN(C)CCn1ccc2ccc(NC(=O)c3ccc(C#N)cn3)cc21,P00533,
CC(C)c1ccc2c(N)c(C(=O)OC3CCN(C(=O)Nc4ccccc4)CC3)sc2n1,P00533,
Cc1cccc(NC=c2c(C)c(C#N)c3nc4ccccc4n3c2=O)c1,P00533,
O=C(Cn1c(=O)n(-c2ccccc2F)c(=O)c2sccc21)NCc1ccc(F)c(Cl)c1,P00533,
Cc1ccc(NC2(C(=O)N3C[C@H]4C[C@@H](n5ccnc5)[C@H](O)C[C@H]4C3)CCCCC2)cc1,P00533,
Cc1cc(NC(=O)c2sccc2S(=O)(=O)N(C)c2ccccc2)ccc1Br,P00533,
Cc1ccc([C@H]2CCCN2C(=O)[C@@H](C)N2C(=O)c3ccccc3S2(=O)=O)cc1C,P00533,
O=C(Nc1ccc2c(c1)OCCO2)N(CCc1ccccc1F)C1CCCC1,P00533,
CCN(CC)CCCN1C(=O)c2oc3cc(C)c(C)cc3c(=O)c2[C@H]1c1ccc(F)cc1,P00533,
COCc1ncc(-c2nccn2CCc2cccc(F)c2)cn1,P00533,
Cc1ccc2c(c1)C1=C(C2)[C@H](C(N)=O)CCC1,P00533,
Fc1cnccc1CN1CC[C@H](Nc2ccnc(C3CC3)n2)C1,P00533,
Cc1cccc(S(=O)(=O)N2CC(N3CCNC3=O)C2)c1Br,P00533,
CC(C)(C)C(=O)NCCC(=O)NCc1ccc(Br)cc1,P00533,
C[C@@H](C(=O)Nc1nnc[nH]1)c1ccc2c(c1)OCO2,P00533,
N#CCOc1ccc(Br)cc1Cl,P00533,
Clc1ccc([C@@H](CC2CC2)N2CCNCC2)cc1Br,P00533,
Cc1ccc(NC(=O)[C@@H]2CC(=O)N(Cc3ccccc3)C2)cc1Cl,P00533,
COc1ccc([C@H]2[C@H](C(=O)N3CCCCC3)c3ccccc3C(=O)N2C)cc1,P00533,
O=C(Cn1c(=O)nc2n1C(=O)N(c1ccc(Cl)cc1)C2)N1CCOCC1,P00533,
CC(=O)N1CCC(NC(=O)c2cccc(-c3noc(C)n3)c2)CC1,P00533,
Cn1cncc1CN1C[C@H]2CN(C(=O)c3ccnn3C)[C@H](c3cccc(F)c3)[C@H]2C1,P00533,
COC[C@@](C)(CNC(=O)COc1ccc(C(C)C)cc1)OC,P00533,
Cc1cccc(O[C@@H](C)C(=O)Nc2cccc(C#N)c2)c1,P00533,
COc1ccccc1CNC(=O)CC1CCN(C(=O)C2CCCCC2)CC1,P00533,
Cc1ccc(CNc2ncnc3c2NC(=O)CN3)o1,P00533,
Cn1ncc2c(=O)n(CC(=O)Nc3ccc(OCC(F)(F)F)nc3)cnc21,P00533,
CC(C)n1cnnc1[C@H](C)NC(=O)c1cc[nH]c1,P00533,
O=C(O)c1cncc(Cc2ccccc2F)c1,P00533,
C[C@@H]1CN(C(=O)c2nc3ccc(Cl)cn3c2CNCc2n[nH]c3c2CCC3)C[C@H](C)O1,P00533,
C[C@@H]1CN(CC(=O)Nc2nncs2)[C@H](c2ccccc2)CO1,P00533,
O=C(NC[C@H]1CN(Cc2ccccc2)CCCO1)N(C1CCCC1)C1CC1,P00533,
Cc1ncsc1CCC(=O)N1CCC[C@@H](c2nc(CC(C)C)no2)C1,P00533,
CCC(=O)Nc1cc(NC(=O)c2ccccc2OC)ccc1C,P00533,
CC1(C)CCN(c2ncc(S(N)(=O)=O)cn2)C[C@@H]1c1ccccc1,P00533,
O=C(NCc1nc(-c2ncccn2)no1)[C@H]1CCCN(C2CCOCC2)C1,P00533,
CCOC(=O)c1ccc(S(=O)(=O)N2CCN(C(=O)NCc3cccnc3)CC2)cc1,P00533,
c1cc(-c2[nH]ncc2-c2ccc3c(c2)CCCO3)ccn1,P00533,
CCc1cc(CNC(=O)[C@@H]2CCC(=O)N(CC)[C@H]2c2cccc(Cl)c2)on1,P00533,
CCN(CC)C(=O)Cn1cc(C(=O)c2ccccc2F)c2ccccc21,P00533,
Cc1cccc(C(=O)C[C@H]2CC[C@@H](C(=O)O)C2)c1,P00533,
Cc1cccc(CSc2nc(C)cc(Oc3ccc4c(c3)OCO4)n2)c1,P00533,
Cn1ccc(NC(=O)CN2CCC(C#N)(c3ccccc3)CC2)n1,P00533,
Cc1cc(Cl)ccc1NC(=O)[C@H]1CCCN(S(=O)(=O)c2cn(C)cn2)C1,P00533,
CC[C@H](C)[C@H](CO)NC(=O)c1cc(-c2ccc3c(c2)CCO3)[nH]n1,P00533,
CCN(CC)C(=O)CN1C(=O)C(C)(C)Oc2ccc(C(=O)c3ccco3)cc21,P00533,
O=C(Cc1cc(Cl)c2c(c1)OCCO2)Nc1ccccc1N1CCOCC1,P00533,
O=C(O)[C@@H](O)c1ccc2ccccc2c1,P00533,
CCOc1ccc(NC(=O)N2CC[C@@H](Oc3ncccc3C(=O)N3CCCCC3)C2)cc1,P00533,
C[C@H](NC(=O)c1ccccc1)c1nc(-c2ccc(NS(=O)(=O)c3ccccc3)cc2)no1,P00533,
O=C(NCc1ccc2c(c1)OCO2)[C@@H]1CCn2nccc2C1,P00533,
O=C(CCc1nnc(C2(c3ccc(Cl)cc3)CCC2)o1)NCCc1ccncc1,P00533,
CC(C)Nc1cccc(CS(=O)(=O)c2ccccc2)c1,P00533,
CC(C)(C)OC(=O)N1CCC[C@H]1C(=O)N1CCC(N)CC1,P00533,
COC(=O)Cn1c(SCc2cc(C)on2)nc2ccccc2c1=O,P00533,
CC(C)(C)OC(=O)[C@H]1C[C@H](c2nc(-c3ccon3)no2)C1,P00533,
CC(C)c1nnc(N2CCC(CC(=O)NC3CCOCC3)CC2)s1,P00533,
Cc1ncsc1CN(C)C(=O)[C@H]1CCC[C@@H]1N,P00533,
COC1CCN(S(=O)(=O)Nc2cnn(C)c2C(F)(F)F)CC1,P00533,
O=C(Nc1ccc2cn[nH]c2c1)[C@]1(O)CCN(Cc2cn[nH]c2)C1,P00533,
CCN(C)C1(CNC(=O)[C@@H]2CCN(C)C2)CCCCC1,P00533,
Cc1ccc(C)c(NC(=O)Nc2ccc3nc(NS(C)(=O)=O)sc3c2)c1,P00533,
c1ccc(-c2noc(-c3ccc4c(n3)CCOC4)n2)cc1,P00533,
CN1CCN(C(=O)CSc2ccc(Br)cc2)[C@@H](c2ccccc2)C1,P00533,
O=C(Nc1nc2c(cc3c4c(cccc42)CC3)s1)c1ccc2c(c1)OCCO2,P00533,
COC(=O)c1cccc(C[C@@H]2CCN(c3ncnc(N)c3C#N)C2)c1,P00533,
CC(C)c1ccc([C@@H](NC(=O)c2cccc(S(=O)(=O)N3CCOCC3)c2)C(C)C)cc1,P00533,
Cc1cn2c(=O)cc(COc3ccccc3NC(=O)c3cccc(F)c3)nc2s1,P00533,
COc1ccccc1CNC(=O)Cn1cnc2cc(-c3ccccc3)sc2c1=O,P00533,
CN1[C@H](CN2CCCC2)C[C@@H]2CN(Cc3ccoc3)CC[C@@H]21,P00533,
COc1ccc(CCNC(=O)Cc2csc3nc(-c4ccc(Cl)cc4)cn23)cc1,P00533,
COc1ccc(C[C@@H](C)N(C)C(=O)Cn2cnc3c(cnn3C)c2=O)cc1,P00533,
COc1ccc(CCNC(=O)C2(c3ccccc3)CCOCC2)cc1,P00533,
CN(Cc1ccsc1)C(=O)COC(=O)c1cccc(S(=O)(=O)N(C)c2ccccc2)c1,P00533,
CCCc1nnsc1C(=O)N1CCC[C@@H](Oc2ncccn2)C1,P00533,
CCOC(=O)c1c(Cl)ccc2c1OCCO2,P00533,
C[C@@H]1CCCc2sc3ncn4nc(C(=O)NCCN(C)C)nc4c3c21,P00533,
Cc1nn(-c2ccccc2)c(CSc2ncnc3c2cnn3C)c1C#N,P00533,
Cc1cccc(S(=O)(=O)Nc2ccc(C3(C(=O)NCC(C)C)CC3)cc2)c1,P00533,
Cc1cc(C)nc(N2CCN(C(=O)c3cccc(Br)c3)CC2)n1,P00533,
N#Cc1cnn(C(=O)[C@H]2CN(Cc3ccccc3)CCO2)c1N,P00533,
COCCN(CC(=O)O)C(=O)[C@H]1CSc2ccccc21,P00533,
O=C(O)[C@@]1(c2ccccc2Cl)C[C@@H]1CO,P00533,
COc1ccc(-c2ncnc(N3CCN(Cc4nnc(C5CC5)o4)CC3)c2F)cc1,P00533,
Cc1ccc(NC(=O)c2nnc(C(=O)N3CCC(CC(=O)NCCN4CCCC[C@H]4C)CC3)s2)cc1,P00533,
NC(=O)NC1CCN(C(=O)c2sc3cc(C(F)(F)F)ccc3c2Cl)CC1,P00533,
CCN(CC)c1ccc(-c2nnc(SCC(=O)c3ccc(NS(C)(=O)=O)cc3)n2C)cc1,P00533,
COC(=O)[C@@H](CO)NC(=O)C1=Cc2ccccc2O[C@H]1C(F)(F)F,P00533,
CN(C(=O)OCc1ccccc1)C1CNC1,P00533,
C[C@H]1c2nc(CC(=O)NCC3CC3)cn2CCN1C(=O)c1c[nH]c2ccccc12,P00533,
CC(C)(C)OC(=O)N(CC1CCNCC1)C1CCOCC1,P00533,
CCc1sc(C(=O)Nc2ccccc2Cn2cncn2)cc1C,P00533,
CCOc1ccccc1-c1nccn1Cc1cnc2c(c1)CCC2,P00533,
COc1cccc2[nH]cc(CC(=O)N3CCN(C)c4ccc(F)cc43)c12,P00533,
O=c1c2cc(Cl)ccc2ncn1Cc1noc(-c2cccs2)n1,P00533,
Cc1nc([C@@H]2CCCCN2C(=O)CCC(N)=O)ncc1C(=O)Nc1ccc(F)cc1,P00533,
CCC[C@H](NC(=O)c1ccc(N)nc1)c1nccn1C,P00533,
COC[C@H]1CCCN(c2nc(=O)c3cn[nH]c3[nH]2)C1,P00533,
Cc1onc(-c2c(F)cccc2Cl)c1C(=O)NCC(=O)c1ccc(Br)cc1,P00533,
CCO[C@H]1C[C@H](NS(=O)(=O)c2cccc(Cl)c2O)C12CCCC2,P00533,
CN(Cc1ccc(Br)cc1)C(=O)[C@H]1CC(=O)CN1C(=O)OC(C)(C)C,P00533,
COC(=O)Cc1nc(NC(=O)c2cccc3c2ccn3C)sc1C(=O)OC,P00533,
O=C(Cc1ccc(NS(=O)(=O)c2cccc(C(F)(F)F)c2)cc1)NCc1ccccc1,P00533,
CCCn1cc(NC(=O)N2CCN(Cc3cnccn3)CC2)ccc1=O,P00533,
CCOc1ccc([C@@H](c2sc3nc(C)nn3c2O)N2CCC(O)CC2)cc1,P00533,
Cc1nnc(-c2cc3ccccc3n2CC(=O)Nc2ccc(Cl)c(Cl)c2)o1,P00533,
CCOc1ccc(Br)c(CN)c1,P00533,
C[C@H]1CCN(S(=O)(=O)Cc2ccn(CC(F)(F)F)n2)C[C@@H]1C,P00533,
CN(C(=O)c1c(F)cccc1F)[C@@H]1CCC[C@@H](N2CCOCC2)[C@@H]1O,P00533,
CC(C)O[C@@H](C)c1n[nH]c(=O)n1CC1CCCCC1,P00533,
Cc1ccc(-c2nc(C(=O)N3C[C@@H](O)C[C@H]3C)cs2)o1,P00533,
CC(C)(C)N1C[C@H](C(=O)NCc2cccc(OC(F)(F)F)c2)CC1=O,P00533,
CN(C)C[C@H](O)CCC(=O)OC(C)(C)C,P00533,
CO[C@@H]1CCC[C@]12CCCN(S(=O)(=O)c1cccc(F)c1)C2,P00533,
c1cc(CN2CCOCC2)cc(-c2ccc(Cn3ccnc3)cn2)c1,P00533,
O[C@@H](CNCc1cccc2ccsc12)Cc1cccc(Cl)c1,P00533,
Cc1cc(C)n(CCNC(=O)Cc2n[nH]c3ccccc23)c(=O)n1,P00533,
O=C(CCc1ccccc1F)N1CCc2ncnc(-c3cncnc3)c2C1,P00533,
O=C(O)C[C@@H]1CCCN1C(=O)c1ccc2nsnc2c1,P00533,
COc1ccc(-c2nc(CN3CCCc4ccccc43)cs2)c(OC)c1,P00533,
COc1ccc(-c2nc(-c3cn(-c4ccc(C)cc4)nn3)no2)cc1OC,P00533,
Cc1cccc(N2CCN(c3ccc4nncn4n3)CC2)n1,P00533,
COc1cc(C(=O)N2CCc3c(c(C(=O)NCc4ccc(F)cc4)nn3C)C2)cc(OC)c1OC,P00533,
COC[C@@H]1C[C@H](n2cc(NC(=O)C3CC3)cn2)CN1Cc1ccc(F)c(Cl)c1,P00533,
CCOC(=O)CN(C(=O)COc1nc(C)cc(C)c1C#N)c1ccccc1,P00533,
C[C@@H]1CN(C(=O)NCCc2cccc(C(N)=O)c2)[C@H]1c1ccccc1,P00533,
O=C(O)c1cn(Cc2ccccc2)nc1C(F)F,P00533,
O=S(=O)(N[C@H]1CC[C@@H](n2cncn2)CC1)c1ccc2c(c1)CCO2,P00533,
O=C(CN1CCN(CCO)CC1)Nc1ccc(Br)cc1,P00533,
COc1cc(C)c(-c2cccc(CN(C)C)c2)cn1,P00533,
COCCN1C(=O)CC[C@@H](C(=O)O)[C@@H]1c1cccc2c1OCO2,P00533,
Fc1cccc(Cn2ccc3c(N[C@@H]4CC[C@H](F)C4)ncnc32)c1,P00533,
CCCN1CCC[C@@]2(CCCN2C(=O)COc2c(C)ccc(C)c2C)C1=O,P00533,
COC(=O)c1c(OCc2ccccn2)cc(=O)n2c1CCN(C(=O)Cc1ccc(F)c(F)c1)CC2,P00533,
C[C@H]1CC[C@H]2[C@H](C1)O[C@H](c1ccc(S(C)(=O)=O)cc1)C[C@]2(C)NC(=O)C1CCCCC1,P00533,
CC(=O)c1cccc(NC(=O)CSc2nc3ccsc3c(=O)n2-c2cccc(C)c2C)c1,P00533,
CCOC(=O)c1sc(NC(=O)c2c(Br)cnn2CC)c(C#N)c1C,P00533,
CCCSc1nc(N)c(C#N)c(C(=O)c2cccc3ccccc23)c1C#N,P00533,
Cc1nc(N2CCN([C@H]3CCCC[C@H]3O)CC2)cc(-n2cccn2)n1,P00533,
CCc1nc(SCC(=O)O)c2cc(C)sc2n1,P00533,
O=C(CSc1nc(=O)n(Cc2ccccn2)c2c1CCC2)Nc1nccs1,P00533,
COc1ccc(-c2nn(-c3ccccc3)cc2CN2CCC[C@H](OC)C2)c(F)c1,P00533,
COc1cc(CCC(=O)N[C@@H](C)Cn2nc3c(C)cc4ccccc4n3c2=O)on1,P00533,
Fc1ccc(-c2cccc(CN3CCc4nnc([C@H]5CCCN5)n4CC3)c2)cc1,P00533,
COc1ccnc(CN2[C@@H]3CC[C@H]2[C@H]2CNC[C@H]23)c1OC,P00533,
O=C1CN(C(=O)OCC2c3ccccc3-c3ccccc32)[C@@H](C(=O)O)CN1,P00533,
CC(C)N(C)C(=O)CN1CCOc2c(O)cc(-c3cccc(Cl)c3)cc2C1,P00533,
CCCN(C)c1nccn2c(=O)n(CC(=O)Nc3ccc(C)cc3)nc12,P00533,
O[C@]1(Cn2ccnn2)CCN(Cc2cc(Cl)cc3c2OCC3)C1,P00533,
CC(=O)Nc1ccccc1SCC(=O)N1C[C@@H](Cc2cc(C)n[nH]2)[C@@H](O)C1,P00533,
CCCNc1cc(C)nc2cc(-c3ccccc3OC)nn12,P00533,
CCc1cc(Nc2ccc(CC(=O)N3CCOCC3)cc2)nc(-c2ccncc2)n1,P00533,
Cc1cc(C(=O)N2C[C@H]3C[C@@H](Oc4ccc(F)cc4)[C@H](O)C[C@H]3C2)no1,P00533,
Cc1ccc(OCC2CCN(c3cncc(C)n3)CC2)nn1,P00533,
Cc1ccc(O[C@H]2CCCN(C(=O)CC3CCCC3)C2)nn1,P00533,
COc1ccc(C(=O)NC[C@@H](c2ccc3c(c2)OCO3)N2CCN(c3ccc(F)cc3)CC2)cc1,P00533,
CCn1cnnc1CNC(=O)NC[C@H](C)Oc1ccccc1C,P00533,
O=C(c1ccnc(N2CCOCC2)c1)N1CCC[C@]2(C[C@@H](Oc3ccccc3Cl)CO2)C1,P00533,
CC(C)n1cnnc1CN(C)C(=O)Nc1ccccc1CCc1ccccn1,P00533,
O=C(CSc1nnc2n3ncnc3c3c4c(sc3n12)CCCC4)c1ccccc1,P00533,
NC(=O)[C@@H]1CCN(C(=O)c2cc(-c3cccc(F)c3)no2)C1,P00533,
Cc1ccc(NC(=O)CSc2nnnn2-c2ccc3c(c2)OCO3)c(C)c1,P00533,
COC[C@@]1(CC(N)=O)CN(C(=O)C2CCC(F)(F)CC2)CCO1,P00533,
C[C@H](NC(=O)c1ccc2c(c1)NC(=O)CCS2)c1cccc(Cl)c1,P00533,
COc1ccc(N2C[C@H](c3nc4ccccc4n3C[C@H](O)COc3ccc(C)cc3C)CC2=O)cc1,P00533,
C[C@@H](O)CN1CCN(C(=O)CCc2ccc(-c3ccccc3)o2)CC1,P00533,
CCc1ccc(NC(=O)[C@@H]2Sc3nnc(-c4ccccc4)n3N[C@@H]2c2ccc(OC)cc2)cc1,P00533,
Cc1ccc(NC(=O)Cn2cccc(-c3nc(-c4ccc(Br)cc4)no3)c2=O)cc1F,P00533,
NC(=O)C[C@@H](c1ccccc1)c1oc(CN2C[C@H]3C[C@@H](C2)c2cccc(=O)n2C3)cc(=O)c1O,P00533,
CCNc1ccc(S(=O)(=O)N(C)C)cc1NC(=O)c1ccc(F)cc1Cl,P00533,
Cc1ccc(S(=O)(=O)N2CCC(C(=O)NC3CCSCC3)CC2)cc1,P00533,
C[C@H](CCc1ccccc1)NC(=O)N[C@H]1CC(=O)N(c2ccc(F)cc2)C1,P00533,
Cc1ncsc1CCC(=O)Nc1ccc2c(c1)N(C)C(=O)[C@@H](C)O2,P00533,
CC(C)c1noc([C@@H](Nc2ncc(C(N)=O)cc2Cl)C2CCOCC2)n1,P00533,
Cc1cc(C)cc(NC(=O)CSc2nnc3c4c(C)c(C)sc4ncn23)c1,P00533,
COc1cccc(-c2cc(N3CCN(S(=O)(=O)c4ccccc4)CC3)ncn2)c1,P00533,
Cc1cc(Cl)c2c(c1)[C@@H](NCc1cncn1C)CCCO2,P00533,
CC[C@@H](C)C(=O)Nc1cc(-c2nnc(C)o2)ccc1OC,P00533,
Cc1cc(-c2ccc(C#N)cc2)ccc1S(=O)(=O)N1CCCCC1,P00533,
Nc1ncc2c(n1)[C@@]1(CCCN(C(=O)c3cnc4c(c3)CCCC4)C1)CC2,P00533,
O=C(c1cc(-n2cnnn2)ccc1O)N1CCN(C2CCOCC2)CC1,P00533,
C[C@H](C(=O)Nc1cccc(C#N)c1)N(C)Cc1ccccc1N1CCOCC1,P00533,
Cc1cc(-c2nc3ccccc3[nH]2)ccc1NC(=O)c1cccc(F)c1,P00533,
O=C(c1cc2sccc2n1Cc1ccc(F)cc1)N1CCN(Cc2ccccc2)CC1,P00533,
C[C@@H](SC1=Nc2ccccc2C2=NC(=O)[C@H](Cc3ccccc3)N12)C(=O)Nc1ccc(F)cc1,P00533,
COC(=O)C1(CNC(=O)c2scc(C)c2Br)CC1,P00533,
Cc1nc(COCc2ccccc2)sc1C(=O)O,P00533,
COc1coc(C(=O)Nc2ccccc2SC)cc1=O,P00533,
COCCN(Cc1cccs1)C(=O)c1nnn2cc(C)[nH]c(=O)c12,P00533,
COc1ncccc1NC(=O)C[C@H](CN1CCN(Cc2ccccn2)CC1)C(=O)O,P00533,
C[C@@H](CNC(=O)c1cnc2c(c1)nnn2C)N1CCc2ccccc2C1,P00533,
Cc1ccc(-c2nc(CNC(=O)COc3ccc(F)cc3)cs2)cc1,P00533,
COc1ccc(OC)c(N(CC(=O)Nc2ccc(OC)c(Cl)c2)S(C)(=O)=O)c1,P00533,
Fc1cc(-c2nc(C(F)(F)F)c[nH]2)ccc1Br,P00533,
Cc1ccc(NC(=O)c2ccc(S(=O)(=O)NC[C@H]3CCCO3)cc2)c(Br)c1,P00533,
CCc1noc(C)c1C(=O)N[C@@H](C)c1ccc(OC)c(OC)c1,P00533,
O=C(O)c1ccc(SCc2ccccc2)cc1,P00533,
COc1cc(C(=O)O[C@H](C)C#N)cc(OC)c1Br,P00533,
Cc1scnc1C(=O)Nc1ccc(C(C)(C)C)c(Cl)c1,P00533,
CC(=O)N1CCN(C(=O)c2cccc(-n3cncn3)c2)CC1,P00533,
O=C(CCC(=O)N1CCN(c2ccccn2)CC1)NCCc1c[nH]c2ccccc12,P00533,
CCOc1ccccc1NC(=O)n1ncc2cc(Cl)ccc21,P00533,
COCC(=O)Nc1cccc(NC(=O)N2CCC(=O)NC[C@H]2C)c1C,P00533,
O=C(Nc1c(C(=O)Nc2ccc(F)cc2)oc2ccccc12)c1ccc2c(c1)OCO2,P00533,
Cc1cccc(Nc2cncc([C@@H]3CCCN3CC(=O)N(Cc3ccccc3)C(C)C)n2)n1,P00533,
CCN(Cc1nnc(Cc2ccccc2)o1)c1c(N)n(Cc2ccccc2)c(=O)[nH]c1=O,P00533,
CN(C[C@H](O)COCc1ccccc1)c1ccc(F)cn1,P00533,
Cc1ccc(NC(=O)COc2cccc(C)c2C)c(Br)c1,P00533,
COc1cc(C(=O)O)ccc1-c1ccc(C(=O)N(C)[C@@H](C)CC(N)=O)cc1,P00533,
COc1ccc(CNC(=O)C2CCN(c3cc(Sc4cccc(F)c4)ncn3)CC2)c(OC)c1,P00533,
CCCCN1C(SCC(=O)Nc2ccc(Cl)cc2)=NS(=O)(=O)c2ccccc21,P00533,
Cc1cccc([C@H]2CCCN2C(=O)Nc2ccccc2)c1,P00533,
CCC(=O)N1CCCC[C@H]1C(=O)N1CCN(C(=O)[C@H]2CCCN2C)CC1,P00533,
Cc1ncc(CO)c([C@H]2CCCN(C(=O)c3noc(C)c3CN3CCOCC3)C2)n1,P00533,
O=C(N[C@@H]1CCCNC1=O)c1ccnc(Cc2cccc(F)c2)c1,P00533,
O=C(O)c1ccc(F)c(S(=O)(=O)Nc2cc(-c3ccccc3)n[nH]2)c1,P00533,
COC(=O)c1cc(F)c(C)c(Br)c1,P00533,
CCCn1c(=O)c2ccc(C(=O)NCC(C)C)cc2n2c(=O)n(Cc3cccc(C(F)(F)F)c3)nc12,P00533,
CCOc1ccccc1CNC(=O)c1cc(-c2cccnc2)nc2ccccc12,P00533,
O=C(c1cccc(F)c1)N1CCN(C(=O)c2cc3n(n2)[C@H](C(F)(F)F)C[C@@H](c2ccco2)N3)CC1,P00533,
C[C@H]1CCc2nc(NC(=O)c3ccc(S(=O)(=O)N(C)Cc4ccco4)cc3)sc2C1,P00533,
O=C(CCC(=O)c1ccccc1)NCc1coc(-c2cccs2)n1,P00533,
Cn1cc(CC(=O)N2CCc3[nH]cnc3C2)c2ccccc21,P00533,
COCC(=O)Nc1cc(NC(=O)C[C@@H](C)c2ccccc2)ccc1OC,P00533,
Cc1ccccc1Cn1ccc(=O)n(CC(=O)Nc2cccc(C)c2C)c1=O,P00533,
CC(=O)N1CCC2(CC1)C[C@](C)(O)[C@@H](NC(=O)c1cc3ccccc3s1)CO2,P00533,
COc1cc(S(=O)(=O)N2C[C@H](O)[C@@H](N3CCCCC3)C2)c(C)cc1C,P00533,
COc1cc(OC)nc(-c2cccc3ncccc23)n1,P00533,
O=S(=O)(c1cncc(F)c1)N1CCC[C@H]1Cc1ccccc1Cl,P00533,
Cc1c(Br)ccc(NC(=O)c2ccc(F)cc2)c1C,P00533,
COc1ccc(NC(=O)c2nc(-c3ccccc3)n(-c3ccc(C)cc3)n2)cc1,P00533,
CC1=C(c2ccc(C)cc2)S(=O)(=O)N=C1N(Cc1ccccc1)C(C)C,P00533,
CCOC(=O)C1CCN(C(=O)[C@H]2CCCN2C(=O)c2ccc3[nH]c(Cc4ccccc4)nc3c2)CC1,P00533,
CCn1c([C@@H]2C[C@H](OC)CN2c2ncnc3ccc(F)cc23)n[nH]c1=O,P00533,
O=C(c1ccc([C@H]2CCCNC2)cc1)N1CCN(c2ccncc2)CC1,P00533,
C[C@@H](Oc1ccc(F)c(F)c1)C(=O)N1CCC[C@@H]1c1ccncc1,P00533,
CCc1c(NC(=O)[C@@H]2CCCO2)cnn1-c1cccc(C)c1,P00533,
C[C@H]1Cc2cc(-c3cc(CC(=O)NCc4ccncc4)no3)ccc2O1,P00533,
CCN(CC)S(=O)(=O)c1ccc(NC(=O)c2ccc(N(C)S(=O)(=O)c3ccccc3)cc2)cc1,P00533,
Cc1cn2c3c(=O)[nH]c(=O)n(C)c3nc2n1-c1cccc(O)c1,P00533,
Cc1ccc(C)n1CC(=O)NC[C@H](C)NC(=O)c1cccc(F)c1,P00533,
CCn1cc(Cl)c(C(=O)N2CCC[C@@H](c3ccnn3CC(=O)O)C2)n1,P00533,
CCOc1ccccc1N1CCN(C(=O)C2CCN(Cc3ccc(Cl)c(Cl)c3)CC2)CC1,P00533,
O=C1CN(C(=O)c2ccc(-c3ccccc3)cc2F)CCN1,P00533,
COc1cccc(C(=O)C[C@]2(O)C(=O)N(CCc3ccccc3)c3ccccc32)c1,P00533,
CC[C@@H](O)[C@@H](N)c1c(F)cccc1C(F)(F)F,P00533,
Cc1cc2oc3c(c(=O)c2cc1C)[C@H](c1cccc(O)c1)N(CCCN(C)C)C3=O,P00533,
CCOC(=O)c1cccc(NC(=O)N[C@@H]2CCN(c3ccc(F)cc3)C2=O)c1,P00533,
CC(=O)c1nc(NC(=O)C2CC2)sc1C,P00533,
CCc1cc(Cl)cnc1NS(=O)(=O)c1cnn(C2CCC2)c1,P00533,
CCC(=O)Nc1nnc(COc2cccc(C)c2)s1,P00533,
Cc1nnc(C(=O)Nc2ccc(C(=O)NC(C)C)cc2)s1,P00533,
CCCNC(=O)C1CCN(c2nn3cc(-c4ccc(OC)cc4)nc3s2)CC1,P00533,
COc1ncccc1CNC(=O)c1cnc2ccc(Cl)cc2c1,P00533,
Cc1c[nH]c(CCC(=O)N[C@@H](C)c2nc3cc(Cl)c(Cl)cc3[nH]2)n1,P00533,
CCc1ccc(C(=O)N2CCN(c3cc(CC)n4c(C)nnc4n3)CC2)cc1,P00533,
CCc1nccn1CCC(=O)N1CC[C@H](Cc2cccc(C(=O)O)c2)C1,P00533,
CCOC(=O)CN(C(=O)CSc1nnc(-c2ccccc2C)o1)c1ccc(F)cc1,P00533,
N#CC[C@@H]1CN(Cc2ccccc2)CCN1,P00533,
OCC(CO)Nc1ccc2ccc(Cl)c(Cl)c2n1,P00533,
O=C(NCCN1CCOCC1)C1CCN(C(=O)c2cccc(F)c2)CC1,P00533,
COc1cc(C)c(NC(=O)[C@H](Cc2ccccc2)N(C)C)cc1OC,P00533,
CSc1cc(-c2ccc(Cl)cc2)[nH]c(=O)c1C#N,P00533,
CN(C)C[C@@]1(O)CCN(c2nc(C3CCCCC3)ns2)C1,P00533,
CN(Cc1ccccc1N1CCCC1)C(=O)Cn1c(=O)oc2ccccc21,P00533,
COCCn1nc(C(=O)N[C@H](C)c2ccccn2)ccc1=O,P00533,
O=C(NCC(=O)N1CCc2sccc2[C@H]1c1cccs1)c1ccc(Br)o1,P00533,
O=C(Cn1cccc(S(=O)(=O)N2CCCCCC2)c1=O)Nc1cc(F)ccc1F,P00533,
O=C(NC[C@@H](O)c1ccccc1F)[C@H]1CCCN1Cc1ccccc1,P00533,
Cc1nccn1CCCC(=O)N1[C@@H]2CC[C@H]1C[C@@](O)(Cn1ccc3ccncc31)C2,P00533,
O=C(CCc1cccc(Cl)c1)N1CC[C@H]2CCN(c3ncccc3F)C[C@@H]21,P00533,
CCc1ccc(CNC(=O)CNC(=O)[C@]2(C)Cn3c(cc4ccccc43)C(=O)N2C)cc1,P00533,
Cc1ccccc1Cn1c(CN2CCN(c3ccccc3F)CC2)nc2c1c(=O)n(C)c(=O)n2C,P00533,
COc1cc(F)c(C(=O)N2CCC[C@H](c3nccn3C(C)C)C2)c(F)c1,P00533,
COc1cccc(C(=O)NCC(=O)N2CCC(c3ccc(C)nc3)CC2)c1,P00533,
Cc1ccc(NC(=O)[C@@H]2CC(=O)N(c3n[nH]c4cccc(F)c34)C2)cc1C,P00533,
O=C(CSc1nnnn1C1CCCC1)N1c2ccccc2OC[C@H]1c1ccccc1,P00533,
Cc1ccccc1-c1cccc([C@@H]2NCCc3[nH]cnc32)c1,P00533,
Cc1cc(NC(=O)c2ccc(CSc3nnc(C)n3C)cc2)ccc1Cl,P00533,
Cc1ncc(C(=O)N2CCCN(c3ccncc3C)CC2)c(-c2ccccc2)n1,P00533,
Cn1ncc2c(-c3cccc(S(C)(=O)=O)c3)cccc21,P00533,
CCCNC(=O)c1cc2ccccc2c(=O)n1CCC,P00533,
CCO[C@H](C)c1ccc(-c2ncccn2)cc1,P00533,
O=C(Nc1ccc(Br)cc1)c1nc[nH]c1C(=O)Nc1ccc(Br)cc1,P00533,
Fc1ccc(-c2nnn(Cc3cccc(F)c3)n2)cc1,P00533,
CCOC(=O)[C@@H](C)[C@H](O)C(F)(F)F,P00533,
O=c1[nH]c(=O)c2cc(-c3cccc(OCc4ccccc4)c3)ccc2[nH]1,P00533,
N#Cc1cc(-c2cccc(OCc3ccccc3)c2)ccc1F,P00533,
CCCOc1ccc([C@@H]2c3c(-c4ccccc4O)n[nH]c3C(=O)N2CC)cc1OCC,P00533,
CCn1nc(C(F)F)c(C(=O)O)c1C,P00533,
CCn1cc(C=C2Sc3nnc(C)n3N=C2c2ccc(F)cc2F)cn1,P00533,
C[C@@H](CN(C)C(=O)c1cccn(CC(=O)N(C)C)c1=O)c1ccccc1,P00533,
CN1[C@@H]2CCC[C@H]1C[C@H](NC(=O)c1ccc(-c3noc(C(F)(F)F)n3)cc1)C2,P00533,
O=C(NCCc1cccs1)C1CCN(c2nc3ccccc3o2)CC1,P00533,
COCc1cccc(-c2ccc3ncnc(C)c3c2)c1,P00533,
COc1ccc(NC(=O)CSc2ccccc2O)cn1,P00533,
CCCN1CCC(Cc2noc(-c3ccc4[nH]c(=O)[nH]c4c3)n2)CC1,P00533,
CN(Cc1c(F)cccc1Cl)S(=O)(=O)c1ccc2c(c1)CCN2C(N)=O,P00533,
CCSC1=N[C@@H]2CS(=O)(=O)C[C@@H]2N1c1cc(C(F)(F)F)ccc1Cl,P00533,
Cc1nn(C)cc1CN(C)C(=O)[C@@H](C)n1nc(C(F)(F)F)c(Br)c1C1CC1,P00533,
COC(=O)c1sc(NC(=O)[C@H](CCSC)n2cccc2)nc1C,P00533,
Fc1cccc(-c2nc(CN3CCO[C@H](Cn4cncn4)C3)co2)c1,P00533,
N#Cc1c(F)cc(C2(O)CCC2)cc1F,P00533,
COC(=O)c1ccncc1-c1ccc(C)o1,P00533,
O=C(Nc1cc(-c2ccco2)nn1-c1nc(-c2ccccc2)cc(=O)[nH]1)C1CC1,P00533,
C[C@@](O)(CNC(=O)Nc1ccc(F)cc1)c1cccs1,P00533,
O=C(CC[C@H]1N=C(O)N(Cc2ccc3c(c2)OCO3)C1=O)NCc1ccccn1,P00533,
COc1cccc(NC(=O)NC2CCN(C[C@H]3CCCO3)CC2)c1,P00533,
O=C(CC1CCOCC1)NC[C@H]1CCC2(CCN(c3cc(C(F)(F)F)ncn3)CC2)CO1,P00533,
O=C(c1cncc(Br)c1)N1CCC(C(=O)N2CCOCC2)CC1,P00533,
COc1ccc(CN2CCC[C@@H](CCC(=O)N(C)C3CCN(C)CC3)C2)c(F)c1,P00533,
C[C@H](O)c1ncc(CNc2cccc(CC(=O)O)c2)s1,P00533,
CC(=O)Nc1cccc(-n2nnnc2S[C@@H](C)c2nc(C)no2)c1,P00533,
CC(C)c1noc([C@@H](C)NC(=O)c2cc3ccccc3n2C)n1,P00533,
C[C@@H](c1ccccc1[C@H](O)c1ccccc1)N(C)C,P00533,
O=C(c1ccc(Cl)cc1F)N1CCO[C@H](c2ccccc2)C1,P00533,
COc1ccc(-c2ccc(SCc3ccccn3)nn2)cc1OC,P00533,
CCOc1cc2c(cc1CNC(=O)c1cc(=O)[nH]c(C)n1)O[C@@H](C)C2,P00533,
CN(C)CC(=O)NC[C@H]1OCCc2cn(CC3CCOCC3)nc21,P00533,
O=C(c1ccc(Cl)cc1)N1C[C@@H](C(F)(F)F)C[C@H](C(F)(F)F)C1,P00533,
Cc1nnc(-c2ccccc2NC(=O)[C@@H]2[C@H](C(=O)O)C2(C)C)o1,P00533,
CNC(=O)[C@H]1CC2(CCN(c3ccc(C#N)c(C(F)(F)F)c3)CC2)CN1C(=O)COC,P00533,
CCC[C@H](C)C(=O)Nc1ccccc1F,P00533,
CC[C@H](O)[C@H](NC(=O)OCC1c2ccccc2-c2ccccc21)C(=O)O,P00533,
Cc1cc(O[C@@H](C)C(=O)Nc2sc(C)c(C)c2C(N)=O)ccc1Cl,P00533,
CC(C)(C)c1nc(CC(=O)N2CCC[C@H](C(=O)O)C2)cs1,P00533,
COC(=O)c1cn(CCCc2nc(-c3ccc(Cl)cc3)no2)cc2c(=O)[nH]nc1-2,P00533,
O=C1C[C@H](C(=O)N2CCC[C@@H]2CN2CCCC2)CN1c1cccc2ccccc12,P00533,
CCCSc1ncc(CN2CCCn3nc(C#N)cc3C2)cn1,P00533,
COc1ccc(CN[C@H](C)CO)cc1O,P00533,
CC(C)C(=O)N1CC[C@@]2(COCc3cnc(NCc4ccco4)nc32)C1,P00533,
Cc1nscc1C(=O)N1CCC[C@@H](c2[nH]ncc2CN2CCOCC2)C1,P00533,
CCc1c(C)nn(-c2nc(-c3ccccc3)cs2)c1O,P00533,
Cc1ccccc1NC(=O)c1ccn(COc2ccc(Cl)cc2)n1,P00533,
Cc1cc(N2CCN(C)CC2)cc2nc(-c3ncc[nH]3)[nH]c12,P00533,
CN1C(=O)C(CC(=O)Nc2ccccc2F)=C2CCCC[C@H]21,P00533,
COC[C@H]1CCN(c2ccc(-c3nc(Cc4ccccc4)no3)cn2)C1,P00533,
O=C([C@@H]1COc2cc(S(=O)(=O)NCc3cccs3)ccc2O1)N1CCOCC1,P00533,
O=C(COc1ccccc1Cl)Nc1ccc2nn(-c3ccccc3)nc2c1,P00533,
Cc1ccc(S(=O)(=O)NCCc2sc(-c3ccccc3)nc2C)cc1,P00533,
COc1ccc2c(c1)[C@@H](NCc1nnc3n1CCCC3)CCCS2,P00533,
N#Cc1ccccc1CN1CCCN(c2cccc(NC(=O)c3cccs3)c2)C1=O,P00533,
CCOc1cc2c(cc1CNc1ccc3c(c1)nc(CO)n3C)O[C@@H](C)C2,P00533,
O=C(O)C1CCC(Cn2c(=O)[nH]c3ccccc3c2=O)CC1,P00533,
Cc1nn(S(=O)(=O)c2ccc(Cl)cc2)c(C)c1CS(=O)(=O)c1ccccc1,P00533,
O=C1[C@@H](n2cc([C@H]3CCCNC3)nn2)CCN1c1ccc(F)cc1,P00533,
Fc1ccc(Cc2nc3nccc(-c4ccncc4)n3n2)cc1,P00533,
Cc1nc2cc(C(=O)NC3CC(F)(F)C3)ccc2n1C,P00533,
C[C@H](CNC(=O)C1CCCCC1)Oc1cccc(CN(C)Cc2cccs2)c1,P00533,
Cn1nc(-c2cccnc2)nc1[C@H]1CC[C@@H](O)[C@H](NS(=O)(=O)c2ccccc2)C1,P00533,
Cc1ccc(C2=NN=C3CCCC[C@H]3CC2)cc1,P00533,
Cc1ccc(N2C[C@@H](NC(=O)Cc3ccccc3)CC2=O)cc1C,P00533,
CN(C)CCN(Cc1cccc(O)c1)C(=O)[C@@H]1COc2ccccc2O1,P00533,
FC(F)(F)c1ccc(N2CC[C@@H](COc3ccc(C4CC4)nn3)C2)cn1,P00533,
O=C(NCC1CCN([C@@H]2CCOC2)CC1)c1cc(-c2ccccc2)on1,P00533,
CC[C@H](NC(=O)c1cc(C)c(C)c(S(N)(=O)=O)c1)c1ccnn1C,P00533,
C[C@@H]1C[C@@H]1c1nc(-c2cccc(S(N)(=O)=O)c2)no1,P00533,
COCC(=O)N1CCC(Cc2cc(-c3cncc(C(=O)O)c3)ncn2)CC1,P00533,
Cc1ccn(CC(=O)N2CCC[C@H](C(=O)Nc3cccc(-c4ccc(F)cc4)c3)C2)n1,P00533,
COc1ccc(CCn2c(=O)c3ncccc3n(CC(=O)Nc3ccc(C)cc3)c2=O)cc1OC,P00533,
CCC[C@H]1CCC[C@@H]1C(=O)NCCc1ccc(S(N)(=O)=O)cc1,P00533,
CC(C)[C@H]1CN(c2ncccc2C(=O)O)CCC(=O)N1Cc1ccc(F)cc1,P00533,
CN1[C@H]2CC[C@@H]1CN(C(=O)CN1CCN(Cc3ccccc3)CC1)CC2,P00533,
CC(C)c1ccc(OC[C@H]2CCCNC2)c(Cl)c1,P00533,
CCOc1ccc(CC(=O)N2CCC[C@H]2c2cc(C(C)C)no2)cc1,P00533,
Cc1ccc2c(c1)CN(S(C)(=O)=O)CC1(CCN(CC(=O)N(C)C)CC1)O2,P00533,
COc1ccc2[nH]c(=O)c(CN(Cc3nnnn3C[C@H]3CCCO3)C3CCCCC3)cc2c1,P00533,
CCn1ncnc1CNc1ccc(OC)nc1OC,P00533,
Cc1noc(C)c1S(=O)(=O)N1Cc2cc(-c3cccc(F)c3)ccc2OC[C@@H]1C,P00533,
Cc1cccc(NC(=O)CNC(=O)Cn2nnc3ccccc3c2=O)n1,P00533,
CC(C)c1nc(CN(C)C(=O)N[C@H]2CCCN(c3cnccn3)C2)cs1,P00533,
C[C@@H](NC(=O)c1cccc(-n2cncn2)c1)c1ccncc1,P00533,
CC(C)Cc1nnc(NC(=O)[C@H]2CCCN2S(C)(=O)=O)s1,P00533,
Cc1cccc2c1OC[C@@H](NC(=O)N1CCC3(CC1)CNC(=O)C3)C2,P00533,
Cc1nn(CCCC(=O)N2CCN(c3cccc(Cl)c3)CC2)c(=O)c2c1sc1ccccc12,P00533,
COC[C@@H]1CCCN(c2cc(C)nc3c(S(=O)(=O)NCc4cnn(CC(C)C)c4C)cccc23)C1,P00533,
COc1ccc(OC)c(C(=O)[C@@H]2CC(=O)Nc3c2c(C)nn3-c2cccc(C)c2)c1,P00533,
COCC(=O)Nc1c[nH]nc1[C@@H]1CCCN(Cc2cn3cc(Cl)ccc3n2)C1,P00533,
CC(C)c1ccc(S(=O)(=O)c2ccc(=O)n(CC(=O)Nc3ccccc3C(F)(F)F)n2)cc1,P00533,
COc1ccc(C(=O)NCCc2cn[nH]c2)cc1C,P00533,
COc1ccc(CCC(=O)Nc2n[nH]c(CCc3c[nH]c4ccccc34)n2)cc1,P00533,
COc1ccc(N2C[C@H](C(=O)N3CCCNCC3)CC2=O)cc1OC,P00533,
COc1ccc([C@H]2CCCN2c2ccc3nccnc3n2)cc1,P00533,
NC(=O)NCc1ccc(C(=O)OCC(=O)c2ccc3c(c2)COC3)cc1,P00533,
CCOC(=O)c1ccc(NC(=O)CSc2nnc(-c3cccc(C)c3)n2CC)cc1,P00533,
CC(=O)N1CCc2cc(S(=O)(=O)Nc3cc(C(F)(F)F)ccc3N3CCOCC3)ccc21,P00533,
CCc1cc(CN2CCCn3nc([C@@H](O)c4ccccc4)cc3C2)on1,P00533,
CCOc1cc(-c2ccc(S(N)(=O)=O)cc2F)ccc1C#N,P00533,
CC(=O)c1cccc(C(=O)NCc2cc(Cl)cc(Cl)c2)c1,P00533,
O=C(c1ccc(N2CCCC2=O)cc1)N1CCC[C@H](n2cccn2)C1,P00533,
COC(=O)c1c(C2CC2)noc1Br,P00533,
COc1ccc2c(C)c(C(=O)N3C[C@@H](Cc4cc(C)no4)[C@@H](O)C3)oc2c1,P00533,
CC(=O)c1ccc(N2CCN(C(=O)[C@@H]3CCCN(S(=O)(=O)c4ccc(Br)s4)C3)CC2)cc1,P00533,
CCOCc1nc([C@H]2CCCN(C(=O)c3ccc(OC)cc3)C2)no1,P00533,
O=C(CN1CCCCC1)N(Cc1ccncc1)Cc1cccc(O[C@H]2CCOC2)c1,P00533,
O=C(Nc1ccc(F)cc1F)N1CCC([C@@H](O)c2cccs2)CC1,P00533,
CCN(CC)S(=O)(=O)c1ccc(C(=O)Nc2nc3ccc4nc(SC)sc4c3s2)cc1,P00533,
COc1ccc(C(=O)N2CCc3ccccc3C2)cc1S(=O)(=O)NC(C)C,P00533,
O=C(NCc1ccc2c(c1)OCO2)N1CC[C@@H](Oc2ccncn2)C1,P00533,
CCOc1ccc(NS(=O)(=O)c2ccc(NC(=O)COc3cccc(C)c3)cc2)cc1,P00533,
O=C(N[C@@H]1C[C@H]1c1ccc(F)cc1)c1csc(-c2cnccn2)n1,P00533,
Cc1ccc2nc(CN(C)Cc3nc4ccccc4c(=O)[nH]3)cc(=O)n2c1,P00533,
N#Cc1nc(C=Cc2ccc(F)cc2)oc1N1CCN(S(=O)(=O)c2ccccc2Cl)CC1,P00533,
O=C(N[C@H]1CCN(CC(F)F)C1)c1ccc[nH]1,P00533,
Cc1n[nH]c(C)c1CCN(C)CCC(=O)Nc1cc(F)ccc1F,P00533,
COc1cc(C(=O)Nc2cnc(NC(=O)C3CC3)cc2C)cc(OC)c1OC,P00533,
CC(=O)c1ccc(NC(=O)CCc2ccc(C)o2)cc1,P00533,
c1ccc(-c2cc(CN3CCC[C@H](Cn4ccnc4)C3)on2)cc1,P00533,
CCn1ccnc1C1CCN(C(=O)c2cc3c(Cl)cccc3n2C)CC1,P00533,
CCOCC(=O)N1CCc2c(cn(-c3ccc(F)cc3)c(=O)c2C(=O)NC)C1,P00533,
Cc1noc(C)c1CNC(=O)NCc1ccco1,P00533,
COc1cccc(CNC(=O)[C@H](C)n2ccc3cc(S(=O)(=O)N4CCCCC4)ccc32)c1OC,P00533,
Cn1ccnc1COc1ccc(C(=O)NCc2ccc(CN3CCOCC3)cc2)cc1,P00533,
Cc1cccnc1NC(=O)c1nn(-c2ccccc2C(F)(F)F)c(C)cc1=O,P00533,
CCOC(=O)Cn1c(=O)c2c(nc3n(CC)c(C)c(C)n23)n(C)c1=O,P00533,
COc1cccc2c1CC[C@]2(N)C(=O)NCC1CCOCC1,P00533,
CCC(=O)Nc1c2c(nn1-c1ccc(C)cc1)CSC2,P00533,
Cc1nnc2ccc(-c3cccc(NC(=O)C4CC4)c3)nn12,P00533,
CC1(C)Cc2cc(CNC(=O)[C@@H]3CCC(=O)N(Cc4ccccn4)C3)ccc2O1,P00533,
O=C(NC[C@H](O)c1cccc(F)c1)c1ccc(-n2cccn2)c(F)c1,P00533,
Cc1ccc(S(=O)(=O)N2CCC[C@H]2c2ccccc2C)cc1C,P00533,
CC(C)(C)OC(=O)NC1CCN(c2nc(Br)cs2)CC1,P00533,
CCCCn1c2ccccc2c2nnc(SCC(=O)c3ccc(NC(C)=O)cc3)nc21,P00533,
CN(C)[C@@H]1CCN(CC(=O)NCCc2nc3ccccc3n2C)C1,P00533,
NC(=O)c1nn(CC(=O)N[C@@H](c2ccccc2)c2ccc(Cl)cc2)c(=O)c2ccccc12,P00533,
CCCNC(=O)N1CCN(c2cc(OC)ccc2OC)C(=O)[C@@H]1C,P00533,
COc1ccc2c(c1)C[C@H](C(=O)NCc1ccco1)CO2,P00533,
CC(C)(C)c1cn(C2CCN(S(=O)(=O)C3CC3)CC2)nn1,P00533,
Cn1ccnc1-c1cc(F)cc(C(=O)N2CCc3ccccc3CC2)c1,P00533,
NC(=O)c1ccccc1NC(=O)C1(c2cccs2)CCOCC1,P00533,
O=C(O)CCC(=O)Nc1nc(-c2ccncc2)cs1,P00533,
Cc1cc(F)c(F)cc1C(=O)NCc1c(Cl)cccc1Cl,P00533,
C(=Cc1cnc2ccccc2n1)c1ccc2c(c1)OCO2,P00533,
C[C@@H](OC(=O)CC[C@@H](N)C(=O)O[C@H](C)C(C)(C)C)C(C)(C)C,P00533,
Cc1ncc(CNC(=O)c2nc3cc(F)ccc3s2)n1-c1ccccc1,P00533,
CCOC(=O)C1CCN(C(=O)CSc2nnc(-c3cccs3)n2C[C@@H]2CCCO2)CC1,P00533,
COc1ccc(OC)c([C@H]2CCN(C(=O)c3cc4ccccc4nc3O)C2)c1,P00533,
C[C@@H]1CCCCN1S(=O)(=O)c1ccc(NC(=O)c2ccc(Cl)cc2Cl)cc1,P00533,
COCCN1C[C@@H]2CN(CC(=O)N3CCN(C(C)C)CC3)C(=O)N2[C@@H](CC(C)C)C1=O,P00533,
COc1ccc(-c2ccc(C(=O)N3CCC[C@@H](OCc4cccnc4)C3)o2)cc1,P00533,
Cc1cc(NC(=O)[C@@H](C)N2CCC[C@@H](c3ccnn3C)C2)no1,P00533,
Cc1ccc(N2C[C@H](c3nc(-c4ccc5c(c4)nnn5C)no3)CC2=O)cc1C,P00533,
Cn1nc(C(=O)NCc2ccccn2)c2ccccc21,P00533,
Cn1ccnc1SCCC(=O)N1CCC[C@H](c2n[nH]c(=O)o2)C1,P00533,
C/C(=C/c1ccccc1)CN1CCC[C@H]1c1nc(O)cc(-c2ccccn2)n1,P00533,
COc1ccc(NC(=O)c2cn(CCNC(=O)Cc3cccc(F)c3)nn2)cc1,P00533,
CC1(C(=O)N2CCC[C@H]2c2ccnc(-c3cccc(Cl)c3)n2)CCN(S(C)(=O)=O)CC1,P00533,
O=C(N[C@H]1CCCN(Cc2ccc(Br)cc2)C1)c1ccncc1,P00533,
COc1cn(-c2ccccc2)nc1C(=O)N[C@H]1CCN2CCCC[C@H]12,P00533,
Cc1nc(-c2ccco2)sc1CNC(=O)Cc1cn(C)c2ccccc12,P00533,
CC(=O)NC[C@H]1[C@H]2C[C@H](CN(c3noc(C4CCC4)n3)C2)[C@@H]2CCCC(=O)N21,P00533,
COC(=O)c1cn(C[C@H](c2ccc(F)cc2)c2c[nH]c3ccccc23)cc2c(O)nnc1-2,P00533,
O=S(=O)(Nc1cc(-c2ccoc2)no1)c1cccc(Cl)c1,P00533,
CC(=O)NC[C@@H](NC(=O)c1ccc(N2CC[C@@H](O)C2)cc1)c1ccc(F)cc1,P00533,
Cc1ccc(C(C)C)c(OCc2nn3c(CN4CCCCC4)nnc3s2)c1,P00533,
COc1cccc(C(=O)[C@@H]2CC(=O)Nc3c2c(C)nn3-c2cccc(F)c2)c1,P00533,
CCOc1ncc(-c2ccc(F)c(F)c2)cc1N,P00533,
Cc1ccc(-c2ccc(=O)n(CC(=O)NCc3ccc(Cl)cc3)n2)cc1C,P00533,
Cc1nc2ccccc2n1CCNC(=O)[C@@H]1CC[C@H](C(=O)O)NC1,P00533,
C[C@H](CNC(=O)c1ccc(O)cc1F)CN1CCOCC1,P00533,
Cn1nccc1NC(=O)N1CC[C@H](Oc2cccnc2N2CCCC2)C1,P00533,
CN(Cc1cnn(-c2ccccc2)c1)C(=O)c1ccc(S(=O)(=O)NC[C@H]2CCCO2)cc1,P00533,
CN(Cc1cc(-c2cccs2)n[nH]1)c1ccnc(C(=O)NC2CC2)c1,P00533,
COc1ccc(-c2cc(=O)c3cc(F)ccc3o2)cc1,P00533,
COc1nccn2c(CNC(=O)CCc3cccc(Cl)c3)nnc12,P00533,
CN(C)[C@H]1CCCC[C@@H]1NS(=O)(=O)c1cccc2cccnc12,P00533,
O=C(CCC(=O)N1CC(=O)Nc2ccccc21)Nc1ccccc1N1CCCC1,P00533,
CCc1ccc(C(=O)N[C@@H](C)c2ccsc2)cc1,P00533,
C[C@H](CC(=O)Nc1cc(N2CCCC2)ccn1)Sc1ccc(Cl)cc1,P00533,
O=C(NCc1cc(F)ccc1Br)C1CCC(F)(F)CC1,P00533,
O=C(N[C@@H]1CCn2nccc2C1)c1cnn(-c2ccccc2)n1,P00533,
Cc1ccccc1CNC(=O)CN1CCCn2nc(C#N)cc2C1,P00533,
Cc1ccc(OC[C@@]2(O)CCCN(Cc3ccc(Cl)cn3)C2)cc1C,P00533,
COc1ccc(NC(=O)[C@H](C)c2ccccc2)c(F)c1,P00533,
CN1CCO[C@@H](CNC(=O)c2[nH]ncc2-c2ccncc2)C1,P00533,
Cc1cccc(-c2ccc(OC(F)(F)F)cc2C#N)c1,P00533,
NC(=O)c1ccc(NC(=O)COc2ccc(S(=O)(=O)N3CCCCCC3)cc2)cc1,P00533,
C[C@@H]1CN(S(=O)(=O)c2ccccc2Cl)CCO1,P00533,
C[C@H](C(=O)N(C)[C@H]1CCCN(Cc2ccccc2)C1)N1CCN(C)CC1,P00533,
COc1ccccc1N1C[C@@H](c2nc3ccccc3n2C[C@@H](O)COc2c(C)cccc2C)CC1=O,P00533,
COC(=O)c1cc(-c2cc(F)cc(F)c2)no1,P00533,
Cc1cnccc1-c1ccc(C(=O)N2CCC[C@H](c3cc(O)ncn3)C2)cc1,P00533,
Cc1ccc(CNC(=O)c2c(F)cccc2Br)o1,P00533,
CCOc1ccccc1C(=O)N1CCc2c(c(-c3nc(C4CC4)no3)nn2C)C1,P00533,
CCn1ncc2cc(NC(=O)[C@H](C)C3CCCCC3)ccc21,P00533,
Cc1ccc(C(=O)NCc2ccc(N3CCCC3)nc2)s1,P00533,
CCCN(CC(=O)N(Cc1ccccc1)C1CCN(C(=O)C(C)(C)C)CC1)S(=O)(=O)c1ccccc1,P00533,
COC(=O)N[C@@H](C)C(=O)NCC1(c2ccc(F)cc2)CCCC1,P00533,
COC(=O)c1ncc(C)cc1C(F)(F)F,P00533,
Cn1c(=O)n(C)c2cc(NC(=O)CSc3nnc(N)s3)ccc21,P00533,
CCOC(=O)c1ccc(Cl)cc1OC,P00533,
CCn1c(SCC(=O)NCc2cccs2)nc2cc(S(=O)(=O)N3CCOCC3)ccc21,P00533,
Cc1cc(C(=O)N2CCc3nnc(-c4ccccc4)n3CC2)c(=O)n(C)c1C,P00533,
COc1ccc(C(=O)N2CCCC[C@H]3NCC[C@H](c4ccccc4)[C@H]32)c(OC)c1,P00533,
O=C(Nc1cc2ccccc2nc1C1CCCCC1)c1cccnc1,P00533,
CS(=O)(=O)N1CCC(C(=O)Nc2ccc(OC(F)F)c(Cl)c2)CC1,P00533,
CN(C(=O)CCc1cnn(-c2ccccc2)c1)[C@@H]1CCS(=O)(=O)C1,P00533,
COc1ccc(C)cc1NC(=O)CN(c1ccc(C)c(Cl)c1)S(=O)(=O)c1ccccc1,P00533,
Cc1ccc(Cc2cccc([C@H]3CCCN3C(=O)C3CCCC3)n2)cc1,P00533,
O=C(N[C@@H](Cc1ccccc1)C(=O)N1CCOCC1)[C@@H]1CCC(F)(F)C1,P00533,
COc1ccc(CN2CCN(Cc3nc4ccccc4[nH]3)C[C@H]2CCO)c(C)c1C,P00533,
CC(C)C(=O)N1CCC[C@@H](Cc2cccc(Nc3ccccn3)n2)C1,P00533,
COc1cccc(Oc2ccc(NC(=O)C3CCN([C@H]4CCS(=O)(=O)C4)CC3)cn2)c1,P00533,
Cc1cc(N(Cc2ccnn2C)C[C@@H](C)c2ccccc2)ncn1,P00533,
COc1cc(C(=O)N[C@H]2C[C@H]3CC[C@@H](C2)N3C)c(Br)cn1,P00533,
O=C(NC1CC1)c1nnn(-c2cccc(C(F)(F)F)c2)c1C1CC1,P00533,
Cc1cccc(-n2cnc3cc(C(=O)Nc4ccc(CNC(N)=O)cc4)ccc32)c1,P00533,
CC(C)Oc1ccc(CN2CCc3nnc([C@@H](C)NC(=O)COc4ccccc4)n3CC2)cc1,P00533,
Brc1cnc(NC[C@@H]2CCc3nccn3C2)nc1,P00533,
COc1ccc(CC(=O)c2ccc(C)c(C)c2)cc1,P00533,
CNC(=O)[C@@H]1CC(=O)N(c2cccc(SC)c2)C1,P00533,
Cc1cc(C)n(-c2cc(N3CCC[C@@H](C(=O)NCc4sc(C)nc4C)C3)ncn2)n1,P00533,
CSc1ccc(CCNC(=O)[C@H](C)N2C(=O)CCn3nc(C)cc32)cc1,P00533,
COCC[C@@]1(CO)CCCN(c2nccc(C(F)(F)F)n2)C1,P00533,
Cc1nc2ccc(C(=O)N[C@@H](C)CN3CCCC3=O)cc2n1C,P00533,
Cc1nn(C)c(C)c1[C@H](C)C(=O)N[C@@H](C)c1cc2c(cc1Br)OCCO2,P00533,
Cc1ccc(-c2ccc3ncccc3c2C)c(F)c1F,P00533,
C[C@@]1(F)CCCCN(C(=O)Cc2[nH]ncc2C(=O)N2CCCC[C@@](C)(F)C2)C1,P00533,
CN(C[C@@H]1CCCCO1)C(=O)C1CCN(C(=O)Cc2ccccc2)CC1,P00533,
Nc1nc2sc3c(c2c2nnc(SCC(=O)Cc4ccc(Br)cc4)n12)CCCC3,P00533,
COCCn1nnc2ccc(NC(=O)CCc3ccc4c(c3)CCO4)cc2c1=O,P00533,
CC(=O)c1ccc(NC(=O)Cn2cnc3ccccc3c2=O)cc1,P00533,
CC1(c2nccc(NC(=O)N[C@H](CCCO)c3ccccc3)n2)CC1,P00533,
N#Cc1c(Cl)nsc1NCCn1ccnc1,P00533,
CCCNC(=O)c1ccccc1OCc1nc(-c2ccc(C)cc2)no1,P00533,
CC1(C)C[C@@H]1C(=O)N1CCC2(CC1)OCCc1cnc(-c3ccccc3)nc12,P00533,
CS(=O)(=O)N(CC(=O)NCc1ccc(Cl)cc1)c1ccc(OCc2ccccc2)cc1,P00533,
Nc1nc(O)cc([C@@H]2CCN(Cc3cccc(F)c3)C2)n1,P00533,
COc1cccc(-c2ccc(OC[C@H]3CCCO3)c(CN3CCC(F)(F)C3)c2)c1OC,P00533,
CN(CCOc1ccc(O)cc1)Cc1ccccc1,P00533,
C[C@@H](NC(=O)c1ccc(Br)s1)C(=O)NC(C)(C)C(=O)O,P00533,
COc1ccc(OC)c(NC(=O)N2CCN(c3ccc4nncn4n3)CC2)c1,P00533,
Cc1ccsc1Cn1nccc1NC(=O)c1cc(S(=O)(=O)N(C)C)ccc1N1CCOCC1,P00533,
Cc1ccc(Cn2c(=O)c(N3CCC[C@@H](C(=O)NCc4ccc(C)o4)C3)nc3cccnc32)cc1,P00533,
O=C(c1cccc(C(F)(F)F)c1)[C@H]1CCCN(C(=O)c2ccoc2)C1,P00533,
C[C@@H](NC(=O)N[C@H]1C[C@@H](C(=O)O)C1)c1cccc(OC(F)(F)F)c1,P00533,
CNS(=O)(=O)c1ccc(C(=O)Nc2cc(CCc3ccccc3)ccn2)cc1,P00533,
CC[C@H]1C(=O)NCCN1C(=O)c1cccc2ccc(C)nc12,P00533,
CCCN(CCC)C(=O)CC1CCN(S(=O)(=O)c2ccc3c(c2)oc(=O)n3C(C)C)CC1,P00533,
O=C(c1cnc(-c2ccc3c(c2)CCO3)s1)N1CCc2ccccc21,P00533,
NC(=O)c1csc(-c2ccc3nccnc3c2)n1,P00533,
Cc1ccc(CNC(=O)N(C)CC2CCN(C)CC2)cc1F,P00533,
O=C(c1ccccn1)N1CCN(c2ncc3c(n2)CCOC3)CC1,P00533,
COC(=O)c1cccc(-c2c[nH]c(C)n2)c1,P00533,
C[C@H](NC(=O)c1cn(Cc2ccc(F)c(C(F)(F)F)c2)nn1)C1(O)CC1,P00533,
C[C@@H](O)Cn1c(S[C@H](C)C(=O)Nc2ccc(C#N)c(Cl)c2)nc2cc(Cl)ccc2c1=O,P00533,
CCO[C@H]1C[C@@H](N(C)C(=O)Cc2ccc(C(N)=O)nc2)C12CCC2,P00533,
Nn1c(SCC(=O)Nc2ccc(F)cc2F)nnc1C1CCCCC1,P00533,
CC[C@@H](C(=O)O)N1CC[C@@H](CNc2cc(C)ccn2)C1,P00533,
N#Cc1ccc(NC(=O)CN2CCN(c3nccs3)CC2)cc1,P00533,
O=C(CCC(=O)c1ccccc1)NCc1ccc(Br)cc1F,P00533,
COc1ccc(C(=O)CC(C)C)cc1OC,P00533,
COc1ccc(NC(=O)CN(C)CC(=O)Nc2ccc(Cl)cn2)cc1,P00533,
CN(C)CCC[C@](C)(O)C(C)(C)c1ccccc1,P00533,
Cc1ccccc1CNC(=O)c1cccc(Cl)c1,P00533,
Cc1ccc(OCC(=O)OCc2cc(=O)n3c(C)csc3n2)cc1C,P00533,
COc1cc([C@@H](CCC(F)(F)F)N2CCNCC2)c(Br)c(Br)c1O,P00533,
O=C(NCc1ccccc1)N1CCC(n2cnc3cccnc32)CC1,P00533,
CC1(C)C[C@H](O)CCN(C(=O)C2CN([C@@H]3CCOC3)C2)C1,P00533,
COc1ccc(C(=O)n2nc(C)c(S(=O)(=O)N3CCCC3)c2C)cc1OC,P00533,
O=C1C[C@@H](C(=O)NC[C@H]2Cc3ccccc3O2)c2ccccc2N1,P00533,
Cc1ccc(-c2noc(COC(=O)c3ccc4nccnc4c3)n2)cc1,P00533,
NC(=O)[C@H](c1ccc(Br)cc1)N1CCc2cncnc2C1,P00533,
CCn1/c(=N/C(=O)c2ccc(S(=O)(=O)N3C[C@H](C)O[C@@H](C)C3)cc2)sc2cc(Cl)ccc21,P00533,
O=C(Cn1ccn2nc3c(c2c1=O)CCCCC3)NCc1ccccc1Cl,P00533,
C[C@H](Oc1cccc(C#N)c1)C(=O)N1CCCC[C@H]1CCC(=O)O,P00533,
CCCN(C[C@H]1CCOC1)C(=O)c1cc(F)ccc1Cl,P00533,
COc1ncccc1NC(=O)N1CCC[C@H](CNC(=O)OC(C)(C)C)C1,P00533,
Cc1n[nH]c(C)c1[C@@H]1CCCN1C(=O)Cc1ccc(F)c(F)c1,P00533,
Cc1cc(COc2cccc(CN3CCC[C@@]4(CCc5cnc(N)nc54)C3)c2)no1,P00533,
COc1ccc(S(=O)(=O)N2CCC(c3nnc(-c4ccsc4)o3)CC2)cc1OC,P00533,
Cn1cc(C(=O)N2CCOc3ccc(Cl)cc3C2)c2ccccc21,P00533,
CC(=O)N1C[C@H]2C[C@@H](C1)[C@H](CO)N1CCCC[C@@H]21,P00533,
CCCN1CCN(C(=O)[C@@H]2CCCn3c(-c4ccc(F)cc4)nnc32)CC1,P00533,
COc1cccc(CNC(=O)c2sc3ncccc3c2-n2cccc2)c1OC,P00533,
CC(=O)[C@H]1C[C@@H](C)N1C(=O)OC(C)(C)C,P00533,
CN1CCc2c(NS(=O)(=O)c3ccc(C(=O)O)cc3Cl)cccc2C1=O,P00533,
CCOC(=O)[C@]1(Cc2ccccc2)CCCN(C(=O)c2csc(C(C)=O)c2)C1,P00533,
Cc1ccc(O[C@H]2CCCN(C(=O)c3scnc3C)C2)nn1,P00533,
CC1=NN(C)[C@H]2C(N3CCN(CC(=O)Nc4ccc(F)cc4)CC3)=NC=N[C@@H]12,P00533,
CNC(=O)[C@@H](NCc1ccccc1C1CC1)C(C)C,P00533,
Cc1nc(CCNc2cncc(C(=O)N3CCCC3)n2)nc2c1CCCC2,P00533,
CN1CCN(C[C@@H]2CN(Cc3ccc(-c4ccccc4)s3)C[C@@H]2CO)CC1,P00533,
Nc1nccnc1C(=O)Nc1ccc2c(Cl)cccc2n1,P00533,
CCOC(=O)c1c(NC(=O)c2cc(Cl)ccc2OC)sc2ccccc12,P00533,
C[C@H](NC(N)=O)C(=O)N1CCC[C@H]1c1nc(-c2ccccc2)n[nH]1,P00533,
CCCS(=O)(=O)N1CCC(C(=O)NCc2ccc(Cn3cnc4ccccc43)cc2)CC1,P00533,
CCc1ccc([C@H]2c3c(-c4cccc(OC)c4)nnc(O)c3Nc3nnnn32)cc1,P00533,
CSc1ccc(NC(=O)[C@@H]2NCCc3cc(Br)ccc32)cc1Cl,P00533,
Cc1cccnc1[C@H]1CCC[C@H](N[C@H](Cc2ccccc2)C(=O)O)C1,P00533,
CC(=O)N[C@@H](CC(=O)Nc1cccc(S(=O)(=O)N2CCOCC2)c1)c1ccccc1,P00533,
O=C([C@@H]1C[C@H]1c1ccccc1)N1CCCN(Cc2ccoc2)CC1,P00533,
CN1C(=O)c2cccnc2O[C@H]2CN(C3CCCC3)C[C@H]21,P00533,
NC(=O)c1cn([C@H]2CCN([C@@H]3CCCN(c4cccc(F)c4)C3=O)C2)nn1,P00533,
CC(=O)Nc1ccc(NC(=O)CNS(=O)(=O)c2cc(C)ccc2C)cc1,P00533,
COc1ccc(OCC(=O)Nc2sc3c(c2C(=O)N[C@@H]2CCS(=O)(=O)C2)CC[C@H](C)C3)cc1,P00533,
COc1ccc(C(=O)C[C@@H]2OC(=O)c3c2ccc(OC)c3OC)cc1OC,P00533,
CC[C@H](C)[C@@H](C(=O)Nc1cccc2cccnc12)n1cnnn1,P00533,
CN(C)Cc1cnc([C@@H]2CN(Cc3ccc(F)cc3Cl)CCO2)[nH]1,P00533,
COc1ccc(CCC(=O)NCCc2ccc(NC(=O)OC(C)(C)C)cc2)cc1F,P00533,
Cc1cc(NC(=O)c2ccnn2C)n([C@H]2CCS(=O)(=O)C2)n1,P00533,
CCN(CC)C(=O)[C@H]1Cn2ccnc2C2(CCN(S(=O)(=O)CC)CC2)O1,P00533,
Cc1c(Br)c(C(F)(F)F)nn1[C@@H](C)C(=O)NCc1ccccc1,P00533,
CCCS(=O)(=O)N1CCN([C@@H](C)CC)CC1,P00533,
COc1cc(F)c(C(=O)N[C@H](C)c2ccc(F)cc2F)c(F)c1,P00533,
CN1CCCC[C@H]1COc1ccc(Br)cc1C(F)(F)F,P00533,
Cc1cccc(NC(=O)[C@H]2CC(=O)N(c3ccc(Cl)cc3)C2)n1,P00533,
COc1ccc(C(=O)N2CCCN(c3nc4ccccc4c4nnc(C5CCCCC5)n34)CC2)cc1,P00533,
CCc1noc(-c2ccc(-n3ncc(C(=O)NC[C@H]4CCCO4)c3C)nc2)n1,P00533,
CCOC(=O)c1c(C(F)(F)F)coc1CN1CCn2nccc21,P00533,
CC(C)C[C@@H](NC(=O)OCC1c2ccccc2-c2ccccc21)[C@@H](O)C(=O)O,P00533,
NS(=O)(=O)N1CCC[C@H]1c1nc(Cc2ccc(F)cc2)no1,P00533,
Cc1ccccc1-c1noc(CS(=O)(=O)c2ccccc2)n1,P00533,
COc1ccccc1[C@@H](C)NC(=O)c1cccn1C1CCNCC1,P00533,
CCON1C(=O)C[C@@H](C(=O)OC)C12CCNCC2,P00533,
Cn1ccc([C@H]2CCCN(S(=O)(=O)c3cc(F)cc(F)c3)C2)n1,P00533,
O=C(Nc1ccc2c(N3CCCC3)ncnc2c1)c1ccccc1Br,P00533,
C[C@H](Cn1ccnc1)NC(=O)Nc1cccc(COCc2ccco2)c1,P00533,
O=C(NCc1ccccc1)[C@@H]1CCCN(C2CCN(C(=O)CC3CC3)CC2)C1,P00533,
CCC1(CC)[C@H](NC(=O)c2nccnc2C(N)=O)C[C@H]1OC,P00533,
Cc1cc(OCC2CC2)cc(-c2ccc(N)nc2C(F)(F)F)c1,P00533,
COc1ccc(CN(CC[C@@H]2CCO[C@@H](C)C2)c2ncccn2)nc1,P00533,
COc1ccccc1Oc1ccc(NC(=O)NC[C@]2(O)CCNC2)cc1,P00533,
Cc1c(C#N)c2ccccc2n1CC(=O)N1CCC[C@@H](N(C)C)CC1,P00533,
Cc1ccccc1C[C@H](C1CCN(C(=O)CCC(N)=O)CC1)N(C)C(=O)Cn1cccn1,P00533,
CS(=O)(=O)N1CCC[C@H]1C(=O)NC1CCN(Cc2ccco2)CC1,P00533,
COC[C@@H]1CCCN(S(=O)(=O)NCc2c(F)ccc(C)c2F)C1,P00533,
N#C[C@H](c1ccccc1)[C@@H](C#N)c1ccccc1,P00533,
CCc1nccn1CCC(=O)NC[C@@]1(O)CCCN(c2cnccn2)C1,P00533,
COc1cc(-c2csc3ccccc23)ncc1C,P00533,
COc1ccc(NC(=O)c2cc(-c3cccnc3)on2)cc1OC,P00533,
c1coc(CN2CCN(C3CCCC3)CC2)c1,P00533,
CCOc1ccccc1CNC(=O)[C@@H]1CCCN(c2nnc3ccccn23)C1,P00533,
O=C1C[C@H](c2ccccc2)N(Cc2nnnn2-c2ccccc2)CCN1,P00533,
O=C(Nc1ccccc1F)c1ccc2c(=O)n3c(nc2c1)CCCC3,P00533,
COC(=O)c1ccc(NC(=O)Cn2c(=O)n(Cc3ccccc3OC)c(=O)c3sccc32)cc1,P00533,
CCOC(=O)c1cccc(NC(=O)CCc2c(C)nn(-c3cc(N4CCCCC4)ncn3)c2C)c1,P00533,
Cc1cccc(N2CCN(Cc3nc(C(C)C)no3)CC2)c1C,P00533,
Cc1csc(CNC(=O)c2ccc(N3CCCC3=O)cc2)n1,P00533,
CCS(=O)(=O)c1ccccc1NCc1nn(C)c2ccccc12,P00533,
Cn1cnc(-c2noc(Cc3ccc(F)c(F)c3)n2)c1,P00533,
O=C(C1CC1)N1CCC(NCc2ccc(-c3cccc(Cl)c3)s2)CC1,P00533,
Cc1ccc(-c2noc(COc3ccc(Cl)c(C)c3)n2)cc1,P00533,
C[C@@H]1CCCCN1c1nc(C(=O)O)nc2ccsc12,P00533,
CCCN1CCC[C@H]1C(=O)NC1CCN(C(=O)NC(C)(C)C)CC1,P00533,
CN(Cc1ccno1)C(=O)C[C@H]1C(=O)NCCN1CC1CCCCC1,P00533,
COc1cc(C)n(CCNC(=O)Nc2ccc(C(F)(F)F)cc2)c(=O)c1,P00533,
Cc1noc(C)c1-c1noc([C@H]2OCC[C@H]2Cn2ccnc2)n1,P00533,
CC(C)(C)OC(=O)N1CC(CC(=O)N2CCC[C@H]2c2ccc(Br)cc2)C1,P00533,
Cc1ccc2[nH]c(=O)c(CN(C(=O)c3cccnc3)c3cccc(C)c3C)cc2c1,P00533,
Cc1nc(-c2ccsc2)sc1C(=O)N1C[C@@H](C)OC[C@@H]1C,P00533,
CN(C)c1nccc(N2CCN(c3cccnc3C#N)CC2)n1,P00533,
CCc1ccc(NC(=O)CSc2nc3nccnc3c(=O)n2CCc2c[nH]c3ccccc23)cc1,P00533,
C[C@@H]1CN(C(=O)c2ccc(OCc3ccccc3)cc2)C[C@H](C)O1,P00533,
CCNC(=O)C[C@H]1CSc2nc3c(cnn3-c3ccccc3)c(=O)n21,P00533,
CCCC[C@@H]1CN(c2ccncc2)C[C@H](C(C)C)O1,P00533,
CCN(C(=O)[C@@H](C)Sc1nc2ccccc2c(=O)n1CC)c1ccccc1,P00533,
O=C(O[C@H]1CCOC1=O)C1CCN(S(=O)(=O)c2ccc(Cl)c(C(F)(F)F)c2)CC1,P00533,
O=C(CN1Cc2ccccc2C1=O)N[C@@H]1CCN(C(=O)CCc2ccccn2)C1,P00533,
Cc1ccc(S(=O)(=O)c2cnc(SCC(=O)Nc3ccccc3)[nH]c2=O)cc1,P00533,
COc1cccc(-n2c3c(c(O)nc2=O)[C@@](NC(=O)CCC2CCCCC2)(C(F)(F)F)C(=O)N3)c1,P00533,
COc1ccc(OC)c(-c2cc(C(=O)Nc3nn(C)c4c3C[C@H](C)C(=O)N4)[nH]n2)c1,P00533,
Fc1ccc(Cc2nnc3sc([C@H]4COc5ccccc5O4)nn23)cc1,P00533,
O=C1CC2(CCN(C(=O)c3ccc(Cl)cc3)CC2)Nc2ccccc2CN1,P00533,
CSc1ccccc1C(=O)[C@@H]1CCCN(Cc2nc(-c3ccccc3)no2)C1,P00533,
CCOC(=O)C1CCN(C[C@H](C)c2ccccc2)CC1,P00533,
CCOC(=O)c1ccc(NC(=O)CSc2nc(=O)cc(N)n2-c2ccccc2)cc1,P00533,
CC(C)(C)OC(=O)N1CCC[C@H](CCn2c(-c3cccs3)noc2=O)C1,P00533,
Cc1nn(Cc2ccc(F)cc2)c(Cl)c1C(=O)Nc1cccnc1,P00533,
Cc1nc(NS(=O)(=O)c2ccc(Cl)c(C#N)c2)cc(C2CC2)n1,P00533,
Cc1c(Cl)cccc1NC(=O)[C@H]1CCCN(S(=O)(=O)Cc2ccccc2)C1,P00533,
CCN(Cc1ccncc1)C(=O)[C@H]1CC[C@H]2OCCN[C@@H]2C1,P00533,
Cn1ccc2cc(CNC(=O)Cc3cc(Cl)ccc3Br)ccc21,P00533,
CCOc1ccc(CNCc2ccc(OC)cc2)cc1OCC,P00533,
Cc1nc(C)c([C@H](C)NC(=O)[C@]2(C)CC(c3ccc(F)cc3)=NO2)s1,P00533,
O=C(CSc1nc2ccccc2c(=O)n1-c1ccccc1)NCc1ccccc1,P00533,
CCOC(=O)C1=NN[C@H](C(=O)c2ccccc2)[C@@H]1c1ccc(C)cc1,P00533,
CCC(=O)Nc1cc(Cl)ccc1C(=O)N1CC[C@H]1c1cccc(OC)c1,P00533,
CCC(=O)N(c1ccccc1)C1CCN(C[C@H](O)c2ccccc2)CC1,P00533,
Cc1ccc(NC(=O)CCc2ccc(F)cc2)nc1C,P00533,
Cc1noc([C@@H]2CCN(C(=O)CSc3nnc(C)s3)C2)n1,P00533,
CC(C)Oc1cc(O)cc(C(=O)N2CCC[C@@]23CCCN(CCO)C3=O)c1,P00533,
CCCc1[nH]c(=O)c(C(=O)Nc2ccc(OC)c(Cl)c2)cc1C(=O)OCC,P00533,
CCOC(=O)c1cccc(-n2c(N)c(C(=O)O[C@@H](C)CC)c3nc4ccccc4nc32)c1,P00533,
Cn1ccnc1CN1CCC(C(=O)NCCN2CCCCCC2)CC1,P00533,
O=C(c1ccc2ccccc2n1)N1CCC[C@H](c2nccn2CC2CCC2)C1,P00533,
CN(CCC[C@H]1CCCO1)C(=O)c1cn2c(n1)CCN(Cc1cnsc1)CC2,P00533,
CCn1c(-c2cc(NC(=O)c3ccc(C)c(C)c3)[nH]n2)cc2ccccc21,P00533,
CN(C)c1nccnc1N1CC[C@H]2CCN(c3cc(Br)ccc3C#N)[C@H]2C1,P00533,
Brc1ccc(Br)c2c1COC2,P00533,
C[C@@H](NC(=O)N[C@@H]1CCS(=O)(=O)C1)C(=O)Nc1ccc2c(c1)OCO2,P00533,
Cc1cnccc1-c1ccc(CN2CCCN(C3CCCC3)CC2)cc1,P00533,
COC(=O)C[C@H](NC(=O)c1ccco1)c1ccc(C(C)C)cc1,P00533,
COc1ncccc1C(=O)c1ccccn1,P00533,
COc1ccc(-c2nnc(SCC(=O)NC3CC3)n2C)cc1,P00533,
CC(C)n1cc(-c2ccc(OCC(F)(F)F)cc2)cn1,P00533,
CSC1(CNC(=O)c2cc(C(=O)O)nn2-c2ccccc2)CCOCC1,P00533,
COc1cccc(CO[C@@H]2CCNC2)c1,P00533,
CC(=O)N1N=C(c2c(O)cc(C)oc2=O)C[C@@H]1c1ccccc1,P00533,
CCCn1c(C)c(CC(=O)NC[C@@H]2CCCCN2C)c2c1CC(C)(C)CC2=O,P00533,
O=C(NC1CCCCCC1)c1ccc(N2CCCCS2(=O)=O)cc1Cl,P00533,
COc1ccccc1[C@H]1Nc2c(C)cc(C)cc2-c2cc(C)nn21,P00533,
O=C(CSc1ncnc2c1nnn2Cc1ccc(Cl)cc1)N1CCc2ccccc21,P00533,
COc1cc(C(=O)N[C@H](C)C(N)=O)ccc1Br,P00533,
CSc1ccccc1OC[C@@H](O)CN(C(C)C)S(=O)(=O)c1cc(C)ns1,P00533,
CC(C)c1ccc(CN(C(=O)c2ccccc2F)[C@H]2CCS(=O)(=O)C2)cc1,P00533,
CCO[C@H]1C[C@](O)(CNC(=O)Nc2ccc3ccccc3n2)C1(C)C,P00533,
Brc1cc2c(cc1[C@@H](C1CCC1)N1CCNCC1)OCO2,P00533,
CCOc1ccc2c(c1)nc1n2C(=O)C[C@H](c2ccccc2)S1,P00533,
Cc1cc(C)cc(N2CCC(N3CC[C@H](O)[C@@H](C(=O)O)C3)CC2)c1,P00533,
COc1ccc(-c2cc3nc4c(c(=O)n3[nH]2)CN(C(=O)c2ccc(C)s2)CC4)cc1,P00533,
CCNS(=O)(=O)c1ccc(Br)c(OCC)c1,P00533,
COc1cc(F)c(S(=O)(=O)Nc2c(C)noc2C)cc1F,P00533,
CC(=O)[C@@H](C)Sc1cc(-c2ccccc2)ncn1,P00533,
CCOc1ccc(C(=O)N2C[C@H](COC)C3(CCNCC3)C2)cc1OCC,P00533,
Cc1c(Cl)cnc(NC(=O)COC(=O)c2cccc(S(=O)(=O)N3c4ccccc4C[C@H]3C)c2)c1Cl,P00533,
CN(Cc1nc2ccccc2s1)C(=O)c1cccc(Cl)c1Cl,P00533,
COc1ccc(N2C(=O)[C@@H](CC(=O)NCCc3c[nH]c4ccc(F)cc34)N=C2O)cc1,P00533,
CCc1noc([C@@H](C)N2CCN(Cc3ccc(OC)c(F)c3)CC2)n1,P00533,
Cc1ccc2nc([C@H]3CCCN3C(=O)c3ccc(-n4cnnc4)cc3)[nH]c2c1,P00533,
O=C(COC(=O)C[C@H]1Sc2ccccc2NC1=O)Nc1cccc(S(=O)(=O)N2CCCCCC2)c1,P00533,
COC(=O)c1ccc(C(=O)NC2CCN(c3cc(C(F)(F)F)ncn3)CC2)cc1,P00533,
C[C@@]1(O)CCOC2(CCN(C(=O)C3(c4ccccc4)CCCCC3)CC2)C1,P00533,
Cc1cc2cc(NC(=O)[C@H]3CNCCO3)ccc2[nH]1,P00533,
CCc1ccc(NC(=O)[C@H]2C[C@H]2c2ccccc2)cc1,P00533,
CCCc1cc(C(=O)N2CCO[C@@H](c3nccnc3NC)C2)no1,P00533,
COc1ccc(C[C@@H]2CCN(C(=O)c3cnc4cnn(C)c4c3)C2)cc1,P00533,
Cc1ccccc1C(=O)NCc1cccc(NC(=O)C2CC2)c1,P00533,
Cc1nnsc1[C@H](C)NCCc1cc(Cl)c2c(c1)OCCO2,P00533,
CC(=O)N[C@H]1COC2(CCN(c3ccnc4cc(Cl)ccc34)CC2)C[C@]1(C)O,P00533,
CC(=O)N1CC[C@H]2[C@H]1CCCCCN2C(=O)CCN(C)c1ccc(F)cc1,P00533,
CN(CC[C@H]1CCCCO1)C(=O)Nc1cccc(-c2ccc(F)cc2)c1,P00533,
Cc1nocc1NC(=O)CC1CCC(F)(F)CC1,P00533,
Cc1cc(C)n(-c2ccc(C(=O)O[C@@H](C)C(=O)Nc3nc(-c4ccccc4)cs3)cc2)n1,P00533,
Cn1nccc1[C@@H]1OCC[C@H]1CNC(=O)C1C=CC=CC=C1,P00533,
CCCc1cc(=O)[nH]c2nnc(SCC(=O)OCc3ccccc3)n12,P00533,
Cc1ccc(C(=O)N2CC3(C[C@@H](N4CCOCC4)CO3)C2)c(C)c1,P00533,
CC(=O)c1ccc(NC(=O)C[C@@H](C)S(=O)(=O)c2ccc3c(c2)CCN3C(C)=O)cc1,P00533,
CC[C@H](C)NC(=O)CCc1nnc2ccc(NCc3cccnc3)nn12,P00533,
CC[C@@H](C)NC(=O)c1ccc2c(=O)n(C(C)C)c3nn(Cc4ccc(F)cc4)c(=O)n3c2c1,P00533,
CN(CC(C)(C)NC(=O)CCc1ncc(C(C)(C)C)o1)C(=O)Cc1c[nH]c2ccc(Cl)cc12,P00533,
CCn1nnc2c(=O)n(Cc3ccc(C#N)c(C(=O)OC)c3)cnc21,P00533,
CN(C)c1cccc(C(=O)Nc2nc3c(s2)Cc2ccccc2-3)c1,P00533,
Cc1ccc(C)c(-n2c(Cc3cc(=O)[nH]c(=O)[nH]3)nnc2SCC(=O)N2CCCC2)c1,P00533,
CN(C)C(=O)c1cc(Br)ccc1F,P00533,
Cc1cccc(CN2CCN(c3ccnc(C(C)C)n3)CC2=O)c1,P00533,
COc1cccc(Cn2cc(NC(=O)c3ccc(-n4cnnc4)cc3)cn2)c1,P00533,
COc1cccc(C(=O)Nc2nc3c(s2)CN(S(=O)(=O)c2ccc(C)cc2)CC3)c1OC,P00533,
COc1ccc2cc(-c3nccn3CCN3CCCC[C@@H]3CO)c(O)nc2c1,P00533,
COc1cccc(C(=O)N(C)[C@H]2CCCC[C@@H]2O)c1,P00533,
CC(C)c1nc(Br)cn1[C@@H]1CCCNC1,P00533,
Cc1cc(=O)n2nc(NC(=O)C3CC3)nc2[nH]1,P00533,
O=C(c1cccc(-c2cn[nH]c2)c1)N1CCC[C@H]1C1(O)CC1,P00533,
Cc1nc2sc3c(=O)n(CC(=O)Nc4nccs4)cnc3c2c2c1COC(C)(C)C2,P00533,
CC[C@@H](CO)c1ccc2c(c1)CCCC2,P00533,
COC(=O)c1ccc2c(c1)O[C@H](C)C(=O)N2,P00533,
CC(C)(C)Sc1cc(C(=O)NCCn2ccnc2)ccn1,P00533,
C[C@@H](NC(=O)c1cc(-c2cccnc2)on1)[C@H](O)c1ccc(F)cc1,P00533,
CN(C)CCCN(C(=O)CCOc1ccccc1)c1nc2cc3c(cc2s1)OCO3,P00533,
CC(C)(C)NC(=O)[C@@H](c1ccccc1)N(Cc1cccs1)C(=O)CNC(=O)c1cccs1,P00533,
Cc1cccnc1CN1CCN(Cc2ccc(Br)cc2)CC1,P00533,
Cc1noc(CCC(=O)N2CCO[C@@H](c3cc(C(=O)NC(C)C)c4ccccc4n3)C2)n1,P00533,
CCN(Cc1nc2ccccc2c(=O)[nH]1)[C@H](C)C(=O)Nc1nc(C)c(C)s1,P00533,
COc1ccc(S(=O)(=O)N(CC(=O)Nc2ccccc2C(F)(F)F)c2ccc(C)cc2)cc1,P00533,
Cc1ccc(NC(=O)[C@H](C)n2nc(C)c3nn(-c4ccccc4)c(-n4cccc4)c3c2=O)c(C)c1,P00533,
CCCC(=O)N1CCC[C@@H]1C(=O)OCc1cc(Cl)c2c(c1)OCO2,P00533,
COc1cc(-c2cc3cccnc3[nH]2)cc(OC)c1OC,P00533,
O=C(Nc1nc(-c2ccco2)cs1)[C@@H]1CCCN(C(=O)c2cccs2)C1,P00533,
COC(=O)c1ccccc1Nc1c(-c2cccc(Br)c2)nc2cnccn12,P00533,
Cc1ccc(-n2nnc(C(N)=O)c2C)cc1,P00533,
COC(=O)CSc1ncnc2c1oc1nc(C)c(C)cc12,P00533,
FC(F)[C@@H](c1ccc(C(F)(F)F)cc1C(F)(F)F)N1CCNCC1,P00533,
CC(C)(C)OC(=O)N1C[C@@H]2OCC(=O)CO[C@H]2C1,P00533,
CC(C)SCc1nnc2sc(/C=C/c3ccccc3)nn12,P00533,
O=C(N[C@H]1CCCC[C@@H]1CO)c1ccc(Cl)c(O)c1,P00533,
CC(C)N(Cc1cccc2c1CCNC2)C[C@@H](O)COc1cccc2ccccc12,P00533,
O=C(NCCN1CCOCC1)c1ccc(F)cc1F,P00533,
CCn1c(CCNC(=O)N2CC[C@H](N3CCCC3)C2)nc2ccccc21,P00533,
COC(=O)c1cc(S(=O)(=O)N(C)c2ccc(C)cc2)c(C)n1C,P00533,
COc1ccccc1[C@H](NC(=O)N1CC(NC(C)=O)C1)c1ccco1,P00533,
CCN(C(=O)[C@@H](C)N)[C@H](C)Cc1ccc(OC)cc1,P00533,
COc1ccc(CCNC(=O)c2cn(-c3cccc(Cl)c3)nn2)cc1OC,P00533,
COc1ccccc1CNC(=O)CN1C[C@H]2C[C@@H](n3cccn3)[C@H](O)C[C@H]2C1,P00533,
CCOC(=O)c1cccnc1N1CCC(C(=O)N2CCCC2)CC1,P00533,
O=C(CCC(=O)c1ccc(F)cc1)NCCc1cccc(Cl)c1,P00533,
CC(C)[C@H](c1cccnc1)N(C)C(=O)Cn1c(=O)sc2ccc(Cl)cc21,P00533,
CCOc1nc(C)c([C@H](C)O)c2ccccc12,P00533,
COc1ccc([C@@H](NC(=O)[C@@H](C)OC)C(F)(F)F)cc1,P00533,
Nc1nc2cc(C(F)(F)F)c(Br)cn2n1,P00533,
Cc1ccc2nc(CN[C@@H](CC(C)C)C(N)=O)cc(O)c2c1,P00533,
C[C@]1(C(N)=O)CN(Cc2ccsc2)CCO1,P00533,
CC(C)c1ncnc(N)c1Br,P00533,
Cc1cc(Nc2ccccn2)nc([C@H]2CCCN(c3cnccn3)C2)n1,P00533,
O=C(NCc1ccc(F)cc1)Nc1cccc(Cl)c1,P00533,
Cc1nc2sccn2c1CN1CCC(CO)(C[C@H]2CCCCO2)CC1,P00533,
Cc1c(Cl)ccc2c(Cl)cc(C(=O)O)nc12,P00533,
COc1cc(C=Cc2cc(C(F)(F)F)[nH]c(=O)n2)cc(Br)c1O,P00533,
C[C@H]1CCc2c(sc(NC(=O)CN3CCN(Cc4ccc(F)cc4)CC3)c2C(N)=O)C1,P00533,
CC(C)C(=O)N1CCN(c2ccccc2NC(=O)Cc2ccc(Cl)cc2)CC1,P00533,
COc1ccc(CCNC(=O)[C@@H](C)n2nc(-n3cccn3)ccc2=O)cc1OC,P00533,
COc1ccc(Br)cc1CNC(=O)c1sc(-c2ccc(F)cc2)nc1C,P00533,
Cc1ncc(-c2ccncc2)c(C2CCN(C(=O)c3cc(F)cc(F)c3)CC2)n1,P00533,
O=C1NCCN(Cc2cccs2)[C@@H]1CC(=O)N(Cc1ccccc1)CC1CCC1,P00533,
COCC1(C(=O)N2CCC[C@H](c3nc4cc(C)ccc4[nH]3)C2)CCC1,P00533,
CC[C@@H]1CN=C(Nc2cccc(OC)c2)S1,P00533,
CN1CCN([C@@H](c2cc3cc4c(cc3[nH]c2=O)OCO4)c2nnnn2Cc2ccc(F)cc2)CC1,P00533,
COc1ncccc1CN1C[C@@H]2[C@H](CNC(=O)C3CCOCC3)[C@H]3CC[C@]2(C1)O3,P00533,
CCOC(=O)c1noc2nc(C)n(CC(=O)NCc3ccc(F)cc3)c(=O)c12,P00533,
O=C(CS[C@H](c1ccccc1)c1ccc(Cl)cc1)N1CCN(C(=O)Cn2cnnn2)CC1,P00533,
CCN(CC)C(=O)c1ccc(N[C@H]2CCN(Cc3ccccc3)C2)cc1,P00533,
CC(C)c1ccc(N[C@H]2CCCN(Cc3ccon3)C2)cc1,P00533,
Cc1ccc(NC(=O)c2nccc3ccccc23)c(F)c1,P00533,
O=C(NCCn1nc(-c2ccco2)ccc1=O)c1ccco1,P00533,
O=C(C1CC(F)(F)C1)N1CCc2[nH]nc(-c3ccc(F)cc3)c2CC1,P00533,
CS(=O)(=O)N1N=C(c2ccccc2)C[C@@H]1c1cnc2ccccc2n1,P00533,
COCC(=O)Nc1ccc(Cl)c(NC(=O)c2cn3c(C)cccc3n2)c1,P00533,
Cc1cn(CCNC(=O)[C@H]2OCC(=O)N[C@@H]2c2ccccc2Cl)nn1,P00533,
O=C(CN1CCOCC1)Nc1ccc2cn[nH]c2c1,P00533,
Cc1ccccc1OCC(=O)N1CCN(c2oc(/C=C/c3ccccc3)nc2C#N)CC1,P00533,
CN1C[C@@H](O)CC2(CCN(C(=O)Cc3noc4ccccc34)CC2)C1=O,P00533,
Cc1cc(CN[C@@H](CNC(=O)OC(C)(C)C)Cc2ccccc2)on1,P00533,
O=C(NC1CC1)[C@@H](O)C1CCN(Cc2c(F)cccc2Cl)CC1,P00533,
Cc1cccc(NCc2nnc(Cc3ccccc3)o2)c1C(N)=O,P00533,
CCN1C(=O)Cc2cc(NS(=O)(=O)Cc3ccc(C)cc3)ccc21,P00533,
O=C(c1ccccc1N1CCOCC1)N1CCCC[C@H]1c1ccccn1,P00533,
C[C@H]1C[C@H](C)CN(Cc2nc3c([nH]2)c(=O)n(C)c(=O)n3C)C1,P00533,
Cc1cc(=O)c(C(=O)O)c(Cc2ccccc2F)n1C,P00533,
CC(C)[C@@H](CNC(=O)c1ccc(Cl)c(NS(C)(=O)=O)c1)c1ccccc1,P00533,
COc1ccc(CCC(=O)N2CCC[C@H](c3nc(C)ncc3-c3ccc(F)cc3)C2)cc1OC,P00533,
CC(=O)N1CCOC[C@@]2(CN(Cc3ccncc3)CCO2)C1,P00533,
O=C(Nc1ccccc1)Nc1ccc2c(c1)OCCO2,P00533,
CCc1nc(N(C)CC2CCN(Cc3ccccc3)CC2)no1,P00533,
CCNC[C@H]1CC[C@@H](C(=O)N2CCC[C@@H](c3cncn3C)C2)CC1,P00533,
COc1cc(OC)c(OC)cc1CN1CCC2(CC[C@@H](CNC(=O)c3ccco3)O2)CC1,P00533,
Cc1cc(=O)cc(C(=O)N(Cc2ccccn2)C[C@@H]2CCCO2)o1,P00533,
C[C@H](O)c1cccc(-n2ccnc2-c2cccnc2)c1,P00533,
CC(C)N1CCN(CC2CC2)C[C@H]1c1nnc2ccc(C(=O)O)cn12,P00533,
O=C(c1n[nH]c2c1CCC2)N1CCCC[C@@H]1Cc1ccccc1,P00533,
CS[C@H](C)C(=O)N1CCc2c(sc3c2C(=O)N(C)CC(=O)N3CCO)C1,P00533,
Cc1ccc(-c2cc(N3CCC(CNC(=O)c4n[nH]c5c4CCCC5)CC3)[nH]n2)cc1,P00533,
CC(C)N(C(=O)[C@@H](C)Sc1nc(C2CC2)nc2ccccc12)C(C)C,P00533,
O=C([C@H]1[C@@H]2CNC[C@@H]21)N1C[C@@H]2CC[C@H](C1)N(Cc1cscn1)C2=O,P00533,
COc1cc(CNCC2CCNCC2)ccc1OCc1ccc(Cl)cc1,P00533,
c1ccc2[nH]c(-c3ccc4c(c3)OCO4)cc2c1,P00533,
CCn1nc(C)c(CNC(=O)[C@@H](C)Oc2ccc(SC)cc2)c1C,P00533,
COc1ccc(C2(NC(=O)[C@@H]3CCNC(=O)C3)CCCC2)cc1,P00533,
NC(=O)[C@H]1CCCN(C(=O)CN2CCC3(Cc4ccccc4C3)C2)C1,P00533,
Cn1cnnc1S(=O)(=O)C1CCN(C(=O)CSCc2ccccc2)CC1,P00533,
CCc1ccc(S(=O)(=O)Nc2ccc3c(c2)CCCN3C(=O)C(C)C)cc1,P00533,
Cc1ccc(S(=O)(=O)NCCn2nc(-c3ccc(Cl)cc3)ccc2=O)s1,P00533,
CCn1ccc(C(=O)N(C)Cc2nc(CC(C)C)no2)cc1=O,P00533,
COc1cccc(O[C@H](C)CNS(=O)(=O)c2cc(C)cnc2N[C@@H](C)c2ccncc2Br)c1,P00533,
COC(=O)[C@H]1CCCN(C(=O)c2ccccc2S(C)(=O)=O)C1,P00533,
CC[C@H]1CN(C(=O)c2cnn3ccncc23)CC[C@@H]1c1ccccc1,P00533,
Cc1noc(C)c1C(=O)N1CCO[C@@H](Cc2cccc3ccccc23)C1,P00533,
CCCc1ccc(OCc2ccc(C(=O)Nc3nccs3)cc2)cc1,P00533,
COc1cccc(CNC(=O)CN2CCC(OC)(C(F)(F)F)CC2)c1,P00533,
COc1ccccc1C(=O)Nc1ccc2c(c1)C(=O)N(C)CCO2,P00533,
Cc1cc(C(=O)N2CCN(C(=O)Nc3ccnn3[C@@H]3CCS(=O)(=O)C3)CC2)c(C)o1,P00533,
O=C(c1csc(-c2ccccc2)n1)N1CCN(c2cccc(Cl)c2)CC1,P00533,
Cc1ccn(C[C@@H]2CCCNC2)c(=O)c1C(=O)Nc1nnc(Cc2ccccc2)s1,P00533,
Cc1cc(Br)nnc1Cl,P00533,
Cc1ccccc1C(=O)NCCC(=O)N1CCCN2CCC[C@H]2C1,P00533,
O=C1COc2c(cccc2NC(=O)C2CC2)N1,P00533,
CCn1c(=O)n(CCC(=O)Nc2cccc(-c3nnnn3C3CC3)c2)c2ccccc21,P00533,
COc1ccccc1CN[C@H]1CC(=O)N(C2CCCCCC2)C1,P00533,
COCCN1C(=O)c2oc3ccc(C)cc3c(=O)c2[C@@H]1c1ccc(F)cc1,P00533,
Nc1ncc(Cl)cc1S(=O)(=O)NC[C@@H]1CCc2nccn2C1,P00533,
Cc1nn(-c2ccc(F)cc2)c2sc(C(=O)NC[C@@H]3C[C@@H](CO)CO3)cc12,P00533,
C[C@@H](NC(=O)C1CCN(C(=O)c2ccc(Cl)cc2)CC1)c1ccc(-n2ccnc2)cc1,P00533,
CNS(=O)(=O)C[C@H]1CCCN1C(=O)[C@H]1CCc2ccc(OC)cc21,P00533,
N#Cc1ccc(OCc2cccc(CO)c2)cc1,P00533,
CCC[C@H]1C(=O)N=C2c3ccccc3N=C(S[C@@H](CC)C(=O)Nc3ccccc3C)N21,P00533,
C[C@@H](NC(=O)C(C)(C)C)c1nc(-c2ccsc2)no1,P00533,
Cn1cnnc1CCNc1cc(C2CC(N)C2)nc(N)n1,P00533,
CCc1ccc(CN(C)CCC(=O)Nc2sccc2C#N)cc1,P00533,
COc1ccc(S(=O)(=O)N(CC(=O)Nc2cc(OC)ccc2OC)c2ccc(C)cc2)cc1,P00533,
O[C@H](Cn1ccnc1-c1ccc(CC(F)(F)F)cc1)c1cccnc1,P00533,
CN1CCC[C@H](CC(=O)N2CC[C@@H](n3cc(C(=O)O)c(C(F)(F)F)n3)C2)C1,P00533,
Cn1c(C(=O)NCCc2c[nH]c3ccccc23)cc2c(=O)n3ccccc3nc21,P00533,
COc1ccc(-c2nnc3c4ccc(Cl)cc4nc(N4CCC(C)CC4)n23)cc1OC,P00533,
CC(C)(C)NC(=O)[C@H]1CCCN(CC(=O)NC[C@H]2CCCO2)C1,P00533,
c1ccc(-c2cnc(CNc3ncnc4[nH]ncc34)[nH]2)cc1,P00533,
CCn1c(=O)c(N2CCN(C(=O)Nc3cccc(C)c3C)CC2)nc2ccccc21,P00533,
CN(C(=O)c1ccc(-c2ccc(F)cc2)s1)c1ccccc1,P00533,
COC(=O)C[C@H](c1cnn(C)c1)c1c(O)n[nH]c1C,P00533,
O=C1CC[C@H](C(=O)N[C@@H](c2ccc(Cl)cc2)C2CCCC2)N1,P00533,
O=C(O)Cn1cc(-c2cccc(S(=O)(=O)N3CCCC3)c2)cn1,P00533,
COC(=O)[C@H]1CCCN1C(=O)[C@H](NC(=O)c1ccc(OC)cc1)C(C)C,P00533,
O=C(CCCc1c[nH]c2ccccc12)NCCc1cnn(-c2ccccc2)c1,P00533,
COc1ccc(Oc2ccccc2)c(NC(=O)C2CN(C)C2)c1,P00533,
CCC1(CC)[C@@H](OC)C[C@H]1N(C)C(=O)c1ccnn1C,P00533,
Cc1cccc(C(=O)N2CCC3(CC2)C[C@@H](CC(=O)N2CCOCC2)c2ccccc23)n1,P00533,
COc1ccc([C@H](CC(=O)O)NC(=O)[C@@H]2Cc3cc(F)ccc3O2)cc1OC,P00533,
O=C(COc1ccccc1)NC[C@H]1CC(=O)N(c2ccc(F)cc2)C1,P00533,
CC[C@@H](CNC(=O)c1cc(-c2ccco2)on1)N1CCc2ccccc2C1,P00533,
O=C(CN1CCC[C@@](O)(COc2ccc(F)cc2)C1)NC1CCC1,P00533,
CN1CCCN(C(=O)N[C@@H]2CCCN(c3ncccn3)C2)CC1,P00533,
CCOc1ccc(NC(=O)CN(Cc2ccccc2)S(=O)(=O)c2ccc3nc(C)sc3c2)cc1,P00533,
Cc1nn(C(F)F)cc1-c1ccc([C@@H]2CNC(=O)C2)cc1,P00533,
Cn1c(=O)c2c(nc(SCC(=O)N(C3CCCCC3)C3CCCCC3)n2Cc2ccccc2)n(C)c1=O,P00533,
CCN(C(=O)CN1CC[C@](C)(O)[C@@H](Oc2cccc(F)c2)C1)c1cccc(C)c1,P00533,
Brc1cnc2ccccc2c1Br,P00533,
Cn1nc(C(=O)NCC2CCN(c3ccc(Cl)cn3)CC2)c2ccccc21,P00533,
O=C(NCCc1ccc(Cl)cc1)c1cc(-n2cnnn2)ccc1Cl,P00533,
O=C(Cc1ccc(F)c(F)c1)N1CCOC[C@@H]1c1ccn[nH]1,P00533,
C[C@H](c1nc2ccccc2c(=O)[nH]1)N1CCn2ccnc2C1,P00533,
O=C(c1cc2c(cn1)OCCC2)N1CC[C@@H](C2CCOCC2)C1,P00533,
O=C(c1ccc(N2CCOCC2)cc1)N1CCN(c2ccc(C3CC3)nn2)CC1,P00533,
CCOc1ccc(NC(=O)N2CCC3(CCC(=O)N(C4CCCC4)C3)CC2)cc1,P00533,
Cc1cc(-c2ccc(O[C@H](C)C(=O)O)cc2)nc2c(CCO)cccc12,P00533,
O=C(Cn1ccc2ccccc21)NCCc1nc(-c2cccnc2)n[nH]1,P00533,
Cc1ccc(C[C@H]2[C@@H](O)CCCN2Cc2ncccc2C)cc1,P00533,
CC1(C)C[C@@H](NC(=O)c2ccc(C(=O)O)cc2F)CO1,P00533,
O=C(N[C@H]1COC[C@@H]1O)c1cccc(-c2cn[nH]c2)c1,P00533,
CC(C)c1nnc(Cn2c(=O)c(Cl)cc3ccccc32)s1,P00533,
CCCn1cnc2nc(CSc3ccccc3NC(=O)COc3ccc(Cl)cc3)cc(=O)n21,P00533,
CC(C)(C)C(=O)N1CCO[C@@H](C(=O)O)C1,P00533,
CC(C)(C)[C@H](NC(=O)[C@@H]1CCCOC1)C(=O)O,P00533,
Cn1cc(CN2CC[C@H]3[C@H]2CCN3c2nncs2)cn1,P00533,
Cc1ccc(CN2CCNC(=O)[C@H]2CC(=O)N(Cc2cnn(C)c2)C(C)C)o1,P00533,
CCOC(=O)[C@@](C)(N)CCCn1cccn1,P00533,
Cc1cc(-c2ccc3nnc(C)n3c2)ccc1F,P00533,
N#Cc1ccccc1NC(=O)COc1ccc(F)cc1,P00533,
C[C@@H]1CCCN1C(=O)Nc1ccc(Cl)cn1,P00533,
Cc1ccc(NC(=O)[C@H]2Sc3nnc(COc4ccccc4)n3N[C@@H]2c2ccc(F)cc2)cc1,P00533,
COc1cc(C#N)ccc1-c1cc(F)cc(F)c1OC,P00533,
CCSc1nc2ccsc2c(=O)n1CCOC,P00533,
CCc1cccc(C)c1NC(=O)Cn1ncn2nc(-c3ccc(Br)cc3)cc2c1=O,P00533,
CC(C)c1nnc([C@@H](C)NC(=O)Nc2ccc(OCc3cccs3)cc2)o1,P00533,
Nc1nc2c(c(N3CCN(C(=O)c4nc[nH]n4)CC3)n1)CCCC2,P00533,
O=C(O)[C@H]1COCCN1C(=O)CCc1nc(-c2ccco2)no1,P00533,
Cc1noc(C2CN(CC(=O)NCc3ccco3)C2)n1,P00533,
c1cc(N2CCNCC2)c2nc[nH]c2c1,P00533,
COc1ccccc1NC(=O)Cn1nc(SC)c(S(=O)(=O)c2ccc(F)cc2)c1N,P00533,
CN(Cc1ccccc1)C(=O)NCCC(=O)Nc1cc[nH]n1,P00533,
CCOC(=O)N1CCC(N[C@H]2CCCC[C@@H]2C)CC1,P00533,
CCc1ccccc1NC(=O)CSc1nnc(-c2ccoc2C)n1C,P00533,
COc1ccc(NC(=O)c2ccc(NC(=O)CSCc3ccccn3)cc2)cc1,P00533,
O=C(Cc1c[nH]c2ccccc12)NC[C@@H](c1ccco1)N1CCCCC1,P00533,
COC(=O)NCC(=O)NC(C)(C)Cc1cccc(Br)c1,P00533,
Cc1noc(C)c1CC(=O)N1CCC2(CC1)C[C@H](CNC(=O)c1cccnc1)CCO2,P00533,
CCn1c(SCC(=O)Nc2ccc(S(=O)(=O)N(C)Cc3ccccc3)cc2)nnc1C1CC1,P00533,
CC(C)CNC(=O)c1cc2n(n1)CCN(C(=O)c1ccc3ccccc3n1)C2,P00533,
COc1ccc(NC(=O)[C@H](c2cnn(C3CC3)c2)N2CCC(CO)(OC)CC2)c(C)c1,P00533,
Cc1ccc(C(=O)Nc2c(C)cc(C)cc2C)cc1,P00533,
C[C@@H]1CN(c2ccc(C#N)nc2)C[C@H](CO)O1,P00533,
CCCN(CC1CC1)[C@H]1CCc2c(c(C(=O)NCc3cccs3)nn2C)C1,P00533,
COc1cccc(NC(=O)[C@@]2(CCO)CC23CCOCC3)c1,P00533,
C[C@@H]1c2ccccc2O[C@@H]1C(=O)N1CCC[C@H]1CO,P00533,
Cc1ccc(-c2cc3c4nnc(CCC(=O)N5CCN(c6ccccc6F)CC5)n4ccn3n2)cc1C,P00533,
CC(=O)Nc1ccc(-c2noc(C3CCN(C(=O)c4cc(C)cc(C)c4)CC3)n2)cc1,P00533,
Cc1ccc2nc(C(=O)N3CC[C@@]4(CC(=O)c5ccccc5O4)C3)cn2c1,P00533,
Cc1ccc(F)c(C(=O)NCc2cccs2)c1,P00533,
Cc1cnc(C(=O)Nc2ncccc2OCc2ccccc2)cn1,P00533,
CC(C)(C)OC(=O)N1CCC(C(C)(C)O)CC1,P00533,
O=C(C1CCN(c2nc3ccc(Cl)cc3o2)CC1)N1C[C@H]2C[C@@H](O)C[C@H]2C1,P00533,
CCOC(=O)N1CCC(C(=O)Nc2cc(C)ccc2Cl)CC1,P00533,
CCn1c(CN(C)C(=O)Nc2ccccc2Br)nc2cc(C(=O)N(C)C)ccc21,P00533,
Cc1nccn1[C@H]1c2ccccc2CSc2sccc21,P00533,
COC(=O)c1c(N)c(C#N)c(C)n1-c1ccccc1,P00533,
CC(=O)N1CCC(N2CCC3(CC2)CN(c2ccccc2)C(=O)CO3)CC1,P00533,
CC(=O)N[C@H](Cc1cccc(F)c1)C(=O)N1CCC(c2ccc(NC(=O)Cc3cc(C)cc(F)c3)cc2)CC1,P00533,
Cc1ccnn1CCC(=O)N1CC[C@]2(C(=O)Nc3ccccc32)[C@@H]1c1cccnc1,P00533,
Cc1ccc(C)c(NC(=O)Nc2ccc(-n3ccc(C)n3)cc2)c1,P00533,
CN1CCC[C@@H]1CNC(=O)c1c[nH]nc1-c1ccc(C#N)cc1,P00533,
Cc1ccn(-c2ccc(F)cc2)c(=O)c1C(=O)N1CCC[C@@H](CO)C1,P00533,
Cc1cccc(NC(=O)Cc2cc(-c3ccc(F)cc3)on2)n1,P00533,
O=S(=O)(c1ccc(Br)s1)N1CCN(c2ccc(Cl)cc2)CC1,P00533,
Cn1ncnc1-c1ccc(Br)cc1,P00533,
CNC(=O)[C@]1(Cc2ccccc2-c2cccs2)CCN(C(=O)[C@H]2CCCO2)C1,P00533,
Cc1cc(F)c(CNC(=O)CN2CCCC[C@H](O)C2=O)c(F)c1,P00533,
CCc1nnc(C)cc1C(=O)N1CCCC[C@H]1CCC(=O)O,P00533,
O=C(Cn1nc(-c2ccccc2)ccc1=O)NCc1cccnc1,P00533,
O=C(NCc1ccc(F)cc1C(F)(F)F)c1ccsc1,P00533,
CCOc1ccc(CCn2c(C)c(C)c3c2ncn2nc(-c4ccco4)nc32)cc1OCC,P00533,
CCCCn1c(NCc2cc(OC)ccc2OC)nc2ccccc21,P00533,
CC(C)C[C@H](CCO)CNC(=O)N1CC(C)(C)C1(C)C,P00533,
CCC[C@H](NC(=O)[C@H]1CCC(=O)N1)c1cccc(C(F)(F)F)c1,P00533,
O=C(CCCn1cncn1)N[C@@H]1COC[C@H]1Cc1ccncc1,P00533,
N#CC1(c2cc(Cl)cc(C(F)(F)F)c2)CCCC1,P00533,
Cc1cc([C@H]2CCCN(C(=O)CSc3ccc(O)cc3)C2)[nH]n1,P00533,
COc1ccc2sc(N3CCC[C@H](NC(=O)c4cnn(C)c4)C3)nc2c1,P00533,
O=C(O)c1cc(Cl)cc(-c2ccncc2)c1,P00533,
Cc1ccc(CN(C)CC(=O)N[C@@H](C)c2ccc(C)c(C)c2)o1,P00533,
CCOC(=O)C1(Cc2cccc(F)c2)CCN(Cc2ccc(OC)c(O)c2)CC1,P00533,
CCn1cc(CN2CCCCC[C@H]2c2cc(-c3ccc4c(c3)OCO4)on2)cn1,P00533,
COc1ccc(CSC2=NCCN2)cc1Cl,P00533,
CSc1ccc(Cl)c(C(=O)Nc2nc(CC(N)=O)cs2)c1,P00533,
CNC(=O)[C@H](C)N(C)Cc1cc(=O)c2cc(C)ccc2[nH]1,P00533,
COc1cnc(OC)n2nc(NC(=O)Cc3cc(F)ccc3C)nc12,P00533,
CCn1c(SCC(=O)Nc2cccc(Cl)c2)nnc1[C@H](NC(=O)c1ccccc1)C(C)C,P00533,
CCOc1ccc(NC(=O)Cc2cccc3ccccc23)cc1S(=O)(=O)N1CCCC1,P00533,
CCn1cc(C2CCN(C(=O)NCCc3csc(C(C)(C)C)n3)CC2)cn1,P00533,
CN(C)C1=NC2(CCN(CC(=O)NCc3ccccc3)CC2)C(=O)N1,P00533,
CO[C@@H](C(=O)N[C@H](C)c1ccccc1F)c1ccccc1,P00533,
CCc1ccccc1NC(=O)Cc1nc(C)c(C(=O)NCc2ccc(F)cc2)s1,P00533,
Cc1ccc(C(=O)Nc2c(C(=O)N3CCOCC3)cnn2-c2ccccc2)cc1,P00533,
COC[C@H](NCc1cc(Cl)sc1C)C(=O)O,P00533,
FC(F)(F)c1cccc(N2CCN(c3ccnc(N4CCOCC4)n3)CC2)c1,P00533,
COc1ccc(-c2nc(SCC(=O)NCc3ccco3)c(-c3ccc(OC)cc3)[nH]2)cc1,P00533,
O=C(CCc1cccc2ccccc12)Nc1ccc2c(c1)OCCO2,P00533,
CCc1nc2sc(C(C)C)nn2c1S(=O)(=O)Nc1ccc(OC)cc1C,P00533,
COCCN(CC(=O)N1N=C(c2ccccc2Cl)C[C@@H]1c1ccccc1OC)C(=O)c1ccco1,P00533,
CSc1ccc(CNC(=O)CCc2c(C)nn(-c3cc(N4CCOCC4)ncn3)c2C)cc1,P00533,
O=C(O)c1ccc(Br)c(S(=O)(=O)N2CCCCCC2)c1,P00533,
N#Cc1ncccc1N1[C@@H]2CC[C@H]1C[C@H](n1cc(Cl)cn1)C2,P00533,
NC(=O)[C@]1(O)CCCN(Cc2cc(Cl)ccc2Br)C1,P00533,
O[C@@H]1C[C@H]2CN(Cc3ccc4c(c3)OCCO4)C[C@H]2C[C@H]1Oc1cccc(Cl)c1,P00533,
C[C@H]1Oc2ccccc2O[C@@H]1C(=O)Nc1c(C(=O)N2CCOCC2)oc2ccccc12,P00533,
O=C(CSc1ccc2nnc(CCNS(=O)(=O)c3ccccc3)n2n1)Nc1ccc(Cl)c(Cl)c1,P00533,
Cc1ccccc1C(=O)Nc1nc2c(C)ccc(C)c2s1,P00533,
CC(C)CCOc1ccc(CSc2nncn2N)cc1,P00533,
CCN(CC)c1nc(C(=O)Nc2ccccc2OC)nc2nc(C)cc(C)c12,P00533,
CC(=O)N1CCc2sccc2[C@@H]1c1ccc(NCc2ccc(F)cc2)cc1,P00533,
COc1ccc(-c2nc3scc(CCNS(=O)(=O)c4cccs4)n3n2)cc1,P00533,
Cc1c(Cl)cccc1NC(=O)CCCn1nc(-c2cccs2)ccc1=O,P00533,
CCN(Cc1ccccc1)C(=O)Cn1c(=O)n(-c2ccc(OC)cc2OC)c(=O)c2c3c(sc21)CCC3,P00533,
Cc1cc(C(F)F)nc(C2(NS(=O)(=O)[C@H]3CC34CCC4)CCCC2)n1,P00533,
N#CC1(c2ccccc2)CC(NC(=O)C2=NNC(=O)C2)C1,P00533,
COCCN1C[C@H]2CCN(Cc3ncccc3C)[C@H](C2)C1=O,P00533,
COCC[C@]1(O)CCN(Cc2ccc(CC(C)C)cc2)C[C@H]1C,P00533,
Cc1cc(C(=O)N2C[C@H]3CC[C@@H]2CN(CCCc2ccccc2)C3)no1,P00533,
COc1ccc(CNS(=O)(=O)CCn2cnc3ccccc32)cn1,P00533,
CC(C)CN1C[C@@]23CN(C(=O)c4ccc(Cl)cc4)C[C@@H](C[C@@H]2S1(=O)=O)O3,P00533,
COc1ccc([C@H]2C[C@@H](c3ccccc3)n3nc(NC(=O)c4ccco4)nc3N2)cc1,P00533,
Cn1cc(Cc2nc([C@@H]3CCOC4(CCCC4)C3)no2)cn1,P00533,
C[C@@H]1CN(C[C@@H](O)c2ccc(F)c(F)c2)C[C@H](C)N1C,P00533,
O=C(Nc1ccccc1F)C1(c2ccccc2)CCCC1,P00533,
Cc1cccc(C)c1OCc1nnc(SCC(=O)O)n1-c1ccccc1,P00533,
COC(=O)c1ccc(S(=O)(=O)N2CC[C@]3(CC[C@@H](C)C3)C2)s1,P00533,
Cc1[nH]nc(CN(C)C[C@@H]2CCN(c3ccccc3)C2)c1Cl,P00533,
CCN(c1ccccc1)S(=O)(=O)c1cc(C(=O)Nc2nc3c(s2)CCCC3)ccc1C,P00533,
O=S(=O)(NCc1ccccn1)c1ccc(F)cc1,P00533,
Cc1ccc2c(Nc3cc(F)cc(F)c3)c(C(=O)N3CCC[C@@H](C)C3)cnc2n1,P00533,
CCOC(=O)C1CCN(C(=O)[C@@H](C)Cn2cc(Cl)cn2)CC1,P00533,
O=S(=O)(c1cccs1)N1[C@@H]2CC[C@H]1C[C@H](n1cncn1)C2,P00533,
COCc1nnc(N2C[C@H](C(=O)NCC3(COC)CCCC3)CC2=O)s1,P00533,
Nc1nc(Cl)cc(N2CCN(c3cccc(C(F)(F)F)c3)CC2)n1,P00533,
COc1ccc(NC(=O)CSc2nnc(C)c(=O)[nH]2)c(OC)c1,P00533,
C[C@H](NC(=O)CSc1nnc(-c2cccs2)o1)c1cccs1,P00533,
O=C(NCc1ccco1)c1oc2ccccc2c1CSc1nnc[nH]1,P00533,
CCOCC(=O)N1CCN(Cc2ccccc2)CC1,P00533,
Cn1c(=O)nc(O)c2c1nc(NCc1ccccc1)n2CCOc1ccccc1,P00533,
CC(=O)c1c[nH]c(C(=O)Nc2cc(-c3c(F)cccc3F)[nH]n2)c1,P00533,
CN(CC(=O)NC[C@H]1CCCO1)Cc1cc(-c2ccccc2)n[nH]1,P00533,
Cc1cc(C)n(CC(=O)N2CC[C@H](Oc3ccccc3)[C@@H](CC(=O)N3CCOCC3)C2)n1,P00533,
O=C(c1ccsc1)N1CCN(C(=O)c2cc(-c3ccncc3)[nH]n2)CC1,P00533,
Cn1cc2c3c(cccc31)CN(C(=O)c1ccccc1Br)CC2,P00533,
CCN(Cc1ccccc1)C(=O)CSc1nc2ccsc2c(=O)n1-c1ccccc1C,P00533,
Cc1ccc(C(=O)N2CCC[C@@H](c3nc(-c4cccnc4)ncc3-c3cc(C)no3)C2)cc1,P00533,
CC1(C)c2ccccc2-c2cc(NC(=O)c3ccncc3)ccc21,P00533,
CCc1cc(CNC(=O)C2CCN(C(=O)c3ccccc3)CC2)[nH]n1,P00533,
COC1(CNS(=O)(=O)c2cccs2)CCN(S(C)(=O)=O)CC1,P00533,
CO[C@@]12CC[C@H](OCC(=O)O)C[C@@H]1N(Cc1cncnc1)CC2,P00533,
CCN(C[C@H]1COc2ccccc2O1)C(=O)[C@H]1Cc2ccccc2CN1S(C)(=O)=O,P00533,
O=C(c1ccc(-n2cccc2)cc1)N1[C@@H]2CC[C@H]1C[C@H](n1nccn1)C2,P00533,
Cc1ccc(CCC(=O)N2Cc3cnc(C(C)(C)C)nc3C2)cc1,P00533,
O=C1CCc2cc([C@H](O)CCC(=O)N3CCC[C@H](Cn4cnc5ccccc54)C3)ccc2N1,P00533,
O=C(O)CN1C[C@@H]2COC[C@H](C1)N(C(=O)c1cccc(Cn3cccn3)c1)C2,P00533,
O=C(c1ccc(O)c(Cl)c1)N1CCc2cnccc21,P00533,
Oc1ncc(Br)c2cc(F)ccc12,P00533,
Cc1noc(-c2ccccc2)c1NC(=O)NC[C@](C)(O)c1ccc(F)cc1F,P00533,
Cc1ncoc1C(=O)N1CC2(CN(Cc3ccccc3)C[C@@H]2c2nncn2C)C1,P00533,
CCOc1cc(C)c(S(=O)(=O)N2CCCCCC2)cc1C(C)C,P00533,
Cc1ccc2c(C)c(C(=O)N3CCc4cc(=O)n(C5CC5)cc4C3)oc2c1,P00533,
CO[C@H](C(=O)Nc1cccc(-c2noc(=O)[nH]2)c1)c1ccccc1,P00533,
CN(CCC1CCOCC1)[C@H]1CCN(c2c(F)cccc2F)C1=O,P00533,
C[C@@H](NC(=O)c1ccc(-n2cncn2)cc1)c1ccc(S(N)(=O)=O)cc1,P00533,
CC(C)c1cc(C(=O)N(C)Cc2nc3ccccc3c(=O)[nH]2)nn1C(C)(C)C,P00533,
CC(C)(C)OC(=O)CC1CCC(C(F)(F)F)CC1,P00533,
O=C(N(c1cccnc1)C1CCNCC1)C(F)(F)F,P00533,
CC(C)(C)[C@H](C#N)NC(=O)[C@H]1CC(=O)N(C2CCCC2)C1,P00533,
O=S(=O)(c1ccc(F)cc1)N(Cc1ccc(F)cc1)c1ccccc1,P00533,
Cc1cc(Cl)cc2[nH]c(C(=O)N3CCC([C@@H](C)CO)CC3)cc12,P00533,
O=c1c2sccc2nc(SC(F)F)n1-c1ccccc1,P00533,
Cc1cc(C)c(C(=O)[C@H](C)OC(=O)c2cnc3n(c2=O)CCS3)cc1C,P00533,
CC1(C)C[C@H]1C(=O)NCC(C)(C)N1CCOCC1,P00533,
Cc1ccccc1CSc1nc2cc(S(=O)(=O)N3CCCC3)ccc2n1C[C@@H]1CCCO1,P00533,
Cc1cccc(NC(=O)Cn2nc(N3CCN(c4ccccc4)CC3)ccc2=O)c1,P00533,
CCNC(=O)N(Cc1cnc(S(=O)(=O)Cc2cccc(Cl)c2)n1C(C)C)C1CC1,P00533,
COC(=O)c1ccccc1NC(=O)Cn1nc(C(F)(F)F)c2c1CCCCC2,P00533,
O=C(N[C@H]1CCSc2ccc(Cl)cc21)[C@H]1CCCN(C(=O)c2ccco2)C1,P00533,
Fc1ccccc1-c1ccsc1Br,P00533,
C[C@@H]1SCCN(C(=O)CCc2cncn2C)[C@H]1c1ccccc1,P00533,
CC(C)(C)c1oc(C(N)=O)cc1CN1CCN(C2CCCC2)[C@H](CCO)C1,P00533,
CCN1CCN(Cc2nc([C@H]3C[C@@H](c4ccccc4)N4CCC[C@H]34)no2)CC1,P00533,
O=C(Cn1c(=O)c2cccn2c2ccc(F)cc21)N[C@@H]1CCCc2ccccc21,P00533,
CCOc1ccc(NS(=O)(=O)c2cc(C(=O)Nc3ccc(OC)cc3)[nH]n2)cc1,P00533,
COc1ccccc1-c1nccnc1[C@@H]1CCCN(CCCc2ccccc2)C1,P00533,
COc1ccc(CCN2C(=O)[C@H](Oc3ccccc3C)[C@@H]2c2ccc3c(c2)OCO3)cc1OC,P00533,
NC(=O)c1csc(-c2ccc(O)cc2)n1,P00533,
CN(C)c1ncc2c(n1)[C@@]1(CCCN(Cc3cnn(-c4cccc(F)c4)c3)C1)CC2,P00533,
O=C(CSc1nc2ccccc2c(=O)n1Cc1cccc(Cl)c1)Nc1ccccc1,P00533,
C[C@H](c1nc2ccccc2s1)N1CCN(C(=O)c2ccc(CS(=O)(=O)c3ccccc3)o2)CC1,P00533,
CSc1nc(C(=O)N[C@@H](CCN(C)C)c2ccccc2)cs1,P00533,
O=C([C@@H]1CCN1)N1CCC2(CC1)OCCc1cnc(-c3ccccc3)nc12,P00533,
COc1ccc(C(=O)O[C@H](C)C(=O)NCC2CCCCC2)cc1S(=O)(=O)N1CCOCC1,P00533,
Cc1c(NC(=O)c2cc(-c3ccccc3)no2)cccc1-c1nncn1C,P00533,
CCCn1c(=O)c(-c2ccc(C(=O)NCc3cccc(OC)c3)cc2)nc2cccnc21,P00533,
CCOC(=O)c1cnn2c(C(F)(F)F)cc(-c3ccc(Br)cc3)nc12,P00533,
Cc1ccc(Oc2ccc(NC(=O)[C@H]3CCCO3)cc2)nn1,P00533,
Cc1cc(C[C@H](C)NC(=O)N2Cc3ccccc3C2)n[nH]1,P00533,
Cn1cc(CC(=O)N2[C@@H]3CC[C@H]2C[C@@H](n2nccn2)C3)c2ccccc21,P00533,
Cc1ccc2c(C(=O)N3CCO[C@H](c4ccccn4)C3)cnn2c1,P00533,
N#Cc1ccccc1NC(=O)c1cc2ccccc2o1,P00533,
Cc1cc2occ(CC(=O)N3C[C@@H]4CC[C@H](C3)N(C)C4=O)c2cc1Cl,P00533,
CC(=O)N1CCC[C@@H](c2ncc(C(=O)NCc3ccc(F)cc3)c(C)n2)C1,P00533,
CN1CCC(CCNC(=O)c2ccc(CS(=O)(=O)N3CCN(C)CC3)cc2)CC1,P00533,
Cc1cc(Br)cc(C(=O)Cc2ccccc2)c1,P00533,
CCc1ccc2occ(CC(=O)N3Cc4nc[nH]c4C[C@H]3C(=O)O)c2c1,P00533,
CC(C)n1cc(CNc2ccn(C)n2)cn1,P00533,
CCN(Cc1cc(=O)[nH]c2ccccc12)[C@H]1CCNC1=O,P00533,
CCOc1ccccc1CNC(=O)c1cn(-c2ccc(-c3nc(CC)no3)cn2)cn1,P00533,
COc1ccc(CNC(=O)CN2CCc3[nH]c4c(F)c(Cl)ccc4c(=O)c3C2)cc1OC,P00533,
CCc1ccccc1NC(=O)CCCN1C(=O)COc2ccc(C)cc21,P00533,
CCc1ncc(C(=O)N2CCN(c3ccccc3)C[C@@H]2CC)s1,P00533,
Cc1oc(C(=O)Nc2ccc(C(=O)NC3CC3)cc2)cc1S(=O)(=O)N1CCCC1,P00533,
O=C(NC1CCNCC1)[C@H]1CCCN(C2CCN(Cc3cccnc3)CC2)C1,P00533,
OC[C@@H]1C[C@H](CO)CN(C[C@H](O)COc2ccc3ccccc3c2-c2ccncc2)C1,P00533,
COc1ccc(C2(C(=O)NCc3cccc(N4CCCCC4)c3)CCOCC2)cc1,P00533,
CCC[C@@H](C)c1nnc(NC(=O)c2ccc(SC)cc2OC)s1,P00533,
Cc1ccc(-c2n[nH]cc2CN[C@@H](C)c2ccc(F)cc2)cc1C,P00533,
CCc1nc(C)c(C(=O)N2CCN(c3nccc(-c4ccccc4)n3)CC2)o1,P00533,
C[C@H](SCCN(C)[C@@H](C)c1cn(-c2ccccc2)nn1)c1cn(-c2ccccc2)nn1,P00533,
CS(=O)(=O)c1ccc(C2(c3nc([C@@H]4CCOC4)no3)CCCCC2)cc1,P00533,
CC1(C)Cc2cc(CN[C@H](CCc3c[nH]nc3C(F)(F)F)C(=O)O)ccc2O1,P00533,
Cc1ccc(C(=O)N(C)C[C@@]2(O)CCCN(c3cnccn3)C2)cc1F,P00533,
CC[C@@H]1CN(c2nnnn2Cc2cc(C3CC3)no2)C[C@@H](CC)O1,P00533,
CS(=O)(=O)Nc1ccc(OC2CCCC2)cc1,P00533,
Cc1ccc(-c2nnc([C@H]3CCCN(C(=O)C4CC4)C3)o2)s1,P00533,
COc1cccc(-c2noc(COc3ccc(Cl)c(C)c3)n2)c1,P00533,
CCn1nc(C)c(CCC(=O)N2C[C@@H](C)O[C@H](C)C2)c1C,P00533,
CN1C[C@@H](N[C@H]2CCSc3ccc(F)cc32)CCC1=O,P00533,
COc1c(C)cnc(C(=O)NCc2cc(C(F)(F)F)cc(C(F)(F)F)c2)c1C,P00533,
COCCc1nsc(N2CCC[C@H](CO)C2)n1,P00533,
Cc1ccsc1-c1ccnc(-n2cccc2)n1,P00533,
N#Cc1c(COC(=O)c2ccccc2-n2cccn2)cn2ccccc12,P00533,
CC(=O)NCc1cnc([C@@H]2CCCN2C(=O)COc2ccccc2)cc1C(F)(F)F,P00533,
Cc1cc(C(=O)Nc2ccc3c(c2)OCO3)no1,P00533,
CCN(CC)CC(=O)N1CC[C@@H](c2nc(C)c3c(n2)N(Cc2ccccc2)C(=O)CC3)C1,P00533,
COc1ccccc1OCC(=O)N1CCC(c2n[nH]c3nccnc23)CC1,P00533,
Cc1sc(C)c(S(=O)(=O)Nc2cccc(F)c2)c1-c1cc(C(F)(F)F)on1,P00533,
O=C([C@H]1CCc2ncnn2C1)N1CCN(c2nc3ccccc3o2)CC1,P00533,
COc1ccccc1OCc1cc(C(=O)N2CCN(C)C(=O)[C@H]2C)n[nH]1,P00533,
Cc1cnc(N2CCN(C(=O)Cc3ccccc3)CC2)nc1C,P00533,
CCN(C)S(=O)(=O)N(C)Cc1cnc2ccccc2c1,P00533,
COCCn1nnnc1CN(Cc1ccc2c(c1)OCO2)Cc1cc2ccc(C)cc2[nH]c1=O,P00533,
Cc1cccc(C)c1OC1CN(Cc2cnn(C)c2)C1,P00533,
COc1ccc(C(=O)NCc2nccc(N(C)C)n2)cc1,P00533,
Cc1cccc2nc(-c3ccc(OCCO)cc3)[nH]c12,P00533,
Cn1cc(N2CC[C@@H](N3CCN(CCOc4ccccc4)CC3)C2=O)cn1,P00533,
COc1ccc(-c2cc3c4nnc(SCC(=O)Nc5cccc(OC)c5)n4ccn3n2)cc1,P00533,
COc1c(C(=O)NCc2cccc(Cl)c2)sc2ccc(F)cc12,P00533,
CC(C)(C)n1nccc1NC(=O)c1cccc(F)c1F,P00533,
N#CC1(c2ccc(NC(=O)c3cncc4ccccc34)cc2)CCCC1,P00533,
COc1cc(C(=O)NCc2ccc(F)cc2Br)c(Br)cn1,P00533,
CN(CCO)C(=O)[C@H]1N(C(=O)OC(C)(C)C)CC12CCOCC2,P00533,
CC1(C)CC(=O)c2cc3c(N)c(C(=O)c4ccc(Cl)cc4)sc3nc2C1,P00533,
C[C@@H]1CCCC[C@H]1Oc1ccc(CCCO)cc1,P00533,
CCOc1ccc(C=c2sc3nc(-c4ccc(Cl)cc4)nn3c2=O)cc1OCC,P00533,
Cc1ccc(-n2c(=O)c3sccc3n(CC(=O)NCc3ccc(F)cc3)c2=O)cc1C,P00533,
Cc1cc(C)n(-c2cc(N3CCN(C(=O)Nc4cccc(Cl)c4C)CC3)nc(C)n2)n1,P00533,
COC(=O)[C@@H](N)CSc1nccn1C,P00533,
COc1ccc([C@@H](CC(=O)O)C2CC2)cc1OC,P00533,
CN(C)C[C@@H]1CCN(C(=O)C2CCCCCC2)C[C@H]1O,P00533,
Cc1ccccc1NC(=O)N1CCC(CCNC(=O)Cc2ccccc2F)CC1,P00533,
CNC(=O)[C@@]1(Cc2ccccc2-c2cccnc2)CCN(C(=O)[C@H](C)c2ccc(C)cc2)C1,P00533,
CCOC(=O)c1cnc(CNC(=O)OCc2ccccc2)nc1C,P00533,
CC(C)(CC(=O)N1CCC2(CC1)OCCC[C@@H]2O)c1ccccc1,P00533,
O=S(=O)(N[C@@H](c1ccsc1)c1cccs1)c1ccccc1,P00533,
COc1ccc2c(ccn2CCn2c(C)cc(=O)cc2O)c1,P00533,
COc1ccc(F)cc1NC(=O)N1CCC[C@](CO)(CN(C)C)C1,P00533,
Cc1ccc(C(=O)N2CCN(c3ccccn3)CC2)cc1NC(=O)c1ocnc1C,P00533,
Cc1[nH]c(=O)c(C#N)c(C)c1CCC(=O)N[C@H]1C[C@@H]1c1ccccc1,P00533,
C[C@@H]1C[C@@H]1C(=O)Nc1cccc(CC#N)c1,P00533,
O=C(N[C@H]1CCc2[nH]ncc2C1)c1ccn2ccnc2c1,P00533,
C[C@H](NC(=O)COc1cccc(N2CCCC2=O)c1)c1cccnc1,P00533,
O=C(O)c1csc(CCNC(=O)c2ccncc2F)n1,P00533,
C[C@@H]1CN(C(=O)c2cnn(Cc3ccccc3)c2N)C2(CCC2)CO1,P00533,
CCOC(=O)N1CCN(c2ccc(Cl)cc2)CC1,P00533,
Cc1nc2ccccc2n1CCNC(=O)[C@H]1CC(=O)Nc2cc(F)ccc21,P00533,
O=C(COC(=O)c1cc(-c2cccs2)nn1-c1ccccc1)N[C@H]1CCCc2ccccc21,P00533,
COCc1nc2cccnc2n1C1CCN(S(=O)(=O)c2ccc(C(C)C)cc2)CC1,P00533,
CCCn1c(SCC(=O)N2N=C3/C(=C/c4ccc(OC)cc4)CCC[C@H]3[C@H]2c2ccc(OC)cc2)n[nH]c1=O,P00533,
CCc1noc(C)c1C(=O)N[C@H](Cn1cncn1)c1ccccc1,P00533,
O=C(Cn1c2ccccc2c2ncn(Cc3nc(-c4ccccc4)no3)c(=O)c21)NCc1ccco1,P00533,
COc1ccc([C@H]2C[C@@H](C(F)(F)F)n3ncc(C(=O)NCc4cnn(C)c4C)c3N2)cc1OC,P00533,
CC(C)c1nccn1CC1CN(c2nccc3sccc23)C1,P00533,
O=C(Nc1ccc(C(=O)Nc2cccc(-c3ncco3)c2)cc1)NC1CC1,P00533,
Cc1cc(C(=O)NC[C@H](c2ccccc2Cl)N(C)C)no1,P00533,
Cn1c(Cc2cccs2)nnc1SCc1c(F)cccc1Cl,P00533,
CC(C)(C)OC(=O)C[C@H](O)c1ccccc1Br,P00533,
Cc1ccc2nc([C@@H]3CCCNC3)[nH]c2c1,P00533,
CC[C@H](C)c1cn2cccc(Br)c2n1,P00533,
Cc1ccnn1-c1ccc(SCC(=O)Nc2ccccc2Cl)nn1,P00533,
O[C@H](CN1CCC(O)(c2ccc(Cl)cc2)CC1)C(F)(F)F,P00533,
Cc1ccc(OC2CCN(C[C@@H](O)CN3CCOCC3)CC2)cc1,P00533,
Cc1nc(CCC(=O)N2CCC[C@@H](c3nccn3Cc3cccnc3)C2)n[nH]1,P00533,
C[C@@H]1CCCN(C(=O)[C@]2(C)CC(c3cccs3)=NO2)C1,P00533,
CNc1cc(C)nc([C@@H]2CN(C(=O)c3cc4ccccc4[nH]3)CCO2)c1,P00533,
COc1cc(C)c(Nc2cncc(OC)n2)c(C)c1,P00533,
CCC(=O)N1CCC(c2ccc(Nc3nc(C)cc(C)n3)cn2)CC1,P00533,
Cc1cc(C(=O)N[C@H]2CCN(Cc3ccccc3)C2)ncc1Br,P00533,
CCN(CC)[C@@H](C)c1ccc(Br)cc1,P00533,
N#Cc1ccc(C(=O)NCc2ccc3c(c2)N(C(=O)c2ccccc2)CC3)cc1,P00533,
CC(C)C[C@H](NC(=O)CN(C)C)c1nnc2n1CCN(C(=O)c1ccc(C(C)(C)C)cc1)CC2,P00533,
CCN(CC)c1ccc(C(=O)OCC(=O)NC)cc1,P00533,
Cc1ccc(N2CCC[C@@]3(CCCN3C(=O)Nc3ccccc3)C2=O)cc1,P00533,
CCC(=O)N1c2ccccc2C[C@H]1C(=O)NCc1ccccc1,P00533,
Cc1ccc(NC(=O)c2cc(-c3ccc4c(c3)C[C@H](C)O4)on2)cc1Cl,P00533,
Cc1nc([C@H](C)N(C)C(=O)c2cc3ccccc3n2C)c(C)s1,P00533,
COc1cc(F)c(CCC(=O)O)c(F)c1,P00533,
O=C(Nc1nncs1)c1cc(=O)c(OCc2ccccc2Cl)c[nH]1,P00533,
Cc1cn(CC(=O)NC[C@H]2CC[C@@H](c3ncn[nH]3)O2)nc1C(F)(F)F,P00533,
N[C@H]1CCc2c(Br)cccc21,P00533,
CNC(=O)c1ccc(NC(=O)c2ccc3c(c2)CCCN3S(C)(=O)=O)cc1,P00533,
Cn1ccc(CN2CCN(c3ncccc3F)CC2)c1,P00533,
COCCn1c(=O)[nH]c2ccccc2c1=NC(=O)Nc1ccc(OC)cc1,P00533,
Cn1nc(C(F)(F)F)cc1CS(=O)(=O)c1nncn1C1CC1,P00533,
CCc1ccc(N(C(=O)Cn2nnc3ccccc32)[C@H](C(=O)NCCC(C)C)c2ccco2)cc1,P00533,
Cc1cc(C)c(C#N)c(N2CCO[C@H](C(=O)N3CCc4sccc4C3)C2)n1,P00533,
CCc1nn(C)cc1NC(=O)C[C@@H]1OCCc2ccccc21,P00533,
Cc1ccc(-n2nccc2NC(=O)c2cc(Cl)ccc2Cl)nn1,P00533,
Cc1c[nH]c([C@@H]2CCN(C(=O)c3ccc4nc(C)[nH]c4c3)C2)n1,P00533,
Nc1n[nH]c2nc(C3CCNCC3)cc(C(F)(F)F)c12,P00533,
CCN(CC)C1=NC(=O)[C@H](CC(=O)Nc2ccccc2Br)S1,P00533,
C[C@H]1CC(=O)CC[C@H]1C(=O)Nc1nncs1,P00533,
COC(=O)c1c(C)[nH]c(C(=O)N(C2CC2)[C@H](C)c2ccccn2)c1C,P00533,
Cn1c(=O)n(C)c2cc(CN(CCNC(=O)c3cccs3)Cc3ccccn3)ccc21,P00533,
COc1ccc(CN(C)C(=O)c2ccc3c4c(cccc24)CC3)cc1F,P00533,
Cc1ccc(NC(=O)Nc2nnc(-c3ccccc3)s2)cc1,P00533,
COc1ccc(CN2CC[C@@H]3[C@@H](CCC(=O)N3CCCO)C2)cc1F,P00533,
C[C@H](O)c1cc(-c2cc(F)cc(F)c2)no1,P00533,
COC(=O)[C@]12CC[C@](C(=O)N[C@@H]3CCOC4(CCCCC4)C3)(CC1)CC2,P00533,
CNCc1ccccc1-c1cnc(N)cc1C,P00533,
O=C(Nc1cccc(N2CCC(NC[C@H]3COCCO3)CC2)c1)c1ccncc1,P00533,
COc1ccc(C(=O)N2CC[C@@H](Nc3cccnc3)C2)cn1,P00533,
O=C1C[C@H](c2c(F)cccc2Cl)c2sccc2N1,P00533,
Cc1cc(C(=O)Nc2ccc(Br)cn2)c(C)o1,P00533,
COc1ccccc1C(=O)Nc1ccc(S(=O)(=O)NCCc2ccccc2)cc1,P00533,
Cc1cc2nc(Cc3ccccc3F)n([C@@H](C)C(=O)NCc3ccccn3)c2cc1C,P00533,
CC(C)c1ncc(Cl)c(C(=O)N[C@H](CO)C(C)(C)C)n1,P00533,
Fc1ccccc1Cc1nnc2sc(-c3ccccc3C(F)(F)F)nn12,P00533,
Cc1ccc2nc(SC3CCCC3)nc(=O)n2c1,P00533,
C[C@@H](CN1CC2(CCN(CC(=O)N(C)C)CC2)OC1=O)c1ccccc1,P00533,
Cc1cnc2nc(C(=O)N3CCOC[C@H](C4CCC4)C3)nn2c1,P00533,
COc1ccc(C[C@]2(CCC(=O)N(C)CCc3cnn(C)c3)CCC(=O)N2)c2ccccc12,P00533,
Cc1cc(C)nc([C@H]2CCN(C(=O)Cn3cccn3)C2)n1,P00533,
COc1ccccc1-n1c(SCc2ccccc2)nc2ccccc2c1=O,P00533,
CSc1ccccc1C(=O)Nc1nn(C)c2c1[C@H](c1ccccc1)CC(=O)N2,P00533,
O=C(Cc1ccc(N2CCCC2=O)cc1)OCc1csc(-c2ccccc2)n1,P00533,
COc1cccc(-c2cc(C(=O)N3C[C@]4(C)C[C@H]3CC(C)(C)C4)no2)c1,P00533,
CC(C)(C)OC(=O)N1CC[C@@H](CO)[C@H](N)C1,P00533,
C[C@@H](O)CCC(=O)NCCc1nc2ccccc2n1Cc1ccc(F)cc1,P00533,
CC(C)[C@@H](NC(=O)C1CCCCC1)C(=O)O[C@H](C)C(=O)Nc1ccc(F)cc1,P00533,
COc1ccc(C(=O)COC(=O)c2cccc(S(=O)(=O)N3CCCCCC3)c2)cc1OC,P00533,
CC(C)(C)c1ccc([C@@H](O)C2CCCC2)cc1,P00533,
CC1(C)CCN(Cc2cn(CC3CCN(C(=O)c4cn[nH]c4)CC3)nn2)C1,P00533,
COc1cccc(OC)c1NC(=O)[C@@H](CC(=O)O)Cc1ccc(C)cc1,P00533,
Cn1ccnc1C(=O)N[C@H]1CN(Cc2ccsc2)[C@@H]2CCCO[C@H]12,P00533,
O=C(CN1CCc2sccc2[C@H]1c1ccccc1)Nc1cc2[nH]c(=O)[nH]c2cc1Br,P00533,
O=C(CCc1c[nH]c2ccccc12)N1CCC[C@H](c2ccn(CCO)n2)C1,P00533,
NC[C@H](O)CN(Cc1ccccc1)Cc1ccccc1,P00533,
CSc1ncc(C#N)c(N(C)C[C@H]2CCCCO2)n1,P00533,
Cn1cc2cc(NC(=O)CCc3ccc(F)cc3)ccc2n1,P00533,
CCOC(=O)c1cc(S(=O)(=O)Nc2c(C#N)ccc(F)c2F)cn1C,P00533,
Cc1ccccc1N1CCCN(C(=O)[C@H](C)N2CCCC2=O)CC1,P00533,
CC(C)c1ccc(NC(=O)[C@H]2CCCCN2C(=O)c2cccs2)cc1,P00533,
Nc1n[nH]c2cc(Br)cc(F)c12,P00533,
O=C(Nc1cccc(-c2ccccc2)c1)c1ncc(Br)cc1F,P00533,
CC(C)[C@@]1(Cc2ccccc2)CCCN1C(=O)c1cocn1,P00533,
COc1ccc2c(ccn2CCNC(=O)[C@H](c2ccccc2)n2cnnn2)c1,P00533,
Cc1ccccc1Cn1cnc2c1c(=O)n(Cc1ccc(F)cc1)c(=O)n2-c1ccc(Cl)cc1,P00533,
Cc1cccc([C@@H](C)NC(=O)[C@H](c2ccccc2)C(C)C)c1,P00533,
Cc1nn(CCNC(=O)Cn2c(=O)oc3ccccc32)c(C)c1-c1cccs1,P00533,
CCn1c(N2CCN(C(=O)COc3ccccc3OC)CC2)nc2c(C)nn(C)c2c1=O,P00533,
CCSc1ncc2c(=O)n(CC(=O)Nc3cccc(C(F)(F)F)c3)cnc2n1,P00533,
Cc1ccc(NC(=O)N[C@H](C)c2cccnc2)c(C)c1,P00533,
COc1ccc(C(=O)Nn2c(SCc3cccnc3)nc3ccccc3c2=O)cc1,P00533,
COc1ccc2c(=O)c3c(oc2c1)C(=O)N(CCN1CCOCC1)[C@H]3c1cccnc1,P00533,
Cn1cccc1C(=O)N1CCC[C@@H](c2nnc(-c3ccc(F)cc3)[nH]2)C1,P00533,
CCc1nc2ccccc2n1Cc1c(C)cc(C)cc1C,P00533,
Cc1cccc(C2=N[C@@H](C(C)(C)C)CO2)n1,P00533,
CN1CCO[C@H](C(=O)N2CC[C@H](Oc3ccc(F)cc3)C2)C1,P00533,
O=S(=O)(Nc1ccn(CC(F)(F)F)n1)c1ccc(Cl)s1,P00533,
CC(C)c1sc(-n2cccc2)nc1C(=O)N1C[C@@H]2C[C@H](C1)c1cccc(=O)n1C2,P00533,
Cc1ccc([C@H]2c3c(oc4ccc(Cl)cc4c3=O)C(=O)N2c2cc(C)on2)cc1,P00533,
Cc1cccc2c1[nH]c1nc(N3N=C(c4ccc(Cl)cn4)CC3=O)nnc12,P00533,
CCOC(=O)N1CCC(NC(=O)c2ccc(SCc3csc(C)n3)cc2)CC1,P00533,
c1cncc(-c2nccn2C[C@@H]2C[C@@H]3CC[C@H]2O3)c1,P00533,
Cn1cc(CCNC(=O)N[C@H]2CCOC23CCCC3)c2cccnc21,P00533,
Cc1cc(C)n(-c2ccc(C(=O)Nc3cccnc3O)cc2)n1,P00533,
Cc1ccc2cc(C(=O)N3C[C@@H](O)C[C@@H](C(=O)O)C3)ccc2c1,P00533,
Cc1nnc(C2CCN(S(=O)(=O)c3ccc(F)cc3F)CC2)[nH]1,P00533,
C[C@H](NC(=O)c1cnc2ccc(Cl)cn12)c1ccncc1,P00533,
COc1ccc(C(=O)Nc2cccc(CC#N)c2)cc1C(F)(F)F,P00533,
O=C(Nc1ccc(Cl)cc1)c1nn(-c2ccc(Cl)cc2)c(=O)cc1C(F)(F)F,P00533,
O=C(NC1CC1)C1CCN(c2ccccn2)CC1,P00533,
CCOc1ccc(S(=O)(=O)NC2CCCCCC2)cc1C(C)(C)C,P00533,
Cc1noc(C)c1C(=O)NCc1ccncn1,P00533,
CC(C)c1ccc(NC(=O)c2cc3cccnc3n(Cc3ccccc3)c2=O)cc1,P00533,
Cc1ccnc(N(CC2CC2)C[C@@H]2CN(C)CCO2)n1,P00533,
CC[C@H](C)NC(=O)c1ccc(CNC(=O)c2cccc(CN3CCCC3=O)c2)cc1,P00533,
CCOC(=O)[C@H](C)N1c2cccc3cccc(c23)S1(=O)=O,P00533,
COC(=O)c1[nH]/c(=N\C(=O)[C@@H](C)n2nnc3ccccc3c2=O)sc1Cc1ccccc1,P00533,
CCCc1cc(N2CCN(c3cc(Cl)ccc3C)CC2)n2nc(-c3ccco3)nc2n1,P00533,
COc1ccc(NC(=O)c2ccncc2C(F)(F)F)cn1,P00533,
CC(=O)Nc1cccc(NC(=O)Cn2c(=O)n(-c3ccc(C)cc3C)c(=O)c3sccc32)c1,P00533,
C[C@H]1OCC[C@@]1(C)NC(=O)c1cc(Cl)ccc1Cl,P00533,
O=C(Nc1cc(-c2ccc(F)c(F)c2)no1)c1cccc(Cl)c1,P00533,
Cn1c(-c2nc(-c3ccc(C(N)=O)nc3)no2)cc2ccccc2c1=O,P00533,
CC(=O)Nc1ccc(NC(=O)c2ccccc2)cc1Cl,P00533,
COc1ccc(-c2oncc2C(=O)NC[C@@H]2CCCN3CCCC[C@H]23)cc1,P00533,
COc1ccc(NC(=O)c2[nH]c(C)c(S(=O)(=O)N3CCOCC3)c2C)c(OC)c1,P00533,
Cc1cc(-c2cccc(C#N)c2F)ccn1,P00533,
Cc1cc(C(=O)N2CCC[C@@H](CCc3ccc(F)cc3F)C2)no1,P00533,
COc1cccc(C(=O)N(Cc2cc3ccccc3nc2O)C(C)C)c1,P00533,
COc1ccc(CN2CCCN(CC(=O)Nc3cccc(F)c3)S2(=O)=O)cc1,P00533,
COc1ccc(-c2c3c(=O)n(C)c(=O)n(C)c3c3n2-c2ccccc2N[C@H]3c2ccc(C)o2)cc1,P00533,
CC(C)(C)OC(=O)N1COC(=O)[C@@H]1c1ccc(O)cc1,P00533,
Cn1ccnc1[C@H](NC(=O)CNC(=O)c1ccc(Cl)cc1)c1ccc(Cl)cc1,P00533,
CCOc1ccccc1NC(=O)NCCc1ncc(C)n1CC1CC1,P00533,
Nc1nccc(-c2ccc(-c3ccccc3)nc2)n1,P00533,
COc1ccc2c(c1)N(C(=O)[C@H]1CCS(=O)(=O)C1)C[C@@H](C)O2,P00533,
CC(C)(C)OC(=O)N1CC[C@H](NC(N)=O)C1,P00533,
C[C@H](c1ccccc1)N1C(=O)[C@H](CCC(=O)NCc2cccc(Cl)c2)N=C1O,P00533,
O=C(N[C@@H](c1ccccc1)c1nnn[nH]1)c1ccccc1C1CCC1,P00533,
C[C@@H](N)[C@H]1CCCCN1C(=O)c1ncncc1Cl,P00533,
Cc1cc(C(F)(F)F)n2nc([C@H]3CCN(CCc4ccccc4)C3)cc2n1,P00533,
O=C(OCc1ccc(Cl)cc1)c1n[nH]c2ccccc12,P00533,
COc1cccc(F)c1C(=O)c1ccc(Cl)cc1C,P00533,
CC(C)CN(C(=O)c1cncnc1N)[C@@H]1CCCc2cccnc21,P00533,
Cc1nc2ccccc2n1[C@@H](C)C(=O)Nc1nnc(CCN(C)C)s1,P00533,
Cc1cccc(C(=O)N2CCCC[C@H]2c2nc(O)c3c(n2)CN(C2CCCCC2)CC3)c1,P00533,
Cc1noc2nc(C3CCN(C(=O)C[C@@H]4CCS(=O)(=O)C4)CC3)cc(C(F)(F)F)c12,P00533,
O=c1[nH]c(=O)c2cc(-c3ccc4c(c3)OCO4)ccc2[nH]1,P00533,
COCCN(C(=O)Cn1nnc2ccccc21)[C@@H](C(=O)NCc1ccccc1)c1ccccc1F,P00533,
CC(=O)c1cccc([C@@H](C(=O)O)N(C)Cc2nccn2C)c1F,P00533,
O=C(O)Cc1ccc(S(=O)(=O)N2CCC[C@@H](OC(F)F)C2)cc1,P00533,
CNc1cc(C(=O)N[C@H]2CC[C@]3(CCC(=O)N3)[C@@H](c3ccc(OC)c(OC)c3)C2)ccn1,P00533,
Cc1cccc(-c2c3c(=O)n(C)c(=O)n(C)c3c3n2CCO[C@H]3c2cc(Cl)ccc2O)c1,P00533,
CS(=O)(=O)c1cccc(NC(=O)c2nn(-c3ccc(F)cc3)c3c2CCC3)c1,P00533,
c1nc2ccc(COc3ccc4c(c3)CCOC43CCNCC3)cc2s1,P00533,
COc1ccc(-c2nc(CC(=O)N3CCC[C@H]3CO)cs2)cc1,P00533,
Cn1cc(CN2CC[C@H](c3cc[nH]n3)C2)cn1,P00533,
COC(=O)[C@@H](Cc1ccc(O)cc1)NC(=O)c1ccc(S(=O)(=O)C(F)F)cc1,P00533,
O=C(CC[C@@H]1CCCO1)N1CCC[C@H](c2cc(C(F)F)n3ncnc3n2)C1,P00533,
COc1cc([C@H]2CC(=O)c3cnc(NC(=O)c4ccccc4)nc3C2)cc(OC)c1OC,P00533,
CNC1(C(=O)N(C)Cc2csnc2OC)CC1,P00533,
Cc1ncc2c(n1)[C@]1(CCCN(C(=O)c3c(C)cc(=O)oc3C)C1)CC2,P00533,
Cc1ccc(NC(=O)CN2CCO[C@@H](C(=O)N3CCCC3)C2)cc1,P00533,
O=C1Nc2ccc3ccccc3c2[C@H](c2ccccc2)N1,P00533,
CCn1c(SCC(=O)c2ccc(C#N)cc2)nnc1-c1ccccc1,P00533,
CNC(=O)C[C@@H]1CCN(C(=O)c2cc3cccc(C)c3o2)C1,P00533,
COc1ccccc1CNC(=O)c1cncnc1CC1CCN(Cc2cccc(F)c2)CC1,P00533,
CCC(CC)C(=O)N1CC2(C1)[C@@H](c1nc(Cc3ccc(OC)cc3)no1)CCS2(=O)=O,P00533,
COc1ccccc1OCCC(=O)N1CC[C@@H](C(=O)O)C1,P00533,
C[C@@H]1CCNCC[C@H]1NCc1nncn1-c1ccccc1,P00533,
COc1ccccc1C1=NO[C@H](CN(Cc2ccc(F)cc2)C(=O)C2CC2)C1,P00533,
Cc1cccc(C)c1-n1nnnc1SCC(=O)N(Cc1cccs1)[C@H]1CCS(=O)(=O)C1,P00533,
COc1cccc(CNC(=O)Cn2cnc3onc(C)c3c2=O)c1OC,P00533,
COC(=O)c1c(-c2ccc(Cl)cc2)nn(CCO)c1C,P00533,
COc1ccc(OC)c(C(=O)c2coc3cc(Br)c(O)c(Br)c23)c1,P00533,
CCc1ccc(NC(=O)c2ccc3oc(=O)n(Cc4ccc(C)cc4)c3c2)cc1,P00533,
O=C(c1ccc(-c2nc(-c3ccccc3)no2)cc1)N1CCN(Cc2ccc3c(c2)OCO3)CC1,P00533,
Cc1ccc(S(=O)(=O)N2CC(=O)N(c3cccc(C)c3C)[C@@](C)(C(=O)NCCC(C)C)C2)cc1,P00533,
COCCN(Cc1ccccc1F)C(=O)Cc1cscn1,P00533,
O=C(NCc1nnc2ccccn12)c1cc2c(s1)-c1ccccc1OC2,P00533,
Cn1cc([C@H]2CN(C(=O)[C@H]3CCCCN3S(=O)(=O)c3ccccc3)CC2(C)C)cn1,P00533,
O=C(Nc1nc(CN2CCOCC2)cs1)c1coc(C2CCOCC2)n1,P00533,
Cc1noc(C)c1CN1CC[C@H](NC(=O)c2nn(C)c3ccccc23)C1,P00533,
Cc1sc(NC(=O)c2cccs2)c([C@H](c2ccncc2)N2CCN(C)CC2)c1C,P00533,
COc1ccc(CCNC(=O)c2ccc(CSc3ccccc3)o2)cc1,P00533,
O=c1c2c(Cl)cccc2ncn1CCC[C@@H]1CCOC1,P00533,
C[C@@H]1Oc2ccc(Br)cc2CN([C@@H](C)c2ccc(F)cc2)C1=O,P00533,
Cn1nncc1NCc1ccc(OC(F)(F)F)c(Br)c1,P00533,
C[C@@H]1Cc2cc(CNC(=O)Cc3ccsc3)ccc2O1,P00533,
O=C(NCc1ccc(Br)c(F)c1)c1cccc(OC(F)(F)F)c1,P00533,
COc1ccc(OC)c(NC(=O)Cn2c(=O)n(-c3ccccc3)c(=O)c3sc(SC)nc32)c1,P00533,
O=C(CCc1ccc2c(c1)OCO2)N1CCC[C@@H]1c1nc2ccccc2[nH]1,P00533,
CCCc1ncncc1C(=O)N1CCC[C@@](CO)(CCOC)C1,P00533,
Cc1ccc(CN2C[C@@H](C(=O)N3CCCn4nc(-c5ccc(F)cc5)cc4C3)CC2=O)cc1,P00533,
CCNC(=O)c1c(C)nc2ccnn2c1C,P00533,
Cc1nn(CCC(=O)N2CCN(C)[C@]3(CCC(=O)N(C)CC3)C2)c(C)c1C,P00533,
COCN1C(=O)CCc2cc(NC(=O)c3cc(C)nc4onc(C)c34)ccc21,P00533,
CCOC(=O)c1ncn(C2CCN(c3ncnc4cccc(C)c34)CC2)c1N,P00533,
CN(C)c1cncc(C2CCN(C(=O)[C@@]3(C)CCCCN3C)CC2)n1,P00533,
Cn1ncc2c(=O)[nH]c(N3CCCC[C@H]3CC3CCC3)nc21,P00533,
CCn1ccc(C(=O)Nc2sc3c(c2C(=O)N2CCOCC2)CCCC3)n1,P00533,
Cc1ccc(CNC(=O)[C@@]2(C)CN(S(C)(=O)=O)CC(=O)N2CCc2ccccc2)cc1,P00533,
Cc1ccc(NC(=O)c2csc(-c3ccc(N4CCCCC4)nc3)n2)c(F)c1,P00533,
CCn1nccc1C(=O)Nc1ccc(S(=O)(=O)Nc2ccccc2OC)cc1,P00533,
CCn1cc(C(=O)N[C@H]2CCC(=O)N[C@@H]2c2ccc(OC)c(OC)c2)c(C)n1,P00533,
CC(=O)[C@@H]1CC(C(=O)N[C@H](C)Cn2ccnc2)=NN1c1ccccc1,P00533,
CCCOc1ccc2nc(C)c(CN3CCCCC3)c(O)c2c1,P00533,
Cc1ccc(NC(=O)C2CCN([C@@H](c3ccccc3)C(C)C)CC2)nc1,P00533,
Fc1ccc(CN2C[C@@H]3CN(Cc4cccnc4)C[C@@H]3C2)cc1,P00533,
CCC(=O)N1CCC[C@@](Cc2cccc(-c3ccncc3)c2)(C(=O)N(C)C)C1,P00533,
O=C(c1ccncc1)N1CCO[C@@H](c2cccc(OC(F)F)c2)C1,P00533,
O=C(O)COC1CCN(S(=O)(=O)c2cccnc2)CC1,P00533,
C[C@](O)(CNC(=O)Cc1n[nH]c2ccccc12)c1ccc(F)cc1F,P00533,
CCn1ccnc1[C@@H]1CCCCN1C(=O)c1cc(C)nc2onc(C(C)C)c12,P00533,
CCCn1nnc(NC(=O)c2ccc3ccccc3c2)n1,P00533,
Cc1ccc(-n2ncc3c(O)c(-c4nc(-c5cccc(C)c5)no4)c(=O)[nH]c32)cc1,P00533,
CCc1nc2cc(OC)c(OC)cc2c(=O)n1CCNC(=O)c1ccc2[nH]ccc2c1,P00533,
CCn1ncc2cc(NC(=O)c3cccnc3OC)ccc21,P00533,
O=C(Cn1ccc2cc(Cl)ccc21)NCc1cccnc1,P00533,
N#CCc1ccc(-c2cccc(Cl)c2)cc1F,P00533,
CN(C)S(=O)(=O)N1CCc2nc([C@@H]3CCCN(Cc4ccsc4)C3)nc(O)c2C1,P00533,
COc1ccc(CNc2nnc(SCC#N)s2)cc1,P00533,
C[C@@H](Oc1ccccc1)C(=O)NCc1cc(-c2ccco2)on1,P00533,
COc1cc(OC)cc([C@H](NCc2ccco2)c2nccn2C)c1,P00533,
COc1ccc(CC(=O)N2CCC(Cc3nc(-c4ccccc4)no3)CC2)cc1OC,P00533,
Cc1ccc(NC(=O)c2cc3n(n2)C[C@H](c2ccc4c(c2)OCO4)OC3)cc1F,P00533,
CC(C)C(=O)N1C[C@H]2CN(C(=O)Cc3ccccc3F)C[C@@]2(C(=O)N2CCCC2)C1,P00533,
Cc1nc(C[C@H]2CCCN(C(=O)[C@@H]3CCCCN3)C2)no1,P00533,
Cc1nc(O)c2c(n1)CCN(C(=O)CN1Cc3ccccc3C1=O)CC2,P00533,
CCn1nnc2cc(C(=O)N(C)CC(=O)Nc3ccc(C)cc3Br)ccc21,P00533,
CCN1CCn2cc(CNC(=O)c3cnn(C)c3)nc2C1,P00533,
Cc1cnc(OC[C@@]23CCC[C@@H]2CN(C(=O)c2cc(C4CC4)on2)C3)nc1,P00533,
O=C(CN1CCOc2ccccc2C1)N1CCc2[nH]ncc2C1,P00533,
CCCn1nccc1NC(=O)N[C@@H](c1cccnc1)C(F)(F)F,P00533,
Cc1ccc2c(c1)O[C@@H](C)CN2S(=O)(=O)c1c[nH]nc1Br,P00533,
CC[C@@H]1CCCCN1C(=O)COC(=O)c1cc(OC)c(OC)c(OC)c1,P00533,
CC(C)Oc1ccc([C@@H]2CC(=O)Nc3nc(SCc4ccc(Cl)cc4)[nH]c(=O)c32)cc1,P00533,
CSc1ccc([C@@H]2c3c(n[nH]c3-c3cc(C)cc(C)c3O)C(=O)N2CCO)cc1,P00533,
COc1cccc([C@H]2CN(C(=O)c3snc(O)c3Cl)CCO2)c1,P00533,
Cc1nc(C2=CCN(CC(=O)NCCN3CCCCC3)CC2)no1,P00533,
CO[C@@H](C(=O)N(CCO)Cc1nc[nH]c1C)c1ccccc1,P00533,
Cc1ccc(C(=O)NCCC2CCCC2)cc1NS(C)(=O)=O,P00533,
COc1ccc(-c2ccc(C)c(NC(=O)c3cc(C)n[nH]3)c2)cn1,P00533,
O=C(NC1CC1)[C@H]1CCCN1C(=O)Nc1ccc2c(c1)CNCCO2,P00533,
CCOC(=O)N1CCN(C(=O)[C@@H]2CC23CCN(C(=O)CCc2nc4ccccc4s2)CC3)CC1,P00533,
COc1ccc(CNC(=O)Nc2cc(C(C)(C)C)nn2-c2nc3c(c(=O)[nH]2)CCC3)cc1OC,P00533,
N[C@@H]1CN(S(=O)(=O)Cc2noc3ccccc23)C[C@H]1c1ccccc1,P00533,
Cc1c(C(=O)N2CCC[C@H](n3ccnc3)C2)oc2ccccc12,P00533,
COc1cc(OC)c(NC(=O)Cc2cc(F)ccc2F)cn1,P00533,
CCCN1C[C@@H](NC(=O)c2ccccc2-c2cccc(C)c2)CC1=O,P00533,
COc1ccc(COCC(=O)Nc2nnc(-c3ccccn3)[nH]2)cc1,P00533,
O=C(NC1CCN(C(=O)Cn2cc(C3CC3)nn2)CC1)c1cncc2c1CCC2,P00533,
CCOC(=O)[C@@]12CC[C@H](N3CCOCC3)C[C@H]1CCN(c1cc(C)nc(NC)n1)C2,P00533,
CC(=O)N1CC[C@H]2CN(S(=O)(=O)c3cccc(F)c3)C[C@@]2(CO)C1,P00533,
COc1ccc(CC(=O)N(Cc2nc(-c3ccccc3)no2)C(C)C)cc1,P00533,
COc1cc(Cl)c(C)cc1NCC(=O)NC1(C#N)CCCCC1,P00533,
O=C(Cn1c(=O)n2nc(-c3cccc(F)c3)nc2c2ccccc21)Nc1cccc(Cl)c1,P00533,
Cc1cnnc(N2CCCN(Cc3cccc(F)c3)CC2)c1C,P00533,
O=C(c1ccnc(N2CCOCC2)c1)N1CCC[C@@H](c2nccnc2Oc2ccc(F)cc2)C1,P00533,
CCOC(=O)c1c(NC(=O)[C@H](C)OC(=O)c2nc3nccc(C)n3n2)sc2c1CC[C@H](C)C2,P00533,
CC(C)CNS(=O)(=O)c1ccc(OCC(=O)Nc2ccc(F)cc2F)cc1,P00533,
CC[C@H](C)[C@H](NC(=O)c1cc2cc(Cl)ccc2n1C)C(=O)NCCC(=O)O,P00533,
CCc1ocnc1C(=O)N[C@H]1CC(C)(C)Oc2ccc(OC)cc21,P00533,
O=C(O)[C@@H]1CCN(Cc2ccccc2OCCn2ccnc2)C1,P00533,
Cc1c(C(=O)NC[C@H]2CCCO2)sc2ncc(C(=O)c3ccccc3)n12,P00533,
O=S(=O)(Nc1cnc(N2CCN(c3ccccn3)CC2)nc1)c1cc(F)ccc1F,P00533,
CCn1cc(C(=O)N2CCN(c3cccc(C(F)(F)F)c3)CC2)c(=O)c2cc3c(cc21)OCO3,P00533,
COC[C@@H]1C(=O)NCC12CCN(Cc1cccnc1OC)CC2,P00533,
Cc1ccc(N2CC[C@H](NC(=O)C3CCCCC3)C2=O)cc1,P00533,
Cc1[nH]nc(CCC(=O)N[C@@H](c2cnn(C)c2)[C@H]2C[C@H](O)C2)c1C,P00533,
CS(=O)(=O)c1ncc(CO)n1Cc1ccccc1,P00533,
COc1cc(CNc2nn[nH]n2)ccc1OCc1ccc(Cl)cc1,P00533,
COc1cccc2cc(C(=O)/N=c3/[nH]c4ccccc4s3)oc12,P00533,
Cc1cc(OC(=O)NC(C)C)ccc1F,P00533,
COc1ccc([C@@H]2c3nc[nH]c3CCN2C(=O)[C@@H]2COc3c(cccc3OC)C2)cc1,P00533,
Cc1ccc(NC(=O)c2ccc(OC[C@@H]3CCCO3)cc2)nc1,P00533,
O=C1CC[C@@H](c2cccc(NC(=O)c3cc(CCc4ccccc4)ccc3O)c2)N1,P00533,
Clc1ccc(C[C@@H]2COCCN2)cc1,P00533,
CN1Cc2ccccc2C[C@@H]1C(=O)N[C@H]1CCCC12CN(C(=O)C(C)(C)F)C2,P00533,
C[C@@H](Oc1ccc(C#N)cc1)C(=O)c1cccc(Cl)c1,P00533,
CC(=O)NCC(=O)OCc1ccccc1,P00533,
CC(C)(CNC(=O)NC[C@@H]1CCN(c2ccccc2)C1)N1CCCCC1,P00533,
CCc1ccc(CN(C)Cc2cc(C)cc(C)n2)nc1,P00533,
Cc1ccc2[nH]c3c(N4CCN(Cc5ccccc5)CC4)ncnc3c2c1,P00533,
COc1ccc2cc([C@@H]3CCOC(=O)N3)ccc2c1,P00533,
Cc1cc2ncc3c(n2n1)CCN(C(=O)c1cccc(Oc2ccccn2)c1)C3,P00533,
CSCC[C@@H](NCc1ccc(-c2ccccc2)o1)C(=O)O,P00533,
CN1C[C@@H]2CN(C3CCCCC3)CCN2C(C)(C)C1,P00533,
CCn1c(SCC(=O)Nc2ccc(F)cc2)nnc1-c1ccccc1OC,P00533,
O=C(NCC[C@@H]1CCc2ccccc21)c1cc(F)ccc1F,P00533,
O=C(Nc1ccc(-c2csc(N3CCOCC3)n2)cc1)c1cnccn1,P00533,
COc1ccc(C[C@H]2CCN(C(=O)c3c(C)ccn(C4CC4)c3=O)C2)cc1OC,P00533,
NCc1nc(-c2ccc(-c3ccccc3)cc2)cs1,P00533,
COc1ccc(NC(=O)[C@H]2CC23CCN(CCC(C)C)CC3)cc1Cl,P00533,
Cc1ccc2c(C)c(C(=O)NC(C)(C)CN3CCCCC3)oc2c1,P00533,
COc1ccc(CNC[C@H](c2ccccc2)N(C)C)cc1,P00533,
CN(c1ncc(Cl)cn1)C1CCN(c2ncnc3[nH]ncc23)CC1,P00533,
C[C@H]1CCc2nc(NC(=O)[C@H](Cc3ccccc3)n3cnnn3)sc2C1,P00533,
CCCc1nnc2n1N[C@H](c1ccc(CC)cc1)[C@H](C(=O)Nc1ccccc1F)S2,P00533,
O=C(NC1CC1)C1CCN(c2cc(C(F)(F)F)ccn2)CC1,P00533,
COc1cc2nc(SCC(=O)Nc3ccc(C)c(F)c3)n3nc(C)nc3c2cc1OC,P00533,
COc1ccc(Cn2c(=O)n(Cc3cccc(C)c3)c(=O)c3nscc32)cc1F,P00533,
Cc1c(C)n(C2CCCC2)c2ncnc(OC3CCN(Cc4ccccn4)CC3)c12,P00533,
C[C@H]1CN(C(=O)CN2CCc3sccc3[C@H]2c2ccccc2)CCN1C(=O)c1cccc(Cl)c1,P00533,
O=C(NCc1ccc2ncccc2c1)Nc1ccsc1Cl,P00533,
Cn1nccc1[C@H](CO)N[C@H]1C[C@@](C)(c2ccccc2)C1,P00533,
CC(C)(C)NC(=O)CN1CCN(C(=O)COc2ccccc2C(=O)NCc2ccccc2)CC1,P00533,
COc1cccc(C(=O)NCc2nc(-c3ccc(Cl)cc3)no2)c1,P00533,
Cc1cccc(NS(=O)(=O)c2ccc(-c3cc(C)no3)cc2C)c1,P00533,
CCc1ccc(CNC(=O)c2cc3n(n2)C[C@](C)(C(=O)NC2CCCCCC2)N(C)C3=O)cc1,P00533,
C[C@@H]1CN(Cc2ccccc2)C[C@H](C)[C@H]1N(C)C(=O)c1cccc(S(C)(=O)=O)c1,P00533,
O=S(=O)(NC[C@@H](c1ccco1)N1CCOCC1)c1ccc(Cl)cc1,P00533,
Cc1ccc(Cl)c(C(=O)NCc2cccs2)c1,P00533,
COc1cc(C(=O)N2CCc3cccc(Br)c3C2)ccc1Cl,P00533,
COCCN1C(=O)CC[C@@H](C(=O)NCc2cc(C)nn2C)[C@H]1c1ccc(C)cc1,P00533,
O=C1C[C@H](c2ccccc2Cl)Cc2nc(NC3CC3)ncc21,P00533,
CC(C)CNC(=O)Cc1csc(SCc2ccc(Br)cc2)n1,P00533,
O=C(c1ccnnc1)N1CC[C@@]2(CCCN(Cc3ccccn3)C2)C1,P00533,
O=C(c1cccc(C(F)(F)F)c1)N1[C@@H]2CC[C@H]1C[C@@H](n1ccnn1)C2,P00533,
COc1ccc(C)cc1NC(=O)COC(=O)c1ccc(Cl)cc1Cl,P00533,
CC1=NNC(=O)[C@@H]1CCNC(=O)C[C@H](C)Cc1cccc(F)c1,P00533,
O=S(=O)(Nc1cccc(F)c1)c1ccc(-c2ccccc2)cc1,P00533,
CC(=O)Nc1sc(C)c(C)c1C(=O)O[C@H](C)C(=O)NC1CC1,P00533,
O=C(NC1CC1)[C@H](Cc1ccccc1)N1Cc2ccccc2C1=O,P00533,
O=C(COc1ccc2cc(Br)ccc2c1)N[C@@H]1CC(=O)N(CC(F)(F)F)C1,P00533,
O=S(=O)(Nc1cccc(O)c1)c1cc(Cl)ccc1Cl,P00533,
CCCn1ncc(C(=O)N2CCN(c3cc(C)cc(C)c3)C(=O)C2)c1C,P00533,
O=C(Nc1cccc(-c2nnc[nH]2)c1)[C@H](c1ccc(F)cc1)N1CCOCC1,P00533,
O=C(c1cnco1)N1CCC2(CCCN(c3ccc(F)cc3)C2=O)CC1,P00533,
CSc1ccccc1NC(=O)c1ccc2c(c1)S(=O)(=O)N=C1CCCCCN12,P00533,
Cc1ccc(NC(=O)NCC2(Sc3ccccc3)CCOCC2)cc1C,P00533,
Cc1n[nH]c(C(=O)NCCS(=O)(=O)N2C[C@H](C)O[C@@H](C)C2)c1Br,P00533,
COC(=O)c1cccc(Nc2cc(C)nc3nc(-c4cccnc4)nn23)c1,P00533,
CN1CCC[C@@H](CCC(=O)N2CCCN(Cc3ccncc3)CC2)C1,P00533,
O=C(NCc1ccc(Cl)cn1)c1ccc2c(c1)OCCO2,P00533,
CC(C)(C)c1ncsc1C(=O)N1CC[C@@]2(CCCOC2)C1,P00533,
Cc1c(NC(=O)c2cc3n(n2)[C@H](C(F)(F)F)C[C@H](c2ccccc2)N3)c(=O)n(-c2ccccc2)n1C,P00533,
O=C(CN1C(=O)CCc2ccccc21)N[C@@H]1CCc2ccccc21,P00533,
CCN(CC)S(=O)(=O)NCC(C)(C)N1C[C@@H](C)O[C@@H](C)C1,P00533,
CCO[C@@H]1COC2(CCN(Cc3ccc(C)c(C)c3)CC2)C1,P00533,
Cc1ccc(C(=O)Nc2cc3nn(-c4ccccc4)nc3cc2C)cc1Cl,P00533,
Cc1cccc(CNC(=O)[C@]2(C)Cn3cnc(C(=O)N4CCCC4)c3C(=O)N2C2CC2)c1,P00533,
CN1N=C(C(=O)N2CCN([C@@H]3CCc4ccccc4C3)CC2)CCC1=O,P00533,
CC(C)(C)OC(=O)N1CCC2(CC1)CO[C@@H]1c3cccc(O)c3OC(C)(C)[C@H]1C2,P00533,
NC(=O)c1ccc(N2CCC(C(=O)O)CC2)nc1,P00533,
COCCN1C(=O)C[C@H]2[C@H](CNC(=O)Nc3ccccc3OC)[C@@H](C)C[C@H]21,P00533,
COc1ccc(OCC(=O)N2CCOCC2)cc1,P00533,
Cc1cc(=O)[nH]c(SCC(=O)Nc2cccc(F)c2C)n1,P00533,
CC(C)Cc1nnc(NC(=O)c2cccs2)s1,P00533,
NC(=O)c1ccc(CNC(=O)CCOc2cccc(C(N)=O)c2)cc1,P00533,
Cc1ccc(C)c(S(=O)(=O)NCC2(c3ccc([C@H](C)O)s3)CCCC2)c1,P00533,
COc1ccc(-c2noc([C@H]3CCN(C)[C@@H](C)C3)n2)cn1,P00533,
CN(C)CCN(Cc1ccc(C#N)cc1)C(=O)[C@@H](N)CCO,P00533,
CC[C@@H](c1nnnn1CCOC)N(Cc1ccc(C)cc1)Cc1cc2ccc(C)cc2[nH]c1=O,P00533,
CCc1ccc(NC(=O)CSc2nnc(-c3ccco3)n2-c2ccccc2)cc1,P00533,
CCn1ccnc1N1CCN(C(=O)CCS(=O)(=O)c2ccccc2)CC1,P00533,
COc1ccccc1-c1nc(C(N)=O)c2c(n1)n(-c1ccc(C)c(C)c1)c(=O)n2C,P00533,
Cc1ccc(Cn2ccsc2=NC(=O)COC(=O)c2ccc(-n3cnnn3)cc2)cc1,P00533,
Cn1nc(C(F)(F)F)c2cc(C(=O)Nc3cnc4n3CCCC4)sc21,P00533,
COc1ccc(NC(=O)N2CCC(n3cnc4cc(F)ccc4c3=O)CC2)cc1,P00533,
Cc1cc(C)c(S(=O)(=O)N2CCC[C@H]2c2ccco2)c(C)c1,P00533,
COc1ccc(C=CCN2CC[C@]3(OC)CC[C@@H](O)C[C@H]23)cc1,P00533,
COc1ccc(Cl)cc1NC(=O)COc1cc(C)c(Br)c(C)c1,P00533,
Cc1cc(N)n(CC(=O)N[C@@H](C)c2n[nH]c(C)n2)n1,P00533,
Cc1cccc([C@@H]2CCCCN2C(=O)NC2CCN(CC(=O)N(C)C)CC2)c1C,P00533,
C[C@@H]1Oc2ccccc2O[C@H]1C(=O)Nc1ccc2c(c1)N(S(=O)(=O)c1ccc(F)cc1)CCC2,P00533,
C[C@@H](CC(=O)O)CC(=O)N1CCN(S(=O)(=O)c2ccc(Cl)cc2)CC1,P00533,
CCOc1cc(OCC)c(OCCC(=O)O)cc1OCC,P00533,
Cc1cc([C@H]2CCCO2)oc(=O)c1C(=O)N1CCN(c2cnccn2)CC1,P00533,
CNC(=O)[C@@]1(NC(=O)OC(C)(C)C)CCCNC1,P00533,
C[C@@H](c1ccc(S(N)(=O)=O)cc1)N(C)C(=O)NCC(F)(F)F,P00533,
Cc1ccc(N([C@H](C)C(=O)N2CCCCCC2)S(C)(=O)=O)cc1,P00533,
O=C(O)CN(Cc1ccc(Cl)cc1)C(=O)c1cnn(C2CC2)c1,P00533,
C[C@@H]1CCCCN1c1nc(-c2ccccc2O)nc2ccccc12,P00533,
Cc1nc2cc(N[C@@H]3CCSC3)ccc2n1C,P00533,
COc1cccc([C@H](C)N(C)C(=O)c2cc(COc3c(F)cccc3F)on2)c1,P00533,
Cc1ncc(C)c(N(C)CC2CCN(C)CC2)n1,P00533,
Cc1cc(C)c(S(=O)(=O)Nc2ccc(Oc3nc4ccccc4n4cnnc34)cc2)cc1C,P00533,
CCn1cc(Cn2cc(-c3cccc(-n4cccn4)c3)nn2)cn1,P00533,
Cc1noc(-c2cccnc2N2C[C@@H]3CC[C@H]2C3)n1,P00533,
CCCCc1ccc(S(=O)(=O)c2cnc(SCC(=O)Nc3ccc(C)c(F)c3)[nH]c2=O)cc1,P00533,
Cc1ccc(C(=O)N2CCC3(CC2)Cn2nnc(COC[C@H]4CCCO4)c2CO3)cn1,P00533,
Cc1nc(-c2ccc(Cl)cc2)sc1C(=O)NC[C@H]1CC[C@H](C(=O)O)CC1,P00533,
COC(=O)C1CCN(C(=O)COC(=O)c2cccc(S(=O)(=O)NCc3ccccc3)c2)CC1,P00533,
C[C@]1(C(=O)NCc2cccc(Cl)c2)CNCCO1,P00533,
COC(=O)Cn1c(=O)c2c(nc3n2C[C@@H](C)CN3c2ccccc2OC)n(C)c1=O,P00533,
Cc1cc(Cl)ccc1S(=O)(=O)N(C)[C@H]1CCNC1,P00533,
CC(C)(C)OC(=O)N1CC[C@@H](O)[C@@H](F)CC1,P00533,
COc1ccccc1NC(=O)NC(=O)c1cccc2ccccc12,P00533,
C[C@H](C(=O)NS(=O)(=O)[C@@H](C)c1ccccn1)n1ccc(C(F)(F)F)n1,P00533,
Cc1cc(C)cc(C(=O)c2cncc3ccccc23)c1,P00533,
CCOC(=O)[C@@H](C)Sc1nnc2n1CCN2c1ccccc1,P00533,
Cc1ccc(NC(=O)COc2ccccc2Br)cc1,P00533,
Cc1nc(N2CCCCC2)ncc1C(=O)N1CC[C@H](CS(N)(=O)=O)C1,P00533,
O=C(NCc1nc(-c2ccco2)n[nH]1)Nc1cccc(F)c1,P00533,
COC[C@@H]1CN([C@H]2CCOC2)Cc2ccnn2C1,P00533,
COc1ccccc1Nc1nc(N)nc(COc2ccccc2C#N)n1,P00533,
COc1ccc(OC)c(C[C@@H]2NC(=O)[C@@H]3COCCCN3C2=O)c1,P00533,
CCn1cc(CN(C(=O)c2c(C)ccn(C[C@H]3CCCNC3)c2=O)C(C)C)cn1,P00533,
COc1ccccc1/C=C/CN1CCc2nnc([C@@H](C)NC(=O)C3CCN(C)CC3)n2CC1,P00533,
COc1ccc(Cl)cc1NC(=O)Nc1ccn(Cc2cccc(F)c2)n1,P00533,
FC(F)(F)c1ccc(CN2C[C@H]3C[C@@H](C2)N3Cc2cncc(Br)c2)cn1,P00533,
O=C(O)C[C@@H](NC(=O)c1ccc2c(c1)OCCO2)c1ccccc1,P00533,
Cc1c(Cl)cccc1NC(=O)COC(=O)C1CCN(c2ccc(C(F)(F)F)cn2)CC1,P00533,
CCNC(=O)c1ccc(OCCN)cc1,P00533,
CC1(C)CCc2nnc([C@@H]3COCCO3)n2C1,P00533,
CCCC(=O)N[C@@H](c1ccc(OC)cc1)C1CC1,P00533,
O=c1[nH]c2cc3c(cc2cc1CNC1CCN(Cc2ccccc2)CC1)OCCO3,P00533,
Cc1cc(S[C@H](C)C(=O)N2CCc3ccccc32)nc2ccc(S(=O)(=O)N(C)C)cc12,P00533,
O=c1c2c(nc3n1CCCCC3)sc1c(OC[C@H](O)CN3CCCCC3)c(Br)ccc12,P00533,
CCn1/c(=N\C(=O)c2ccc(Cl)s2)sc2ccccc21,P00533,
COCCN1CC[C@H](NC(=O)N[C@H]2COc3c(C)cccc3C2)C1,P00533,
O=C(COc1ccccc1)Nc1cc(S(=O)(=O)N2CCOCC2)ccc1N1CCCC1,P00533,
COc1cccc(C(=O)Nc2nc(C)c(C(=O)Nc3ccc(Br)cc3)s2)c1,P00533,
CCOc1ccc(-c2c(C)n[nH]c2NC(=O)c2cc(F)cc(F)c2)cc1OCC,P00533,
Cc1ccccc1NC(=O)N1CCC[C@H]1c1cc(C(C)C)on1,P00533,
Cc1c(S(=O)(=O)N2CCCC[C@@H]2c2n[nH]cc2C(=O)N2CCCCC2)cnn1C,P00533,
CCCOc1ccc(Cl)cc1NC(=O)N[C@H]1CCN(C2CC2)C1=O,P00533,
COC(=O)c1scc(S(=O)(=O)C(C)C)c1-n1cccc1,P00533,
CCn1cc(CN2CCC[C@@H](CCc3cccc(OC)c3)C2)cn1,P00533,
CC(=O)N1c2ccc(S(=O)(=O)N3CCC[C@H]3C(=O)Nc3cccc(C)c3)cc2C[C@@H]1C,P00533,
CCOC(=O)n1[nH]c(=O)c2c(C(F)(F)F)cc(C)nc21,P00533,
Cc1nc(CNC(=O)c2ncccn2)sc1C,P00533,
Cc1cc(C)cc(-c2ccc(CN3CCOC[C@@H]3c3nc(C)no3)cc2)c1,P00533,
Cc1nnsc1[C@@H](C)N1CCC(c2cc([C@@H]3CCCO3)n[nH]2)CC1,P00533,
COc1nc2ccccc2cc1-c1nccc(N2CC[C@H](O)C2)n1,P00533,
Cc1ccc(-c2csc3ncn(Cc4ccc(F)cc4)c(=O)c23)cc1F,P00533,
Cn1cc(CN(C(=O)Nc2ccccc2CCc2ccccn2)C2CC2)cn1,P00533,
N#Cc1ccc(N2CCC3(CC2)CN(C(=O)CC2CCCCC2)C[C@@H]3CO)cc1C(F)(F)F,P00533,
Cc1cccc(S(=O)(=O)N[C@H]2CCCNCC2)c1Cl,P00533,
CCN(CC)Cc1ccc(C(=O)O)cc1,P00533,
CCNC(=O)N1CCC(NC(=O)CCCC(=O)c2ccccc2)CC1,P00533,
Cn1sc(=O)c2cc(S(=O)(=O)NCCc3ccncc3)ccc21,P00533,
CC(C)[C@@H]1CCc2ccccc2[C@H]1NC(=O)N1CCc2c([nH]c(=O)[nH]c2=O)C1,P00533,
CCC[C@H](C)NS(=O)(=O)c1c(C)cc(C)cc1C,P00533,
O=C(CN1CCO[C@@H](CNc2cccnn2)C1)NCc1cccnc1,P00533,
O=C(OCc1ccccc1F)C1CCN(C(=O)c2ccccn2)CC1,P00533,
CN(C)Cc1ccc(-c2ccccc2CNC(=O)C2CCN(c3ccc(Cl)nn3)CC2)cc1,P00533,
Cc1ccc(Cl)cc1N(C)C(=O)c1sc2nc3n(c(=O)c2c1C)CCCC3,P00533,
C[C@H](C(=O)NC1CCN(Cc2ccccc2)CC1)N1Cc2ccccc2C1=O,P00533,
CCOC(=O)c1cnc2ccc(OC)cc2c1N1CCN(C)CC1,P00533,
N#CCCN(Cc1ccccc1)C(=O)CSCC(=O)O,P00533,
CC(C)N(CCO)C(=O)Nc1ccc2c(c1)oc(=O)n2C,P00533,
O=C(Cc1nnc2c(-c3nc(C4CC4)no3)cccn12)Nc1ccccc1,P00533,
COC[C@@H]1CN(C(=O)c2ccc(C)cc2C)CCN1c1ccc(C#N)c(C(F)(F)F)c1,P00533,
CN(C)C(=O)C[C@H]1CN2C[C@H](Nc3ccc(C(F)(F)F)cn3)C[C@H]2CO1,P00533,
CCCC[C@@H]1CN(c2nnc(C)o2)C[C@H](C(C)C)O1,P00533,
COCCC1(c2noc(-c3ccc(F)cc3)n2)CCN(Cc2cnn(C)c2)CC1,P00533,
CC(C)Oc1ccc(-c2cnc(N)nc2)cc1,P00533,
O=C(Cn1nc(-c2ccccc2Cl)ccc1=O)Nc1ccc(Br)cc1,P00533,
Cc1nn(C)c(C)c1-c1cc(C(=O)NC2(c3ccccc3F)CCCC2)[nH]n1,P00533,
Cc1cc(C[C@@H]2COCCN(C(=O)Cc3ccccc3F)C2)ncn1,P00533,
C[C@@H]1CN(c2cc(N3C[C@]4(C)COC[C@]4(C)C3)nc(C(F)(F)F)n2)CC[C@H]1CO,P00533,
CC(C)(C)n1nc(C2CC2)cc1C(=O)N1CCC[C@@H](n2ccnc2)C1,P00533,
FC1(F)CC(Nc2ccnc(C3CC3)n2)C1,P00533,
CCn1cc(CN2C[C@H](OC)[C@@H](O)C2)cc1C#N,P00533,
Cc1ccc(C(=O)Nc2ccc(C(=O)NC3CC3)cc2)cc1F,P00533,
CCN(CC)CC(=O)N1N=C(c2cc(C)ccc2C)C[C@H]1c1ccc(OC)cc1,P00533,
CCN1CCN(C(=O)c2c[nH]c(=O)c3ccccc23)[C@H](C)C1,P00533,
Cc1ccc(-c2cn[nH]c2[C@H]2CCCN(Cc3cccn3-c3ccccn3)C2)cc1,P00533,
O=C(Cc1ccc(F)cc1)N1[C@@H]2CC[C@H]1C[C@H](Oc1cccnc1)C2,P00533,
CC(C)O[C@@H](CN[C@H](C)c1ncn(C)n1)c1ccccc1,P00533,
Cn1cnc2c(-c3ccc(C(=O)NCc4ccco4)cc3)cccc21,P00533,
CC[C@@H](Sc1nnc(N)s1)C(=O)N[C@H](C)c1ccccc1,P00533,
NC(=O)[C@H]1CCCN(C(=O)Nc2ccc(Cl)cc2-n2cccn2)C1,P00533,
COc1cc(NC(=O)c2c(N3CCCC3=O)c3cc(OC)ccc3n2C)cc(OC)c1,P00533,
Cc1csc(C(=O)O)c1S(=O)(=O)NC[C@@H]1CCC[C@H](F)C1,P00533,
O=S(=O)(c1ccccc1)N1C[C@H]2CN(c3ncccn3)C[C@H]2C1,P00533,
CN(C)[C@@H]1C[C@@H]2CN(C(=O)c3cccc(S(C)(=O)=O)c3)C[C@@H]2C[C@H]1OCC1CC1,P00533,
O=C(c1ccc2ncccc2c1)N1CC[C@H]2[C@H]1CCCCC(=O)N2Cc1ccccc1,P00533,
Cc1ccc(NC(=O)c2nc(C)n(-c3cccc(Cl)c3)n2)cc1C,P00533,
CCc1c[nH]c2ncnc(N3C[C@@H](OC)C4(CC4)C3)c12,P00533,
Brc1cccc(CNC2CCCCC2)c1,P00533,
Cc1ccc(C(=O)Nc2ccccc2C(=O)N2CCC(C)CC2)cc1S(=O)(=O)N1CCCCC1,P00533,
Cc1noc([C@@H](NC(=O)N[C@H](C)c2ccco2)C2CCOCC2)n1,P00533,
CN1N=C(C(=O)N2CCC3(CC2)OCCc2sc(-c4ccccc4)cc23)CCC1=O,P00533,
CC(C)(C)c1cc(-c2ccccn2)nc(Br)n1,P00533,
CCn1ccc2c(-c3nccn3[C@@H]3CCOC3)cccc21,P00533,
Cc1oc(-c2cccs2)nc1Cc1nc(-c2cncnc2N)no1,P00533,
Cc1cc(C)nc(-n2cc(C(=O)Nc3ccnnc3)c(C(C)C)n2)n1,P00533,
COC(=O)c1cc(-c2ccccc2)ncn1,P00533,
CN(C(=O)CSc1nnc(-c2cccs2)o1)C1CCCCC1,P00533,
O=C(Nc1ccccc1F)c1nnc([C@@H]2CCCN2S(=O)(=O)c2ccc(F)cc2)s1,P00533,
CCCNC(=O)[C@@H]1CN(C(=O)c2ccccc2)C[C@H]1c1cccc(OC)c1,P00533,
COc1ccccc1N1CCN(c2nc(C(F)(F)F)nc3c(C)cc(C)cc23)CC1,P00533,
CN(c1ccccn1)C1CCN(C[C@@H]2CCCOC2)CC1,P00533,
O=C(Nc1ccnn1Cc1ccccc1)[C@@H]1C[C@H]1c1ccc(Cl)cc1,P00533,
CC(=O)NCC(=O)N1CCOc2c(O)cc(-c3cccnc3)cc2C1,P00533,
CO[C@@H]([C@@H]1CCCN1)[C@@H](C)C(=O)N[C@H](C)[C@@H](O)c1ccccc1,P00533,
Cc1nc(CN2Cc3ccnn3[C@H](CC(=O)N3CC(F)(F)C3)C2)cs1,P00533,
COc1cccc(C(=O)N[C@H](C)[C@H](c2cccs2)N2CCOCC2)c1,P00533,
Cc1cc(C)n(C[C@H](C)NC(=O)c2cn(Cc3ccccc3Cl)nn2)n1,P00533,
Cc1cc(-c2cnc(N3CCOCC3)nc2[C@@H]2CCCN(C(=O)CC(C)C)C2)on1,P00533,
CC(C)N1CCO[C@@H]2CN(C(=O)c3cccn(C)c3=O)CC[C@H]2C1,P00533,
CC(=O)c1ccc(N2CCC[C@@H](F)C2)nc1,P00533,
CN(Cc1nccn1C(F)F)C(=O)c1cc2ccccc2[nH]1,P00533,
CC(C)(O)CCc1cccc(C(=O)NC2(CO)CCCCC2)c1,P00533,
CNc1cncc([C@H]2CCCN2C(=O)c2csc(C(C)C)c2)n1,P00533,
O=C(NCc1cccc(COC2CCOCC2)c1)N1CCC[C@@H]1C1CCCC1,P00533,
CCOC(=O)[C@H](C)NC(=O)Nc1c(-c2ccc(CC)cc2)[nH]c2ccccc12,P00533,
Clc1ccc(Nc2nccs2)cc1,P00533,
Cc1ccc(CCNC(=O)c2ccc(CN3C(=O)CSc4ncccc43)cc2)cc1,P00533,
Cc1csc2ncc(C(=O)NCC[C@@H]3CCC(F)(F)C3)c(=O)n12,P00533,
C[C@@H]1c2cc(F)ccc2CCN1C(=O)c1nc(N)nc2c1CCCC2,P00533,
NC(=O)c1cc(Cl)cc(S(=O)(=O)Nc2ccn(CC3CC3)n2)c1,P00533,
CN(C)[C@@H]1CCN(Cc2nccs2)[C@H]1Cc1cnn(C)c1,P00533,
C[C@]1(c2nc(-c3ccccc3)nn2-c2ccc(S(C)(=O)=O)cc2)CCCO1,P00533,
CN1C[C@H](COCC2CC2)C2(CCN(Cc3cccc4[nH]ccc34)CC2)C1,P00533,
CO[C@@H]1CN(C(=O)Cn2ncc3ccccc32)C[C@H]1c1c[nH]nn1,P00533,
C[C@H](O)CN1CCN(Cc2cccc(Cl)c2)[C@H](C)C1,P00533,
COc1cccc2ncn(C[C@H]3CCCOC3)c(=O)c12,P00533,
CCc1ccc2nc(N(CCN(C)C)C(C)=O)sc2c1,P00533,
Cc1nn(C(C)C)c(C)c1S(=O)(=O)N1CCN(C(=O)c2cccc(Cl)c2)CC1,P00533,
CCSc1nc2sc3c(c2c(=O)n1-c1ccc(OC)cc1)CCC3,P00533,
CCn1nc(Cc2c(Cl)cccc2Cl)nc1[C@@H]1CCC(=O)NC1,P00533,
O=C(OCc1ccccc1)N1CCO[C@@H](c2nc([C@H]3CCCN3C(=O)C(F)(F)F)cs2)C1,P00533,
COc1nc(-c2ccc([C@@H](C)N(C)C)cc2)ncc1F,P00533,
Cn1nc([C@H]2CCCN(C(=O)C3CC3)C2)c2cccnc21,P00533,
O=C(CCNC(=O)c1ccco1)Nc1nncs1,P00533,
Cn1cccc(C(=O)N2CCC[C@@]3(C2)OC(=O)c2ccccc23)c1=O,P00533,
CC[C@@H]1CN(C(=O)[C@H]2CCCOC2)c2ccccc2O1,P00533,
O=C(CSc1nnnn1Cc1cccs1)N1CCN(CC=Cc2ccccc2)CC1,P00533,
C[C@H](O)[C@H](C)S(=O)(=O)Cc1ccc(Br)cc1Cl,P00533,
O=C(NCc1ccc(Cl)cc1)[C@@H]1Cc2[nH]cnc2CN1Cc1cccs1,P00533,
C[C@@H]1CCCC[C@@H]1NC(=O)c1cccc(OC(F)F)n1,P00533,
C[C@@H](NC(=O)N1CCn2c(n[nH]c2=O)C1)c1ccc(OC(F)(F)F)cc1,P00533,
CC=Cc1ccc(OCC(=O)Nc2cc(C)ccc2OC)c(OC)c1,P00533,
CCc1cc(N2CCN(C3CCN(C(=O)c4ccncc4)CC3)CC2)ncn1,P00533,
Cc1nc(NC2CCN(c3ccccc3)CC2)sc1S(N)(=O)=O,P00533,
CC[C@@H]1CCc2nc(NC(=O)N(C)CCc3cnccn3)sc2C1,P00533,
COc1ccc(-n2cccn2)c(CN2CCC[C@H]2c2c(C)noc2C)c1,P00533,
Cc1cnc(CNCC(=O)Nc2cnccn2)cn1,P00533,
CSc1nsc(SCC(=O)NC2=NC(=O)[C@H](C)S2)n1,P00533,
Cc1cc2nc(COc3ccccc3NC(=O)c3ccc(Cl)cc3Cl)cc(=O)n2o1,P00533,
N#Cc1nc(-c2ccccc2)oc1NCCc1ccccc1,P00533,
CC(=O)c1cc(CN2CCCC[C@H]2C(=O)O)cs1,P00533,
O=C(Nc1nnc(-c2ccco2)s1)c1cccc(Cl)c1,P00533,
COc1ccc2nc(N3CC(C(=O)N4CCN(c5ccc(C(F)(F)F)cn5)CC4)C3)sc2c1,P00533,
O=C(CN1CCCC[C@H](O)C1=O)Nc1ccn(CC(F)(F)F)n1,P00533,
O=S(=O)(c1ccccc1C(F)(F)F)N1CC=C(c2cccs2)CC1,P00533,
COC(=O)C[C@@H](c1ccc(OC)cc1OC)c1c(O)n[nH]c1C,P00533,
COC[C@H]1CC[C@@H]2[C@@H](CCN2Cc2cnn(C)c2)O1,P00533,
COc1cccc(-c2cc(C3CCN(S(=O)(=O)c4cccc(C)c4)CC3)[nH]n2)c1,P00533,
Cc1nnc(-c2cc(CC(C)C)n(-c3cccc(C(=O)N[C@@H](C)C(C)(C)C)c3)n2)o1,P00533,
O=c1c2cnn(-c3cccc(Cl)c3)c2ncn1CCc1ccccn1,P00533,
CN1CC(=O)N(c2ccccc2)C[C@]12CCN(C(=O)C1CCCCC1)C2,P00533,
Cc1cc(C(=O)N2CCOC[C@@H](CCNS(C)(=O)=O)[C@@H]2C)sc1C,P00533,
CC[C@H](C)OC(=O)CSc1ncnc2sc3c(c12)CC[C@H](C)C3,P00533,
Cc1cccc(CC(=O)N2CCC(c3nnc(-c4ccsc4)o3)CC2)c1,P00533,
COCCn1c(C)c(C)c(S(=O)(=O)c2ccc(F)cc2)c1NC(=O)[C@@H]1CCCO1,P00533,
C[C@H](Nc1ncncn1)c1nc2c(s1)CCCC2,P00533,
O=C1N(CC2CC2)[C@H](c2ccccc2)C12CCN(Cc1cccs1)CC2,P00533,
O=C(c1cccnc1)N1CCC2(C1)CN(S(=O)(=O)C1CC1)C2,P00533,
COC(=O)c1cc(-c2ccc(C(F)(F)F)cc2)n[nH]1,P00533,
C[C@@H](C(=O)NCc1csc(N)n1)N(C)C,P00533,
CCn1c(SCC(=O)N(CCC#N)c2ccc(C)c(C)c2)nc2cnccc21,P00533,
Cc1nc([C@H](C)NC(=O)NCc2cnn(-c3ccccc3)c2)cs1,P00533,
CCCCC(=O)NCCn1c(-c2ccccc2)nc2cccnc21,P00533,
CSc1ncccc1C(=O)N(C)Cc1csc(-c2cccs2)n1,P00533,
Cc1ccn(-c2ccc(C(=O)N3CCC(N4CCC[C@H]4C(N)=O)CC3)cc2)n1,P00533,
Nc1cnn(CCn2ccccc2=O)c1,P00533,
C[C@H](Oc1ccc(Cl)cc1Cl)C(=O)N[C@H](C)c1cccs1,P00533,
Cc1ccc(COc2ccc(C[C@H](C)O)c(C)c2)cc1,P00533,
Cc1ccc(F)cc1CC(=O)N[C@H](C)c1nc(C(C)C)no1,P00533,
CCc1onc(C)c1CS(=O)(=O)c1nc2cc(C)ccc2s1,P00533,
O=C1CN(C[C@H](O)CC(F)(F)F)CCN1c1cccs1,P00533,
CCCCn1c(N)c(N(CCC(C)C)C(=O)c2ccc(C(F)(F)F)cc2)c(=O)[nH]c1=O,P00533,
CC(C)Cc1cc(-c2nnc3sc(C(C)C)nn23)n(C)n1,P00533,
COCC(=O)N1CCC[C@H](C(=O)c2ccc(-c3ccccc3)cc2)C1,P00533,
Cc1nc(CN2CCN(c3cc(C4CC(N)C4)nc(N(C)C)n3)CC2)no1,P00533,
CCSc1ccc(NC(=O)c2cnn(-c3ccncc3)c2C)cn1,P00533,
C[C@H](NC(=O)c1ccc(F)c(OC(F)(F)F)c1)c1ccccc1Cl,P00533,
COCc1nncn1C1CCN(C(=O)c2ccc(F)c(Cl)c2)CC1,P00533,
N#CCc1ccc(-c2csc3ccccc23)cn1,P00533,
C[C@](O)(CCc1ccccc1)CNC(=O)CSC1CCCC1,P00533,
COC(=O)[C@H](NC(=O)c1cc(OC)ccc1OC)c1ccccc1,P00533,
O=C(C[C@H]1N=C(O)N(Cc2ccccc2)C1=O)N1C[C@H]2C[C@@H](C1)c1cccc(=O)n1C2,P00533,
COc1ncccc1C(=O)NCc1cccc(Cl)c1,P00533,
COc1ccc(C(=O)NCc2nnc(SCC(=O)Nc3ccc(F)cc3)o2)cc1OC,P00533,
CCCc1nc(C)cc(N2C[C@@H]3[C@H](CNC(=O)c4cnc[nH]4)[C@H]4CC[C@]3(C2)O4)n1,P00533,
c1cnn(CCN2[C@@H]3CC[C@H]2C[C@@H](n2cccn2)C3)c1,P00533,
Cc1ccccc1Oc1ncccc1CNC(=O)[C@@H](C)Cn1cccn1,P00533,
CCCNC(=O)c1cccc(C(=O)Nc2cccc3cn[nH]c23)c1,P00533,
COc1ccc(-c2c/c(=N\[C@H](C(=O)O)C(C)C)c3cc(C)ccc3o2)cc1,P00533,
CCSc1nn(CC(=O)Nc2ccc(C(C)C)cc2)c(N)c1S(=O)(=O)c1ccc(OC)cc1,P00533,
CN1C(=O)CO[C@H](C(=O)NCc2cccs2)[C@H]1c1ccccc1,P00533,
CN1C[C@H](c2ccccc2)C2(CCNCC2)C1,P00533,
Cc1ccc(S(=O)(=O)n2ccc3c(-c4ccc(F)c(C)c4)ccnc32)cc1,P00533,
Clc1nc2c(c(N3CCC[C@@H](Cn4cccn4)C3)n1)COC2,P00533,
Cc1ccc(NC(=O)c2cc(=O)n3c(nc4ccccc43)s2)cc1Cl,P00533,
Cc1ccncc1-c1nc2ncccc2o1,P00533,
O=C(COCc1ccccc1)N1CCC(c2cc[nH]n2)CC1,P00533,
O=C(Nc1csc(-c2ccncc2)n1)C1CCN(c2cnccn2)CC1,P00533,
CCC(CC)C(=O)N1CCc2c(c(C(=O)N3CCC[C@H](C(=O)Nc4ccccc4)C3)nn2C)C1,P00533,
O=C(NCCN1CCOCC1)[C@@H](c1ccc(F)cc1)N1CCCCC1,P00533,
CC(C)C(=O)N(C)[C@@H]1[C@@H](O)[C@H](Oc2ccccc2)C[C@H]1NC(=O)OC(C)(C)C,P00533,
Cc1cc(C)n(CC(=O)N2C[C@H](C)OC[C@H]2C)n1,P00533,
COc1ccccc1NC(=O)CSc1nc2c(cc1C#N)C(=O)CCC2,P00533,
O=C(NCc1ccccc1)N1CCC(c2nc(-c3ccccc3)no2)CC1,P00533,
COc1cccc(CN2C[C@H](OCC3CC3)CN(C(=O)Cn3cncn3)CC2=O)c1,P00533,
CCn1c(C=Cc2ccco2)nc2ccccc21,P00533,
CCOC(=O)c1cn(CC(=O)Nc2ccc(C)c(Cl)c2)nn1,P00533,
O=C(CN1CCC[C@H](COc2nccs2)C1)N1CCCCC1,P00533,
COc1cccc(-c2c(C#N)c(N)nc3c2C[C@H](CC(=O)O)CC3)n1,P00533,
CN(CC(=O)N(Cc1ccncc1)C[C@H]1CCCO1)Cc1ccc(F)cc1,P00533,
CC[C@@H]1CCCCN1C(=O)CN1CCC[C@H]1c1ccc2c(c1)OCCO2,P00533,
COc1ccc(-c2noc(CCC(=O)NCc3ccco3)n2)cc1OC,P00533,
COc1cccc(CN(C(=O)c2ccccc2Br)[C@@H]2CCS(=O)(=O)C2)c1,P00533,
COc1ccc(C(=O)[C@H](NCc2csc(C)n2)c2oc(C)cc(=O)c2O)cc1,P00533,
O=C(NCc1ccco1)c1nnsc1NC(=O)N1CCCC[C@H]1c1cccnc1,P00533,
O=C(Nc1ccc(NC(=O)c2cccc(F)c2)cc1)c1cccc(F)c1,P00533,
CC(C)(C)OC(=O)NCc1cn([C@@H]2CCCN(c3ncnc4[nH]ccc34)C2)nn1,P00533,
CCOc1ccc(C(=O)N[C@@H](C)c2c(F)cccc2F)cc1OCC,P00533,
Cc1ccc(NC(=O)C[C@@H](C)N[C@H]2CC[C@@H](O)CC2)c(C)c1,P00533,
C[C@H](NC(=O)Cn1ncc(=O)c2ccccc21)c1nc2ccccc2[nH]1,P00533,
CN1CCC[C@H](N2CCN(C(=O)Nc3ccc4c(c3)NC(=O)CC4)CC2=O)C1,P00533,
Cc1ccc(F)cc1S(=O)(=O)N1CCC[C@@H](c2nnc(C(=O)Nc3cccc(F)c3)s2)C1,P00533,
C[C@H](Oc1ccccc1)C(=O)NCCS(=O)(=O)N1CCN(c2ccccc2F)CC1,P00533,
C[C@@H](NS(=O)(=O)CCc1ccc2c(c1)CCO2)c1cccc(-n2cccn2)c1,P00533,
Cc1cc(-c2c(C)noc2C)nc([C@H]2CCCCN2C(=O)c2ccno2)n1,P00533,
O=C1C[C@@H](CC(=O)N2CC(C3CCCCC3)C2)CO1,P00533,
O=C1CCN(C(=O)c2cc(O)nc3ccccc23)CCN1,P00533,
Cc1ccc(Nc2ccc(N3CCN(C(=O)c4ccccc4C(F)(F)F)CC3)nn2)nc1,P00533,
Fc1ccc([C@H]2C[C@@H]2c2nc(-c3ccc(OC4CCOCC4)cc3)no2)cc1,P00533,
O=C(Nc1cnc2c(c1)COCC2)[C@@H]1CC(=O)N(c2cccc(Br)c2)C1,P00533,
CCCOc1ccc(CN2CCC[C@@H]2c2cccc(F)c2)cc1OC,P00533,
COc1ccc(-c2[nH]c3ccccc3c2CCC(=O)NCc2ccc[nH]c2=O)cc1,P00533,
COc1ccccc1/C=C/CN1CCN(c2ccccc2F)CC1,P00533,
CC(C)C(=O)N[C@H]1CC12CCN(C(=O)Cc1cccnc1)CC2,P00533,
COc1ccc(CCNc2nc(-c3ccc(CNC(C)=O)s3)c(C)s2)cc1OC,P00533,
Cc1cc(C)cc(NC(=O)c2cc(C)c3c(c2)-c2ccccc2S(=O)(=O)N3C)c1,P00533,
CC[C@@H](C)c1ccc(S(=O)(=O)NCCc2nc(C)c(C(=O)O)s2)cc1,P00533,
CC(C)CNc1nc(-c2cccc(Cl)c2)c2c(N)n(Cc3ccccc3)nc2n1,P00533,
Cc1ccc(-c2noc(-c3cn(CC(=O)Nc4ccccc4F)c4nc(C)ccc4c3=O)n2)cc1,P00533,
COc1ccc([C@H]2CN(C(=O)c3ccc(C)cc3)C[C@H]2C(=O)N2CCCC2)c(OC)c1,P00533,
COCCC(=O)N1CCOc2ccc(CCC(=O)NC3CC3)cc2C1,P00533,
Cc1ccc(S(=O)(=O)NC(=O)[C@H]2CC23CCC(F)(F)CC3)nn1,P00533,
CC(=O)CSc1nc2ccc(NC(=O)COc3ccccc3)cc2s1,P00533,
Cc1noc(C)c1CCC(=O)Nc1nc2ccccc2s1,P00533,
CCOC(=O)c1ccccc1NC(=O)CN(c1ccc(Br)cc1)S(C)(=O)=O,P00533,
O=C(CCc1ccc(S(=O)(=O)N2CCCC2)cc1)Nc1ccccc1Cl,P00533,
COc1ccc(C#N)c(-c2cccc(OC(F)(F)F)c2)c1,P00533,
O=C(O)c1cc(N2CCc3ccccc32)ncn1,P00533,
O=C(NCc1ccc(Oc2ccc(F)cc2)cc1)[C@H]1CC(=O)N([C@H]2CCS(=O)(=O)C2)C1,P00533,
C[C@H]1CCc2c(C(=O)N3CCC(NS(=O)(=O)c4cccs4)CC3)csc2C1,P00533,
CC(C)(C)OC(=O)Nc1ccncc1C(=O)c1ccccc1,P00533,
Cc1cc(C)n(CCCN(C)Cc2c(C)nc3ccccn23)n1,P00533,
CC[C@@H]1CCC[C@@H]1NC(=O)c1cccc(-n2cc(CN(C)CC)nn2)c1,P00533,
Cc1ccc(-c2noc(C3CCN(CC(=O)Nc4ccc(C#N)cc4)CC3)n2)cc1,P00533,
COc1ccc(-n2c(SCC(=O)Nc3ccc(F)cc3F)nnc2-c2ccccc2)cc1,P00533,
COC(=O)c1cc(COc2ccccc2-c2nnc[nH]2)c(Cl)s1,P00533,
CN1CCN(C(=O)c2n[nH]c3ccccc23)[C@H](c2ccccc2)C1,P00533,
O=C(OC1CCCC1)N1CCC([C@H]2CCCCN2C(=O)C2(F)CC2)CC1,P00533,
NC(=O)CN(Cc1ccccc1)S(=O)(=O)c1ccc(Cl)cc1,P00533,
CC(C)C(=O)Nc1cccc2c1CCCN2C(=O)[C@H]1CCC1(C)C,P00533,
CCn1c(SCC(=O)N2CCN(C[C@H]3CCCO3)CC2)nnc1-c1cccs1,P00533,
COc1ccc(S(=O)(=O)N2CCCCC2)cc1NC(=O)[C@@H](C)Oc1ccc(Cl)cc1,P00533,
Cc1cc(N2CCc3nc(C)[nH]c(=O)c3C2)n2ncnc2n1,P00533,
COc1ccccc1CC(=O)N[C@@H]1CCCc2cn(CC(F)(F)F)nc21,P00533,
Cc1noc(CN(C)CCc2nc3cc(F)ccc3[nH]2)n1,P00533,
CCOc1ccc(CC(=O)Nc2ccc(N3CCCCC3=O)c(C)c2)cc1,P00533,
O=C(OCC(=O)N1c2ccccc2SC[C@H]1c1ccccc1)c1ccccc1F,P00533,
Cc1cnn(C2CN(Cc3noc(C)n3)C2)c1,P00533,
CCOC(=O)c1nc(N(C)c2ccccc2C)c2ccccc2n1,P00533,
Cc1nn(CC(C)C)c(Cl)c1[C@H]1CCCN1c1cccc(-n2ccnc2)n1,P00533,
Cc1cc(COc2ccccc2)oc1C(=O)N1C[C@@H]2CC[C@H](C1)N(C)C2=O,P00533,
COc1ccccc1CNC(=O)[C@@H]1C[C@@H](Sc2nc3ccccc3[nH]2)CN1C1Cc2ccccc2C1,P00533,
CC(=O)Nc1cccc(-c2cccc3cc(C(=O)N(C)CCc4cnn(C)c4)ccc23)c1,P00533,
CC(=O)c1ccc(=O)n(-c2cccc(F)c2)c1,P00533,
Cc1cc(NCc2nc(C3CC3)no2)nc(-c2cccnc2)n1,P00533,
Cc1cc(N2CC[C@@H]3CCN(C(=O)Cc4c(F)cccc4Cl)[C@@H]3C2)ncn1,P00533,
CSCC[C@@H](C(=O)NCc1ccccn1)n1cccc1,P00533,
CNC(=O)c1ccc(S(=O)(=O)Nc2cc(C)cc3cccnc23)cc1,P00533,
CCCOC(=O)c1ccc(NC(=O)CCC)cc1,P00533,
Cc1noc(C)c1C(=O)NC[C@@H]1CN(CC2CCN(CC3CC3)CC2)C(=O)CO1,P00533,
Cc1noc([C@@H]2CN(C(=O)c3sc(C)nc3C)C[C@H]2c2ccccc2)n1,P00533,
O=C(O)c1ccccc1C(=O)NC[C@H](O)c1ccccc1,P00533,
CCCOc1cccc([C@@H]2c3c(oc4cc(C)c(C)cc4c3=O)C(=O)N2CCCN(C)C)c1,P00533,
c1ccc(-c2ccc(COc3cccc(-c4nnn[nH]4)c3)cc2)cc1,P00533,
CCOC(=O)CSc1sc2c(O)cc(=O)[nH]c2c1C#N,P00533,
CC(C)(C)NS(=O)(=O)NC(=O)C(C)(C)c1ccc(F)c(Cl)c1,P00533,
CC(C)n1cc(C(=O)Nc2ccc3occc3c2)cn1,P00533,
CC(=O)N1CCO[C@@](COc2ccc(F)cc2)(CC(=O)N2CCCCC2)C1,P00533,
C[C@@H](NC(=O)c1cc(C2CC2)on1)c1cccc(F)c1,P00533,
COc1ccccc1S(=O)(=O)NCc1ccc(-c2ccsc2)o1,P00533,
CC1(C)c2ccccc2Oc2ccc(-c3cnn([C@@H]4CCOC4)c3)cc21,P00533,
CC(C)Nc1nnccc1C(=O)N[C@@H](C)C(=O)N1CCCC[C@H]1C,P00533,
CC1(C)Oc2cc(-c3ccnc4ccccc34)cnc2NC1=O,P00533,
O=C(N[C@@H]1CCSc2ccc(Cl)cc21)c1ccccc1F,P00533,
CC(C)C[C@@H]1N[C@H](C(=O)NC(C)C)Cc2cn(Cc3ccccn3)c3cccc1c23,P00533,
Cc1cc(NC(=O)[C@H](C)OC(=O)c2cnn(C)c2C)no1,P00533,
O=C(O)[C@@H]1CCCN1S(=O)(=O)c1ccc(Cl)s1,P00533,
Cc1cn(C)c(CC(=O)N2CC(C)(C)[C@@H]2C2CC2)c1C(=O)N1CC(C)(C)[C@H]1C1CC1,P00533,
O=C(c1cc(-c2ccc3c(c2)OCCO3)on1)N1CCC(c2nc3ccccc3s2)CC1,P00533,
C[C@H](Sc1nc(-c2ccccc2)cc(C(F)(F)F)n1)C(N)=O,P00533,
CCC(=O)N(C)CC(=O)N1N=C(c2ccccc2F)C[C@H]1c1ccc(F)cc1,P00533,
CCOc1ccc(NC(=O)c2ccc(-c3noc(C)n3)cc2)cc1,P00533,
COc1ccccc1CCC(=O)N1CC[C@H](Nc2cccnc2)C1,P00533,
O=C1C[C@H](C(=O)Nc2nc(-c3ccc(F)cc3)cs2)C2(CCCC2)O1,P00533,
COc1ccccc1CNC(=O)CN1CCC(N2C[C@@H](C)O[C@@H](C)C2)CC1,P00533,
CNC(=O)C[C@@H](C)N(C)C(=O)c1ccc(-c2cc(C)ccc2F)cc1,P00533,
O=C(N[C@H]1CN(Cc2cccnc2)[C@@H]2CCCO[C@H]12)c1cnccn1,P00533,
Cc1ccc(-c2nc(C(=O)N3CCC[C@@H](S(C)(=O)=O)C3)cs2)cc1,P00533,
Cn1ccc2ccc(S(=O)(=O)N3CC[C@]3(C)C(=O)O)cc21,P00533,
CO[C@@H]1C[C@@H](c2ncc[nH]2)N(C(=O)Cc2cccc(Cl)c2F)C1,P00533,
COc1cc(NC(=O)CNC(=O)c2cc(C)c(C)s2)cc(OC)c1,P00533,
CN1CCCN(c2ccc(CNC(=O)c3cc(-c4ccccc4)[nH]n3)cn2)CC1,P00533,
COc1ccc(OC)c(CN2CCC(c3cc(C(F)F)c4c(C)noc4n3)CC2)c1,P00533,
CS(=O)(=O)c1ccc(CN2C[C@@H](COCC3CC3)[C@@H]3COc4ccccc4[C@@H]32)cc1,P00533,
COc1cccc(C(=O)Nc2nc(-c3nnn(-c4cc(C)cc(C)c4)c3C)ns2)c1,P00533,
CCN(CCC(=O)Nc1nccs1)[C@H]1COC[C@@H]1O,P00533,
CC(C)NC(=O)C[C@H]1C(=O)NCCN1Cc1ccc(-c2ccccc2)cc1,P00533,
CC(C)[C@@](C)(CN)NC(=O)c1cc(N2CCNC2=O)ccc1Cl,P00533,
Cc1ccc([C@H](C)NC(=O)c2ccc(Cn3nc(C)c(Br)c3C)o2)cc1,P00533,
FC(F)(F)c1c[nH]c(CC2CCCCC2)n1,P00533,
CS(=O)(=O)c1ncc(Cl)c(C(=O)N(Cc2ccc(Cl)cc2)[C@H]2CCS(=O)(=O)C2)n1,P00533,
COc1ccc(Cc2nnc3sc(C=Cc4ccccc4C)nn23)cc1,P00533,
CCc1ccc(CN2Cc3ccnn3[C@@H](CC(=O)NC)C2)cc1,P00533,
CCOc1ccc(OCC(=O)Nc2cccc(C(=O)O)c2)cc1,P00533,
O=C(c1ccc(S(=O)(=O)N2CCCC2)cc1)N1CCN(c2nc3c(F)cccc3s2)CC1,P00533,
CCOC(=O)C1(Cc2ccccc2Cl)CCN(S(=O)(=O)c2cc(C)cs2)CC1,P00533,
C[C@@H]1C[C@@H](C)CN(C(=O)c2ccco2)C1,P00533,
CCCCc1ccc(C#N)c(SCC(=O)OC2CCN(C(=O)Nc3ccccc3)CC2)n1,P00533,
O=C(Cc1ccc(-c2ccccc2)cc1)Nc1nc2ccccc2[nH]1,P00533,
Cn1nccc1C(=O)N1CCCC[C@H]1c1nncn1Cc1ccccc1,P00533,
Fc1ccc(N2CCNCC2)cc1C(F)(F)F,P00533,
CC[C@@H](C)NC(=O)C[C@@H](c1ccccc1OC)c1cn(C)c2ccccc12,P00533,
Cc1ccc(NC(=O)NCc2cccnc2N)c(N(C)C)n1,P00533,
CCN1CCN(C(=O)c2ccncc2Cl)C[C@@H]1c1nccn1C,P00533,
COc1cccc(C(=O)Nc2cccc(CC#N)c2)c1Cl,P00533,
COc1ccccc1CCC(=O)NCc1ccsc1,P00533,
N#Cc1ccc2c(CN3CC(NC(=O)c4ccco4)C3)c[nH]c2c1,P00533,
Cn1nc(C(=O)N2CCCC3(CCOCC3)C2)cc1Cc1ccccc1,P00533,
Cc1nn(C)c(C)c1CCC(=O)N1C[C@@H](c2ccccc2)O[C@@H](C2CC2)C1,P00533,
COCCN1CC[C@@]2(CN(Cc3ccccc3OC)C[C@@H]2c2cn(C(C)C)cn2)C1=O,P00533,
C[C@@H](C(=O)NC[C@H](c1ccc(F)cc1)N1CCOCC1)n1cncn1,P00533,
Cc1cnc(CNC(=O)[C@@]23CCCN(S(C)(=O)=O)[C@H]2CN(C)CC3)cn1,P00533,
Cc1c(CC(=O)N(C)[C@H](C)c2ccon2)c2c(n1C(C)C)CC(C)(C)CC2=O,P00533,
Cc1ccc(N2C[C@@H](C(=O)Nc3c(C(=O)N4CCOCC4)oc4ccccc34)CC2=O)cc1,P00533,
O=C(CCc1nc(-c2ccccc2)no1)NCc1noc(CCc2ccccc2)n1,P00533,
CC[C@H]1CC[C@](NC(=O)[C@H](C)n2cccn2)(C(=O)OC)CC1,P00533,
CCOC(=O)C1CCN(c2ncccc2-c2nnc(-c3ccc(Cl)cc3)o2)CC1,P00533,
O=C(N[C@@H]1CCNC1)c1cnc(N2CCC[C@H](OC3CCC3)CC2)nc1,P00533,
CCNC(=O)c1ccc(NC(=O)N[C@@H]2CCOc3ccccc32)cc1,P00533,
O=C(Nc1ccc(C(=O)N2CCCC2)cc1)[C@@H]1CC(=O)N(Cc2ccco2)C1,P00533,
COc1ccc(-n2ccc(C(=O)N[C@@H](C)[C@H]3CCCN(C(=O)OC(C)(C)C)C3)n2)cc1,P00533,
COc1ccccc1N1CCN(C(=O)COc2ccc(-c3nnco3)cc2)CC1,P00533,
CCc1cn[nH]c1[C@H]1CCCN(Cc2c[nH]nc2C(=O)O)C1,P00533,
C[C@@]1(C(=O)Nc2cccc(C(=O)O)c2)Cc2ccccc2C(=O)O1,P00533,
COC(=O)c1sccc1S(=O)(=O)NCCn1nc(C2CC2)n(-c2ccccc2)c1=O,P00533,
Cc1ccc(C(=O)NCc2nnnn2-c2ccc(C)c(C)c2)cc1,P00533,
Cc1cc(S(=O)(=O)N2CCC(O)(C(F)(F)F)CC2)c(C)o1,P00533,
CS(=O)(=O)N1CCC(Cc2ccc(C(=O)NCc3ccccn3)cc2)CC1,P00533,
CC(=O)N1c2ccc(S(=O)(=O)NCCC(=O)Nc3nccs3)cc2C[C@@H]1C,P00533,
COc1ccc(C(=O)N[C@H](c2nc3ccccc3n2C)C(C)C)cc1,P00533,
CN1CC[C@@H](O)[C@H](C(=O)NC2CCN(Cc3cccc(O)c3)CC2)C1,P00533,
O=C(N[C@H](C1CCNCC1)[C@H]1C[C@H](O)C1)c1ccc(CO)cc1,P00533,
COc1cccc(-c2cc(CNC(=O)N3CC[C@H](NC(C)=O)C3)on2)c1,P00533,
CC[C@@H]1CN(C(=O)c2ccc(Cl)cc2)[C@H](CO)[C@@H]1CN1CCC(F)(F)C1,P00533,
O=C(NCc1ccc(Cl)cc1)NC[C@H](c1ccco1)n1cccn1,P00533,
Cn1cc2c(-c3cccc4c3-c3ccccc3C4=O)cccc2n1,P00533,
O=C(NCc1cccc(Cn2ccnc2)c1)c1ccc(Cn2ccnc2)cc1,P00533,
COc1ccc(NC(=O)N2CCn3cccc3[C@H]2c2ccccc2)cn1,P00533,
CCn1c([C@@H]2CC(=O)N(c3ccccc3Cl)C2)nc2ccccc21,P00533,
c1ncn(C[C@H]2CCCCN2Cc2csc(-c3ccsc3)n2)n1,P00533,
COc1ccc(NC(=O)c2ccc(NC(=O)CN3C(=O)CCOc4ccccc43)cc2)cc1,P00533,
CCN(CC)CCNC(=O)COCc1cc(-c2ccco2)on1,P00533,
C[C@H]1CCCCN1C(=O)c1nnn(-c2ccc(F)cc2)n1,P00533,
CCCO[C@@H]1CC[C@H](C(=O)N(C)CCCn2cccn2)C[C@H]1NC(=O)CO,P00533,
COc1cccc(NC(=O)CN(Cc2ccc(Cl)cc2Cl)S(=O)(=O)c2ccccc2)c1,P00533,
Cc1ccncc1NC(=O)Cc1cccc(F)c1F,P00533,
C[C@@H](NCc1ccc(OCc2ccccc2)cc1)[C@@H](O)c1ccccc1,P00533,
COc1cc(NC(=O)N2CCC[C@H]2c2cc(C(C)C)on2)cc(OC)c1OC,P00533,
O=C1O[C@@H]2CN(c3nnnn3-c3ccccc3)C[C@@H]2N1Cc1ccccn1,P00533,
CCc1ccc([C@@H]2CN(CCC(=O)O)CCO2)cc1,P00533,
N#Cc1ccc(NCc2noc(C3CC3)n2)nc1,P00533,
Cc1ccc(S(=O)(=O)N2C(=O)c3ccccc3N(S(=O)(=O)c3ccc(C)cc3)C(=O)c3ccccc32)cc1,P00533,
COC(=O)c1ccc(-c2nc(-c3ccc(OC)cc3)cs2)cc1,P00533,
COc1cccc(-c2ccc3c(c2)C(=O)CO3)c1,P00533,
CC(C)[C@H](O)c1ccc(OCC2CC2)cc1,P00533,
Cc1cc(C)cc(NS(=O)(=O)c2cc3n(c2)CCCNC3=O)c1,P00533,
NC(=O)c1csc(-c2ccc3ncoc3c2)c1,P00533,
Cc1ccc(NS(=O)(=O)c2cc(-c3nc(C)c(C(=O)N4CCCC4)s3)n(C)c2C)nc1,P00533,
CCOc1ccc(C(=O)NC)cc1S(=O)(=O)Nc1ccc(-n2cccn2)cc1,P00533,
COc1ccc(F)cc1S(=O)(=O)N1CCC(COc2ccc3nc(C)c(C)n3n2)CC1,P00533,
C[C@@H](Cn1ccnc1)N[C@H]1CCc2c1ccc(Cl)c2Cl,P00533,
Nc1nnc(N2CCC3(CCOCC3)CC2)s1,P00533,
COc1cc2c(c(OC)c1OC)[C@@H](c1cccc(F)c1F)CC(=O)N2,P00533,
O=C(NCc1ccccc1)C1CCN(Cc2ccccc2)CC1,P00533,
C[C@@H](NC(=O)Cn1cnc(-c2cccs2)cc1=O)c1ccccc1,P00533,
Cn1c(=O)c2c(SCC(=O)NCc3ccc4c(c3)OCO4)nc(C3CC3)nc2n(C)c1=O,P00533,
CCOC(=O)c1ccc(NC(=O)CSc2nc(=O)cc(N)n2CCc2ccccc2)cc1,P00533,
Cc1cc(CNC(=O)NC[C@H](O)COc2ccc(Cl)c(C)c2)on1,P00533,
Cc1ccc(-c2cccc(C#N)c2F)c(F)c1,P00533,
COc1ccc(-c2n[nH]cc2CN2CCN(C3CC3)CC2)cc1,P00533,
Cc1ccc(Cl)c([C@@H](CC(C)C)N2CCNCC2)c1F,P00533,
O=C(N[C@H](c1ccsc1)c1cccs1)c1ccno1,P00533,
Cc1cc(C)c2nc(C)cc(C(=O)N3C[C@H]4CC[C@@H](C3)N4)c2c1,P00533,
O=C(NCc1ccccc1Cl)[C@@H]1CC(=O)N(CCc2ccc(F)cc2)C1,P00533,
Cn1c(=O)[nH]c(=O)c2c1nc(CN1CCOCC1)n2Cc1cccc2ccccc12,P00533,
Cc1ccccc1C1(O)CCN(C[C@H](O)c2ccc(Cl)cc2)CC1,P00533,
O=C(CC1CCCC1)N1CC[C@@H](Cc2noc(-c3ccccc3)n2)C1,P00533,
Cc1ccc(C)c([C@@H](C)NC(=O)c2cccn2C)c1,P00533,
O=C(O)c1cccc(CN2CCN(C[C@@H](O)c3ccccc3)CC2)c1,P00533,
O=C(Cc1ccc(N(Cc2ccccc2)C(=O)C2CC2)cc1)NCc1ccncc1,P00533,
Cc1c(CNC[C@]2(O)CCCN(Cc3ccccc3F)C2=O)cnn1C,P00533,
CCc1nc2sc(C)c(C)c2c(C2CC2)c1C(=O)OC,P00533,
CCCC(=O)Nc1ccccc1[C@@H](C)CC,P00533,
Cc1cccc(=O)n1C[C@](C)(O)C(=O)N1Cc2ccccc2C2(CC2)C1,P00533,
Cc1nn(C(C)(C)C)c(C)c1S(=O)(=O)Nc1cccc2[nH]cnc12,P00533,
COc1cc(OC)cc([C@H](O)CNC(=O)N[C@@H](C)c2nc3ccccc3[nH]2)c1,P00533,
Cn1c(CO)nnc1[C@@H]1CCCN(Cc2cnc(N3CCCC3)s2)C1,P00533,
Cc1cnc(CNC(=O)Cc2cn3c(n2)[C@H](C)N(C2CCCC2)CC3)cn1,P00533,
CCOC(=O)c1cn2c(C)cccc2n1,P00533,
COc1cccc(-c2nnc(SCC(=O)N3CCOCC3)n2-c2ccccc2)c1,P00533,
C[C@](N)(CO)c1ccc(Cl)c(Cl)c1,P00533,
COc1cc(NC(=O)Cn2c(=O)n(CC(C)C)c(=O)c3ccccc32)cc(OC)c1OC,P00533,
Cc1cc(C)n(CCNC(=O)[C@H]2CCC(=O)N(CCc3cccc(F)c3)C2)n1,P00533,
COc1cccc(CCNC(=O)[C@H]2CC23CCN(Cc2ccc(OC)c(OC)c2Cl)CC3)c1,P00533,
CCN(c1cccc(C)c1)S(=O)(=O)c1ccc2c(c1)CCN2C(=O)NC1CCCCC1,P00533,
CCC[C@](O)(c1ccc(F)cc1)[C@@H](CN1CCCC1)c1ccccc1,P00533,
Cc1sc2ncn(CCC(=O)Nc3nc4ccccc4s3)c(=O)c2c1C,P00533,
Cc1ccc(-n2nnc(C(=O)Nc3ccccc3C(F)(F)F)c2C(C)C)cc1,P00533,
COC(=O)c1cc(C2CC2)nc2c1c(=O)n(Cc1cccc(Cl)c1)c(=O)n2C,P00533,
C[C@H]1OCCN(S(=O)(=O)c2ccc3ccccc3c2)[C@@H]1C(N)=O,P00533,
C[C@@H](OC1CCCCCC1)C(=O)N1CCO[C@@H](c2nncn2C)C1,P00533,
CCS(=O)(=O)Nc1ccc(C(=O)N2CCN(C(C)C)[C@H](C)C2)cc1,P00533,
c1ccc2sc([C@H]3CCNC3)nc2c1,P00533,
CS(=O)(=O)NC1CCN(Cc2cc3ccccc3s2)CC1,P00533,
COc1ccc(NC(=O)[C@H]2CCCN2C(C)=O)cc1F,P00533,
Brc1cnccc1OC1CCCCC1,P00533,
CC(C)c1csc(C(=O)N[C@H]2CCCN(C(=O)c3ccco3)C2)n1,P00533,
CCn1nccc1-c1cc(C[C@@H]2CCN(C(C)=O)C2)ccn1,P00533,
CCC(=O)Nc1ccc(-c2cc(C(=O)N[C@@H](C)CC)c3ccccc3n2)cc1,P00533,
Cc1cc2nc(COc3ccc(Cl)cc3NC(=O)c3ccccc3C)cc(=O)n2o1,P00533,
C[C@H](N)C(=O)N[C@@H](Cc1c[nH]c2ccccc12)C(=O)O,P00533,
COc1ccccc1OCCC(=O)N1CCC[C@H](c2nncn2C)C1,P00533,
CCn1nncc1C(=O)N1CCO[C@H](c2cccc(F)c2)C1,P00533,
C[C@@H]1CCCN(Cc2nn(C)cc2Br)C1,P00533,
CO[C@@H]1C[C@@H](c2nc(C)n[nH]2)N(C(=O)c2cc(C)nc(C)n2)C1,P00533,
COCCN1C[C@H](C(=O)NCc2ccoc2)CC1=O,P00533,
COc1cccc2c(=O)c(C(=O)O)c(-c3ccc4c(c3)OCO4)n(C)c12,P00533,
O=C(O)[C@@H]1CN(Cc2cc3c(cc2Cl)OCO3)C[C@H]1C1CC1,P00533,
CCOc1ccccc1CN1CCN(Cc2ccc3ncccc3c2)C[C@H]1CCO,P00533,
CC[C@@H](c1nnc(SCC(=O)N2CC=C(c3ccccc3)CC2)n1Cc1ccccc1)N(C)C,P00533,
CN(C)C(=O)c1cccc(N2C[C@@H]3CN(C)[C@@H](c4cccc(F)c4)[C@@H]3C2)n1,P00533,
CCN(Cc1ccc2c(c1)OCO2)C(=O)c1c(O)cc(F)cc1F,P00533,
CC(C)COc1ccc(C(=O)Nc2cc(-c3ccc(F)cc3)no2)cc1,P00533,
CCN1C[C@@]2(CC1=O)CN(Cc1ccccn1)CCN(C(=O)N(C)C)C2,P00533,
COc1ccc(SCC(=O)Nc2nnc(-c3ccc(C)cc3C)o2)cc1,P00533,
COc1ccc(C(=O)N2CCC(n3nc(C4CC4)ccc3=O)CC2)cc1,P00533,
CSc1cccc(NC(=O)NCCn2nnc3cc(C(=O)N(C)C)ccc32)c1,P00533,
COc1cc2c(=O)c(C(=O)c3ccncc3)cn(CC(=O)Nc3cccc(F)c3)c2cc1OC,P00533,
COC(=O)c1cc(C(=O)O)c2cc[nH]c2c1,P00533,
COc1cccc(C(=O)N2CCc3ccccc3[C@H]2C(=O)O)n1,P00533,
COc1ccc(OC)c(-c2cc(C(C)(C)C)ccc2O)c1,P00533,
COc1cc(Cl)cc(CN2CCC[C@H]2C(=O)O)c1OC(C)C,P00533,
COCC1(CNC(=O)CCc2cc(C)cc(C)c2)CCC1,P00533,
O=C(Nc1cnsn1)N[C@@H]1[C@@H]2CC[C@H]1C[C@@H](CO)C2,P00533,
CC[C@H](C)[C@@H](c1cc(OC)ccc1OC)N1CCNCC1,P00533,
C[C@@H](C(=O)Nc1ncccn1)N1CCc2c(Cl)cccc21,P00533,
COc1ccc(Cl)cc1NC(=O)CN1CCN(c2cnn(C)c(=O)c2)CC1,P00533,
CCC(CC)C(=O)c1ccc(F)c2ccccc12,P00533,
COc1cc(C)c(C(C)C)cc1S(=O)(=O)N1CCC(OC(F)(F)F)CC1,P00533,
COc1ccc(Cl)cc1C(=O)N1CCC[C@@H]1C(=O)NCc1ccccc1CN(C)C(C)C,P00533,
CC(C)(C)OC(=O)N[C@H]1CC[C@@H](C(=O)NCc2ccsc2)C1,P00533,
CCCN(Cc1ccsc1)S(=O)(=O)c1cc(F)ccc1OC,P00533,
C[C@H](CCCO)Nc1cc(N2CCCC2)ncn1,P00533,
NC(=O)COc1ncn(-c2ccccc2)n1,P00533,
COc1cccc(Cn2ncc3ccc(-c4cn[nH]c4)cc3c2=O)c1,P00533,
CC(=O)c1ccc(N2CCN(C(=O)c3ccc(OCc4cn5cccc(C)c5n4)cc3)CC2)cc1,P00533,
CN1CC[C@@H]2[C@@H]1CCN2C(=O)c1ccncc1F,P00533,
C[C@@H](C(=O)N[C@H]1CCc2ccccc21)c1ccccc1Cl,P00533,
COc1cc2c(cc1OC)C(=O)C[C@@H](C)C2,P00533,
COc1ccc(OC)c(NC(=O)CSc2nc3c(-c4ccccc4)c[nH]c3c(=O)n2C)c1,P00533,
Cc1ccc(-n2nnnc2SCC(=O)Nc2nccs2)cc1C,P00533,
O=c1c2ccccc2nc(C=Cc2ccc(O)cc2)n1-c1ccccc1O,P00533,
NC(=O)NCC(=O)N1CCC[C@H](C(=O)c2ccc(Oc3ccccc3)cc2)C1,P00533,
CC[C@@H](C(=O)N1CC(N2CCc3ccccc3C2)C1)c1ccccc1,P00533,
O=C(Cc1cccnc1)N1CCC([C@@H](O)CO)CC1,P00533,
CSc1ccccc1CN1CCC(CNC(=O)c2cc(C)cs2)CC1,P00533,
Cc1cccc(C)c1OC1CCN(C(=O)[C@@H]2CC[C@H](CN)O2)CC1,P00533,
CNC(=O)c1ccc(-c2ccc(C(C)=O)nc2)cc1F,P00533,
O=C([C@@H]1CCCN(c2ncnc3c2nc2n3CCCCC2)C1)N1CCN(Cc2ccc3c(c2)OCO3)CC1,P00533,
COc1ccc2c(c1)OC[C@@H](CNC(=O)Cc1csc(C)n1)C2,P00533,
COc1ccccc1N1CCN(C(=O)Cn2c(=O)n(-c3ccccc3)c(=O)c3sccc32)CC1,P00533,
COc1cccc(Cc2cccc([C@H]3CCCN3C(=O)c3scnc3C)n2)c1,P00533,
O=C(O)c1ccc(CN(Cc2ccccc2)C(=O)c2cnc3ccccn23)cc1,P00533,
CCn1c(SC)nc2c3cc(OC)ccc3n(C)c2c1=O,P00533,
CCOC(=O)[C@@]12CC[C@@H](N3CCOCC3)C[C@H]1CCN(Cc1cccc(O)c1)C2,P00533,
CCOC(=O)c1ncc(Br)c(N[C@@H]2C[C@@H](O)C2(C)C)n1,P00533,
Fc1ccc([C@@H]2CN(c3nc4ccc(F)cc4o3)CCO2)c(Cl)c1,P00533,
CCN(Cc1nonc1C)C(=O)C(c1ccccc1)c1ccccc1,P00533,
CC[C@@H](C(=O)Nc1cccc(C)c1)n1nc(-c2ccc(C)c(S(=O)(=O)N(CC)CC)c2)ccc1=O,P00533,
O=C(COc1ccc2cc(Br)ccc2c1)N(Cc1ccccc1)[C@H]1CCS(=O)(=O)C1,P00533,
CCCCN1C(=O)CC[C@H](C(=O)O)[C@H]1c1cccc2c1OCO2,P00533,
O=C(N[C@@H](c1ccc2c(c1)OCCO2)C1CC1)c1c(O)cc(F)cc1F,P00533,
CCOC(=O)c1c(NCc2ccccc2OC)c2cccc(C)c2[nH]c1=O,P00533,
CC(C)CCOc1cccc(CN2CCN(C)[C@@H](CO)C2)c1,P00533,
COc1ccc(-c2nn(-c3ccccc3)cc2CO)cc1,P00533,
COCCN1CCN(Cc2ccc(F)cc2C#N)CC1,P00533,
O=C(O)[C@H]1Cc2ccccc2C(=O)N1CCc1ccccc1,P00533,
CN(Cc1cscn1)Cc1cccc2cnccc12,P00533,
Nc1ccnc(CSc2nnc(CCC3CCCCC3)o2)n1,P00533,
Cc1ccc(S(=O)(=O)Nc2cc(S(=O)(=O)N(C)C)ccc2C)cc1,P00533,
COC(=O)c1ccc(S(=O)(=O)c2ccc(C)cc2)c(NC(=O)c2cccs2)c1,P00533,
COc1cc(NC(=O)c2ccccc2)c(Cl)cc1NC(C)=O,P00533,
COc1ccc(OC)c(NC(=O)C2CCN(c3ccc(=O)n(-c4cccc(Cl)c4)n3)CC2)c1,P00533,
CC(C)(C)NC(=O)N1CCC(C(=O)c2ccccc2)CC1,P00533,
CC[C@@H](Oc1ccc(F)cc1)C(=O)N1CCC[C@@H](c2nn(C)c3nccnc23)C1,P00533,
O=C(Nc1ccccc1)c1cc2c(s1)CCCC2,P00533,
O=C(NC1CN(C(=O)c2ccc(Cl)s2)C1)c1ccc(Cl)o1,P00533,
Nc1nnc(SCC(=O)Nc2nnc(C(F)(F)F)s2)s1,P00533,
CC(=O)c1ccc(S(=O)(=O)NC[C@H](O)c2ccoc2)cc1,P00533,
COc1ccc(NC(C)=O)cc1NC(=O)c1nn(-c2ccccc2)c2c1CCCCC2,P00533,
CNc1ncc(C(=O)N2CC[C@]3(C(=O)Nc4ccccc43)[C@@H]2c2ccccc2)cn1,P00533,
COc1ccc(NC(=O)Cc2ccccc2F)cc1S(=O)(=O)N(C)C,P00533,
CCc1cccc(C)c1NC(=O)CN(c1ccc(OC)cc1OC)S(=O)(=O)c1ccc(C)cc1,P00533,
Cc1nc2n(n1)[C@H](C(=O)Nc1ccc(C)c(C)c1)CC(=O)N2,P00533,
COC(=O)CC[C@H]1CN(Cc2c(F)cccc2F)CC[C@H]1N1CCc2cc(OC)c(OC)cc2C1,P00533,
O=S(=O)(c1ccccc1)N1CCN(c2ccc(Cl)c(Cl)c2)CC1,P00533,
Cc1ccc(NC(=O)COc2ccccc2-c2noc(-c3ccc(F)cc3)n2)cc1,P00533,
O=C(Cc1ccoc1)N1CCC[C@@H]1C(F)F,P00533,
CCCN1CCN(C(=O)CO)C[C@@H](Cc2ccc(-c3ccccc3F)cc2)C1=O,P00533,
CCOc1ccc(CC(=O)NCCc2ccc([C@@H](C)O)s2)cc1,P00533,
Cc1ccc(CN2CCN(CC(C)(C)C)C[C@@H]2CCO)cc1,P00533,
CC(C)CCSc1ncnc2c1oc1nc3c(cc12)COC(C)(C)C3,P00533,
Cc1nccn1CCCC(=O)N1CCO[C@](CO)(Cc2ccccc2)C1,P00533,
CC[C@@H](C)C(=O)Nc1ncc2c(n1)C[C@@H](c1cccs1)CC2=O,P00533,
Cc1ccc(F)cc1C(=O)N1CC2(C1)[C@H](C(=O)N1CCOCC1)c1ccccc1C(=O)N2C(C)C,P00533,
COc1cccc(C(=O)N2CCN([C@H](C(=O)NCCN3CCCCC3)C3CCCC3)CC2)c1,P00533,
CC(C)(C)OC(=O)N(Cc1nc(Cl)cc(Cl)n1)C(=O)OC(C)(C)C,P00533,
C[C@@H](NC(=O)CN1C(=O)[C@@H]2CCCCN2c2ccc(S(=O)(=O)N(C)C)cc21)c1ccccc1,P00533,
COc1ccccc1NS(=O)(=O)c1c(C)noc1C,P00533,
Brc1ccc(C2=NNC(c3ccccc3)=Nc3cccnc32)cc1,P00533,
N#CC1CCN(C(=O)c2cc3c(s2)-c2ccccc2OC3)CC1,P00533,
CNCC[C@]12C[C@H](CCN1C(=O)OC(C)(C)C)C2,P00533,
COc1cccc([C@@H]2CC(=O)Nc3c2c(=O)nc(SCc2ccc(F)cc2)n3C)c1OC,P00533,
O=S(=O)(Nc1ccc(F)c(F)c1)c1ccc2c(c1)OCCO2,P00533,
COc1ccc(CC(=O)NC2CCC(C)CC2)c(Cl)c1,P00533,
O=C(C1CC1)N1CCC(Nc2nc3ccccc3s2)CC1,P00533,
O=C(O)[C@H]1CCCCN1C(=O)c1ccc(-n2cncn2)c(F)c1,P00533,
O=C(Nc1ccccc1)N1CCN(S(=O)(=O)c2cc(Cl)ccc2Cl)CC1,P00533,
Cc1cc(C(=O)N2C[C@H]3C[C@@H](C2)[C@H](Cc2cccc(F)c2)N2C(=O)CCC[C@@H]32)no1,P00533,
CN1C(=O)Cc2cc(NC(=O)COc3ccc(OCc4ccccc4)cc3)ccc21,P00533,
Cc1ccc(OC[C@H](O)CNCc2ccccc2)cc1C,P00533,
CCOC(=O)[C@@H](NC(=O)C[C@H]1C(=O)Nc2ccc(OC)cc21)C(F)(F)F,P00533,
CCOC(=O)c1cnc2nc(C)ccc2c1Nc1ccc(C)cc1Br,P00533,
C[C@@H](O)C(=O)N1CCC(Oc2cccc(C(F)(F)F)c2)CC1,P00533,
Cc1ccc(-c2cccc(F)c2C#N)cc1,P00533,
CC(C)CN(CC(C)C)S(=O)(=O)N1CCC(C(=O)NCCc2ccc(Cl)cc2)CC1,P00533,
CC(C)N1C(=O)N[C@@H]2CN(C(=O)c3ccncc3C(F)(F)F)CC[C@@H]21,P00533,
CN(c1ccc(S(C)(=O)=O)cc1)S(=O)(=O)c1ccc(F)c(Cl)c1,P00533,
Cc1cc(C(=O)NC2CCN(c3ncc(Br)cc3C#N)CC2)nn1C,P00533,
CCN1CCN(C)C2(CCN(Cc3ccco3)CC2)C1=O,P00533,
CC(C)(C)OC(=O)N1C[C@H](OCc2ccc(F)cc2F)C[C@H]1C(=O)O,P00533,
CC(C)(C)OC(=O)N[C@H]1CCCN(C(C)(C)C)C1,P00533,
CSc1nc(C(=O)NC[C@@H]2CN(C(C)=O)CCO2)cs1,P00533,
CCC1(CC)[C@@H](NC(=O)c2cn(C3CCNCC3)nn2)C[C@@H]1OC,P00533,
N#Cc1cc(OCc2cnc(C3CC3)o2)ccc1Cl,P00533,
COc1ccccc1-c1nnc2c3ccccc3nc(N(C)Cc3ccccc3)n12,P00533,
COc1ccc(OC)c([C@H](C)NC(=O)Cc2c(C)noc2Cl)c1,P00533,
CC[C@H](C)n1nnc2cc(S(=O)(=O)N3CCC(C(=O)NCc4ccccc4F)CC3)ccc21,P00533,
Cc1nn(CCNS(=O)(=O)N(C)C)c(C)c1-c1ccsc1,P00533,
COc1ccc(-n2nnnc2C(C)(C)Nc2ccc(C(C)C)cc2)cc1OC,P00533,
CN1CCN(C(=O)CSc2nnc(Cc3ccccc3)o2)CC1,P00533,
Cc1nn(C)cc1S(=O)(=O)n1c(=O)cc(C(F)(F)F)c2cn(C(C)C)nc21,P00533,
COC[C@@]1(C(N)=O)CCCN1C(=O)Cc1ccc2c(c1)CCC2,P00533,
CCNS(=O)(=O)c1ccc(C)c(C(=O)NCc2cccc(CN3CCCCCC3)c2)c1,P00533,
N#Cc1c(NC(=O)c2cc(-c3ccccc3)on2)sc2c1CCCC2,P00533,
c1nc(CN2CC3(CCCCC3)C2)cs1,P00533,
COc1cc(C)c2c(N)c(C(C)=O)oc2n1,P00533,
CN(Cc1ccc(F)c(F)c1)[C@@H]1CCN(c2nc3ccccc3[nH]2)C1,P00533,
CC(C)COC(=O)c1nc2ccccc2nc1Nc1ccc2c(c1)OCO2,P00533,
COc1ccc(C(=O)N[C@H](Cc2ccccc2)c2ccccc2)cc1F,P00533,
COc1ccc(NC(=O)Cn2nc(S(=O)(=O)c3ccc(Cl)cc3)ccc2=O)cc1,P00533,
CNS(=O)(=O)c1ccc(-c2ccc(Oc3ccccc3)cc2)cc1,P00533,
Cc1csc(CNC(=O)N[C@H]2C[C@H](C)S(=O)(=O)c3sccc32)c1,P00533,
CCn1c(=O)sc2cc(S(=O)(=O)N3CCN(C(=O)Cc4c[nH]c5ccccc45)CC3)ccc21,P00533,
O=c1ccc(-c2c(F)cccc2F)n[nH]1,P00533,
C[C@H]1C[C@@H](c2ccccc2F)N(C(=O)CN2CCNCC2=O)C1,P00533,
COc1ccc([C@H](C)NC(=O)c2ccc(N3CCOCC3)cc2)cc1C,P00533,
Cc1c(C(=O)O)sc2[nH]c(=O)n(CCCO)c(=O)c12,P00533,
Cc1ccc(CNc2nnnn2C)cc1,P00533,
CCNC(=O)[C@@H]1CCC(=O)N(CC(C)C)[C@H]1c1cccnc1,P00533,
CCO[C@H]1C[C@](NC(=O)c2cc(C)sc2C)(C(=O)O)C1(C)C,P00533,
COc1ncnc2c1ncn2CC(=O)Nc1ccc(NC(C)=O)cc1,P00533,
O=C(c1cnc2c(F)cccc2c1O)N(Cc1ccccn1)C[C@H]1CCCO1,P00533,
CC1CCN(C(=O)[C@]23C[C@H]2CCN3C(=O)Nc2ccc(F)c(F)c2)CC1,P00533,
CC[C@H](SC1=Nc2ccccc2C2=NC(=O)[C@H](CC(=O)NCCc3ccccc3)N12)C(=O)NCc1ccco1,P00533,
Cc1ccc(-c2ccc(=O)n(CC(=O)N3C[C@H](C)C[C@@H](C)C3)n2)cc1,P00533,
CCS(=O)(=O)Nc1ccc(C)n(CC(=O)NCc2ccc(F)c(Cl)c2)c1=O,P00533,
CCOC(=O)CNC(=O)N(Cc1c(C)nn(-c2cccc(F)c2)c1N1CCN(CC)CC1)C1CC1,P00533,
Cc1cc(C)c2c(n1)SCC(=O)N2Cc1nc(-c2ccccc2Cl)oc1C,P00533,
O=C(Nc1cnn(C[C@@H]2COc3ccccc3O2)c1)c1cccnc1,P00533,
Cc1nc(C(=O)N2CC[C@@H](COc3ccc(C4CC4)nn3)C2)cs1,P00533,
COc1ccc(-c2cc(C(=O)NCCn3ccc(C)n3)c3cnn(C)c3n2)cc1,P00533,
CCOc1ccc(S(=O)(=O)[C@H]2CS(=O)(=O)C[C@@H]2NCc2cccc(C)c2)cc1,P00533,
Cc1nc(-c2ccccc2)ccc1C(=O)N[C@@H](C)CN,P00533,
O=C([C@H](O)C1CCCCC1)N1CCN(c2ncc[nH]c2=O)CC1,P00533,
Cn1ncc(Br)c1CC(=O)NC1CN(c2ccc(C(F)(F)F)cc2)C1,P00533,
Cc1cc(F)ccc1[C@@H]1C(=O)NCCN1C(=O)NCC(F)(F)F,P00533,
Cc1nnc(CN(C)Cc2noc(CC(C)C)n2)s1,P00533,
C[C@H](O)[C@H](C)C(=O)NCc1ccc(CNC(=O)c2cccc3oc(=O)[nH]c23)cc1F,P00533,
COc1cc(C)c(S(=O)(=O)N(C)C)cc1C(C)C,P00533,
COCCn1nnnc1[C@]1(N2CCCC2)CCCN(C(=O)CC(C)C)C1,P00533,
COCCN1Cc2cccc(C(=O)Nc3ncc(-c4ccc(C)c(C)c4)n3C)c2C1=O,P00533,
Brc1cnc(C2CCCC2)cn1,P00533,
COc1ccc(S(=O)(=O)N2CCC(C(=O)Nc3ccc(OC)c(Cl)c3)CC2)cc1C,P00533,
O=C(NCCc1ccccc1)[C@@H]1CCCn2c(-c3ccncc3)nnc21,P00533,
Cc1ccc(C(=O)NCc2ccc(OC(F)(F)F)cc2)cc1F,P00533,
Cc1ccc(C)c(CN2C(=O)N(c3ccc(F)cc3)S(=O)(=O)c3ccccc32)c1,P00533,
O=S(=O)(Cc1ccc(Cl)cc1)NC[C@H](c1cccnc1)S(=O)(=O)c1ccccc1,P00533,
O=C(O)C[C@@H](NC(=O)c1nc(C2CC2)n2ccccc12)c1nccs1,P00533,
COc1ccc(C=Cc2cnc3c(ccn3S(=O)(=O)c3ccc(C)cc3)n2)cc1,P00533,
COc1ccc2nc(O)c(CCC(=O)N3CCN(CCC#N)CC3)cc2c1,P00533,
CC(C)(C)OC(=O)N1C[C@H]2CCN[C@@H]2C1,P00533,
O=C(c1cnc(N2CCOCC2)nc1)N1CCCCC[C@H]1c1ccco1,P00533,
CN(C)Cc1cnn(-c2ccccc2C(=O)NCc2ccc(Cl)cc2)c1,P00533,
CNC(=O)[C@@H]1C[C@H](Oc2cccnc2)CN1C(=O)Nc1ccccc1,P00533,
Cc1sc2nc(CN(C[C@H](C)O)c3ccccc3)[nH]c(=O)c2c1C,P00533,
CC(=O)N1CCCN(C[C@@H]2CCCNC2)CC1,P00533,
Cc1ccc(C)c2sc(NC(=O)c3ccc(Cl)s3)nc12,P00533,
O=S(=O)(Nc1cnc(-c2ccccc2)nc1)c1cccnc1,P00533,
CC(=O)N[C@H](CC1CCC1)C(=O)N1CC[C@@]2(c3cccnc3)C[C@@H]2C1,P00533,
C[C@H]1CN(C2CCN(S(=O)(=O)c3cccc4cccnc34)CC2)CCN1c1ncc(C(F)(F)F)cc1Cl,P00533,
C[C@H](OC(=O)c1ncnc2[nH]ccc12)c1nncn1C,P00533,
COc1ccccc1N1CCN(C(=O)[C@@H](C)N(c2cc(C)cc(C)c2)S(C)(=O)=O)CC1,P00533,
Cc1ccc(-n2c(=O)n(Cc3ccccc3)c3c(C(N)=O)nc(-c4ccco4)nc32)cc1C,P00533,
Cc1nc(-c2cccs2)sc1CNS(=O)(=O)c1cccnc1,P00533,
O=C(O)Cc1cccc(NC(=O)c2ccc(F)cc2F)c1,P00533,
O=C(c1ccccc1F)N1CCc2c(nc(N3CCCC3)[nH]c2=O)C1,P00533,
Cc1cccc(O[C@H](C)C(=O)N(Cc2ccco2)[C@@H]2CCS(=O)(=O)C2)c1C,P00533,
Cc1ccc(NC(=O)CSc2nc3c(oc4ccccc43)c(=O)n2C[C@H]2CCCO2)cc1F,P00533,
COc1cccc([C@H]2CN(C(=O)c3ccccc3)[C@@H]3CCN(Cc4cccnc4)C[C@H]23)c1,P00533,
c1ccc(C[C@H](Nc2ncnc3c2CCC3)c2ccccn2)cc1,P00533,
O=S(=O)(Nc1ccccc1Cl)c1ccc(-c2ccn[nH]2)s1,P00533,
COc1cc([C@@H]2SC(C)=Nc3c2c(O)nn3[C@H]2CCOC(C)(C)C2)cc2c1OCCO2,P00533,
CCc1ccc(CCCC(=O)N[C@@H]2COC[C@H]2Cc2ccncc2)cc1,P00533,
Cn1nc2c(c1C(=O)N(Cc1ccncc1)Cc1ccc(F)cc1)CCCC2,P00533,
O=C1Cc2ccc(-c3cnc4c(F)cccc4c3)cc2N1,P00533,
COc1ccnc(N[C@@H]2CCN(Cc3ccc(F)cc3)C2)n1,P00533,
Cc1csc2c(N3CC[C@@H](N(C)c4ccnc(C5CC5)n4)C3)ncnc12,P00533,
CCOC(=O)N1CCN(C(=O)CN(c2ccc(OCC)cc2)S(=O)(=O)c2ccc(C)cc2)CC1,P00533,
CN(C)C(=O)c1ccc(F)c(NC(=O)NC2Cc3ccccc3C2)c1,P00533,
Cc1ccc(/N=c2\[nH]c(-c3ccccc3F)nc3ccccc23)cc1,P00533,
Cc1c[nH]c([C@H]2CN(C(=O)C(C)(C)c3cccc(F)c3)CCO2)n1,P00533,
O=C(COC(=O)c1cccc(-n2cccc2)c1)Nc1ccc2c(c1)OCO2,P00533,
CCn1c(=O)c2cc(C(=O)Nc3ccsc3C(=O)OC)sc2c2ccccc21,P00533,
O=C(CCn1nnc2ccccc2c1=O)NCc1ccccn1,P00533,
COc1ccc(C)cc1NC(=O)[C@H](Sc1nnc(-c2cccs2)n1N)c1ccccc1,P00533,
C[C@@H](C(=O)Nc1ccccc1)N1CCN(S(=O)(=O)c2ccc(C(F)(F)F)cc2)CC1,P00533,
CC[C@@H](C)NC(=O)c1ccc2c(c1)N(Cc1ccc(Cl)cc1)CCS2,P00533,
Cn1ccc(-c2ccc(-c3cc4ccccc4s3)cc2)n1,P00533,
Cc1noc(C)c1CN1CCC[C@@]12CCCN([C@H]1CC[C@H](O)CC1)C2=O,P00533,
Cc1ccc(S(=O)(=O)N(CC(=O)NC[C@@H]2CCCO2)Cc2ccc(Br)cc2)cc1,P00533,
O=C(O)[C@@H]1Cc2ccccc2CN1S(=O)(=O)c1ccccc1,P00533,
O=C(c1cc2ccccc2o1)N1CCC[C@H](Oc2ncc(F)cn2)C1,P00533,
O=C(O)CSc1cc(Cl)cc(Cl)c1,P00533,
c1ccc(CN2CCN(Cc3nc4c(s3)CCC4)CC2)cc1,P00533,
CC(C)[C@@H]1CN(CCC(N)=O)CCC(=O)N1Cc1ccc(F)cc1,P00533,
Cc1ccccc1[C@@H](O)CNC(=O)NCc1ccsc1,P00533,
CCc1cnccc1C(=O)N[C@@H]1CCCc2nc(C)ncc21,P00533,
CCn1nnc2c(SCC(=O)Nc3cccc(Cl)c3)ncnc21,P00533,
Cc1ccc(NC(=O)CN(C)S(=O)(=O)c2ccc3c(c2)CCCC(=O)N3)cc1C,P00533,
COc1cc(F)c(CNC(=O)c2cnn3cccnc23)c(F)c1,P00533,
CC(C)c1nc(Br)cn1C(C)C,P00533,
Cc1cnc(SC[C@@H]2CCCO2)nc1[C@H]1CCCN(C(=O)c2ccc3c(c2)OCO3)C1,P00533,
CCOC(=O)CNC(=O)N1Cc2c(sc3c2CCCC3)-n2cccc2[C@H]1c1ccccc1,P00533,
Oc1nc(CN2CCN(C(c3ccccc3)c3ccccc3)CC2)nc2ccccc12,P00533,
CCS(=O)(=O)c1ccccc1C(=O)N1CCN(c2nc3c(OC)ccc(OC)c3s2)CC1,P00533,
Cc1nc(CN(C)Cc2cccnc2N)cs1,P00533,
CCc1ccccc1C(=O)N(Cc1ccc(C)s1)C1CC1,P00533,
COc1ccc(NC(=O)CCCn2nnc3cc(S(=O)(=O)N4CCCCC4)ccc32)cc1,P00533,
CN(Cc1nc2ccccc2n1C)c1cc(Cl)nc(N)n1,P00533,
CC(C)(C)OC(=O)n1ncc2c(Br)ccnc21,P00533,
Cc1cnc(CN2CCC[C@H](c3ccc(Cl)cc3)C2)cn1,P00533,
C[C@H](C1CC1)n1cc(NC(=O)NCc2noc3c2COCC3)cn1,P00533,
COCCN1C[C@H]2CN(Cc3ccc(Cl)cc3)C(=O)N2[C@@H](CC(C)C)C1=O,P00533,
Cc1ccccc1CC[C@@H]1CCCN(C(=O)CCCN2CCCCC2=O)C1,P00533,
Cc1nn2c(N)c(C#N)cnc2c1-c1cccc(C(F)(F)F)c1,P00533,
C[C@@H](Oc1ccccc1F)C(=O)Nc1ccc(S(N)(=O)=O)cc1,P00533,
Cc1ocnc1C(=O)NCc1cccnc1,P00533,
O=C(O)c1cc(NS(=O)(=O)c2ccc3c(c2)CCCC3)cnc1N1CCCCCCC1,P00533,
C[C@H](CN(C)C(=O)[C@H](c1ccccc1)C1CC1)c1nnn[nH]1,P00533,
COC(=O)c1ccc(C(=O)Nc2cnn(C(C)C)c2)cc1,P00533,
CCN1CC[C@@H](N(C)C(=O)Nc2ccc(OC)cc2)[C@@H](C)C1,P00533,
Cc1nn(-c2ccc(N3CCN(S(=O)(=O)c4ccc(Cl)cc4)CC3)nn2)c(C)c1C,P00533,
CO[C@H]1C[C@H]2CC[C@@H](C1)N2C(=O)Nc1cccc(C)c1,P00533,
Cc1cccc(OCC(=O)NC[C@H]2CCCO2)c1,P00533,
CCOc1ccccc1NC(=O)Cn1nc(C(=O)N2CCN(C)CC2)cc1C,P00533,
CC(C)(C)c1nnc(NC(=O)COc2ccccc2)s1,P00533,
O=C1C[C@@]2(CCCNC2)Oc2ccccc21,P00533,
COc1ccc(-n2nnnc2C2CCN(S(=O)(=O)c3ccccc3Cl)CC2)cc1,P00533,
NC(=O)[C@@H]1N(C(=O)Cn2ccnc2)CCCC12CCOCC2,P00533,
CN(C)[C@H]1CCC[C@H](NC(=O)N2CCOC3(CCCC3)C2)C1,P00533,
COc1ccc(CCC(=O)N2CCN(c3ccccc3)CC2)cc1OC,P00533,
C[C@@H](CNC(=O)N[C@@H]1CCc2ncnn2C1)N1CCc2ccccc21,P00533,
O=S(=O)(CCO)c1ccc(NCc2cc3ccccc3s2)cc1,P00533,
Cc1ccn(S(=O)(=O)c2ccc(F)c(C)c2)n1,P00533,
Cc1csc([C@H](C)N(C)C(=O)c2[nH]cnc2C(=O)O)n1,P00533,
Cc1ccccc1-c1nnc(SCC(=O)Nc2nc(-c3ccccc3)cs2)o1,P00533,
COC(=O)c1c(NC(=O)CCc2ccccc2)c2cc(N[C@@H](C)CCn3cccn3)cnc2n1C,P00533,
Cc1nnnn1-c1cccc(NC(=O)c2cccc3c2CCC3=O)c1,P00533,
CN(C)c1ccc(S(=O)(=O)N(C)CC2CCN(c3ccncc3)CC2)cn1,P00533,
COc1ccccc1Cn1c(=O)c2ccccc2n2c(SCC(=O)NCc3ccccc3)nnc12,P00533,
Cc1cc(C(=O)CSc2nnnn2-c2ccccc2)c(C)n1C[C@H]1COc2ccccc2O1,P00533,
COC(=O)Nc1cccc(OC(=O)Nc2cccc(C)c2)c1,P00533,
Cc1nn(C)cc1CNC(=O)c1nn2c(c1Cl)N[C@H](c1cccs1)C[C@H]2C(F)(F)F,P00533,
Cc1ccc(S(=O)(=O)N(CC(=O)N2CCCCC2)C[C@H](O)Cn2c3ccccc3c3ccccc32)cc1,P00533,
COc1cc(CN2CCOc3ccc([C@@H](O)C4CCCCC4)cc3C2)cc2c1OCO2,P00533,
COC(=O)c1cc(O)cc(C(=O)N2CC[C@@H](C(C)(C)O)C2)c1,P00533,
Cc1nn(C)c(C)c1CC(=O)Nc1cccc(S(=O)(=O)C2CCCC2)c1,P00533,
CC(C)Sc1ccc(CC(=O)NCc2cccnc2-c2cnn(C)c2)cc1,P00533,
O=C(Nc1cccc(F)c1)c1ccc2c(c1)ncn2CCN1CCCC1,P00533,
Cc1ccc(OCC(=O)Nc2cccc(OCCn3ccnc3)c2)cc1,P00533,
CC[C@H](C(=O)Nc1sc2c(c1C(=O)OC)CCC2)c1ccccc1,P00533,
O=C(CSc1nnc(CNC(=O)c2cccs2)o1)NC[C@@H]1CCCO1,P00533,
Cc1nsnc1C(=O)N1CCC(OCc2cccnc2)CC1,P00533,
Cc1cc(S(=O)(=O)Nc2cc(F)cc(F)c2)sc1C(=O)O,P00533,
Cc1ccc(C2=Nc3ccc(Cl)cc3OC2)cc1,P00533,
CNc1nc2c(s1)[C@@H](c1ccc(C(F)(F)F)cc1)CC(O)=N2,P00533,
Cc1ccccc1-c1cccc(CC(=O)O)c1,P00533,
O=C(Nc1cccc(Nc2cc(-c3ccccc3)ncn2)c1)c1cnccn1,P00533,
COc1ccc(OC)c(-c2cncc(C(C)(C)O)c2)c1,P00533,
COc1ccc(C(=O)N2C[C@@H]3[C@H](CN4CCCCC4)CO[C@@H]3C2)cc1,P00533,
Cc1nnc([C@H]2CN(Cc3cc4ccccc4n(C)c3=O)CCO2)o1,P00533,
O=C(NCc1ccccn1)c1ccc(OC2CCN(c3ccncc3)CC2)cc1,P00533,
COC(=O)c1ccc([C@@H]2c3c(oc4ccc(F)cc4c3=O)C(=O)N2Cc2ccc(OC)cc2)cc1,P00533,
COCCN1CCCc2ccc(NS(=O)(=O)c3ccc(OC)c(F)c3)cc21,P00533,
O=C(O)Cn1nc(C(F)(F)F)cc1C1CC1,P00533,
CC(C)c1nnc(NC(=O)CNC(=O)N2CCN(c3ccc(Cl)cc3)CC2)[nH]1,P00533,
NC(=O)c1ccc(C(=O)N2[C@@H]3CC[C@H]2C[C@H](c2ccc(F)cc2)C3)c(F)c1,P00533,
COc1cccc(C(=O)NCCC(=O)N[C@H](C)Cc2ncccc2C)c1,P00533,
CCOc1ccc(C(=O)N2CCN(c3ncnc4c3nnn4-c3cccc(F)c3)CC2)cc1,P00533,
c1ccc(C(c2ccccc2)c2nc3ccccc3[nH]2)cc1,P00533,
CSc1ccccc1C(=O)[C@H]1CCC[C@@H](C(=O)O)C1,P00533,
C[C@H](C(=O)N[C@@H]1CCS(=O)(=O)C1)n1c2ccccc2c2cnn(C)c(=O)c21,P00533,
Cc1ccn(CCn2nc(CC3CCNCC3)n(-c3ccccc3)c2=O)n1,P00533,
COc1ccccc1NC(=O)c1cccc(CO)c1,P00533,
O=C(Cn1cnc2sc3c(c2c1=O)CCCC3)NC[C@@H]1CCCO1,P00533,
Cc1ccc(CNc2ncnc3cc(Cl)ccc23)cc1,P00533,
Cc1ccc(CC(=O)N2CCCC[C@H]2c2cc(O)n3nccc3n2)s1,P00533,
CC[C@@H](Cn1ccnc1)NS(=O)(=O)c1ccsc1C(=O)O,P00533,
COc1cc(CNC(=O)CC(C)C)ccc1OCc1ccncc1,P00533,
CC(C)CNC(=O)COc1ccccc1,P00533,
CC(=O)N1CCC[C@@H]1C(=O)O[C@H]1CC[C@H](C(C)(C)C)CC1,P00533,
CC[C@H](C)n1c(=O)c2ccccc2n(CC(=O)Nc2c(C)cc(C)cc2C)c1=O,P00533,
Cc1ccc(S(=O)(=O)Nc2cnn(-c3ccccc3)n2)c(Br)c1,P00533,
CC(=O)Nc1ccc(S(=O)(=O)Nc2c(F)cccc2F)cc1,P00533,
O=C(CSc1ccc(S(=O)(=O)N2CCCC2)cn1)N(C1CCCC1)[C@@H]1CCS(=O)(=O)C1,P00533,
O=C(NC[C@@H](c1ccc2c(c1)OCO2)N1CCN(c2ccccc2F)CC1)NC1CCCCC1,P00533,
COc1ccc(OC)c(CCNC(=O)[C@H](C)n2ccc3cc(S(=O)(=O)N4CCCC4)ccc32)c1,P00533,
Cc1cc(C[C@H](C)n2cc(-c3ccccc3-c3ccco3)nn2)[nH]n1,P00533,
CC(=O)NC(C)(C)C[C@H](C)NCc1ccc(F)c(C)c1,P00533,
COc1ccc(C(=O)N2CCC(Cc3ccc(CCNS(C)(=O)=O)cc3)CC2)cc1F,P00533,
CN1CCN(C(=O)Cn2cc(NC(=O)Nc3ccc(F)c(Cl)c3)cn2)CC1,P00533,
Cc1csc(N2CC[C@H](C(=O)N3CCOCC3)C2)n1,P00533,
C[C@H](NC(=O)Nc1ccccc1F)C(=O)O,P00533,
OCCCc1cn2ncnc2nc1C(F)(F)F,P00533,
CCC[C@H](C)C(=O)c1ccc(OC)cc1C,P00533,
COc1ccc(NC(=O)N2CCC3(CC2)Nc2cc(C)ccc2-n2cccc23)cc1OC,P00533,
COc1cccc(CNC(=O)c2cnn3c(C)c(Cc4ccccc4C)c(C)nc23)c1,P00533,
Cc1ccc(-c2noc(C3CCN(S(C)(=O)=O)CC3)n2)s1,P00533,
COc1cc(NC(=O)c2ncnc(C)c2C)cc(OC)c1,P00533,
CCOC(=O)CNC(=O)N1c2ccccc2Sc2ccccc21,P00533,
O=C(Nc1ccc(Br)cn1)N[C@@H]1CCc2ncnn2C1,P00533,
Cc1ncn(Cc2nnnn2-c2ccccc2)c1C,P00533,
Cc1ncc(C(=O)N2CCOC[C@@H](Cc3ccc4ccoc4c3)C2)cn1,P00533,
CCN(CC)C(=O)CSc1nc(C)c(Cc2ccc(OC)cc2)c(=O)n1C,P00533,
CS(=O)(=O)N1N=C(c2cccs2)C[C@H]1c1cn(-c2ccccc2)nc1-c1cccs1,P00533,
O=S(=O)(c1ccc(SCc2cn3cc(Cl)ccc3n2)nc1)N1CCCCC1,P00533,
CN[C@H](CO)c1ccc2c(c1)OCCO2,P00533,
Cc1cccc(NC(=O)N2CCn3cccc3[C@H]2c2cccnc2)c1,P00533,
Cc1cccc(Nc2nn3c(=O)c4cc(Cl)ccc4nc3s2)c1,P00533,
COc1cccc(-n2cnc3c2NC(=O)C[C@H]3c2cccc(F)c2)c1,P00533,
Cc1c(C(=O)N2CCCC2)sc(NC(=O)c2cccs2)c1C#N,P00533,
Cc1ccc(SC[C@@H](O)CN2CCN(c3ccc(F)cc3)CC2)cc1,P00533,
Cc1ccc(CN2CC[C@]3(CC(=O)N(Cc4c(C)noc4C)C3)C2)o1,P00533,
Cc1ccc(CNC(=O)CSc2nnc(-c3ccncc3)n2-c2ccc(F)cc2)cc1,P00533,
Cc1cccc(Cn2c(=O)c(C(=O)Nc3ccc(F)cc3)nn(-c3cc(C)cc(C)c3)c2=O)c1,P00533,
COc1ccc(C(N)=O)cc1NC(=O)[C@@H](C)NC(=O)CC1CCCCC1,P00533,
Cn1ccnc1[C@@H](NC(=O)c1cccc2c1NCCC2)C1CC1,P00533,
Clc1cc(-c2ccccc2)ccc1O[C@H]1CCNC1,P00533,
Oc1cc(-c2ccco2)nc(SCc2cccc(Cl)c2)n1,P00533,
COc1ccc(NC(=O)CSc2nc3ccsc3c(=O)n2Cc2ccccc2OC)cc1F,P00533,
C[C@@H]1CCCC[C@@H]1NC(=O)CSc1nnc(CN2CCCC2)n1-c1ccccc1,P00533,
Cc1ccc2[nH]c(=O)c(-c3nccn3C[C@@H](CO)C(C)C)cc2c1,P00533,
CCC[C@H]1CN(C(=O)c2cc(C)ccc2C)C[C@@H]1N,P00533,
CN1c2ccc(NC(=O)CSCc3ccccc3)cc2N(C)S1(=O)=O,P00533,
C[C@@H](CNC(=O)CCCc1nnc2c(=O)n(-c3cccc(F)c3)ccn12)c1ccccc1,P00533,
CNC(=O)c1cc(C(F)(F)F)cc(C(F)(F)F)n1,P00533,
Cc1cc(C(=O)NC[C@H]2[C@@H]3CC(=O)N(Cc4ccccc4)[C@@H]3C[C@@H]2C)no1,P00533,
COCCN1C[C@@H](C(=O)N2CCN(c3ccc(C)cc3)C(=O)C2)CCC1=O,P00533,
CN(c1ncnc2ccc(Cl)cc12)[C@@H]1CCC[C@@H]1O,P00533,
COc1ncccc1CNC(=O)CCc1ccc(Cl)cc1Cl,P00533,
COc1ccc2c(c1)[C@H](C(=O)N(C)CCc1scnc1C)CC(=O)N2,P00533,
CC(=O)N[C@H]1C[C@@H](c2cc(NCc3ccc4c(c3)OCO4)ncn2)C1,P00533,
C[C@@H](Sc1ccccn1)C(=O)N1CC(=O)Nc2cc(C(F)(F)F)ccc21,P00533,
COCCC1CCN(C(=O)[C@H]2[C@H]3C[C@H](CN(C(C)=O)C3)c3cccc(=O)n32)CC1,P00533,
CSCC[C@@H](NC(C)=O)C(=O)N1CC[C@H](Oc2ccc(C)nn2)C1,P00533,
COc1c(C(=O)O)cc(SC)c(F)c1F,P00533,
O=C(CSCc1ccccc1)Nc1nccs1,P00533,
O=C1c2oc3ccc(Br)cc3c(=O)c2[C@H](c2cccc(O)c2)N1Cc1ccc2c(c1)OCO2,P00533,
CC(C)CC(=O)N1CCC2(CC[C@@H](CNC(=O)C(C)(C)C)O2)CC1,P00533,
Cc1ccc(F)cc1S(=O)(=O)NC(=O)c1cncnc1C1CC1,P00533,
CN1C(=O)c2cccn2C[C@@H]1CNS(=O)(=O)Cc1ccccc1F,P00533,
CCOC(=O)CCC(=O)c1ccc(Cl)cc1,P00533,
O=C(COc1cccc(Cl)c1)N1CCN(CCc2ccncc2)CC1,P00533,
O=C(c1ccc2nccn2c1)N1CCC[C@H]1c1ccc(Br)cc1,P00533,
COc1ccc(-c2noc([C@H]3CC(=O)N(c4ccc(C(C)C)cc4)C3)n2)c(OC)c1,P00533,
CNc1ncccc1-c1ccc(F)cc1C,P00533,
CCOc1ccc(S(=O)(=O)Nc2nncs2)cc1,P00533,
O=C(NC[C@@H]1CCCN(c2cncc(Br)c2)C1)[C@@H]1CCCN1,P00533,
CCN(CC)S(=O)(=O)c1ccc(NC(=O)c2cc(OC)c(OC)c(OC)c2)cc1,P00533,
Cn1c(C(F)(F)F)nn(CCNC(=O)C2(c3ccccc3)CCOCC2)c1=O,P00533,
Cn1cc(CN2CCC3(CCN(Cc4cccc(F)c4)CC3)CC2)cn1,P00533,
Cc1ccc(NC(=O)c2cc(-c3ccc(C)c(F)c3)on2)cc1,P00533,
CCc1n[nH]c(C(=O)N[C@@H](CCN(C)C)c2ccccc2)c1C,P00533,
CN1CCN(C2CCN(c3ccnc4ccc(Oc5ccccc5)cc34)CC2)CC1,P00533,
COCCN(Cc1ccccc1)C(=O)c1cccc(S(=O)(=O)N2CCCC2)c1,P00533,
C[C@@H]1CN(c2ncccc2F)CC(=O)N1,P00533,
CC[C@H](NC(=O)C1(COC)CC1)c1ccc(C)cn1,P00533,
COc1ccc(OC)c(CNC(=O)NC[C@H]2COc3ccccc3O2)c1,P00533,
COc1ccccc1CCN1CCC(CN(C)C(=O)CCC(F)(F)F)CC1,P00533,
Cc1nn(C)c(C)c1CC(=O)N[C@H]1CCC[C@H](C(F)(F)F)C1,P00533,
COC(=O)c1ccccc1NC(=O)Cc1ccccc1OC,P00533,
CCc1cc2c(=O)n(CC)c(SCC(=O)O)nc2s1,P00533,
Cc1noc(C)c1CC(=O)N1C[C@H](c2cccc(Cl)c2)OC[C@H]1C,P00533,
CCOc1cccc2cc(C(=O)Nc3ccccc3S(C)(=O)=O)oc12,P00533,
CCC(=O)N1CCO[C@@H](CN2CCOCC2)[C@@H]1c1cccnc1,P00533,
COC(=O)N1CCC(CNS(=O)(=O)c2ccc(N3CCCCS3(=O)=O)cc2)CC1,P00533,
COc1ccc(NC(=O)c2cc(F)c(F)cc2C)cc1C,P00533,
O=C1CCN(C(=O)OCc2ccccc2)C2(CCC2)C1,P00533,
Cc1nc(S(=O)(=O)N2CC[C@@H](Oc3ncc(F)cn3)C2)cn1C,P00533,
Cc1nsc(N2CCCC[C@@H]2c2n[nH]c(C(C)C)n2)n1,P00533,
CCNc1nc(C)cc(N2CCN(S(=O)(=O)c3c(C)cc(C)cc3C)CC2)n1,P00533,
Cc1cc(C)n(CCC(=O)N[C@@H]2[C@@H]3CCO[C@@H]3[C@@H]2C2CCCC2)c(=O)n1,P00533,
COc1cccc(CN2CCN(c3nc(C)ns3)C[C@@H]2C)n1,P00533,
O=C(c1cccc2c1COC2)N1C[C@H]2C[C@@H](C1)[C@H](Cc1ccccc1)N1CCCC[C@@H]21,P00533,
N#Cc1nc(C2CC2)oc1N1CCN(Cc2cccc(C(F)(F)F)c2)CC1,P00533,
Cc1cccc(S(=O)(=O)N2CCC(c3nc(C(=O)N(C)C)c(C)o3)CC2)c1,P00533,
CCOc1ccc2c(c1)C=C(C(=O)N1CCSCC1)CO2,P00533,
FCCn1ncnc1COc1ccc2c(c1)CCCC2,P00533,
Cc1ccc(N2C(=O)C[C@H](C(=O)N(C)C)[C@@H]2c2cccs2)cc1,P00533,
Cc1noc2ncnc(N3CCC[C@H](C(=O)N4CCC(Cc5ccccc5)CC4)C3)c12,P00533,
C[C@@H](NS(=O)(=O)c1cc(C(F)(F)F)ccc1Cl)C(=O)O,P00533,
COc1ccc(OC)c(CNC(=O)c2cc(Br)ccc2O)c1,P00533,
COc1ncccc1[C@@]1(O)C[C@H]2CC[C@@H](C1)N2C(=O)c1ccc(Cn2cc(Cl)cn2)o1,P00533,
O=C(c1ccc2nnnn2c1)N1CC2(CCC2)[C@H]1C1CC1,P00533,
COc1ccccc1NC(=O)Cn1c(=O)c2cccn2c2ccccc21,P00533,
COc1ccc(CN2C[C@@]3(C)C[C@@H]2CC(C)(C)C3)cc1C,P00533,
COc1ccc(CNC(=O)CSCc2nc(-c3cccc(C)c3)oc2C)cc1,P00533,
COc1c([C@@H]2CCCN2C(=O)CCNc2ncccn2)c(C)nn1C,P00533,
CCS(=O)(=O)CCc1ccc(C(=O)OC)cc1,P00533,
CCCCn1ccnc1[C@H]1CCCN(c2ccncc2F)C1,P00533,
O=C(Nc1ccc2c(c1)CCCO2)N[C@H]1CCCC[C@H]1O,P00533,
O=C(NC[C@@H]1CCN(Cc2ccccc2)C1)c1ccc(Br)c(F)c1,P00533,
CCCNc1ccc2ncc(-c3ccncc3)n2n1,P00533,
O=C(OCc1noc(-c2ccsc2)n1)c1cc2c(s1)CCCCC2,P00533,
Cc1ccc(C2=NO[C@@H](CNC(=O)c3ccnn3C)C2)cc1C,P00533,
Cc1ccccc1S(=O)(=O)N1CCC[C@](C)(O)C1,P00533,
COc1ccc(-c2cc([C@H]3C[N@]4CC[C@H]3C[C@@H]4CNC(=O)NC(C)C)n(C)n2)cc1OC,P00533,
O=C(NCc1ccc(F)cc1)N1CCC(=O)N(Cc2ccc(F)cc2)[C@@]2(CCOC2)C1,P00533,
Cc1ccc(NC(=O)CSCC(=O)N[C@@H](C)Cn2ccnc2)cc1,P00533,
Cc1cc2nc(C(C)C)cc(NC3CCN(C(=O)C4CCCC4)CC3)n2n1,P00533,
CC[C@H](C(=O)NC[C@H](O)Cc1ccccc1)c1ccccc1,P00533,
CCCC(=O)N1CCC[C@H](C(=O)Nc2ccc3ccn(C)c3c2)C1,P00533,
CC[C@](C)(NC(=O)Cn1c(=O)cnc2ccccc21)c1nc(C)cs1,P00533,
CNC(=O)c1cccc(S(=O)(=O)NC2CCCCC2)c1,P00533,
CCCn1c(C)cnc1C[C@@H]1CCN(C(=O)c2ccc(OC)cc2OC)C1,P00533,
COc1ccc(C(=O)N[C@@H]2C[C@@H](C(=O)O)N(C)C2)o1,P00533,
O=C(C[C@H]1CCCN(c2nc3ncccc3o2)C1)NCc1ccccc1Cl,P00533,
CS(=O)(=O)NCCC(=O)N[C@@H]1CCCN(Cc2ccccc2Cl)C1,P00533,
CN1CCN(C(=O)C2(NC(=O)c3cc(C#N)c[nH]3)CCCC2)CC1,P00533,
COCCc1nnc(NC(=O)C2c3ccccc3Oc3ccccc32)o1,P00533,
CC(=O)c1c(C)[nH]c(C(=O)[C@@H](C)N2CCN(C)c3ccccc3C2)c1C,P00533,
COC1CC(N(C)C(=O)N2CCC3(CC2)CC(=O)c2ccccc2O3)C1,P00533,
CC(=O)N(Cc1ccc(C)cc1)c1nc2[nH]c(C)c(Cc3ccccc3)c(=O)n2n1,P00533,
C[C@@H]1C[C@@H](c2cccc(F)c2)N(C(=O)Nc2ccncc2)C1,P00533,
N#Cc1cccnc1-c1ccccc1OCc1ccccc1,P00533,
Cc1ccc(C(=O)N2CCC[C@H]2c2nc(O)c3c(n2)CCN(Cc2sccc2C)C3)cc1,P00533,
CCn1cc(O[C@@H]2COC[C@@H]2NC(=O)c2ccn(C)c(=O)c2)cn1,P00533,
CCNC(=O)C1(Cc2ccc(-c3cccs3)cc2)CCN(C(=O)CC(C)C)CC1,P00533,
CC(C)NC(=O)N(Cc1ccccn1)[C@H]1CCSC1,P00533,
CCCCc1nn2c(=O)cc(CSc3nnc(-c4ccccc4)[nH]3)nc2s1,P00533,
CC(C)CC(=O)N1C[C@@H]2c3nc(NCC4CC4)ncc3CS(=O)(=O)[C@@H]2C1,P00533,
Cc1ccc(NC(=O)Cn2cc(C(=O)Nc3ccc(C)cc3)c(=O)c3ccc(C)nc32)cc1,P00533,
COC(=O)CNC(=O)Cn1cc(OCc2ccccc2)c(=O)cc1C,P00533,
COC(=O)c1ccc(C(=O)N2CC[C@H](Oc3ccccn3)C2)cc1,P00533,
O=C1CCC[C@H](CC(=O)NS(=O)(=O)c2ccc(-n3cccn3)c(F)c2)C1,P00533,
CCc1cnc(N)nc1N1CC=C(c2ccc(F)cc2)CC1,P00533,
CN(CCC(=O)Nc1ccc2c(c1)CCC2)C[C@@H]1CCCCO1,P00533,
O=C(Nc1ccc(Cl)cc1)[C@H]1CC(=O)N2CCCN=C2S1,P00533,
Cn1c(CNC(=O)c2cncc(CN)c2)nnc1-c1ccccc1,P00533,
COC(=O)c1ccc(NCC(=O)Nc2cc(C(F)(F)F)ccc2Cl)cc1,P00533,
Cc1nc(-c2ccc3c(c2)n(CC(=O)N2c4ccccc4C[C@@H]2C)c(=O)n3C(C)C)no1,P00533,
O=C(N1CC[C@]2(CCN(Cc3ccccc3)C2)C1)[C@@]1(O)CCOC1,P00533,
O=C(NCCO)[C@@]1(Cc2cscn2)C[C@H]2CC[C@@H]1N2c1ncnc2[nH]ccc12,P00533,
Cc1cc(C)cc(NC(=O)C[C@H]2C(=O)OCCN2Cc2ccccc2)c1,P00533,
Cc1c(NC(=O)COc2ccc(F)cc2)cnn1C,P00533,
CC(C)(C)O[C@H]1CCCC[C@@H]1NC(=O)N[C@@H](CO)c1ccccc1,P00533,
COc1cc(C(=O)NC[C@@H]2CCCO2)cc(NC(=O)c2cc(C)oc2C)c1OC,P00533,
Cc1ccc([C@@H](C(=O)NCCc2nc(-c3cccnc3)no2)N(C)C)cc1,P00533,
CSc1ccc(CCNC(=O)[C@@H](C)n2nc(C)c3sc4ccccc4c3c2=O)cc1,P00533,
Cc1nc(-n2cccc2)sc1C(=O)N1CCC(c2ccccc2)CC1,P00533,
Cc1occc1C(=O)N[C@@H](C)c1ccc(-c2ccccc2)cc1,P00533,
O=C(O)c1cccc(Cc2nc3scc(-c4cccs4)c3c(=O)[nH]2)c1,P00533,
CS(=O)(=O)N1CC[C@@H]2OCCC[C@@]2(COc2ccccn2)C1,P00533,
CC(=O)N1CCc2cc(NC(=O)COc3ccc(N4CCCC4=O)cc3)ccc21,P00533,
C[C@H]1CC(=O)NCCN1C(=O)c1ccc2ccc(Cl)cc2n1,P00533,
O=C1c2cnc3nc(SCc4ccccc4)nn3c2C[C@H]2c3ccccc3CCN12,P00533,
COc1cccc(C(=O)N2C[C@H]3CN(c4cc(C)ncn4)C[C@@H]3C2)c1,P00533,
N[C@@H](c1cc(F)cc(C(F)(F)F)c1)C(F)(F)F,P00533,
O=C(NC1CN(C(c2ccccc2)c2ccccc2)C1)c1ccc(CN2CCOCC2)cc1,P00533,
Cc1cccc(-n2cc(CN3CC[C@@H](O)[C@](CCC(C)C)(C(=O)O)C3)cn2)c1,P00533,
Cc1cccc(NS(=O)(=O)c2cc(-c3nnc(C4CC4)o3)cs2)c1C,P00533,
Cc1ccccc1NC(=O)c1nnc(CSCC(=O)N2CCN(c3ccccn3)CC2)s1,P00533,
Cc1sc(NC(=O)c2ccccc2C(=O)O)c(C(N)=O)c1C,P00533,
O=C(N1CC[C@@H](c2ccccc2)C1)C1(O)COC1,P00533,
COc1ccc(-c2cc3nc([C@@H](C)NC(=O)[C@H](C)Oc4ccccc4OC)nn3cn2)cc1,P00533,
CCCN1CCCn2nc(CNC(=O)CN3CCCCC3=O)cc2C1,P00533,
O=C1CC[C@@H](C(=O)N2CCC(C(=O)N3CCCC3)CC2)CN1CC1CCCCC1,P00533,
NC(=O)c1oc2ccccc2c1NC(=O)c1ccc2ccccc2c1,P00533,
Cc1cc(C(=O)NCc2cc3n(n2)CCN(C(=O)C2CCC2)C3)ccc1F,P00533,
C[C@@H]1CCc2nn(CCNC(=O)c3cccs3)c(=O)cc2C1,P00533,
CS(=O)(=O)Nc1nc2cc(NC(=O)Nc3ccc(F)cc3)ccc2s1,P00533,
Cc1cc(Cl)ccc1O[C@H](C)C(=O)N1CCC(n2nccc2NC(=O)C2CC2)CC1,P00533,
CC(C)(C)OC(=O)N1CC[C@H](O)C2(COC2)C1,P00533,
CO[C@H]1CN(c2cccc(F)c2)C12CCN(C(=O)CCc1nc3ccccc3s1)CC2,P00533,
COCCn1c(=O)[nH]c2cc(C(=O)NC3CCCC3)ccc2c1=O,P00533,
CS[C@H]1CCN(C(=O)Nc2cc(C)nn2-c2cc(C)ccn2)C1,P00533,
Cc1ncsc1CN1CC[C@@H](N)[C@H](C)C1,P00533,
Cc1cccc(CO[C@@H]2CSC3(C2)CN(C(=O)CC(C)C)C3)n1,P00533,
CCN1CCN(C2CN(S(=O)(=O)c3cccc(F)c3)C2)CC1,P00533,
COc1cc(C)ccc1CNc1cnc2c(c1)COCC2,P00533,
Cc1ccc(N2CCCCC2)cc1N[C@H]1COC2(CCOCC2)C1,P00533,
CCc1ccc([C@H]2Nn3c(CC)nnc3S[C@H]2C(=O)Nc2ccccc2F)cc1,P00533,
CCOc1ccc(CCNC(=O)c2cc(C3CC3)n[nH]2)cc1OCC,P00533,
O=C(NCc1ccc(Cl)cc1)NC[C@@H](O)c1cccs1,P00533,
Cc1noc(-c2ccccc2)c1C(=O)Nc1nnc(C(C)C)s1,P00533,
COC(=O)c1ccccc1NC(=O)[C@H]1CC(O)=Nc2c(C)c(-c3ccc(F)cc3)nn21,P00533,
COc1ccccc1CNC(=O)c1cnc(C2CCN(C(=O)C(C)C)CC2)nc1C,P00533,
CC(C)[C@H]1CN(C(=O)NCc2ccc(C#N)s2)CCCO1,P00533,
CC1(C)[C@@H](C(=O)O)[C@@H]1C(=O)N1CCN(C(=O)c2ccco2)CC1,P00533,
CC(=O)c1ccc(-c2ccccc2F)o1,P00533,
CC(C)(C)c1cc(N2CCOCC2)nc(Br)n1,P00533,
CCn1c(Cc2cccs2)nnc1SCC(=O)Nc1c(C)n(C)n(-c2ccccc2)c1=O,P00533,
O=C(Nc1ccc(N2CCOCC2)cn1)[C@@H](c1ccccc1)N1CCC(O)CC1,P00533,
Cc1cc(O)c(-c2ccc3c(O)nc(=O)n(CCc4ccccc4)c3n2)c(=O)o1,P00533,
C[C@H](NC(=O)c1nccn1C)c1cccc(F)c1,P00533,
COc1ccc(CN2C[C@@H]3CCC[C@@H](C2)C3N2CCOCC2)cc1OC,P00533,
CO[C@@H]1C[C@@H](c2nc(C3CC3)n[nH]2)N(Cc2ncnn2C(C)C)C1,P00533,
CCOC(=O)Cc1csc(NC(=O)CSc2nnc3cc(C)c4ccccc4n23)n1,P00533,
COCCN(Cc1cnn(C)c1)C(=O)Cc1ccc(Cl)cc1,P00533,
O=C(Nc1ccc(F)cc1)Nc1nc2ccccc2s1,P00533,
O=C(O)[C@H](CNc1ncc(C(F)(F)F)cc1Cl)C1CCOCC1,P00533,
COc1cccc(N2CCN(c3ccc4nnc(CCC(=O)NCCc5c[nH]c6ccccc56)n4n3)CC2)c1,P00533,
O=C(O)c1ncc2cnn(C3CC3)c2n1,P00533,
Cc1cc(C)cc(N(CC(=O)NCc2ccc3c(c2)OCO3)S(=O)(=O)c2c(C)nn(C)c2C)c1,P00533,
O=C(Cc1cccc(F)c1)N1CC[C@H](CCOc2ccccc2)C1,P00533,
CC(C)c1nc2ccccc2n1Cc1nc2ccoc2c(=O)[nH]1,P00533,
CCOC(=O)CCCC(=O)c1ccc(OCc2ccccc2)cc1,P00533,
CCN(C(=O)CCS(=O)(=O)c1cc2c(cc1Cl)NC(=O)CO2)c1cccc(C)c1,P00533,
COCC(=O)Nc1cccc(NC(=O)COc2ccc(N(C)S(=O)(=O)c3cccs3)cc2)c1,P00533,
Cc1nn(C)c(C)c1CCNC(=O)c1ccc(Cl)c(N2CCCCC2)c1,P00533,
COc1cccc(OC[C@@H](O)CNc2ncnc3c2c(C)nn3C)c1,P00533,
C[C@@H](NC(=O)CCc1cc(Cl)cc(Cl)c1)c1ccncc1,P00533,
O=C(Nc1s/c(=N/C(=O)c2cccs2)[nH]c1-c1cccs1)c1ccco1,P00533,
O=C(c1cscn1)N1[C@@H]2CC[C@H]1C[C@H](Oc1ccccn1)C2,P00533,
CO[C@H]1CCC[C@H](Cc2nc(-c3ccc(S(N)(=O)=O)cc3)no2)C1,P00533,
CC(C)c1cccc(-c2ccccc2S(C)(=O)=O)c1,P00533,
O=C(Cc1ccc(NS(=O)(=O)c2ccc3c(c2)CCO3)cc1)N1CCOCC1,P00533,
Cc1cc(C(=O)NC2CCC(N(C)C(=O)c3cncc(F)c3)CC2)oc1C,P00533,
O=C(CCn1ccn2nc3c(c2c1=O)CCCC3)NCc1ccc(F)cc1Cl,P00533,
c1ccc(CN2CCCCC2)c(CNc2ncnc3sccc23)c1,P00533,
CN(Cc1ccc2nsnc2c1)C(=O)NC[C@H]1CCS(=O)(=O)C1,P00533,
O=C(Nc1cccc(Br)c1)c1cccn(Cc2ccccc2Cl)c1=O,P00533,
Cc1n[nH]c([C@@H]2CN(C(=O)Cc3ccccc3Cl)CCO2)n1,P00533,
Cc1c(C(=O)N[C@@H](C)c2nc[nH]n2)c2ccccc2n(C)c1=O,P00533,
O=C(COc1ccc2ccccc2c1)Nc1ccc(Cl)cc1,P00533,
Cn1cnc2cc(C(=O)N3CCC[C@@H](OCc4ccccn4)C3)cnc21,P00533,
Cc1cc(C)nc(-n2nc(C)c3c2NC(=O)[C@H](C)S[C@H]3c2cccs2)n1,P00533,
CC(C)C(=O)N1CCC[C@@H](NS(=O)(=O)c2ccc(O)c(C(=O)O)c2)C1,P00533,
CC(C)CNC(=O)[C@H]1CCS(=O)(=O)[C@@H]2CN(Cc3ccccn3)C[C@H]12,P00533,
O=C(NC1CC1)[C@@H]1CN(CCCc2ccccc2)CCO1,P00533,
CC(C)(C)CC[C@]1(O)C[C@@H](C(=O)OCc2ccncc2Cl)C1,P00533,
NC(=O)[C@@H]1CN(C(=O)c2cocn2)C[C@H]1COc1ccccc1,P00533,
O=C(CCN1CCCCC1)Nc1ccc(Cn2cncn2)cc1,P00533,
F[C@H]1CCCN(c2nc3ccccc3o2)C1,P00533,
CC(C)[C@@H](Cn1nccn1)NC(=O)CC1CCCC1,P00533,
C[C@H](c1cccnc1)n1cc(-c2nc(Br)cn2C)nn1,P00533,
O=C(NC1CCN(C(=O)c2ccc(-c3ccccc3F)s2)CC1)c1ccccc1,P00533,
CC(=O)N(C)CC(=O)Nc1ccc(Cl)c(C(=O)NC2CCCCC2)c1,P00533,
O=C1C[C@H](c2ccccc2)c2c(nc3ccccn3c2=O)O1,P00533,
COc1ccc(S(=O)(=O)NCC(C)(C)N2CCOCC2)cc1C(=O)O,P00533,
N#Cc1ccc(Cl)c(C(=O)N2CCCC[C@H]2c2nc(=O)[nH][nH]2)c1,P00533,
COc1ccc(OC[C@@H](O)Cn2c(=N)n(Cc3ccccc3)c3ccccc32)cc1,P00533,
Cc1nn(-c2ccccc2)c(C)c1NC(=O)c1cccc(N2CCCS2(=O)=O)c1,P00533,
Cc1nc([C@H]2CCn3ncnc3C2)n(CCc2ccccc2)n1,P00533,
CC(C)[C@@H](N)C(=O)N1CCC(C(=O)N[C@H](Cc2ccccc2)C(=O)NCc2ccc(F)cc2)CC1,P00533,
Cc1ccccc1NC(=O)c1c(NC(=O)[C@@H]2CCCO2)sc2c1CCC2,P00533,
CC(=O)N1CCc2ccccc2[C@@H]1CC(=O)Nc1ccn(CC(=O)O)n1,P00533,
Cc1cc(OCc2ccccc2)ccc1C(=O)N[C@H]1CCc2ccccc21,P00533,
O=C(COc1cccc(-c2ccc(CNc3ccncn3)cn2)c1)NC1CCCC1,P00533,
CCN(CC)[C@H](CNC(=O)c1cccc(N2CCNC2=O)c1)Cc1ccccc1,P00533,
Cc1ccc(CNC(=O)[C@]2(C)CCCN(C(=O)c3ccccc3C)C2)cc1,P00533,
CCn1c(=O)c(C)nc2cc(C(=O)N3CCO[C@@H](C)C3)ccc21,P00533,
c1ccc([C@@H]2CN(c3ncnc4[nH]ncc34)CC23CCC3)cc1,P00533,
Nc1ncc(-c2ccc(F)cc2)c([C@@H]2CCCCN2C(=O)c2cccc(Cn3ccnc3)c2)n1,P00533,
O=C(Nc1cnn([C@H]2C[C@@H](CO)N(Cc3cccnc3)C2)c1)c1cccc(F)c1,P00533,
Cc1ccc(NC(=O)COc2ccc(N(C)S(=O)(=O)c3cccs3)cc2)c(C)c1,P00533,
CCOC(=O)c1nc(Cl)c(C)nc1OCc1ccccc1,P00533,
CN(Cc1ccccc1N1CCOCC1)C(=O)c1csc(-c2cccs2)n1,P00533,
C1CCC(Nc2nc(NC3CCCCC3)nc(N3CCOCC3)n2)CC1,P00533,
Cc1cc(F)c([C@H](O)c2ccccc2)c(F)c1,P00533,
CC(C)COc1ccc(-c2nc3sc(=Cc4ccco4)c(=O)n3n2)cc1,P00533,
Cc1ccn(CC(=O)N(C)c2ccc(O)c(C)c2)c(=O)c1,P00533,
COc1ccc(C(=O)NS(C)(=O)=O)cc1,P00533,
CCOC(=O)[C@]1(CCCc2ccccc2)CCCN(C(=O)CNC(C)=O)C1,P00533,
O=S(=O)(c1ccc(OC(F)(F)F)cc1)N1CCN(c2cccc(F)c2)CC1,P00533,
CCC(C)(C)C(=O)c1cccc(Cl)c1C,P00533,
Cc1cc(N2CCN(c3cncc(-c4cnn(C)c4)n3)CC2)n2nccc2n1,P00533,
Cc1ccc(NS(=O)(=O)c2cccc(C(=O)N3CCc4sccc4C3)c2)cc1,P00533,
Cc1cc(=O)n2nc(N(C)CC(=O)NCc3ccccc3Cl)sc2n1,P00533,
CCNS(=O)(=O)c1cc(OC)c(OC)cc1Br,P00533,
COc1cccc(C(=O)N2CC[C@]3(C(=O)Nc4ccccc43)[C@@H]2c2cnn(C)c2)c1OC,P00533,
CC(C)Cc1nc(SCC(=O)NC[C@@H]2CCCO2)c2c(=O)n(C)c(=O)n(C)c2n1,P00533,
O=C(CCc1nnc(-c2ccccc2)o1)N1CCc2ccccc21,P00533,
Cc1ccc(CCNC(=O)N(C)CCc2cccs2)cn1,P00533,
Cn1cc(CNC(=O)[C@@H]2C[C@H]2c2ccc(Cl)cc2)cn1,P00533,
O=C(NCCC(=O)N1CCc2oc(C3CCOCC3)nc2C1)c1ccccc1F,P00533,
Cc1nc(Nc2ncccc2C)cc([C@H]2CCCN2Cc2cnccc2C)n1,P00533,
CC(C)c1nccn1CC1CCN(C(=O)c2ccc3ncsc3c2)CC1,P00533,
COc1ccc2[nH]cc(C3=CCN([C@@H]4CCCN(C(C)C)C4=O)CC3)c2c1,P00533,
Cc1[nH]cnc1CC(=O)N1CC(NC(=O)c2ccc3occc3c2)C1,P00533,
O=C(c1cccs1)N1CCCC[C@H]1CO,P00533,
Cc1cc(C)c2c(=O)cc(C(=O)Nc3sc4c(c3C#N)CCCC4)oc2c1,P00533,
COc1cc(/C=C/[C@@H]2C[C@H]3CN(Cc4cccc(Cl)c4)C(=O)[C@]34CCCN24)ccc1O,P00533,
CC(=O)N1CC[C@@H](n2cc(C(=O)N3CCC(c4nc(C)cc(Oc5ccccc5)n4)CC3)cn2)C1,P00533,
COc1cc(OC2CCN(C)CC2)ccc1Nc1ncc2c(n1)n(C1CCCC1)c(=O)n2C,P00533,
Cn1cncc1[C@@H]1CN(c2ncccn2)C[C@H]1CNC(=O)C1(C)CC1,P00533,
Cc1nc[nH]c1CN1C[C@@H]2CC[C@H](C1)N(C(=O)CCc1cccc(F)c1)C2,P00533,
COc1ccc(F)cc1S(=O)(=O)Nc1cccc(O)c1,P00533,
COC(=O)c1nnc(Cc2c(F)cccc2Cl)o1,P00533,
COCCN1CC[C@H](c2nc3c([nH]2)CCCNC3=O)C1,P00533,
CCOc1cc(CN2CCC[C@H]2c2ccc(OC)cc2)ccc1OCC(N)=O,P00533,
CC(=O)N1CCC(c2cc(N3C(=O)OC[C@H]3C)nc(C)n2)CC1,P00533,
N#Cc1cccc(NC(=O)NC[C@@H](Cc2ccc(F)cc2)C(N)=O)c1,P00533,
CO[C@@]12CC[C@H](Oc3ccccn3)C[C@@H]1N(Cc1cc(F)cc(Cl)c1)CC2,P00533,
CCC(=O)N1CCC[C@@H](Cn2c(C)cnc2-c2ccncc2)C1,P00533,
Cc1ccc(F)c(C(=O)NC2CCN(Cc3ccccc3)CC2)c1Br,P00533,
Cn1cc([C@@H]2CSCCN2CC(=O)N[C@H]2CC[C@@H](C(F)(F)F)CC2)cn1,P00533,
CC(=O)c1ccc(-c2cc(F)cc3c2O[C@@H](CNC(=O)[C@@H](C)n2nc(C)cc2C)C3)s1,P00533,
CC(=O)c1ccc(NC(=O)CCn2nc(C(=O)N3c4ccccc4C[C@@H]3C)ccc2=O)cc1,P00533,
O=C(NCc1cccc(Cl)c1)C1CCN(S(=O)(=O)c2ccc(F)cc2)CC1,P00533,
CCOc1cc(C)c(Br)cc1S(=O)(=O)N1CCCCC1,P00533,
Cc1cc(C(=O)N2CC[C@@H](Cc3noc(-c4ccc(F)cc4)n3)C2)n(C)n1,P00533,
O=C(NCCS(=O)(=O)N1CCN(c2ccccc2)CC1)c1cccc(Br)c1,P00533,
CC(C)CN(CC(C)C)C(=O)c1ccccc1Br,P00533,
CCCS(=O)(=O)NCCc1ncc(C)n1CCOC,P00533,
Cn1c([C@@H]2CCCN(C(=O)c3onc4ncccc34)C2)nc2ccccc21,P00533,
COc1cccc(NC(=O)Cn2cnc3c(-c4ccc(F)cc4)csc3c2=O)c1,P00533,
COc1ccccc1Nc1ccc(NC(=O)c2cnc3n2CCNC3)cc1,P00533,
CN(Cc1cccnc1)[C@@H]1CCN(C(=O)c2ccoc2)[C@H](C(=O)O)C1,P00533,
CC(C)CC(=O)N1CCN(CC(=O)N2CCOc3ccccc32)CC1,P00533,
CC1CCN(c2nn3c(C(=O)NCc4ccc(OC(C)C)cc4)cc(=O)nc3s2)CC1,P00533,
O=C(Cc1csc(C(=O)O)c1)Nc1cccc2c1OCC[C@H]2O,P00533,
COC(=O)[C@]1(C#N)C(C)(C)[C@@]1(C#N)C(=O)OC,P00533,
CN(C)C(=O)[C@]1(Cc2cccc(-c3ccccc3)c2)CCN(C(=O)c2cnccn2)C1,P00533,
Cc1ccc(-n2nnnc2S[C@H](C)C(=O)NCc2ccc3c(c2)OCO3)cc1C,P00533,
O=C(NCC1CCOCC1)c1ccccc1C(F)(F)F,P00533,
Cc1ccc(S(=O)(=O)N2CC[C@@]3(CNC(=O)CO3)C2)cc1Cl,P00533,
CC(C)/C=C\c1cn(CC(=O)N[C@H]2CCc3ccccc3NC2=O)nn1,P00533,
Cc1cccc(-n2nc(C(=O)NCc3ccco3)nc2-c2ccccc2)c1,P00533,
CCCCN(CC)C(=O)CCc1nn(CC2CC2)c2c1COCC2,P00533,
COc1ccc(OC)c(S(=O)(=O)Nc2cccc(C)n2)c1,P00533,
CN(Cc1cccc(OCC(N)=O)c1)CC1(C)COC1,P00533,
CC(=O)Nc1cc(NC(C)=O)cc(C(=O)O[C@@H](C)C(=O)NC2CC2)c1,P00533,
COc1ccc(-n2cc(N)c(C#N)n2)cc1,P00533,
Cc1ccc(NC(=O)Nc2ccc3c(c2)CCN3S(C)(=O)=O)c(Cl)c1,P00533,
O=C(CN1C(=O)CCc2ccccc21)N1CCN(c2cccc(Cl)c2)CC1,P00533,
Cc1ccc(N2CCN(C)CC2)c(Br)c1,P00533,
COc1cccc(-c2cc(CC(=O)O)ccc2F)c1,P00533,
Cn1cc([C@]2(CNC(=O)c3cc4occc4[nH]3)CCCO2)cn1,P00533,
Cc1ccc(S(=O)(=O)N(C)C)cc1NCC(=O)N(C)CC(=O)Nc1ccccc1Cl,P00533,
O=C(NCc1cc(=O)[nH]c(=O)[nH]1)[C@@H]1C[C@@H]1Cc1ccccc1,P00533,
COc1ccc(CSc2nnc(SCC(=O)Nc3cccc(F)c3)s2)cc1,P00533,
COc1ccc(OC)c(Nc2nc3c(S(=O)(=O)c4ccc(C)c(C)c4)nnn3c3ccccc23)c1,P00533,
C[C@H]1CN(c2cnc3cc(F)c(F)cc3n2)C[C@@]1(C)CO,P00533,
Cc1cc(N2CCN(C(=O)c3ccc(C)s3)CC2)nc(C)n1,P00533,
C[C@H]1CN(C)CCN1C(=O)c1cnn(C(C)(C)C)c1,P00533,
Cc1cccc(C(=O)N[C@@H](c2noc(C)n2)c2ccccc2F)n1,P00533,
CCOC(=O)Cn1c(=N)n(Cc2ccccc2Cl)c2ccccc21,P00533,
COc1ccc(-c2cc(C(=O)N(C)[C@@H]3CCNC[C@@H]3C)on2)cc1,P00533,
O[C@@H]1C[C@H]2CN(Cc3cccc(Cl)c3)C[C@H]2C[C@H]1Oc1ccc(F)cc1,P00533,
O=C(O)c1cccc(C(=O)N2CCn3cc(C(=O)NCc4cccnc4)nc3[C@H]2c2ccccc2)c1,P00533,
Cc1nc(-c2cccc(S(=O)(=O)NCc3ccc4c(c3)OCO4)c2)no1,P00533,
Cc1cc(OCC(=O)NC2=NCCS2)ccc1C(C)C,P00533,
c1cncc(OC[C@]23CCCO[C@H]2CCN(Cc2nccs2)C3)c1,P00533,
O=C(NCCN1CCc2ccccc21)[C@H]1CC[C@H](CNCc2ccncc2)CC1,P00533,
COc1ccc(-c2nnc(SCC(=O)NC(=O)NC3CCCCC3)n2C(C)C)cc1,P00533,
CCN(Cc1cc(-c2cc(OC)ccc2OC)on1)C(=O)NC(C)C,P00533,
O=C1c2[nH]nc(-c3ccccc3O)c2[C@H](c2ccccc2F)N1C[C@@H]1CCCO1,P00533,
O=C(N[C@@H]1CCc2ccccc21)C1CCN(S(=O)(=O)c2ccc(-n3cnnn3)cc2)CC1,P00533,
Cc1ccc(C(=O)C[C@@]2(O)C(=O)N(Cc3ccccc3)c3ccc(Cl)cc32)c(C)c1,P00533,
CCCCn1c2ccc(F)cc2c2nc3ccccc3nc21,P00533,
O=C(O)CCSc1nnc2sc3ccccc3n12,P00533,
CCNc1ccc(Cl)cc1C(=O)NCCc1nc(-c2ccccn2)cs1,P00533,
CNc1nc(C(=O)Nc2ccc3c(c2)nc(C)n3C)cs1,P00533,
COc1cccc(NC(=O)Cc2ccc(F)cc2C(F)(F)F)c1C,P00533,
COCC1CCN(C(=O)CCc2nnc(C3(c4ccc(Cl)cc4)CCC3)o2)CC1,P00533,
CC1CCN(S(=O)(=O)c2ccc(NC(=O)c3cc(=O)c4ccccc4o3)cc2)CC1,P00533,
CC(=O)N1CCC(c2cnc(Br)cn2)CC1,P00533,
CCOc1ccc(C(=O)N2[C@@H]3CC[C@H]2C[C@@H](n2cc(Cl)cn2)C3)cc1,P00533,
C[C@@H]1CCCN(C(=O)c2ccccc2NS(C)(=O)=O)C1,P00533,
Cc1cc(C)nc(CCNC(=O)C2(CO)CC2)n1,P00533,
O=C1NCCN1c1cncc(Br)c1,P00533,
COC1(C(=O)N2C[C@@H](O)[C@H](F)C2)CCN(Cc2cccc(OCCO)c2)CC1,P00533,
Fc1ccc2c(C=Cc3cccnc3)c[nH]c2c1,P00533,
C[C@H](NC(=O)Cn1nnc(-c2cccc(C(F)(F)F)c2)n1)c1ccccc1,P00533,
O=C(NCc1ccc2c(c1)CCCC2)Nc1cnns1,P00533,
CCOc1ccc(S(=O)(=O)N(Cc2cc(C3CC3)n(C)n2)Cc2ccco2)cc1F,P00533,
O=C(c1cccs1)N1CC[C@@H](Oc2ccncc2)C1,P00533,
CC(=Cc1ccccc1)CN1CCOCC1,P00533,
CCCCC(=O)/N=c1\[nH]n(CCC)c2nc3ccccc3cc12,P00533,
Cn1nccc1C(=O)N1CCN(S(=O)(=O)c2ccc(Cl)s2)CC1,P00533,
COC(=O)[C@@H](Cc1ccccc1)Oc1cc(C)nn1C,P00533,
Cc1ccc(NS(=O)(=O)c2c(C)c(C)cc3c(C)c(C(=O)N4CCOCC4)oc23)c(Cl)c1,P00533,
COc1ncc(CN2CC[C@H](c3ccc(F)cc3)C2)cn1,P00533,
COC[C@H](O)Cn1ccnc1-c1nc(-c2ccccc2)cs1,P00533,
Cc1ccc(Cl)cc1NC(=O)c1nnn(Cc2nc(-c3cccc(Cl)c3)oc2C)c1N,P00533,
O=C(C1CCNCC1)N1CCC[C@H](c2ccno2)C1,P00533,
Cc1ccc(-n2nnnc2CNc2ccc3sncc3c2)cc1,P00533,
C[C@@H]1CS(=O)(=O)N(c2ccc(S(=O)(=O)N3CCCC3)cc2)C1=O,P00533,
COc1ccc(-c2noc(CCC(=O)N(C)c3cc(Cl)ccc3C)n2)cc1,P00533,
COc1cnc(-c2cccc(S(N)(=O)=O)c2)cn1,P00533,
CO[C@H]1C[C@H]2CC[C@@H](C1)N2C(=O)CCn1cnnn1,P00533,
Cc1ccc(-c2noc([C@@H](C)NC(=O)c3ccccc3C)n2)cc1,P00533,
C[C@H](CC(=O)NCCC(=O)N1CCCCC1)c1ccccc1F,P00533,
Brc1cncnc1NCc1ccccn1,P00533,
COc1ccc(OCC2CCN(Cc3ncc[nH]3)CC2)cc1,P00533,
CCOC(=O)c1cc(CNCc2ccc3c(c2)OCO3)on1,P00533,
COc1ncccc1[C@H](C)Nc1ccc(-c2cn3ccccc3n2)cc1,P00533,
Cc1nc2ccc(NC(=O)C3CCN(S(=O)(=O)c4ccc(F)cc4)CC3)cc2s1,P00533,
CCCc1cc(=O)nc(SCC(=O)Nc2ccc(OC(F)F)cc2)[nH]1,P00533,
c1csc(-c2ccc(N3CCN(c4nc5cnccc5s4)CC3)nn2)c1,P00533,
CC(C)[C@H](NC(=O)c1ccc(Cl)cc1)C(=O)N[C@H](C)c1cc2ccccc2o1,P00533,
C[C@@H](OC(=O)Cc1cccc(F)c1)C(=O)Nc1ccc(F)cc1,P00533,
COCCn1cnc2sc(C(=O)Nc3ccccc3C)c(C)c2c1=O,P00533,
CC(=O)c1ccc(NC(=O)Cn2nc(-c3cccc4ccccc34)ccc2=O)cc1,P00533,
Cc1cc(F)ccc1-c1ccc(N2CCCCC2)nc1,P00533,
CCc1nonc1S(=O)(=O)Nc1ccccc1N(C)C1CCCC1,P00533,
Cc1cc(N2CCC[C@H](NC(=O)c3ccc4nnc(C)n4c3)C2)n(C)n1,P00533,
CC1(C)CC(C=Cc2ccco2)=Nc2ccccc2N1,P00533,
CC(C)c1nc([C@@H]2CCCCCN2C(=O)c2ccncc2)no1,P00533,
O=C(OCC1CCC2(CC1)CC2)c1ccc2cncn2c1,P00533,
COc1ccc(C)cc1NC(=O)c1cc2c(CO)cnc(C)c2o/c1=N\c1ccc(F)cc1,P00533,
COc1ccc(Cl)cc1NCc1nc2[nH]c(C)c(Cc3ccc(C)cc3)c(=O)n2n1,P00533,
COc1ccc(CN2C(=O)Cc3c(C)nc([C@@H]4CCCN4C(=O)CNC(C)=O)nc32)cc1,P00533,
CCOc1ccc(-c2n[nH]c3nc(-c4ccc(C)cc4)cc(C(=O)O)c23)cc1,P00533,
CCCS(=O)(=O)N1CCC[C@H]1c1nc2ccccc2s1,P00533,
CCOCC(=O)N1CCC[C@@H](Cc2nc(-c3ccsc3)no2)C1,P00533,
COc1ccc(-n2nc(C)c3c2NC(=O)C[C@H]3c2cccc(Cl)c2Cl)nn1,P00533,
CC(C)(C)OC(=O)N1CCC2(CC1)N=C(c1ccc(F)cc1)NC2=O,P00533,
O=C(NCC1CCN(C(=O)c2cccc(F)c2)CC1)c1cccc(F)c1,P00533,
Nc1nccc(-c2cccc(C(=O)O)c2)n1,P00533,
Cc1ccc(C(=O)Nc2nc3c(s2)CC[C@@H]3C(=O)NCCc2c[nH]c3ccccc23)cc1,P00533,
Cc1cccc(-c2noc([C@H]3CCS(=O)(=O)C34CN(C(=O)c3cccn3C)C4)n2)c1,P00533,
CN(C)c1ccc(CNC(=O)C2(c3ccc(F)cc3)CC2)cn1,P00533,
O=C(Cn1ncn2cccc2c1=O)N1CCC[C@@H](Oc2ccc(F)cc2)C1,P00533,
Cc1noc([C@H]2C[C@H](O)CN2C(=O)Nc2cnc(C(C)(C)C)nc2)n1,P00533,
O=C(c1cccc(CN2CCCCC2)c1)N1CC2(CCOC2)C1,P00533,
CC(C)(C)OC(=O)NC1CCC2(CC1)CNC(=O)C2,P00533,
CCOc1cc(-c2csc3ccccc23)cc2c1OCCN(C(C)=O)C2,P00533,
Cc1[nH]cnc1CN(CCN(C)C)C(=O)c1cc(C(F)(F)F)cc(C(F)(F)F)c1,P00533,
CCn1c(CCNC(=O)c2cccc(N(C)C)c2)nc2cccnc21,P00533,
COc1cc(C)c(C)cc1S(=O)(=O)Nc1ccc2c(c1)OCC(C)(C)C(=O)N2C,P00533,
Cc1cc(C)n(-c2ccc(=O)n(CC3CN(c4ncccc4C#N)C3)n2)n1,P00533,
N#Cc1ccc(CN2CC[C@H](NC(=O)c3cccnc3)C2=O)cc1,P00533,
C[C@@](Cc1ccccc1)(C(=O)O)c1cccc(Cl)c1,P00533,
O=C(CN1CCCC1)N1CCCC[C@@H]1c1ncc(Cc2ccccc2)o1,P00533,
O=C(NCc1cccc(C(F)(F)F)c1)[C@@H]1CC(=O)N(c2ccccc2)C1,P00533,
CCc1cccc(CC)c1NC(=O)c1cc(OC)c(F)cc1Br,P00533,
Cc1nc(CC(=O)N2CCC[C@@]3(CN(C)C(=O)O3)C2)c(C)s1,P00533,
CN(C)C(=O)[C@@H]1CN(c2ncc(Cl)cn2)CCO1,P00533,
COCCn1c2ccccc2n2c(=O)n(CC(=O)N[C@H]3CCCC[C@H]3C)nc12,P00533,
CCOC(=O)c1c(CSc2ccccn2)n(C)c2cc(Br)c(O)cc12,P00533,
COC(=O)N1CCC(CNC(=O)Nc2ccc(C(F)(F)F)cc2)CC1,P00533,
Cc1cc(OCC(=O)NC[C@@H](c2cccs2)N2CCCC2)cc(C)c1Cl,P00533,
Cc1ccnc(Oc2ccc(C(=O)NCc3ccc(Cl)cc3)cc2)n1,P00533,
O=C(O)[C@H]1CN(C(=O)CCCc2nc(-c3ccccc3Cl)no2)CC[C@H]1O,P00533,
Cc1ccccc1N(CC(=O)NCCc1ccccc1)C(=O)CCC(=O)Nc1nccs1,P00533,
O=C(NC[C@@H]1CCCS1)c1cccc(-n2cccn2)n1,P00533,
COCCc1nc(-c2cc(C#N)cn2C)n([C@@H]2CCS(=O)(=O)C2)n1,P00533,
Cc1ccc(S(=O)(=O)c2cnc(SCC(=O)Nc3ccccc3Cl)[nH]c2=O)cc1C,P00533,
Cc1cc(C2CN(C(=O)C[C@@H]3COc4ccccc4O3)C2)no1,P00533,
CCc1nc(C)cc(N2CCC3(CC2)C[C@@H](O)CN(C(=O)c2cccnc2)C3)n1,P00533,
COc1ccccc1-c1nnc(S[C@@H](C)C(=O)N[C@H]2CCS(=O)(=O)C2)n1C,P00533,
CCOc1cc(CN[C@@H](CC)CO)c(Br)cc1OC1CCCC1,P00533,
CSc1ccc2nc(N3CC[C@@H](CO)C3)sc2c1,P00533,
O=C(Cc1ccccc1)Nc1cccc(NC(=O)c2ncn[nH]2)c1,P00533,
CCC(=O)c1ccc(-c2cccc(SC)c2)s1,P00533,
CC(C)(C)OC(=O)N1CCC[C@@H](C(=O)N[C@H]2CCCN(Cc3ccc(C#N)cc3)C2)C1,P00533,
O=C(N[C@@H](Cc1cccnc1)C(=O)Nc1ccc(CN2CCCC2=O)cc1)c1ccccc1,P00533,
COc1ccc(C[C@H]2CCN(Cc3ccc(C(=O)O)cc3)C2)cc1,P00533,
c1ccc2sc(Nc3nc4cc5c(cc4s3)OCO5)nc2c1,P00533,
Cc1nc2cc(S(=O)(=O)N3CCC(C(=O)N[C@H](C)c4ccccc4)CC3)ccc2n1C1CCCC1,P00533,
C[C@@H](CNC(=O)CCCc1nnc2c(=O)n(-c3ccc(Cl)cc3)ccn12)c1ccccc1,P00533,
CNC(=O)N1CCc2cc(S(=O)(=O)Nc3ccc(Cl)cc3)ccc21,P00533,
CCOc1ccc2c(c1)[C@H](NC(C)=O)C(=O)N2Cc1ccccc1Cl,P00533,
O=C(c1ccncc1)N1CCO[C@@]2(CCCN(c3cnccn3)C2)C1,P00533,
C[C@H](Cc1ccco1)NS(=O)(=O)c1ccc(C2(C(=O)O)CC2)cc1,P00533,
COCCn1c(=O)c2c(ncn2Cc2ccc(Cl)c(Cl)c2)n(-c2ccc(F)cc2)c1=O,P00533,
O=C(O)c1cccc(NS(=O)(=O)c2ccc(Cl)c(Cl)c2)c1,P00533,
CCN1CC[C@H]2CC[C@H](C1)N2C(=O)c1cc(C2CC2)on1,P00533,
CC(C)c1cccc2c1OCC[C@H](N)[C@H]2O,P00533,
O=C(CSc1c2c(nc3cc(Cl)ccc13)CCCC2)NC[C@@H]1CCCO1,P00533,
COc1cc(F)ccc1-c1cccc(S(C)(=O)=O)c1,P00533,
CN(C)C(=O)COC[C@@H]1C[C@H](n2cc(NC(=O)c3cccc(F)c3)cn2)CN1Cc1ccc(Cl)c(F)c1,P00533,
Cc1ccc([C@H]2C[C@@H](C)N(C(=O)c3cc(C)c4c(=O)[nH]c(O)nc4n3)C2)cc1,P00533,
C[C@H](NC(=O)N1CC[C@H](C(F)(F)F)[C@@H](CN)C1)C(=O)N1Cc2ccccc2C1,P00533,
O=C(c1ccccc1)c1ccc(F)cc1Cl,P00533,
COC(=O)CCC(=O)Nc1ccc(OC)cc1Cl,P00533,
COc1ccc(Cl)cc1N1C[C@H](C(=O)NCc2noc(-c3ccccc3C)n2)CC1=O,P00533,
O=C(N[C@H]1CCCOc2cc(F)ccc21)N1CCC(n2cc(Br)cn2)CC1,P00533,
Cc1cc(C(=O)NC2CCN(C(=O)CCc3ccccc3)CC2)no1,P00533,
COc1cccc(CC(=O)NCc2cn3c(n2)C(=O)N(CC2CC2)CC3)c1,P00533,
CC1CCN(Cc2ccc(NC(=O)c3ccc4c(=O)n5c(nc4c3)CCCCC5)cc2)CC1,P00533,
COC(=O)CNC(=O)CSc1nc2ccccc2n1CC(C)C,P00533,
O=C(NCc1nc(COc2ccccc2)n[nH]1)c1ncoc1[C@H]1CCCO1,P00533,
COCCN1C[C@]2(CCCN(C(=O)c3cc(-c4ccsc4)n[nH]3)C2)CCC1=O,P00533,
CCNS(=O)(=O)c1cc(-c2cc(C(=O)Nc3ccc(F)c(Cl)c3)n[nH]2)ccc1OC,P00533,
Cc1cc(C)cc(CSCC(=O)N2CCN(C(=O)c3ccc[nH]3)CC2)c1,P00533,
COc1ccc(C(=O)CNC(=O)Cn2nnc3ccccc3c2=O)cc1,P00533,
CS(=O)(=O)C1(C(=O)Nc2nnc(-c3ccccc3)s2)CCNCC1,P00533,
CN(C(=O)CCc1ccc(F)cc1F)[C@H]1COC[C@@H]1O,P00533,
Cc1[nH]c2c(C)cccc2c(=O)c1Br,P00533,
CC1(C(=O)NC2CCC(CS(C)(=O)=O)CC2)COC1,P00533,
O=C(NCC1CC1)c1cc(-c2ccccc2)nc2c1cnn2Cc1ccccc1,P00533,
CCc1nc(C)cn1Cc1nc(-c2ccc(OC)c(OC)c2OC)no1,P00533,
CCOc1ccc(-c2noc(-c3nnn(-c4cccc(CC)c4)c3N)n2)cc1,P00533,
FC[C@@H]1CCCN(c2ncc(C(F)(F)F)cc2Br)C1,P00533,
CC(C)[C@]1(O)CN(C(=O)CC2CCN(Cc3ccccc3)CC2)C[C@H]1C,P00533,
CC(C)(C)OC(=O)NCC(=O)c1ccc(Br)cc1,P00533,
Cc1cnc(C(=O)Nc2ccc(OC[C@H]3CCOC3)cc2)cn1,P00533,
Cc1ccc(F)c(NC(=O)CCc2nc(CCc3ccccc3)n[nH]2)c1,P00533,
CCC(=O)N1CCc2cc(C(=O)N3CCN(CCc4ccccc4)CC3)ccc21,P00533,
O=S(=O)(Nc1noc2ccccc12)c1ccc(Cl)cc1C(F)(F)F,P00533,
O=S(=O)(NCc1cccnc1)c1cccs1,P00533,
O=C(Nc1ccc(F)cc1F)c1cnn2c1N[C@@H](c1ccco1)C[C@H]2C(F)(F)F,P00533,
CCn1c(SCc2nc(C)oc2C)nnc1-c1cccc(Cl)c1,P00533,
Cc1nc(N(C)C)nc2c1COC[C@]21CCN(C(=O)CCC(C)C)C1,P00533,
CCCN(CCC)C(=O)CSc1nc2nc(C)c(Cc3ccccc3C)c(C)n2n1,P00533,
NC(=O)[C@@]1(Cc2ccccc2-c2cccnc2)CCCN(Cc2ccc3c(c2)OCCO3)C1,P00533,
COc1cc2c(N[C@@H](C)c3ccc4[nH]c(=O)[nH]c4c3)ncnc2cc1F,P00533,
CC[C@@H]1CN(Cc2ccccc2)C[C@H]1C(=O)O,P00533,
CN1CCC2(CC1)CN(Cc1ccc(F)cc1)Cc1ccccc1O2,P00533,
Cc1ccc(N([C@H](C)C(=O)NC(C)(C)C)S(C)(=O)=O)cc1C,P00533,
COc1ccc(NC(=O)c2ccc(OC(F)F)cc2)c(C)c1,P00533,
COc1cccc(OCc2nc(-c3cccc(C)c3)no2)c1,P00533,
O=C(Nc1ccc(F)cc1F)c1ccc2c(c1)nnn2C1CCCC1,P00533,
CCC(CC)CN(CC)C(=O)c1sc(NC(=O)c2ccco2)cc1C,P00533,
COC[C@H]1CN(C(=O)c2ccncc2C(F)(F)F)CC(C)(C)O1,P00533,
CCn1cc(CN2CCC[C@H](C(=O)c3ccc(OC)c(F)c3)C2)cn1,P00533,
COc1ccc(-c2cc(C(=O)Nc3ccc4nsnc4c3)no2)cc1,P00533,
CSc1ccc(-c2ccc(C(=O)NC[C@H]3CN(C)CCN3C)cc2)cc1,P00533,
COc1cccc(NC(=O)Cn2c(=O)n(-c3ccc(C)cc3)c(=O)c3c2cc(C)n3C)c1,P00533,
N#Cc1ccc(CCC(=O)N2CCN(c3ccccn3)CC2)cc1,P00533,
O=C(c1ccc(Oc2ccc(C(F)(F)F)cn2)cc1)N1CCC[C@H]2C[C@H]21,P00533,
CNC(=O)C1CCN(Cc2c(F)cccc2Cl)CC1,P00533,
CC(C)CCC[C@H](C)NC(=O)Cn1nc(N2CCOCC2)ccc1=O,P00533,
C[C@@H](NC(=O)COC(=O)[C@H]1CC[C@@H](C(C)(C)C)CC1)c1cccs1,P00533,
c1ccc(Cn2nc(C3CCOCC3)nc2C2CCC2)cc1,P00533,
Cc1ccc(C(=O)NC[C@@H]2CCc3nc(-c4ccccc4)[nH]c(=O)c3CC2)cc1F,P00533,
CCOC(=O)CN1CCN(c2nc3c(c(=O)[nH]c(=O)n3C)n2Cc2ccccc2C)CC1,P00533,
O=C1C[C@H]2CS(=O)(=O)C[C@H]2N1c1ccc(Cl)c(S(=O)(=O)Nc2ccccc2Cl)c1,P00533,
COc1c2c(cc3c1[C@H](CC(=O)C[C@H](O)c1ccccn1)N(C)CC3)OCO2,P00533,
COCCn1ccnc1CN1CCC[C@@H](CNC(=O)c2ccc3c(c2)CCC3)C1,P00533,
CN(CC(=O)N1CCOC[C@H]1CC(=O)O)Cc1ccccc1F,P00533,
C[C@H]1C[C@@H](c2ccccc2)N(C(=O)Cn2nnc3ccccc32)C1,P00533,
Cc1ccc(C)c(-c2ncc(F)cc2F)c1,P00533,
CC(C)(C)OC(=O)NC[C@@](C)(O)CO,P00533,
CC(=O)[C@@H]1CCC(=O)N1Cc1ccccc1,P00533,
O=C(COc1ccccc1F)NC[C@H]1CN(c2ccc3c(c2)OCO3)C(=O)O1,P00533,
Cc1cccc(NC(=O)C2(c3ccccc3)CCCC2)c1C,P00533,
CSCC[C@@H](NC(=O)Cn1nc(C)c2ccccc2c1=O)C(=O)O,P00533,
CCN(c1ccc(NC(=O)c2cc(S(=O)(=O)N(C)C)ccc2Cl)cc1)C(C)C,P00533,
CCOc1cccc(CN2CCC(n3nccc3NC(=O)[C@@H](OC)c3ccccc3)CC2)c1,P00533,
Cc1ccc(C(=O)Nc2nc3c(s2)CC[C@@H]3C(=O)NCc2ccco2)cc1,P00533,
O=C(CCCn1cccc1)N1CCC(c2nnc3ccccn23)CC1,P00533,
COCC(=O)N1CC[C@@H](NC(=O)c2ccc(O)c(C)c2)[C@H](O)C1,P00533,
Cn1cc([C@H]2CCCN2Cc2nnc(-c3ccccc3)o2)cn1,P00533,
N#Cc1ccc(NC(=O)OCC2c3ccccc3-c3ccccc32)cn1,P00533,
CC(C)N(CCO)C(=O)C[C@@H]1C(=O)NCCN1C1Cc2ccccc2C1,P00533,
O=C(CN1CCN(Cc2ccccc2)CC1)Nc1cccc(Cl)c1,P00533,
O=C(Nc1cccc(-c2ccn[nH]2)c1)C1CCN(CC=Cc2ccco2)CC1,P00533,
Cc1cc(C)c(S(=O)(=O)NCCn2c(C)nc3ccccc32)c(C)c1,P00533,
COc1cccc(Cn2c(SCC(=O)Nc3cccc(C)c3)nc3ccsc3c2=O)c1,P00533,
CN(Cc1n[nH]c2c1CCC2)C(=O)Nc1ccc(OC[C@@H]2CCCCO2)cc1,P00533,
CC(C)(C)OC(=O)N[C@@H]1C[C@@H](CN)C12CCC2,P00533,
CCc1ccnc(NC(=O)c2ccc(Cn3cnnn3)cc2)c1,P00533,
CCCN(C)[C@H](CNc1ncnc2scnc12)c1ccc(Cl)cc1,P00533,
O=C(CCSc1nc(-c2ccc3c(c2)OCO3)cc(C(F)(F)F)n1)NCc1cccs1,P00533,
CCOc1cc(C(=O)O)c(NC(=O)c2ccccc2Cl)cc1OC,P00533,
Cc1nn(C(C)C)c(C)c1S(=O)(=O)N1C[C@@H]2C[C@H]1CO2,P00533,
COc1ccc(NC(=O)CCc2c(C)nc3ncnn3c2O)cn1,P00533,
Cc1ncc(C(=O)N2CCN(c3ccc(F)cc3)C[C@H]2C(=O)N(C)C)cn1,P00533,
COc1ccccc1[C@@H](C)N(C)C(=O)c1cn(Cc2ccc(Cl)cc2)nn1,P00533,
CC(C)c1cccc2sc(N3CCC[C@H](C(N)=O)C3)nc12,P00533,
O=C(Cn1ccc2occc2c1=O)NC[C@@H]1CCN(c2ccccc2)C1,P00533,
Cc1ccc(-n2nccn2)c(C(=O)Nc2nc(C)c(C)s2)c1,P00533,
O[C@H](CNCc1ccco1)C(F)(F)F,P00533,
O=C1CC[C@H](c2cccc(NC(=O)N[C@@H]3CCCN(c4ccccc4F)C3=O)c2)N1,P00533,
CO[C@@]1(CNS(=O)(=O)c2ccc(F)c(Cl)c2)CCSC1,P00533,
OC1(CNCc2cccc(Br)c2)CCCCC1,P00533,
COc1cc(C(=O)Nc2nn(C)c3ncccc23)c(Br)cn1,P00533,
CCOC(=O)Cn1nnnc1[C@H](CC)N(Cc1cc2cc(C)ccc2[nH]c1=O)C[C@@H]1CCCO1,P00533,
O=C1NC[C@@H](COc2ccc(Cl)cc2)O1,P00533,
Cn1ncc2cc(Nc3cccc4ccn(CC(=O)Nc5cncc(C(F)(F)F)c5)c(=O)c34)ccc21,P00533,
N#Cc1cc(-c2ccc3[nH]ncc3c2)cnc1N,P00533,
O=C(NC[C@H]1CC(=O)N(Cc2ccc(F)cc2)C1)Nc1ccccc1,P00533,
CCOC(=O)CCc1c(C)[nH]c2nc3ccccc3n2c1=O,P00533,
O=C(c1cc(C2CC2)ccn1)N1CC[C@@H](c2ccccc2)C1,P00533,
CC[C@@]1(C(=O)O)C[C@@H]2CC[C@H]1N2S(=O)(=O)c1ccccc1C(F)(F)F,P00533,
Cc1cc(NC(=O)[C@H]2CC(=O)N(Cc3ccccc3)C2)no1,P00533,
Cc1cc(F)cnc1-c1ccc(C#N)cc1F,P00533,
Nc1ncc2c(n1)CC[C@H](C(=O)N1CCOC[C@@H]1CC(=O)c1ccccc1)C2,P00533,
CCOC(=O)N1CCC(Nc2nccc(OC)n2)CC1,P00533,
COC(=O)Cn1c2c(sc1=O)[C@@H](c1ccc3c(c1)OCO3)CC(=O)N2c1cccc(Cl)c1,P00533,
Cc1nonc1CN(C)Cc1c(C(=O)N2CCCCC2)nc2c(C)cccn12,P00533,
COCCn1c(C(=O)NC2C[C@@H](C)O[C@H](C)C2)cc2ccccc21,P00533,
COc1ccc(CC(=O)N[C@H](C)c2cc(C)ccc2C)c(OC)c1,P00533,
O=C(NCCc1cc(F)ccc1F)NC[C@H]1CC(=O)N(C2CC2)C1,P00533,
Cc1cc(F)ccc1NC(=O)CC[C@H]1CCCN(Cc2cnn(C)c2)C1,P00533,
Cc1nc(N2CCC(NC(=O)c3ccn(C)n3)CC2)c(C#N)c(C)c1Cl,P00533,
Cc1ccc2c(c1)S[C@@H](C(=O)Nc1ccc(Br)cc1)C2,P00533,
O=C(NCCc1c[nH]cn1)c1cc2cc(C(F)(F)F)ccc2s1,P00533,
NC[C@H]1CCC[C@H]1NC(=O)c1ccccc1,P00533,
Cc1ccc(Cn2c(CNC(=O)c3ccco3)nc3ccccc32)cc1,P00533,
Cc1nnc2sc(-c3cccc(F)c3F)nn12,P00533,
Cc1cc(Cl)cc(C(=O)N[C@@H](C)c2ccccc2F)c1,P00533,
O=C(CCS(=O)(=O)c1ccc(F)cc1)Nc1nc2ccc3ccccc3c2s1,P00533,
CNC(=O)c1cc(C)ccc1NS(=O)(=O)c1ccc2[nH]c(=O)oc2c1,P00533,
Cc1cc(OC[C@@H](O)CN2CCCC2)ccc1C(C)C,P00533,
COc1ccc([C@@H]2NC(=O)CC[C@H]2N)cc1OC,P00533,
C[C@H]1CCCC[C@H]1NC(=O)Cn1ncc2c3ccccc3n(Cc3ccccc3F)c2c1=O,P00533,
CN(C)CCNc1nc2c(c(O)nc(=O)n2C)n1CCCc1ccccc1,P00533,
Cn1cc([C@H]2CN(C(=O)c3ccc4c(c3)OCO4)Cc3ccccc32)cn1,P00533,
COc1ccc(NC(=O)c2cnc([C@H]3CCN(C(=O)CN4CCCCC4)C3)nc2C)cc1,P00533,
CCc1c[nH]c2ncnc(N3CC[C@@H](C)C3)c12,P00533,
CO[C@H](C)c1noc(CN(C)C(=O)NCC2(N3CCOCC3)CCCCC2)n1,P00533,
COC(=O)c1ccc(CN[C@H]2CC(=O)N(C3Cc4ccccc4C3)C2)cc1,P00533,
Cc1ccc(NC(=O)Cn2cc(C(=O)C3CC3)c3ccccc32)cc1C,P00533,
O=C(O)[C@H]1CN(C(=O)CCc2ncc(-c3ccc(Cl)cc3)o2)CCO1,P00533,
CC(C)CCn1c(=O)n(CCC(N)=O)c2cc(C(=O)O)ccc21,P00533,
CC(C)C(=O)N1C[C@@H]2CC[C@H](C1)N(Cc1cscn1)C2=O,P00533,
Cn1c(Nc2ccc(NCc3ccccc3)c(Cl)c2)c(C#N)c(=O)n(C)c1=O,P00533,
CCCc1ncc2c(n1)COC21CN(C(=O)c2noc(C)c2COc2ccccc2)C1,P00533,
CCCc1nnsc1C(=O)N1C[C@H](CO)C[C@H](CN2CCOCC2)C1,P00533,
COc1ccc(OC)c(-c2ccc(=O)n(CCNC(=O)Nc3ccc(Cl)cc3)n2)c1,P00533,
O=C1COc2c(Br)cccc2N1,P00533,
O=C(NC1CCN(c2nc3cccnc3s2)CC1)c1ccccn1,P00533,
CC(C)C[C@@H](NC(=O)[C@@H](NC(=O)OC(C)(C)C)C(C)C)C(N)=O,P00533,
CN(C(=O)CCc1ccsc1)[C@H]1C[C@H]2CNC(=O)C[C@H]2C1,P00533,
Cc1csc(C(=O)Nc2ccsc2-c2nc(C3CC3)no2)c1,P00533,
O=C(CCN1CCC(C(=O)N2CCCCCC2)CC1)Nc1cc(Cl)ccc1Cl,P00533,
CN1N=C(C(=O)N2C[C@H](O)C[C@H]2c2ccc(F)c(F)c2)CCC1=O,P00533,
CC1CCN(c2ccc(C(=O)NCC(C)(C)c3ccc(F)cc3)cc2)CC1,P00533,
COc1cc(CC(=O)N2CCC[C@](O)(CN(C)C)C2)cc(OC)c1OC,P00533,
O=C(NCc1cc(-c2ccccc2)on1)[C@H]1CC(=O)N(c2ccc(F)cc2)C1,P00533,
CCCc1nnc2n1N[C@@H](c1ccc(Cl)cc1)[C@@H](C(=O)Nc1ccccc1F)S2,P00533,
Cc1ccc(CNc2c(-c3ccc(N(C)C)cc3)nc3ncccn23)cc1,P00533,
CCOC(=O)C1CCN(C(=O)C2CCN(C(=O)c3ccc(Cl)cc3Cl)CC2)CC1,P00533,
CNC(=O)CN(C)C(=O)C1(c2cccc(Cl)c2)CC1,P00533,
Cc1ccc(N2C[C@@H](C(=O)NCc3nnc4n3C[C@H](C(F)(F)F)CC4)CC2=O)cc1,P00533,
O=C(O)c1c(Br)cccc1C(F)F,P00533,
CC(=O)Nc1cccc(NC(=O)c2sc(-c3ccccc3F)nc2C)c1,P00533,
CC[C@@H](CO)N[C@@H]1CCc2ccccc2C1,P00533,
C[C@@H](NS(=O)(=O)C[C@@H]1CCCS(=O)(=O)C1)c1ccc(-n2cncn2)cc1,P00533,
Cc1ccc(C)c(C(=O)c2ccc(CN3CCN(C)CC3)cc2)c1,P00533,
COc1ccc(-c2nc3cc(C)ccn3c2NC(=O)c2ccccc2F)cc1,P00533,
Cc1ccccc1[C@@H](C(=O)NCCc1n[nH]c(=O)[nH]1)N(C)C,P00533,
Cc1ccc(N[C@H](C)C2(O)CCOCC2)cc1C(=O)N1CCCCC1,P00533,
CSc1ncc(CN(C)Cc2nc(-c3cccnc3)no2)cn1,P00533,
CO[C@H]1CN(C(=O)CCc2cccnc2)C[C@H]1Cc1cc(C)no1,P00533,
COc1ccc(S(=O)(=O)N2CC[C@@H](c3nc(O)cc(-c4cccnc4)n3)C2)cc1,P00533,
C=C=CCNC(=O)c1sc(C(=O)O)c2c1CCCC2,P00533,
Cc1cc(F)ccc1NC(=O)CCS(=O)(=O)c1cc2c(cc1Cl)NC(=O)CO2,P00533,
O=C(C[C@H]1CNCCO1)NCc1ccc(Cl)s1,P00533,
Oc1cc(CN2CC[C@H](Cc3nccs3)C2)nc(C2CC2)n1,P00533,
CCc1noc(C)c1CN1CCOc2ccccc2[C@@H]1C(=O)O,P00533,
CCN1C(=O)c2ccc(C(=O)N3CCC[C@@H](CNC(C)=O)C3)cc2S1(=O)=O,P00533,
COCCN1C(=O)CCC[C@H]2CN(Cc3nccs3)CC[C@H]21,P00533,
CC1(C)[C@H](CC(=O)O)CCN1S(=O)(=O)c1ccccc1C(F)F,P00533,
CCCCN1C(C)=NS(=O)(=O)c2cc(C(=O)Nc3cc(Cl)ccc3OC)ccc21,P00533,
O=C(O)Cc1cccc(OCc2ccccc2Cl)c1,P00533,
CCSC[C@@H]1COC(c2cccn2Cc2c(F)cccc2Cl)=N1,P00533,
COCCn1c(S[C@H](C(=O)N2CCCC2)c2ccccc2)nc2cc(Cl)ccc2c1=O,P00533,
Cc1nccn1CC(=O)N1C[C@H](C[C@@H]2COCC(=O)N2)c2ccccc21,P00533,
Cc1cc(-c2cncc(OCc3ccccc3)c2)ccc1C#N,P00533,
Cc1ccc(=O)n(CC(=O)N[C@@H](C)c2nc(-c3ccccc3C)no2)n1,P00533,
Cc1cc(C)n(CCNc2nc(C)nc3c2CCNC3=O)n1,P00533,
O=c1c(-c2ccc(Cl)cc2)c(C(F)(F)F)oc2cc(O)ccc12,P00533,
CC(C)NC(=O)c1cn[nH]c1NC(=O)c1cnn(-c2cccc(Cl)c2)c1,P00533,
CN(C1CCCCC1)S(=O)(=O)N1CCC[C@H](c2nc(-c3cccc(F)c3)no2)C1,P00533,
O=C(c1cccnc1)N1CCC(CNS(=O)(=O)c2cccc(C(F)(F)F)c2)CC1,P00533,
C[C@H](CCC(=O)NC1Cc2ccccc2C1)N1CCOCC1,P00533,
COC1(c2ccc(NC(=O)CCCC3CC3)cn2)CCOCC1,P00533,
COCc1nn(C)cc1C(=O)N[C@@H](C)c1ccc(Br)cc1F,P00533,
CCC[C@H]1C[C@@H](NC2CCN(c3ccncc3)CC2)CCO1,P00533,
COc1ccc(O[C@H]2C(=O)N(Cc3ccc4c(c3)OCO4)[C@H]2c2cccs2)cc1,P00533,
CCC[C@@H](NC(=O)OCc1ccccc1)C(=O)N1CCC2(CC1)C[C@@H]2NC(=O)c1c(C)cccc1F,P00533,
COc1ccc(NC(=O)N2CCC(N3CCN(Cc4cccc(C)c4)C3=O)CC2)c(OC)c1,P00533,
Cc1cc(C)c(NC(=O)Cn2c(=O)n(-c3ccc(Cl)cc3)c(=O)c3sccc32)c(C)c1,P00533,
COc1ccc(Br)c(C)c1C(=O)NCc1ccc(F)cc1Br,P00533,
Cc1cc(C)n(-c2cc(N3CCN(c4cnc5cc(Cl)ccc5n4)CC3)ncn2)n1,P00533,
C[C@@H]1CNCCN1CCOc1ccc(Br)c(OC(F)(F)F)c1,P00533,
COc1ccc(OC)c2sc(N3CCC[C@@H](NS(=O)(=O)C4CC4)C3)nc12,P00533,
CCS(=O)(=O)N1CCc2ncnc(-c3ccncc3)c2CC1,P00533,
CCn1cc(C(=O)NCc2nc3ccccc3o2)c(C(F)(F)F)n1,P00533,
CC(C)Oc1ccc(CNC(=O)CCc2c(F)cccc2Cl)cc1,P00533,
O=C(NCCc1nnc2n1CCN(Cc1ccc(-c3ccccc3)cc1)CC2)c1ccco1,P00533,
CC(C)Oc1ccc(CNC(=O)[C@H]2Cn3cccc3C(=O)N2C)cc1,P00533,
COc1cccc(C(=O)N2CCC[C@@H](Cc3nc(-c4ccccc4C)no3)C2)c1,P00533,
NC1(c2ccccc2F)CCS(=O)(=O)CC1,P00533,
C[C@H](CCC(=O)N[C@H]1CC[C@H](C(=O)O)CC1)c1ccccc1,P00533,
CSCC[C@@H](N)C(=O)N1CCC[C@@H](CN2CCCCCC2)C1,P00533,
Cc1c(C(=O)N2CCCCCc3ccccc32)cnn1-c1ccc(=O)[nH]n1,P00533,
c1ccc(N2CCN(c3ncnc4c3ncn4C3CC3)CC2)nc1,P00533,
CCOC(=O)c1cc(Cl)c2ncccc2c1,P00533,
Cc1cc(C(=O)N2CCN3CCC[C@H]3C2)cc(O)n1,P00533,
COc1cccc(NC(=O)CCc2c(C)n(C)c3cc(-c4ccccc4OC)nn3c2=O)c1,P00533,
Cc1nnc(Sc2ncnc3[nH]ccc23)s1,P00533,
O=C(c1nc(-c2ccccc2)n(-c2ccc(Cl)cc2)n1)N1CCCC1,P00533,
COCC(=O)N1C[C@H](c2nc(C)no2)C2(C1)CN(C(=O)NCC(C)C)C2,P00533,
CS(=O)(=O)CCNC(=O)c1ccccc1F,P00533,
Cc1ccc(OC[C@H]2CCCN(C(=O)CCCn3cnnn3)C2)cc1,P00533,
OC[C@@H]1CCCCN1Cc1nc(Cc2ccccc2Cl)no1,P00533,
COC(=O)c1ccc(C(=O)OC)c(NC(=O)CN(c2ccccc2)S(=O)(=O)c2ccc(F)cc2)c1,P00533,
COc1ccc(NC(=O)N2CCCN(C(=O)c3cnccn3)CC2)cc1,P00533,
CCC1CCC(C(=O)NCc2ccc(F)cc2)CC1,P00533,
O=C(NCc1ccc(S(=O)(=O)N2CCOCC2)s1)c1ccc(Br)cc1,P00533,
COC(=O)c1sc2cccc(F)c2c1S(=O)(=O)Nc1cc(C)ccc1C,P00533,
Cc1ccn2c(C(=O)NCc3cccnc3-n3cnc4ccccc43)nnc2n1,P00533,
CCOC(=O)N1CCC(NC(=O)CCn2ccc3ccccc32)CC1,P00533,
CN(C)C(=O)N1C[C@H]2CN(C(=O)c3cc(O)no3)C[C@H]2[C@@H]1c1cccc(F)c1,P00533,
Cc1cc(C(=O)N2C[C@@H]3CN(c4nc5ccccc5n4C)C[C@@H]3C2)n(C)n1,P00533,
O=C(c1ccc(Br)s1)N1C[C@H]2C[C@@H]1CO2,P00533,
CCc1c(C(=O)N[C@H]2CCOC(C)(C)C2)cnn1-c1cccc(Cl)c1,P00533,
O=C(NCC[C@H]1COc2ccccc2O1)Nc1nc[nH]n1,P00533,
COC(=O)c1ccc(N2C[C@@H](C(=O)OCC(=O)c3ccc(C)c(C)c3)CC2=O)cc1,P00533,
O=C(Nc1ccc(C2CCC2)cn1)N[C@H](c1ccncc1)C1CC1,P00533,
O=C(NCc1nnc2c(C(F)(F)F)cccn12)[C@H]1CCCO1,P00533,
CC(C)C(=O)N1CCc2ccc(NC(=O)c3ccc(F)c(F)c3)cc2C1,P00533,
CCOC(=O)C1CCN(C(=O)[C@@H]2CCCN(S(=O)(=O)c3cn(C(C)C)cn3)C2)CC1,P00533,
COc1ccc(OCc2nc(-c3ccc(NS(C)(=O)=O)cc3)no2)cc1,P00533,
O=C(c1ccccc1F)N1CC[C@@H](Oc2cc(N3CCCC3)ncn2)C1,P00533,
Cc1cc(CNC(=O)[C@@H](C)SCc2ccc(Cl)cc2)ccn1,P00533,
Cc1ccc(CN(C)C2CN(c3ncncc3C)C2)cc1,P00533,
CCC[C@H](C)c1cc(C)c(C(=O)NCCc2ccccc2OC)c(=O)o1,P00533,
CCOC(=O)c1cccc(NC(=O)c2ccc(Cl)cc2Cl)c1,P00533,
CCn1cc(-c2nc(-c3cccnc3)no2)c(=O)c2cc(F)c(N3CCC(C)CC3)cc21,P00533,
CN(CCCS(=O)(=O)N(C)C)Cc1cnc2ccccc2c1,P00533,
O=C(CN1CCN(C(=O)CC2CCCCC2)CC1)Nc1ccccc1,P00533,
C[C@@H](c1cc(F)ccc1Br)n1cc(CCC#N)nn1,P00533,
C[C@H]1CNC[C@H]1c1ccc(Br)cc1,P00533,
COC(=O)[C@@H]1CCCN1C(=O)c1cc(NC(C)=O)c2c(c1)ncn2CCc1ccccn1,P00533,
CC(=O)NCc1cc(O[C@H]2CCN(Cc3ncc(C)o3)C2)ccn1,P00533,
CC(=O)c1ccccc1C(=O)NCc1cccc(Cl)c1,P00533,
O=C(CCc1ccccc1)Nc1ccc2c(c1)OCCO2,P00533,
C[C@H]1c2cccn2CCN1CC(=O)N[C@](C)(C#N)C1CC1,P00533,
CC[C@H]1CCCN(CC(=O)N(Cc2ccco2)c2ccccc2)CC1,P00533,
COc1ccc(C(=O)N2C[C@H](O)C[C@H]2c2cccc(F)c2)cc1OC,P00533,
NC[C@H](O)c1ccc(OCc2ccccc2)cc1,P00533,
COc1ccc(C2(NCc3ccc(OCC(=O)N4CCCC4)cc3)CC2)cc1,P00533,
Cc1cc(NC(=O)CN2C(=O)[C@H]3CCCC3=Nc3ccccc32)ccc1Br,P00533,
O=C(COC(=O)CCC(=O)c1cccs1)N[C@@H]1CCCc2ccccc21,P00533,
Cc1cc(OCC(=O)Nc2nonc2-c2ccccc2)ccc1Cl,P00533,
CNCc1ccc(NC(=O)c2cncc(N3CCCC3=O)c2)cc1,P00533,
COc1cccc(C(=O)/N=c2/sccn2[C@@H](C)C(=O)NC[C@H]2CCCO2)c1,P00533,
COC(=O)[C@@H]1CS(=O)(=O)CCN1Cc1ccc(F)c(F)c1,P00533,
COc1ccccc1CNC(=O)COc1ccc(S(=O)(=O)N2CCOCC2)cc1C,P00533,
Cc1ccc2[nH]c(CCC(=O)NCCN3CCCOC3=O)nc2c1C,P00533,
CCc1ccc(C(=O)c2sc(Nc3cccc(CC)c3)nc2N)cc1,P00533,
Cc1noc(CNC(=O)N2CCOC[C@@H]2CC(C)C)n1,P00533,
COc1ccc(OC)c(CCC(=O)Nc2ccc3c(C)n(C)nc3c2)c1,P00533,
CCN(CC)c1nnc(-n2cccc2CNC2CCCC2)s1,P00533,
O=C(COc1ccc(F)cc1)OCc1cc(=O)n2c(-c3ccccc3)csc2n1,P00533,
C[C@@H](NC(=O)[C@@H]1CCCN(S(=O)(=O)c2ccc(F)cc2)C1)C(=O)Nc1ccc2c(c1)OCCO2,P00533,
Cc1ccc([C@H]2CC(C(=O)Nc3cccc(S(C)(=O)=O)c3)=NO2)cc1,P00533,
Cc1cccc(C(C)C)c1NC(=O)CN(C)Cc1cccc(F)c1,P00533,
COc1ccccc1N(CC(=O)NC1CCCCC1)C(=O)CNC(=O)c1cccs1,P00533,
Cn1cnnc1C[C@]1(O)CCCN(Cc2ccnn2-c2ccccc2)C1,P00533,
CCn1nccc1C(=O)N1CCC[C@@H](OCc2noc(-c3ccncc3)n2)C1,P00533,
Cc1cc(CNS(=O)(=O)c2cccc(C(=O)N[C@@H]3CCNC3)c2)no1,P00533,
O=C(C[C@@]1(COc2ccc(F)cc2)CCCN(C(=O)c2ccc(F)cc2F)C1)N1CCOCC1,P00533,
O=C(CCc1c[nH]c2ccccc12)NC1CCN(C2CC2)CC1,P00533,
CN1CCCN(C(=O)Nc2ccccc2)CC1,P00533,
CC(C)(C)[C@@H](O)CN1CCN(CCCc2nc3ccccc3o2)CC1,P00533,
CN1CCCc2ccc(NC(=O)CCC(=O)N3CC(=O)Nc4ccccc43)cc21,P00533,
O=C(O)c1ccc(NC(=O)c2cc(S(=O)(=O)N3CCCC3)ccc2Cl)cc1,P00533,
CC(=O)Nc1ccc(C(=O)COC(=O)c2oc3ccccc3c2C)cc1,P00533,
Cc1ccc2nc3c(cc(C(=O)N4CCC(C)CC4)n3C)c(=O)n2c1,P00533,
CC1CCN(CCSc2nncn2C(C)C)CC1,P00533,
COc1ccc(-c2cc(-c3ccccc3)c(C#N)c(N)n2)c(OC)c1OC,P00533,
N#Cc1ccc(N2CCN(C(=O)CC3CCCC3)[C@@H](C(=O)NC3CC3)C2)cc1C(F)(F)F,P00533,
O=C(NCc1csc(-c2ccccc2)n1)[C@@H]1CCCN(c2ccc(-c3ccco3)nn2)C1,P00533,
COc1nccc(NCc2cc3n(n2)CCCN(C(=O)N(C)C)C3)c1C#N,P00533,
O=C(C[C@@H]1CCCO1)N1CCCc2cc(OC(F)F)ccc21,P00533,
CCc1ccccc1N1C(=O)c2cc(-c3ccco3)nn2C[C@]1(C)C(=O)NCc1ccc(C)cc1,P00533,
COc1ccc2ncn(CCCn3nc(C)nc3C)c(=O)c2c1,P00533,
CCOC(=O)[C@@]12CC[C@@H](N3CCOCC3)C[C@H]1CCN(c1cc(OC)nc(OC)n1)C2,P00533,
CCOc1cc(CN2CCC[C@@H]2c2cc(CC)no2)ccc1OC(C)C,P00533,
CN(C)C(=O)CNC(=O)Cc1c(Cl)cccc1Cl,P00533,
Cn1nnc2sc(-c3ccccc3)cc2c1=O,P00533,
CCOc1ccc([C@H](O)c2cc(Br)ccc2Cl)cc1,P00533,
Cc1cc2n(n1)[C@@H](C(F)(F)F)CCN2C(=O)c1cncn1C,P00533,
CC(C)n1cc(S(=O)(=O)N2CC[C@@H](Oc3ccccc3)C2)cn1,P00533,
CCN(CC)CCN(C(=O)c1ccc(C)cc1)c1nc2ccc(C)cc2s1,P00533,
CC(C)(C)OC(=O)N1CC(=O)C[C@H]1C(=O)N[C@H](c1ccccc1)C(C)(C)C,P00533,
CN(C)[C@@H](CNC(=O)Nc1ccc2c(c1)OCO2)c1ccco1,P00533,
COc1ccc(CNc2ncnc3sc4c(c23)CCCC4)cc1,P00533,
COc1cccc(N2CCN(C(=O)c3cc(CC(C)C)nc(N)n3)CC2(C)C)c1,P00533,
Cc1nnc(SCC(=O)c2ccc(Br)cc2)n1CC(C)C,P00533,
Cc1csc(NC(=O)c2c(C)oc3nc[nH]c(=O)c23)n1,P00533,
COc1cc(OC)c(NC(=O)[C@@H]2C[C@@H]2c2ccc(Cl)cc2)c(OC)c1,P00533,
COC(=O)c1cnc(-c2cnn([C@@H]3CCOC3)c2)s1,P00533,
CSCCN(C)Cc1cc(C)ccc1-n1cccn1,P00533,
CCC(=O)Nc1nc2ccc(NC(=O)c3cccs3)cc2s1,P00533,
COC(=O)CCNC(=O)c1cnn(-c2ccc(Br)cc2)c1-n1cccc1,P00533,
O=C(Cc1cc(F)cc(C(F)(F)F)c1)Nc1ccc2c(c1)CCO2,P00533,
COc1ccc(C(=O)Nc2ccc3c(c2)CCC(=O)N3CC(C)C)cc1,P00533,
Cn1cc(CNC(=O)c2ccc(Br)o2)cn1,P00533,
Cc1cc(C(=O)N(Cc2cccc(F)c2)C[C@@H]2CCCO2)[nH]n1,P00533,
COc1ccc(-n2cc3c(c2-c2cccc(Br)c2)c(=O)n(C)c(=O)n3C)cc1,P00533,
CC(C)c1ccc(C(=O)N(C)C[C@H](C)C(=O)N[C@@H](C)C2(CO)CC2)nc1,P00533,
COc1ccc(C(=O)O)cc1S(=O)(=O)N1CCc2ccccc21,P00533,
CCOC(=O)CNC(=O)c1ccc(C(F)(F)F)cc1,P00533,
CCc1n[nH]c(S(=O)(=O)N2CCN(c3ccccn3)CC2)c1C(=O)OC,P00533,
C[C@H](C(=O)O)N1CCN(C(=O)c2ccccc2)CC1,P00533,
N#Cc1ccccc1Cn1c(SCC(=O)NCc2ccccc2)nc2ccccc21,P00533,
COc1cccc2c1OC[C@@H](CNS(=O)(=O)c1c(F)cccc1F)C2,P00533,
c1cncc(OCC[C@@H]2CN(Cc3cccs3)Cc3ccnn32)c1,P00533,
CO[C@H]1COC[C@@H]1n1ccnc1-c1cc2c(cc1Cl)OCO2,P00533,
COc1cc(C(=O)/N=c2\[nH]c3ccc(C)cc3s2)cc(OC)c1OC,P00533,
Cc1cc(C)cc(OCC(=O)Nc2nonc2C)c1,P00533,
c1nnc(-c2ccc(-c3cncc(-c4nnco4)c3)cc2)o1,P00533,
CNc1nc(C(=O)NCc2nncn2CCc2ccccc2)cs1,P00533,
COc1cc(CNC(=O)c2cc(C)cc(C#N)c2)ccn1,P00533,
C[C@H](Oc1ccc2c(c1)OCO2)C(=O)N1CC[C@H](c2ccccc2F)S(=O)(=O)CC1,P00533,
O=C(Nc1nnn[nH]1)c1ccc(Cl)c(S(=O)(=O)N2CCCCCC2)c1,P00533,
CC[C@H](C)C(=O)NCc1nnc2n1CCN(Cc1ccccn1)CC2,P00533,
O=C(NCc1ccc2c(c1)OCO2)c1ccc2nc(-c3ccccn3)c(-c3ccccn3)nc2c1,P00533,
Cc1ccccc1[C@H](C)NC(=O)c1cc2c(s1)CCOC2,P00533,
CCc1cc(=O)n(CC(=O)Nc2ccc(Cl)cc2)c(N)n1,P00533,
O=C1CC[C@@H](C(=O)N[C@H]2CCN(c3ccc(F)cc3F)C2)c2ccccc21,P00533,
Cc1ccc(S(=O)(=O)N2C[C@H]3CC(=O)NC[C@H]3C2)cc1F,P00533,
CO[C@@H](CN1CCN(Cc2ccc(C(F)(F)F)cc2)CC1)c1ccccc1,P00533,
Cc1nc(-c2ccccc2)sc1C(=O)Nc1ccc2c(c1)OCO2,P00533,
Cc1cccn2cc(-c3cccc(NS(=O)(=O)c4ccc(Cl)cc4)c3)nc12,P00533,
CN(C[C@@H]1CCCCN1C)C(=O)c1cccc(O)n1,P00533,
Cc1cccc(NC(=O)C2CCC(CNS(=O)(=O)c3ccc4c(c3)CCCC(=O)N4)CC2)c1,P00533,
C[C@@H]1C[C@H](C)CN(CC2CCN(C(=O)Nc3cccc(Cl)c3)CC2)C1,P00533,
COC(=O)C[C@H](c1cc(OC)c(OC)c(OC)c1)c1cc2c(cc1O)OCO2,P00533,
CCOc1ccc2nc(O)c(CN(C)[C@H](C)c3ccncn3)cc2c1,P00533,
CN(CC[C@H]1CCCCO1)Cc1c[nH]nc1-c1cc2ccccc2o1,P00533,
COc1cc(S(=O)(=O)NCCc2ccc(OC)c(OC)c2)ccc1Br,P00533,
COCCn1c(SCC(=O)Nc2ccc(F)cc2F)nc2c([nH]c3ccccc32)c1=O,P00533,
O[C@@H](CSc1cnn[nH]1)c1cccc2ccccc12,P00533,
O=C(CSc1nnc(-c2ccc3c(c2)OCCCO3)n1C1CC1)NCc1c(F)cccc1Cl,P00533,
O=C1N[C@@H]2COC[C@H]1CN(Cc1c[nH]nc1-c1ccc(Cl)cc1)C2,P00533,
COc1cccc(C(=O)Nc2c(-c3ccccc3)nc3cc(C)ccn23)c1OC,P00533,
COc1ccc(S(=O)(=O)N(C)c2ccc(C(=O)Nc3ccc(F)cc3)cc2)cc1OC,P00533,
N#Cc1ccc(N2C[C@@H]3CCN(c4nc(C5CC5)ns4)[C@@H]3C2)nc1,P00533,
Cn1cc(-c2ccc(S(=O)(=O)N3CC[C@H](n4ccnc4)C3)s2)cn1,P00533,
COc1cccc(CN(c2cccc(C)c2)S(=O)(=O)c2ccc3nncn3c2)c1,P00533,
O=C(Nc1cccc(Cl)c1)c1nc2nc(-c3ccc(F)cc3)cc(C(F)(F)F)n2n1,P00533,
CN(CCc1nc2cc(F)ccc2[nH]1)C(=O)CCn1cnnn1,P00533,
O=C(Nc1ccc(Cc2ccccc2)cc1)c1ccc(-n2ccnc2)cc1,P00533,
CCc1nc([C@@H](C)NC(=O)NCc2ccccc2N2CCCCC2)cs1,P00533,
Cc1nnc([C@H]2CCCN(C(=O)c3nc(C(C)C)oc3C)[C@H]2C)o1,P00533,
CCc1ncc(C(=O)NCc2ccc(OCC(N)=O)c(OC)c2)s1,P00533,
COc1cc(C(=O)NCc2cccc(-c3ccccc3)c2)ccc1Cl,P00533,
CC(C)c1noc([C@@H]2CCC(=O)N(Cc3ccc(Cl)cc3)C2)n1,P00533,
CC(C)[C@H]1C(=O)N=C2c3ccccc3N=C(S[C@@H](C)C(=O)NCc3ccc(F)cc3)N21,P00533,
c1ccc([C@H]2CN(Cc3nc(-c4cccnc4)no3)CCO2)cc1,P00533,
Cc1ccc(C(=O)N2CC[C@@H](OCC3CC3)[C@@H]2Cc2ccccc2)o1,P00533,
CS[C@@H]1CCC[C@H]1NC(=O)N1CCC(CO)CC1,P00533,
CN(C)C(=O)N1CC[C@@]2(CCN(c3cnn(C)c3)C2=O)C1,P00533,
Cc1ccnc(N[C@@H]2CC(C)(C)[C@@H]2OCc2ccccc2)n1,P00533,
CN(C(=O)c1ccc(Cl)c(Cl)c1)[C@@H]1CCCC[C@H]1N,P00533,
C[C@H]1Cc2ccccc2CN1C(=O)Nc1ccc(N2CCOC2=O)cc1,P00533,
COc1cc(Cl)c(NS(=O)(=O)c2cccc(F)c2C)cc1C,P00533,
CCCc1nc(C(=O)N2CCCN(Cc3cccs3)CC2)cs1,P00533,
O=C(c1ccc(Cl)cc1)N1CC[C@H](c2ccnc(Nc3ccccn3)n2)C1,P00533,
COc1ccc2c(C)c(C(=O)N[C@@H](c3cnn(C)c3)[C@H]3C[C@@H](O)C3)oc2c1,P00533,
Cc1cc(C(=O)NC[C@@H]2C[C@H](F)CN2Cc2nccs2)on1,P00533,
CC(C)n1nccc1NC(=O)CN1CCC[C@H](Cn2cncn2)C1,P00533,
O=C(NCc1ccccn1)c1ccc(NS(=O)(=O)c2cccc(Cl)c2)cc1,P00533,
CC(C)n1nc(CCc2ccccc2)nc1-c1cccc([C@H]2CCOC2)c1,P00533,
Nc1nc(C2CC2)ncc1C(=O)N1CCCc2n[nH]cc21,P00533,
Fc1cccc(-c2ccnc(Cl)n2)c1,P00533,
CCC(CC)CNCc1cccc(Cl)c1,P00533,
O=C(NCCc1cccs1)N1CCN(c2ncccn2)CC1,P00533,
CC(C)c1cc(C(=O)N2CCN(C)[C@@H](c3nccn3C)C2)n[nH]1,P00533,
Cc1cc(C)cc(Nc2nc(C)cc3nn(CC(=O)Nc4ccccc4F)c(=O)n23)c1,P00533,
CCc1nc(C(=O)N2CC(C)(C)O[C@](C)(C(F)(F)F)C2)c(C)o1,P00533,
CCN(Cc1c(F)cccc1Cl)C(=O)C1(COC)CC1,P00533,
CN1C[C@@H](C(=O)NCc2nc(-c3ccncc3)no2)Cc2ccccc21,P00533,
Cc1cccc(Cn2cccc(C(=O)Nc3nnc(C(C)C)s3)c2=O)c1,P00533,
CN(Cc1ccco1)C(=O)CN1CCC[C@@H]1c1ccc2c(c1)OCO2,P00533,
C[C@@H](C(=O)Nc1ccc(S(=O)(=O)N2CCCC2)cc1)N(c1ccc(Cl)cc1)S(C)(=O)=O,P00533,
Cc1cn(C)c([C@H]2CCN(C(=O)c3cc(CC(C)C)no3)C2)n1,P00533,
COc1c(C)[nH]cc(CN(C)Cc2nnc3n2CCCCC3)c1=O,P00533,
FC(F)(F)CN1CCN(CCOc2ccc(Br)c(OC(F)(F)F)c2)CC1,P00533,
COc1ccc(C2(NC(=O)CN3Cc4ccccc4C3=O)CCCCC2)cc1,P00533,
Cc1c(C(=O)NCc2cccc(CO)n2)ccn1C(C)C,P00533,
O=C(CN1CCN(c2ccc(F)cc2)CC1)Nc1ccccc1F,P00533,
Cc1ccc(S(=O)(=O)[C@@H](CNC(=O)COc2ccccc2)c2cccs2)cc1,P00533,
O=C1CCc2cc(-c3cccnc3)cnc2N1,P00533,
CCCOc1ccc(C(=O)O)c(OC2CCCC2)c1,P00533,
COc1ccc(-c2nnc3sc(-c4cc(OC)c(OC)c(OC)c4)nn23)cc1OC,P00533,
COc1ccc([C@@H]2[C@H]3CNC[C@H]3CN2C(=O)CCc2cccnc2)cc1,P00533,
CCOC(=O)c1cc2n(n1)CCN(C(=O)OC(C)(C)C)C2=O,P00533,
Cc1cc2nc(C(C)C)cc(NCC[C@@H](C)N3CCN(C)CC3)n2n1,P00533,
Cc1ccc(S(=O)(=O)NC[C@H]2CC[C@H](C(=O)N[C@@H](C)C(=O)Nc3cccc(F)c3)CC2)cc1,P00533,
NC(=O)CC1CCN(C(=O)N[C@H]2CCCN(c3ccccc3Cl)C2)CC1,P00533,
CC(=O)c1ccc(NC(=O)CSc2ncc(CO)n2Cc2ccc(Cl)cc2)cc1,P00533,
CC(C)(C)OC(=O)N1CC[C@@H](NC(=O)c2cccc3c2OCCO3)C1,P00533,
COc1c(Cl)cc(C(=O)N[C@]2(C(=O)O)CCSC2)cc1Cl,P00533,
COC[C@H]1CN(C(=O)c2ccnc(C#N)c2)CC(C)(C)O1,P00533,
CSc1nn(CC(=O)Nc2ccc(C)cc2)c(N)c1S(=O)(=O)c1ccc(C)cc1,P00533,
O=C(CCn1c(=O)oc2ccccc21)N1C[C@H](c2nncn2C2CC2)C2(CCCC2)C1,P00533,
COc1ccc([C@@H]2Cn3cnc(C(=O)N4CCC(C(=O)Nc5ccc(Cl)cc5)CC4)c3CO2)cc1,P00533,
Cc1ccccc1[C@@H]1[C@H]2CN(CC(=O)N(C)C)C[C@H]2CN1C(=O)C1CCOCC1,P00533,
O=C(Cc1ccc(Br)cc1)NC1CCCCCC1,P00533,
O=C1CCC(C(=O)N2CCC3(CC2)C[C@@H](CNC(=O)c2ccccc2)CCO3)=NN1,P00533,
CN(C)C(=O)Cn1cnc(NS(=O)(=O)c2cnc3ccccc3c2)n1,P00533,
CCNC(=O)NC1CCN(c2ccccc2C(=O)N2CCN(C3CCCC3)CC2)CC1,P00533,
C[C@@H](NS(=O)(=O)c1ccc(CCC(=O)O)cc1)C1CC(F)(F)C1,P00533,
CN1C[C@H]2C[C@@H](C1)[C@H](CNC(=O)CCc1cnccn1)N1C(=O)CCC[C@@H]21,P00533,
Cc1cc(C(=O)Nc2cc(Cl)ccc2N2CCC[C@@H](C)C2)no1,P00533,
O=C1CCC[C@@H]2CN(Cc3cccc(Cl)c3)C[C@@H]2N1,P00533,
CCN1CCN(C(=O)Nc2ccc(Cc3ccc(NC(=O)N4CCN(CC)CC4)cc3)cc2)CC1,P00533,
CNC(=O)c1cc(S(=O)(=O)Nc2ccccn2)cs1,P00533,
COc1ccc(-c2noc(-c3ccc(CS(=O)(=O)c4ccc(C)cc4)o3)n2)cc1,P00533,
CC1(C)CN(c2ccc(C(N)=O)nn2)C[C@@H](C(F)(F)F)O1,P00533,
N#CCc1cccc(NC(=O)Cc2cccc(OCc3cccc(F)c3)c2)c1,P00533,
CC(C)Cn1cc(CCNC(=O)c2ccc(Br)o2)c2cccnc21,P00533,
CCCNc1cc(N2CCC(CCC(=O)NCc3ccccn3)CC2)ncn1,P00533,
Cc1cc2nc(N(Cc3cccnc3)C(=O)c3cc(C)n(C)n3)sc2cc1C,P00533,
COc1ccc(Cn2nc(C)n(-c3ccccc3)c2=O)cc1,P00533,
CCn1cncc1CN(Cc1ccccn1)Cc1ccc(C)o1,P00533,
CCOC(=O)c1sc(-c2ccc(F)cc2)nc1O,P00533,
C[C@H](CCCN)NC(=O)c1ccc(=O)n(-c2ccccc2F)n1,P00533,
O=C(Nc1ccc(Cl)cc1Cl)N[C@H]1C[C@H]2CO[C@@H](CCO)CN2C1,P00533,
Cc1noc(C)c1[C@H]1CCCN1C(=O)Nc1ccc(-n2cncn2)c(Cl)c1,P00533,
O[C@@H]1COCCN(Cc2cc(-c3ccccc3OC(F)(F)F)no2)C1,P00533,
COC(=O)c1sccc1NC(=O)COc1ccc(Cl)cc1Br,P00533,
CC(C)(CO)NC(=O)c1ccc(OC2CCOCC2)cc1,P00533,
COc1ccccc1CNC(=O)C1CCN(C(=O)c2ccco2)CC1,P00533,
COc1ccc(NC(=O)Nc2cccc3[nH]ccc23)cc1,P00533,
COc1nsc(C(=O)N(Cc2ccc(F)cc2)C(C)C)c1Br,P00533,
COc1ccc(Cl)c2c(O)c(CN3CCN(c4ccccc4)CC3)c(C)nc12,P00533,
C=Cc1cc(OC)cc(-c2ccc(C)s2)c1,P00533,
C[C@@H](NC(=O)c1c(F)cccc1F)c1ccsc1,P00533,
CNS(=O)(=O)c1cccc([C@@H](C)NCc2ccc(C)cc2)c1,P00533,
CC(=O)N1CCN(Cc2coc(C)n2)[C@@H](C(=O)N(C)C)C1,P00533,
FC(F)(F)c1cc(-c2ccc3c(c2)OCO3)nc2ccccc12,P00533,
O=C(c1cccs1)N(CCN1CCOCC1)c1nc2c(F)cc(F)cc2s1,P00533,
CN(C)c1ccc(C(=O)N2C[C@@H](c3ccccc3)O[C@@H](C3CC3)C2)cn1,P00533,
COCc1nnc(NC(=O)[C@@H]2CC(=O)N(C3CCCC3)C2)s1,P00533,
Cc1cc(C)c2c(Cl)ccc(C)c2n1,P00533,
CCN([C@H](C)Cc1ccsc1)S(=O)(=O)N1CCC[C@@H]1C(=O)O,P00533,
COc1ccc(C(=O)CSc2nnnn2C2CCCCC2)cc1OC,P00533,
CCOC(=O)c1ccc2nc(NC(=O)c3cc(-c4ccc(OC)c(OC)c4)on3)sc2c1,P00533,
COc1cc(F)cc(-c2cc(C#N)ccc2F)c1,P00533,
CN(C)c1noc(CN2CCC[C@H](Nc3ccccc3)C2)n1,P00533,
CCN(C/C=C/c1ccccc1)C(=O)c1ccc([C@@H]2CCCN2)s1,P00533,
Cc1[nH]nc(O)c1[C@H](CC(N)=O)c1cc2ccccc2nc1N(C)C,P00533,
CCc1ccc(C(=O)N2CCC[C@@]3(C2)CN(c2cccc(F)c2)C(=O)CO3)cc1,P00533,
CCn1nnc(NC(=O)c2cccc3ccccc23)n1,P00533,
CCN(C(=O)c1cnsn1)[C@H](c1cccnc1)c1ccc(F)cc1F,P00533,
Cc1cccn2c(CN3CCN(Cc4ccncc4)CC3)cnc12,P00533,
CCc1ccc(C(=O)NCc2cc3n(n2)CCCN(C(=O)C2CCC2)C3)s1,P00533,
Cc1c(Cl)cccc1NC(=O)CCNc1cc(C#N)ccn1,P00533,
CCc1ccccc1NC(=O)[C@@H](CC)Sc1n[nH]c(=O)[nH]c1=O,P00533,
Cc1ccc(C(=O)N2CC[C@H](Oc3ccnc(CN(C)C)c3)C2)c(=O)[nH]1,P00533,
NC(=O)COc1cccc(C(=O)N2CCC[C@H](n3cccn3)C2)c1,P00533,
CN(C)C[C@@H]1CN(C(=O)c2ccccc2)CC12CN(C(=O)CCC1CCCC1)C2,P00533,
CCOC(=O)c1c(N)nc(C)nc1-c1ccccc1,P00533,
CSc1ccccc1C(=O)Nc1ccc2oc(C)nc2c1,P00533,
Cc1ccc(CN2CCC(NC(=O)c3ccccc3)CC2)cc1,P00533,
Cc1cccc(-c2nc(NC(=O)[C@@H](C)Oc3ccc(C)c(C)c3)no2)c1,P00533,
Cc1cc(C(=O)N2CCC[C@H](c3nc(-c4ccccc4)n[nH]3)C2)cnn1,P00533,
COc1ccc(OC)c(NC(=O)COc2ccc(Br)cc2Br)c1,P00533,
COc1ccccc1-n1ncc(C(=O)N[C@H](CO)C2CCCC2)c1C,P00533,
COc1ncccc1CNC(=O)CCc1ccc([C@H]2C[C@@H]2C)o1,P00533,
CCCc1nnc(NC(=O)Cc2ccc(F)cc2)s1,P00533,
O=C(NCc1nnc2c3ccccc3c(-c3ccccc3)nn12)c1ccccc1,P00533,
O=C(Nc1ccc2onc(CN3CCOCC3)c2c1)c1cccc(C(F)(F)F)c1,P00533,
C[C@]1(C(=O)O)CCCN(C(=O)c2ccc(N3CCCC3)c(Cl)c2)C1,P00533,
CCc1noc(C)c1CN1CCC(Oc2ncccc2F)CC1,P00533,
CCC1CCN(C(=O)c2cn3c(n2)CC[C@H](C)C3)CC1,P00533,
CC(C)Cc1ccc([C@H](C)C(=O)NCc2nccs2)cc1,P00533,
O=C(Nc1ccccc1)c1ccc(CSc2ncccn2)cc1,P00533,
Cc1ccc(CC(=O)Nc2cccc(-c3noc(C4CCC4)n3)c2)cc1,P00533,
CC(=O)c1cc(-c2cccc(C)c2)ccn1,P00533,
CN(C)S(=O)(=O)c1ccc(C(=O)O[C@@H](c2ccccc2)c2ccc(Cl)cc2)cc1,P00533,
CCCCN1C(=O)c2ccccc2[C@H](C(=O)Nc2nncs2)C12CCCCC2,P00533,
CCc1ccc(OCc2ccc(-c3nc4c5c(ncn4n3)Oc3n[nH]c(C)c3[C@H]5c3cnn(C)c3)cc2)cc1,P00533,
O=C(c1ccc2c(c1)CCCC2)N1CCO[C@H](CCc2ccncn2)C1,P00533,
O=C(c1cn(Cc2ccccc2)nc1-c1cccs1)N1CCc2ccccc21,P00533,
Cn1cc(N2CCN(C(=O)CNc3ccccc3)CC2=O)cn1,P00533,
COc1ncnc(OC)c1C(=O)NC[C@H]1CCCNC1,P00533,
CCn1cc(Cl)c(NS(=O)(=O)c2ccc(C(=O)O)c(O)c2)n1,P00533,
CC(C)(C)C(=O)N1CCC[C@H]1c1nc(C(C)(C)C)no1,P00533,
Cc1cc(O)ccc1C(=O)N1CC[C@]2(C(=O)Nc3ccccc32)[C@@H]1c1cccnc1,P00533,
c1ccc(NCCn2cc([C@H]3CCCNC3)nn2)cc1,P00533,
CC(=O)Nc1cccc2nc(CN3CCC(CO)(Cc4ccccc4Cl)CC3)ccc12,P00533,
Cc1nnc2n1CCN(CC(=O)NCC1(c3ccccc3)CCC1)C2,P00533,
N#CCc1ccc(-c2cccc3c2CC(=O)C3)cc1,P00533,
Nc1nc(Sc2ccc(F)cc2)cc(N2CCCC2)n1,P00533,
CCOc1ccc(C#N)cc1S(=O)(=O)NC1CCCC1,P00533,
CCn1nnc2cc(-c3noc(-c4ccc(C)cc4)n3)ccc21,P00533,
CS(=O)(=O)C[C@H]1C[C@@H](Nc2ncnc3cc(C(=O)O)ccc23)C1,P00533,
O[C@@H]1CNCC[C@@H]1Nc1ncnc2[nH]c3cc(F)ccc3c12,P00533,
CCOC(=O)c1c(NC(=O)c2ccccc2Cl)sc(C(=O)N(CC)CC)c1C,P00533,
Cc1ccccc1CC(=O)N1C[C@@H](CS(=O)(=O)N(C)C)[C@@H](O)C1,P00533,
CSc1cccc(N2C[C@H](C(=O)N(C)C[C@H]3COc4ccccc4O3)CC2=O)c1,P00533,
O=C(O)CCN1CCN(S(=O)(=O)c2cc(F)ccc2F)CC1,P00533,
O=C(CN1CCCC[C@@H](O)C1=O)NCCC1CCOCC1,P00533,
O=C(CCCc1nnc(C(=O)Nc2ccccc2)s1)NC1CCCCCC1,P00533,
COC(=O)c1cccc(=O)n1Cc1ccc(Cl)cc1,P00533,
Fc1ccc(-c2noc(CN3CCN(Cc4nc5ccccc5s4)CC3)n2)cc1,P00533,
COC(=O)c1ccc(NCC(=O)N2CCNC2=O)c(C)c1,P00533,
CCc1onc(C)c1C(=O)N(C)C[C@@H]1CCCN(C)[C@H]1c1cncn1C,P00533,
Cc1ccc(F)cc1NC(=O)CN1CCC[C@@](O)(COc2cccc(Cl)c2)C1,P00533,
CN(C)C(=O)c1cc(-c2ccccc2)no1,P00533,
CNC[C@H]1CCN(C(=O)c2cn(-c3ccc(F)cc3)nn2)C1,P00533,
O=C(Nc1ccc(-n2cnnn2)cc1)c1cnn(Cc2ccccc2)c1,P00533,
CN1C(=O)Cc2cc(NS(=O)(=O)c3ccc(F)cc3)ccc21,P00533,
COCc1n[nH]c(-c2cccc(NC(=O)c3cc(-c4cccnc4)n[nH]3)c2)n1,P00533,
CN(Cc1nc(N)c2ccccc2n1)Cc1nc2ccccc2c(=O)[nH]1,P00533,
O=C(c1cnccn1)N1CCC(N2C[C@H](Oc3ccccc3)[C@@H]2c2ccncc2)CC1,P00533,
COCc1nc([C@@]2(C)CCCN(C(=O)c3cc(C)on3)C2)no1,P00533,
Cn1cc(NC(=O)[C@H]2Cc3ccccc3O2)ccc1=O,P00533,
COc1cccc2[nH]c(C(=O)N(C)C[C@@H]3CCCN4CCCC[C@H]34)cc12,P00533,
COc1ccc(CCC(=O)Nc2cccc(NC(=O)c3ccco3)c2)cc1OC,P00533,
O=C(O)[C@H]1CNC[C@@H]1c1ccccc1C(F)(F)F,P00533,
CN(Cc1cnn(C)c1)C(=O)[C@H]1C[C@@H]1c1ccc(Cl)cc1Cl,P00533,
CN(C(=O)c1n[nH]c2cc(F)c(Br)cc12)[C@H]1CC[C@H](NC(=O)CNS(C)(=O)=O)C1,P00533,
O=C(NCc1nnc(SC/C=C/c2ccccc2)o1)c1ccccc1,P00533,
CN(Cc1n[nH]c2c1CCCCC2)C[C@]1(O)CNCCOC1,P00533,
Cc1nc(NC(=O)c2cnn3cc(Br)cnc23)sc1Cc1ccccc1F,P00533,
CNC(=O)C[C@@H]1CCN(c2nc(N(C)C)nc(C)c2C)C1,P00533,
CCS(=O)(=O)N1CCO[C@]2(CCCN(c3ncc(F)cn3)C2)C1,P00533,
C[C@H](OC(=O)c1cccc(S(=O)(=O)N(C)c2cccc(Cl)c2)c1)C(=O)NC1CCCCC1,P00533,
COc1cc2c(cc1OC)[C@H](C(=O)NCc1ccc(F)cc1)[C@@H]1c3ccccc3CCN1C2=O,P00533,
O=c1[nH]nc(SCc2csc(-c3ccccc3)n2)c(=O)[nH]1,P00533,
Cn1cc(C(=O)N2CCCC[C@H]2Cn2cccn2)c2ccccc21,P00533,
O=C(NC1CC1)C1CN(c2ccc(Cl)cn2)C1,P00533,
CCc1cc(C(=O)N2CCO[C@H]3c4ccc(OC)cc4CC[C@H]32)cn(C)c1=O,P00533,
O=C(O)CC[C@H]1CCCN(C(=O)c2cnc3n(c2=O)CCS3)C1,P00533,
Cc1ccc(C(=O)NC2CCCC2)c(O)c1,P00533,
CCn1nc(Cc2ccc(OC)c(OC)c2)nc1CCC(F)(F)F,P00533,
CN(C)C(=O)CNC(=O)[C@H](Cc1ccc(Cl)cc1)c1cccc(Br)c1,P00533,
CNCc1ccccc1-c1cnc(OC)cc1C,P00533,
CCO[C@@H]1C[C@H](N(C)CCC(=O)O)C12CCCCC2,P00533,
Cc1ccn(C2CCNCC2)c(=O)c1C(=O)N(C)Cc1cscn1,P00533,
COc1ccccc1N1CC[C@H](NC(=O)[C@@H]2CC(=O)N(c3cn[nH]c3)C2)C1,P00533,
O=C(c1ccc2[nH]/c(=N\S(=O)(=O)c3ccc(Cl)cc3)sc2c1)N1CCSCC1,P00533,
CS(=O)(=O)c1ccccc1NC[C@H](O)c1ccccc1F,P00533,
COc1ccc(Cc2nnc(NC(=O)Nc3ccc(C)c(C)c3)s2)cc1,P00533,
Cc1cc(OCC(=O)N2CCOCC2)cc(C)c1NC(=O)c1sc2ccccc2c1Cl,P00533,
O=C1COc2ccc(Nc3cccnc3Oc3ccccc3F)cc2N1,P00533,
O=C(NC[C@@H]1CN(S(=O)(=O)c2ccc3c(c2)CCC3)CC12CCCCC2)C1CC1,P00533,
COc1cccc(S(=O)(=O)N2CCC[C@H](OCc3nc(C)no3)C2)c1,P00533,
CC1(C)Cc2c(cnn2-c2ccccc2)-c2[nH]c3ccccc3c21,P00533,
Cc1cc(S(=O)(=O)NCC2CCN(CC(F)(F)F)CC2)ccc1F,P00533,
Cc1cc(C)n(CC(=O)N(C)C[C@@H]2CCCN(CCc3ccccc3F)C2)n1,P00533,
Cc1cc(NC(=O)CNC(=O)NC2CCCCC2)n(C(C)(C)C)n1,P00533,
Cn1ncc2c1[C@@H](COCC1CC1)CN(Cc1cccs1)C2,P00533,
O=c1[nH]c2cccc(-c3cncc(OC(F)F)c3)c2[nH]1,P00533,
O=C(NCc1ccccc1)[C@H]1C[C@@]2(CO1)CN(Cc1nccs1)CCO2,P00533,
CNC(=O)c1ccn([C@@H]2CCCN(C(=O)c3cnc(OCC4CC4)cn3)C2)n1,P00533,
O=C(Cn1nc(-c2cccs2)n(C2CC2)c1=O)Nc1ccc(OC(F)(F)F)cc1,P00533,
O=C(c1c(F)cccc1Cl)C1CCCCC1,P00533,
Cc1ccccc1[C@H]1C[C@H](c2ccc(F)cc2)Nc2nc(N)nn21,P00533,
O=C(c1ccc(F)cc1)N1C[C@@H]2C[C@H](C1)c1c(-c3ccc(OC(F)(F)F)cc3)ccc(=O)n1C2,P00533,
NC(=O)c1ccc(C(=O)N2CCC[C@@H]2c2ccncc2)cn1,P00533,
CC(C)NS(=O)(=O)c1ccc2c(c1)nnn2CCNC(=O)Nc1cccc(Br)c1,P00533,
CC(C)CNc1oc(/C=C/c2cccs2)nc1C#N,P00533,
COC(=O)c1ccc(C(=O)NCc2cc(C)nn2C)cc1,P00533,
CCCNC(=O)CCCc1nc(-c2ccc(Cl)cc2)no1,P00533,
COc1ccc(F)cc1C(=O)N[C@@H](c1ccc2c(c1)CCO2)[C@H]1C[C@@H](O)C1,P00533,
Cc1ccccc1[C@@H](C)NC(=O)c1c(C)cccc1Cl,P00533,
COCn1cc(NC(=O)c2ccc(-n3ccnc3C)cc2)cn1,P00533,
CCOC(=O)[C@@H]1CCCN(C(=O)CSc2cc(=O)n(C)c3ccccc23)C1,P00533,
FC(F)(F)c1cc2ccc(Br)cc2s1,P00533,
Cc1c(Cl)cnc(NC(=O)CSc2nc3ccccc3c(=O)[nH]2)c1Cl,P00533,
CCOC[C@@H]1CCCN(C(=O)c2ccnc(-c3ccccc3)n2)C1,P00533,
COc1cc(CNC(=O)c2cccc(F)c2C)cc(OC)c1,P00533,
Cc1ccc(S(=O)(=O)N(C)c2ccccc2O)cc1,P00533,
O=C(c1ccc(OC[C@@H]2CCCO2)cc1)N1CCC[C@@](O)(C(F)(F)F)C1,P00533,
COC(=O)CCc1ccc(OCc2cnsc2)cc1,P00533,
O=C(O)c1cnc(N2CCC(Cc3ccccc3)CC2)nc1CC1CCN(S(=O)(=O)c2ccccc2F)CC1,P00533,
CO[C@H](C(=O)O)C1CCN(C(=O)OC(C)(C)C)CC1,P00533,
Cc1ccccc1NC(=O)c1cccc(S(=O)(=O)N2CCN(C)CC2)c1,P00533,
CN1C[C@@H](CNc2ccc(C(=O)N3CCCC3)cn2)CC1=O,P00533,
O=S(=O)(NCC1(O)Cc2ccccc2C1)c1cccs1,P00533,
CC(C)C(=O)N1CC(C)(C)c2cc(S(=O)(=O)Nc3ccc(OC(F)(F)F)cc3)ccc21,P00533,
CC[C@H](Oc1ccccc1OC)C(=O)N1CCN(C)CC1,P00533,
Cc1ccc(F)cc1NC(=O)c1nnn(CC(=O)Nc2ccccc2Br)c1C,P00533,
CS(=O)(=O)CC(=O)N[C@H]1CCc2onc(CN3CCCC3)c2C1,P00533,
CCOc1ccc(NCc2ccns2)nc1C,P00533,
O=C(NCc1ccccn1)c1ccc(OCc2nnc(C(=O)Nc3ccccc3F)s2)cc1,P00533,
CCCn1nc(-c2nn3c(-c4cc(F)ccc4F)nnc3s2)cc1C,P00533,
CCn1nc(C(=O)O)c2c1CC[C@@H](NCc1csc(C(C)C)n1)C2,P00533,
Cc1ccc(C(=O)N[C@H]2CCOC3(CCOCC3)C2)cc1O,P00533,
CCc1nc(N2CCC[C@H](Cn3ccnc3)C2)ncc1C,P00533,
CCc1cccc(NC(=O)CCc2c(C)nc3c(c2C)c(=O)n(C)c(=O)n3C)c1,P00533,
Cc1cc([C@@H](C)NCc2c(C)nn(C)c2N2CCOCC2)c(C)o1,P00533,
CCN(Cc1ccc(OC)cc1)S(=O)(=O)c1ccc(OC)c(-c2noc(C(C)(C)C)n2)c1,P00533,
CCCC[C@H](N)c1ccc2c(c1)CCO2,P00533,
Cc1ccc(-n2nc(-c3ccccc3F)cc2O)nn1,P00533,
CCOC(=O)N1CC[C@@H](NC(=O)OC(C)(C)C)C1,P00533,
Cc1ccc(CCC(=O)NC[C@H]2COc3ccccc3O2)cc1,P00533,
Cc1cnccc1-c1cnc(N2CCC[C@@H](O)C2)nc1-c1ccco1,P00533,
COC(=O)c1cnc(Nc2cc(C)nc(C3CCN(C(=O)OC(C)(C)C)CC3)n2)s1,P00533,
C[C@@H](NC(=O)C1(c2ccccc2)CCN(C(=O)[C@@H]2Cc3ccccc3CN2)CC1)C(=O)O,P00533,
Cc1nnc(-c2ccc(S(=O)(=O)Nc3ccc(F)cc3C)o2)o1,P00533,
Cc1nc(-c2cc(S(=O)(=O)N3CCCC[C@@H]3C)c(C)n2C)sc1C(=O)N1CCCC1,P00533,
c1ncc(-c2nccn2C2CCC2)cn1,P00533,
CSc1ccc(-c2noc(-c3c[nH]c4ccccc4c3=O)n2)cc1,P00533,
COCCN1CCC(Cc2nccnc2N2CC3(CCOCC3)OC2=O)CC1,P00533,
Cn1nnc2cc(C(=O)N3CCCC[C@H]3c3nc4ccccc4o3)cnc21,P00533,
CC[C@H]1CN(c2cc(C)nc(N3CCCC3)n2)CC[C@@]1(C)O,P00533,
C[C@H](NC(=O)c1cccs1)C(=O)N(C)[C@H](c1ccccc1)c1ccccn1,P00533,
Cc1cc(N2CCCC2)nc2ccc(NC(=O)CC(C)C)cc12,P00533,
NC[C@H]1CCCc2ccc(C(=O)NCc3cnccc3C(F)(F)F)cc21,P00533,
C[C@@H]1CCC[C@H](N2CCN(c3ccc(Cl)cc3)CC2)C1,P00533,
COc1ccc(NC(=O)c2cc(-c3ccc4c(c3)OCO4)on2)cc1OC,P00533,
Cc1nn(CC(=O)Nc2ccc(F)cc2F)c(=O)c2c1cnn2-c1ccccc1,P00533,
O=C(CS(=O)(=O)C1CC1)N[C@H](c1nn[nH]n1)C1CCCCC1,P00533,
COC[C@]1(O)CCN(Cc2cc(Cl)ccc2Cl)CC1(C)C,P00533,
CC(C)c1ccc(NC(=O)Cn2ncc3c([nH]c4ccccc43)c2=O)cc1,P00533,
O=c1oc(-c2ccc(F)cc2)nc2ccc(Br)cc12,P00533,
CC(=O)Nc1ccc(S(=O)(=O)N2CCN(c3ccc(NCc4ccccc4)nn3)CC2)cc1,P00533,
Clc1nc(Cc2c(Cl)cccc2Cl)ns1,P00533,
Cc1c(S(=O)(=O)N2c3ccccc3CC2(C)C)cnn1C,P00533,
COc1ccc(NC(=O)CSc2nnc(-c3nc(-c4ccc(C)cc4)no3)n2C)c(OC)c1,P00533,
O=C(Nc1ccsc1-c1nc(-c2cccc(F)c2)no1)c1n[nH]c2ccccc12,P00533,
CC(=O)c1cccc(NC(=O)CN(c2ccccc2)S(=O)(=O)c2ccc(F)cc2)c1,P00533,
Cc1cc(C(=O)NCc2ccc(C(F)(F)F)cc2Br)n(C)n1,P00533,
COCCN1C[C@H](C(=O)NCCC2(O)CCCC2)CC1=O,P00533,
O=C(CN1CCCc2nc(-c3ccncc3)ncc2C1=O)Nc1ccc(F)cc1F,P00533,
O=C(CN1CCN(CC(=O)N2CCOCC2)CC1)Nc1cc(-c2ccccc2)nn1-c1ccccc1,P00533,
Cc1ccc(NC(=O)[C@H](C)Sc2nnc(-c3cccs3)n2CCC(N)=O)cc1F,P00533,
O=C(O)c1ccc(NS(=O)(=O)c2ccc3ccccc3c2)cc1O,P00533,
O=C(O)c1ccc(S(=O)(=O)N2CC[C@]3(CCN(CCc4ccccc4)C3=O)C2)cc1,P00533,
Cc1ccccc1C(=O)N[C@@H](C)C(=O)Nc1ccccc1F,P00533,
Cc1cc(O)c(OCC(=O)Nc2ccc3c(c2)OCC(=O)N3)cn1,P00533,
COc1ccc(-c2cnc3c(ccn3C)c2)cc1OC,P00533,
Cc1nc(-c2ccc(NC(=O)c3cc(S(C)(=O)=O)ccc3C)cc2)co1,P00533,
CCOc1ccnc(NC(=O)Cc2ccc(OC)cc2Cl)c1,P00533,
C[C@H](OC(=O)[C@H](c1c(F)cccc1F)N(C)C)C(=O)NC(=O)NC(C)(C)C,P00533,
CCOC(=O)N1CCN(Cc2nc(-c3ccc(OC)c(OC)c3)oc2C)CC1,P00533,
O=C(Cn1cccc1-c1nnc(-c2ccccc2)o1)N1CCN(c2ccc(F)cc2)CC1,P00533,
Cc1[nH]c(C(=O)N(CCC#N)[C@@H](C)C2CC2)c(C)c1C(=O)OC(C)C,P00533,
COC(=O)[C@@H]1CNC[C@H]1c1ccc(O)cc1,P00533,
CN1CCC[C@@H](CCc2nc(-c3cn4ccccc4n3)no2)C1,P00533,
CCc1ccc(C(=O)N2CC[C@@H](C(C)(C)O)C2)[nH]1,P00533,
COc1ccc([C@@H](CN(C)C)NCc2c(C)nc3sc(C)nn23)cc1,P00533,
CC(=O)c1cc(F)ccc1-c1ccc(CCC(=O)O)cc1,P00533,
O=C(CCn1nnc2ccccc2c1=O)Nc1ccc(Cl)c(C(F)(F)F)c1,P00533,
CC(C)c1ccc(-c2nnc(NC(=O)[C@@H](C)Oc3ccc(C#N)cc3)s2)cc1,P00533,
CCN(CC(=O)Nc1ccc(S(=O)(=O)N(C)C)cc1)CC(=O)Nc1ccccc1C(F)(F)F,P00533,
O=C(N[C@@H](C(=O)Nc1cc[nH]n1)c1ccccc1)C1=CCCCC1,P00533,
Cc1ccc2oc3c(c(=O)c2c1)[C@@H](c1ccc(F)cc1)N(Cc1ccc2c(c1)OCO2)C3=O,P00533,
COc1ccc2c(c1)N(C(=O)CC(C)(C)CC(=O)O)CCCC2,P00533,
Cn1nccc1[C@H](O)c1cc2n(n1)CCCN(C(=O)C1CCCCC1)C2,P00533,
O=C(NCc1ccc(COCC(F)(F)F)cc1)NC1CCCCCC1,P00533,
Cc1ccc([C@H](O)C2CCCCCC2)cc1,P00533,
OCc1ccnc(N2CCC(OC3CCCC3)CC2)n1,P00533,
O=C1C[C@]2(CCN(C(=O)[C@H]3CCc4[nH]ncc4C3)C2)Oc2ccccc21,P00533,
COc1cnc(N2CC[C@H]3CCN(c4ccc(C#N)c(Br)c4)[C@@H]3C2)nc1,P00533,
Cc1ccnc(N[C@H]2CCN(Cc3ccc(Cl)cc3)C2)n1,P00533,
CCC(=O)Nc1ccc(NC(=O)COc2ccc(C)cc2C)cc1,P00533,
O=C1COc2ccc(-c3ccc(N4CCOCC4)nc3)nc2N1,P00533,
CCOc1ccc(C)cc1NC(=O)[C@@H]1C[C@@H]1c1ccc(Cl)cc1,P00533,
COc1cccc(CN2CCC(O)(Cc3cc(-c4cccc(OC)c4)no3)CC2)c1,P00533,
O=C(CO[C@H](c1ccccc1)C(F)(F)F)NCCN1CCOCC1,P00533,
CCOC(=O)c1ccc(C)c(Oc2ccncc2)c1,P00533,
Cc1noc(C)c1C(C)(C)c1nc(-c2ccc(-n3ccnc3)cc2)no1,P00533,
COc1cccc(CNC(=O)CCc2nnc3ccc(N4CCCC4)nn23)c1,P00533,
COc1ccc2oc(CNC3CCOCC3)nc2c1,P00533,
CN(C(=O)[C@@H]1CCCN(C(=O)OC(C)(C)C)C1)[C@H]1CCCc2ccccc21,P00533,
CCOC(=O)c1c(NC(=O)c2ccc(S(=O)(=O)N3CCC(C)CC3)cc2)sc2c1CCN(C(C)C)C2,P00533,
COc1cc(OC)cc(C(=O)N[C@H](C(=O)Nc2sc3c(c2C#N)CCCC3)C(C)C)c1,P00533,
CC(C)OC[C@@H](O)CN(Cc1cccc(C(F)(F)F)c1)C[C@H]1CC(c2ccc(F)cc2)=NO1,P00533,
COC(=O)COc1ccc(S(=O)(=O)NCc2ccco2)cc1,P00533,
Nc1c[nH]c2cc(Br)cnc12,P00533,
Cn1c(=O)n(C)c2cc(OCC(=O)O)ccc21,P00533,
C[C@@H](Sc1nc(C(F)(F)F)nc2ccccc12)C(=O)N1CCc2ccccc2C1,P00533,
CCn1nccc1[C@@H]1OCC[C@H]1CNC(=O)c1ccn(C)c(=O)c1,P00533,
OC1(c2ccccn2)CCN([C@@H]2CCSC2)CC1,P00533,
COc1cccc(S(=O)(=O)c2ccc(=O)n(CC(=O)Nc3cc(C)cc(C)c3)n2)c1,P00533,
CC(C)[C@H](NC(=O)c1cncc(Cl)c1)c1ccccn1,P00533,
C[C@H](NC(=O)c1cccc(F)c1)[C@H](c1cccs1)N1CCN(C)CC1,P00533,
CC(C)c1ncc(C(=O)N2CCOC[C@@H]2c2ccccc2)s1,P00533,
COc1ccccc1NC(=O)CSc1nc2ccsc2c(=O)n1Cc1ccccc1F,P00533,
C=C(CCO)c1ccc(-c2nccs2)cc1,P00533,
CCOC(=O)C[C@H](N)c1cc(C(C)(C)C)c(O)c(C(C)(C)C)c1,P00533,
COc1ccc(C)cc1S(=O)(=O)Nc1cc2c(cc1Cl)OCCO2,P00533,
Cc1nc2ccccc2n1[C@H]1C[C@H]2CN(CC3CC3)C[C@H]2C[C@@H]1Oc1cnccn1,P00533,
CC(=O)[C@H](C)SC(C)(C)CNc1ncc(C(F)(F)F)cc1Cl,P00533,
CC[C@@H](C(=O)NCC1CCN([C@H]2CCOC2)CC1)c1ccccc1,P00533,
CC[C@H](C(=O)NCc1ccc(C)cc1)n1nc(C)c2c(C)onc2c1=O,P00533,
O=C(c1cccc(-n2cnnn2)c1)N1CCN(C(=O)[C@H]2C[C@@H]2c2ccc(F)cc2)CC1,P00533,
Cc1cc(F)cc(-c2ccc3nc(C)nn3c2)c1,P00533,
CCN1CCN(c2nc(O)c3c(n2)NC(=O)C[C@@H]3c2cccc(Br)c2)CC1,P00533,
O=C(Cn1ncccc1=O)N1CCC[C@H](Oc2ncc(Cl)cn2)C1,P00533,
Cc1cc(F)c(C(=O)N(C)CC2CCN(C(=O)c3ccccc3-n3cccc3)CC2)c(F)c1,P00533,
CCS[C@H](C(=O)Nc1cc(-n2nnnc2C)ccc1F)C(C)C,P00533,
CCc1ncnc(N2Cc3[nH]cnc3[C@H](c3ccc(OC)cc3)C2)c1F,P00533,
Cc1cccc(OCc2nc(C)c(C(=O)Nc3cccc(F)c3)s2)c1,P00533,
CCOC(=O)N1CCc2c(sc3nc(SCc4ccccc4)n(N)c(=O)c23)C1,P00533,
COCC(=O)NCc1cc2n(n1)CCCN(Cc1ccc3c(ccn3C)c1)C2,P00533,
NC(=O)c1noc([C@H]2CCCN2Cc2cccc3[nH]ccc23)n1,P00533,
Cc1ccc(NC(=O)CSc2nnc(CN(c3ccccc3)S(C)(=O)=O)n2C)c(C)c1,P00533,
C[C@H](O)[C@@H]1CCCN(C(=O)c2c[nH]nc2-c2ccoc2)C1,P00533,
Cc1ccc(C)c(CNC(=O)c2nc(C)oc2C)c1,P00533,
COc1cccc(NC(=O)NC2CCCC2)c1,P00533,
COc1ccc(-c2ccc(C(C)=O)cn2)c2ccccc12,P00533,
O=C(Nc1cnc(-n2cccn2)nc1)C1CCCC1,P00533,
O=C(Nc1ccc(C(F)(F)F)cc1)[C@H]1CCCN1C(=O)[C@H](Cc1ccccc1)NC(=O)C(F)(F)F,P00533,
CCCC(CCC)C(=O)NCc1nnc(C(=O)Nc2cccc(F)c2)s1,P00533,
COc1ccc(NC(=O)c2ncc(F)cc2F)nc1,P00533,
COCc1ccc(-c2cccc3nn(C)cc23)cc1,P00533,
N[C@H]1CCCN(c2cc(Cl)ncn2)C1,P00533,
CN(C)c1noc([C@H]2CCCN(C(=O)c3c(O)cccc3F)C2)n1,P00533,
NC(=O)c1ccc(-c2cccc(N3CCCCC3)c2)cc1,P00533,
Cc1cc(O)n2nc(CC(=O)Nc3ccccc3CN3CCCCCC3)nc2n1,P00533,
CN(Cc1ccc2ccccc2n1)C(=O)c1ccc(NCc2ccccn2)nc1,P00533,
Nc1nc2ccc(-c3cccc(C(=O)O)c3)nc2s1,P00533,
COC(=O)Cn1ccc(=O)c2cc(OC)ccc21,P00533,
Cc1cc(C)cc(NC(=O)CCS(=O)(=O)c2cc3c(cc2Cl)NC(=O)CO3)c1,P00533,
CC(=O)N1C[C@H]2C[C@@H](C1)[C@H](C(=O)NCCn1cc(C)nn1)n1c2cccc1=O,P00533,
CC[C@@H](C)CC(=O)N[C@@H](C)c1cccc(Br)c1,P00533,
Cc1ccc(NS(=O)(=O)c2ccc3c(c2)sc(=O)n3C)cc1F,P00533,
COC(=O)Nc1ccc(N[C@H](C)C(=O)Nc2ccc3c(c2)OCO3)cc1,P00533,
Cc1cc(N[C@H](C#N)c2ccc(-n3ccnc3)cc2)ccc1Br,P00533,
COc1cc(S(=O)(=O)Nc2cccc(C)c2C)c(OC)cc1Cl,P00533,
CC(=O)Nc1ncc(S(=O)(=O)N2CCC[C@H](C)C2)s1,P00533,
CC(=O)c1cn(CC(=O)NC2CCCCC2)c2ccccc12,P00533,
CN(C(=O)c1cccnc1)[C@H]1C[C@H]2CNC(=O)C[C@H]2C1,P00533,
CCn1c(CN)nc2cc(Br)ccc21,P00533,
Cc1cc(C(=O)N2CCCC[C@H]2CCn2cccn2)cc(=O)[nH]1,P00533,
COc1cc(CC(=O)Nc2ccc(Cl)c(S(=O)(=O)N(C)C)c2)cc(OC)c1OC,P00533,
O=C(Nc1ccc(Cl)c(CO)c1)c1cnc2c(c1)ncn2C1CC1,P00533,
Cc1noc(C)c1CCC(=O)N1CCC[C@H](Cc2cccnc2)C1,P00533,
COCC(=O)N[C@@H]1CCC12CCN(S(=O)(=O)c1c(C)noc1C)CC2,P00533,
C[C@H](OC(=O)c1ccc(S(=O)(=O)N(C)C)cc1)C(=O)NC1CC1,P00533,
O=C(O)c1ccc(-c2c[nH]c(=O)c(C(=O)O)c2)cc1,P00533,
CN(CC(=O)NC1CC1)C(=O)CNC(=O)OCc1ccccc1,P00533,
Cc1cc(C)c2nc(C3CC3)cc(C(=O)N(C)C[C@H](C)c3nnn[nH]3)c2c1,P00533,
FC(F)(F)c1nnc(CN2CC[C@@H](Nc3ccnc(N4CCOCC4)n3)C2)o1,P00533,
C[C@@]1(C(=O)NCc2ccc(Cl)cc2)Cn2nc(-c3ccco3)cc2C(=O)N1Cc1ccccc1,P00533,
Cc1ccc(CN2CCN(C3CCN(S(=O)(=O)c4ccc(Cl)cc4)CC3)C2=O)cc1,P00533,
Cc1ccc(C)c(-n2ncc(NCc3ncnn3C(C)(C)C)c2C)c1,P00533,
CCOc1ccc(C(=O)N[C@H]2COC[C@H]2Cc2ccncc2)cc1Cl,P00533,
N#Cc1c[nH]c(C(=O)N[C@H]2CCCN(c3ncc[nH]c3=O)C2)c1,P00533,
CN[C@@H](C(=O)Nc1ccc(C(C)C)cc1)c1ccccc1,P00533,
CS(=O)(=O)NC1CCN(CCC(=O)Nc2cccc3ccccc23)CC1,P00533,
Cc1c([C@@H](C)NCc2cnn(-c3ccccc3F)c2)cnn1-c1cccc(F)c1,P00533,
O=C1CCc2[nH]c(=O)n(C3CCCCC3)c(=O)c21,P00533,
Cc1nnc([C@H]2CCCCCN2C(=O)c2cccnn2)o1,P00533,
COc1ccccc1/C=C/c1nc(C#N)c(N2CCCCCC2)o1,P00533,
CCOCC(=O)N1CCC(C(=O)NCC2(N3CCCCC3)CCCC2)CC1,P00533,
CN(Cc1ccc(F)cc1)Cc1cnc(S(C)(=O)=O)n1CCCc1ccccc1,P00533,
CC[C@@](C)(c1nnnn1-c1ccc(OC)cc1)N1CCOCC1,P00533,
CS(=O)(=O)NC1CCN(c2nc(C(F)(F)F)nc3[nH]cnc23)CC1,P00533,
O=C(c1ccc(=O)[nH]c1)N(Cc1cccs1)C1(C(=O)NC2CCCC2)CCCCC1,P00533,
CC[C@@H](C)Cc1nc(CCc2nc3cc(F)ccc3[nH]2)n(CCO)n1,P00533,
O=C(c1cccc2ncccc12)N1CCO[C@H](c2ccncc2)C1,P00533,
Cc1cc([C@H]2CCCN2C(=O)c2ccc(OCc3c(C)noc3C)cc2)no1,P00533,
Cc1cccc(C(=O)NCC(=O)N2CCN(c3cccc(Cl)c3)CC2)c1,P00533,
O=C(Cc1cccs1)N1CC[C@@](O)(CN2CCc3ccccc3C2)C1,P00533,
COc1ccccc1-c1nn2c(-c3cc(C(C)C)n[nH]3)nnc2s1,P00533,
Cc1occc1C(=O)N1CCc2ncnc(-c3ccsc3)c2CC1,P00533,
COc1cc(OC)c(CN2C[C@H]3CN(C)C[C@H]3C2)c(C(=O)O)c1,P00533,
COc1cc2c(cc1OC)CN(C(=O)N[C@@H](CCSC)C(=O)N[C@@H]1CCCc3ccccc31)CC2,P00533,
COc1ccc(NC(=O)[C@H]2CC(=O)OC2(C)C)cc1,P00533,
Cc1ncn(CC(=O)Nc2ccccc2-c2cn3cccc(C)c3n2)c(=O)c1C,P00533,
O=c1ccc2cc(S(=O)(=O)N3CC=C(c4ccccc4)CC3)ccc2[nH]1,P00533,
O=C(CSC1=NCCS1)N1CCCc2cc(S(=O)(=O)N3CCCC3)ccc21,P00533,
O=C(c1cc(Cl)ccc1O)N1CCC2(CC1)C[C@@H](O)[C@@H](O)CO2,P00533,
COc1ccc(C2(C(=O)N3CCO[C@H](C(N)=O)C3)CCCCC2)cc1,P00533,
CC(=O)N[C@H](Cc1ccccc1)c1nc(C(=O)N2CCNC(=O)CC2)cs1,P00533,
CC(C)c1c(C(=O)N2CCOCC2)nnn1-c1cccc(C(F)(F)F)c1,P00533,
COCCN1C(=O)c2[nH]nc(-c3ccccc3O)c2[C@@H]1c1cccc(Oc2ccccc2)c1,P00533,
Cc1cnc(NC(=O)[C@H](C)NC(=O)OCc2ccccc2)s1,P00533,
Cc1ccc2[nH]c(SCC(=O)N[C@@H](C)c3nc(C)sc3C)nc2c1,P00533,
CCCN1C(=O)[C@@H]2C[C@H](NC(=O)c3ccsc3)CN2CCS1(=O)=O,P00533,
Cc1ccn([C@H](C)c2nc(CC(C)C)no2)c(=O)c1C(=O)O,P00533,
O=C(c1ccc(F)cc1)N1CCC(Cc2nc(C3CCOCC3)no2)CC1,P00533,
Cc1cccc([C@@H](NC(=O)C(C)(C)N2CCCC2)C2CC2)n1,P00533,
COc1ccc(CN(C)C(=O)c2ccc(Oc3ccccc3)cc2)cc1F,P00533,
CCN(CC)C(=O)N1CCO[C@H](CF)C1,P00533,
CCCn1nnc2cc(-c3noc(CCc4ccc(OC)cc4)n3)ccc21,P00533,
CC(=O)Nc1ccc(C(=O)OCC(=O)c2ccc(C)s2)cc1,P00533,
CC(C)NC[C@@H]1CCCN1C(=O)OC(C)(C)C,P00533,
CN1CC[C@@H]2CN(Cc3nccs3)C[C@@H]2C1=O,P00533,
COC(=O)Nc1nc(CC(=O)NCc2cn3ccccc3n2)cs1,P00533,
COc1ccc(CCC(=O)Nc2c(C(=O)NC(C)(C)C)oc3ccccc23)cc1,P00533,
O=C(Nc1cccc2ccccc12)c1ccoc1,P00533,
O=C(Nc1ccc(-c2nccs2)cc1)c1ccccc1F,P00533,
C[C@@H](C(=O)Nc1ccc(S(N)(=O)=O)cc1)N1CCN(c2ncccn2)CC1,P00533,
Cc1cc(C)n(CCN2CCN(C(=O)Cn3ccc4ccccc43)CC2)n1,P00533,
Nc1nonc1-n1nnc(-c2ccccc2)c1C(=O)c1ccccc1,P00533,
C[C@@H](C(=O)N[C@@H](c1nn[nH]n1)C1CCCC1)c1cccs1,P00533,
CC(C)Oc1cccc(CN2C[C@@H](C(F)(F)F)[C@H](C(=O)O)C2)c1,P00533,
COc1ccc(-c2ccccc2)cc1N1C(=O)[C@@H]2C[C@H]1CN2CCCO,P00533,
Cc1ncc(S(=O)(=O)N2CC(F)(c3ccc(C(=O)O)cc3)C2)[nH]1,P00533,
CCOC(=O)CCC(=O)c1ccc(C)c(C)c1,P00533,
Cn1ccc([C@@H]2CC(=O)Nc3[nH]nc(-c4ccccn4)c32)n1,P00533,
Cc1c[nH]c([C@@H]2CCCN2S(C)(=O)=O)n1,P00533,
C[C@@H](C(=O)N1CCOc2ccccc21)n1nnc(-c2ccccc2)n1,P00533,
COCCN(CC(=O)Nc1cccc(C)c1C)CC(=O)N1CCC(C(=O)Nc2ccccc2)CC1,P00533,
Cc1cccc(NC(=O)c2ccc(Oc3ccccc3)cc2)n1,P00533,
CNc1cc([C@@H]2CCCN(C(=O)c3ccn(C(F)F)n3)C2)nc(-c2cccnc2)n1,P00533,
Cc1ccc(N(Cc2nc3[nH]c(C)cc(=O)n3n2)S(=O)(=O)c2ccccc2)cc1,P00533,
O=C(NCc1ccc(Cl)cc1)N1CCC(Oc2cccnn2)CC1,P00533,
Cc1cc(SC(C)(C)C)ncc1C#N,P00533,
CC(C)Cc1nnc(NC(=O)C2CCN(C(=O)c3ccccc3)CC2)s1,P00533,
COc1ccc(Oc2ccc(NC(=O)N3CCN4CCC[C@@H]4C3)cn2)cc1,P00533,
Cc1n[nH]c(S(=O)(=O)Nc2ccc(Cl)cc2)c1C(=O)NCc1ccc(C(C)C)cc1,P00533,
O=C(COc1ccc(C2=NN(C(=O)c3cccs3)[C@H](c3ccco3)C2)cc1)N1CCCCC1,P00533,
N#Cc1ccc(N2CCC[C@@H]2[C@@H]2CCCOC2)nc1,P00533,
Cn1c(N2CCOCC2)nc2ccccc21,P00533,
COc1ccc(CC(=O)N2CC[C@@H](Oc3cc(N(C)C)ncn3)C2)cc1,P00533,
CCCS(=O)(=O)N1CCc2ccc(NC(=O)C3CCCC3)cc2C1,P00533,
Cc1ccc(-n2cnnc2SCC(=O)Nc2nncn2C2CC2)cc1C,P00533,
CCOc1cccc(C(=O)N(Cc2cc(OC)c(OC)c(OC)c2)c2ccccn2)c1,P00533,
Fc1cc(Br)cc([C@@H]2CCCCN2)c1,P00533,
Cc1cccc([C@H]2CCCN(C(=O)Cc3ccc(-n4nnnc4C)cc3)C2)c1,P00533,
O=C(CNC1(CO)CCOCC1)Nc1ccc(Cl)c(C(F)(F)F)c1,P00533,
Cc1nc([C@@H]2CCCN(C(=O)c3cccnc3)C2)nc2c1CCCN2Cc1ccccn1,P00533,
CC[C@@H](NC(=O)c1cccc(-n2cnnc2)n1)c1ncnn1CC,P00533,
Clc1nc(C2CC2)cc(N2CCCC2)n1,P00533,
CCn1nc(C)c(C(=O)N2CC(C(=O)Nc3ccc4c(c3)CCN4S(C)(=O)=O)C2)c1C,P00533,
Cc1ccc(-n2cnc(=O)n2CC[C@H]2CCNC2)cc1Cl,P00533,
COc1ccc(C)cc1-n1nnnc1SCC(=O)N[C@@H](C)c1ccc2c(c1)CCCC2,P00533,
CCCn1nccc1NC(=O)c1cc(=O)[nH]c2ccc(Cl)cc12,P00533,
CNc1cc(C)nc(CC2CCN(C(=O)C3(C#N)CCC3)CC2)n1,P00533,
CN1CCC[C@H](COc2cccc(F)c2Oc2ccccc2)C1,P00533,
Cc1cccc(OCC(=O)N2CCC3(CC2)C[C@](C)(O)[C@@H](O)CO3)c1,P00533,
Cc1ccc(OCC(=O)N2CCOC[C@@H]2C(=O)O)cc1C,P00533,
C[C@@H](NC(=O)c1[nH]nc2c1CCC2)c1nnc2ccccn12,P00533,
COc1cc2c(cc1OC)CN(CC(=O)Nc1ccc(F)cc1)[C@H](C(=O)O)C2,P00533,
CSc1nccc(N2CC[C@@H]3CCN(c4nccc(N(C)C)n4)C[C@H]32)n1,P00533,
CN(CCO)C[C@@H]1CN(C(=O)Cc2ccc3[nH]c4ccccc4c3c2)C[C@@H]1CO,P00533,
CC(C)c1nnsc1CNC(=O)c1ccc(CN2CCN(C)CC2)o1,P00533,
C[C@@H]1Cc2cc(Cl)ccc2N1C(=O)c1ccc2c(n1)OCCO2,P00533,
Cc1nn(C)cc1CNC(=O)[C@H]1CC(=O)N(Cc2ccccc2)C1,P00533,
O=C(Cn1c(=O)n(Cc2ccccn2)c(=O)c2ncccc21)NCc1ccccc1,P00533,
Brc1ccc(N2CCN=C2c2ccccc2)cc1,P00533,
CC(C)(C(=O)O)c1cnc(N2CCC(C(=O)O)CC2)nc1N1CCOCC1,P00533,
O=C(Nc1cccc(Cl)c1)Nc1ccc2nc3n(c(=O)c2c1)CCC3,P00533,
O=C(C1CC1)N1CCN(c2ccc(Cl)c(Cl)c2)CC1,P00533,
Cn1nccc1-c1cn(C)c2ccccc12,P00533,
COc1cccc(NS(=O)(=O)c2cn(C)c(C)n2)c1,P00533,
COc1cc(OC)cc(C(=O)NC[C@@H](c2ccsc2)N2CCOCC2)c1,P00533,
Cc1nc(N2CCN(c3cccc(C(F)(F)F)c3)CC2)nc2c1C(=O)C[C@@H](C)C2,P00533,
Cc1ccc(S(=O)(=O)N2CCN(S(=O)(=O)N3CCCC3)CC2)cc1C,P00533,
CCC(=O)N1CCO[C@](Cc2ccccc2-c2ccc(F)cc2)(C(=O)N(C)C)C1,P00533,
COc1ccc(NC(=O)CN2CCN(S(=O)(=O)c3ccc(C(C)C)cc3)CC2)cc1OC,P00533,
Cc1nnc(-c2ccc(C(=O)N[C@@H]3CCc4c(F)cccc43)cc2)[nH]1,P00533,
Cc1ccc(CCC(=O)N[C@H](C(N)=O)c2ccccc2)cc1Cl,P00533,
CS(=O)(=O)N1CCCC[C@H]1C(=O)Nc1ccc2nc(C3CC3)sc2c1,P00533,
COC(=O)C1(/N=c2\nc(OC)[nH]c(N3CCC[C@@H]3c3cc(C)cc(Br)c3)n2)CCCCC1,P00533,
CSCC[C@@H](NC(=O)c1ccc(C(C)(C)C)cc1)C(=O)OCC(=O)NC1CCCCC1,P00533,
COc1cc(NC(=O)CCN2CCN3CCCC[C@@H]3C2)cc(OC)c1,P00533,
CCCN(C/C=C/c1ccccc1)C(=O)CC[C@@H]1CCOC1=O,P00533,
CC(=O)c1cccc(NC(=O)c2ccc(C)cc2Cl)c1,P00533,
Cc1ccsc1C(=O)N1CC[C@H]2[C@H]1CCN2Cc1cccnc1,P00533,
Cn1c(COc2ccc(Cl)cc2Cl)nnc1SCC(=O)NC[C@H]1CCCO1,P00533,
O=C(COC(=O)[C@@H]1CC(=O)N(C2CCCCC2)C1)c1ccc(Br)cc1,P00533,
N#Cc1ccc(CSc2nnc(-c3cccc(Cl)c3)o2)c(F)c1,P00533,
COc1ccc(N(C(=O)COc2ccc(F)cc2)S(=O)(=O)c2ccc(C)cc2)cc1,P00533,
CC(C)(C)OC(=O)N1CCC2(CC1)CNCC[C@H]2O,P00533,
Cc1cc(O[C@@H]2CCCN(C(=O)c3cccc(-n4cnnn4)c3)C2)nc(C)n1,P00533,
O=C(Nc1ccc(F)c(NC(=O)C2CCCCC2)c1)c1ccoc1,P00533,
COC(=O)c1c(COc2nccc(C(C)(F)F)n2)nn2c1CCCC2,P00533,
Cc1ccc(C(=O)N2C[C@H]3[C@@H](CCOc4cccnc4)CO[C@H]3C2)cc1C,P00533,
CC(C)(C)[C@@H]1CN(C(=O)c2cccc3nncn23)CCO1,P00533,
CC(=O)N1CCN(CC2(O)CCCCCC2)C[C@H](C(=O)O)C1,P00533,
CN(CCc1ccncc1)C(=O)[C@@H]1CCCN[C@@H]1C1CC1,P00533,
COc1ccc(C)cc1NC(=O)CN1CCc2sccc2[C@H]1c1cccs1,P00533,
O=C1CCCN1Cc1cn(C2CN(C(=O)Cc3ccc(C(F)(F)F)cc3)C2)nn1,P00533,
Cc1ccccc1-n1nc(C(=O)N2CCOCC2)nc1-c1ccccc1,P00533,
Cc1ccc(N(C(=O)c2csnn2)[C@H](C(=O)NCc2ccccc2)c2ccccn2)cc1,P00533,
O=C1CCc2cc(Br)ccc2N1CC1CC1,P00533,
Cc1ccc([C@@H]2C=NN(c3ccc(Br)cc3)C2=O)cc1,P00533,
CC[C@@H](C)[C@H](O)[C@H](N)c1ccc(OC)cc1C(F)(F)F,P00533,
Nc1nccc([C@@H]2CCCN(C(=O)CC[C@@H]3Cc4ccccc4NC3=O)C2)n1,P00533,
CSc1cccc(N2C[C@@H](C(=O)NCCn3cc(-c4nc(C)no4)nn3)CC2=O)c1,P00533,
COc1ccc(C(=O)Nc2cccc(S(=O)(=O)N3CCCCCC3)c2)c(OC)c1OC,P00533,
COc1cccnc1C(=O)N[C@H]1CCN(Cc2ccc(C)cc2)[C@H](C)C1,P00533,
COc1ccc(Br)cc1C(=O)NC[C@H]1CN(C)CCO1,P00533,
COc1c2c(cc3c1[C@H](CC(=O)c1ccc(Br)cc1)N(C)CC3)OCO2,P00533,
CN(C)c1ccc(C(=O)N2CCC[C@@H]2c2ccc3c(c2)OCCCO3)cn1,P00533,
CN(Cc1c(F)cccc1Cl)C(=O)c1ccc(S(=O)(=O)N(C)C)cc1,P00533,
Cc1nc(Cc2nnc(S[C@@H](C)C(=O)N3CCN(S(=O)(=O)c4ccccc4)CC3)o2)cs1,P00533,
Nc1nc(NCCc2ccccc2)n[nH]1,P00533,
CCN(CCN1CCn2nc(C(=O)O)cc2C1=O)c1cccc(C)c1,P00533,
Cc1cc2ccccc2n1CCC(=O)N[C@@H]1COCC[C@@H]1OCC(=O)O,P00533,
CCc1nc([C@H]2CCCN(c3ncnc4nc[nH]c34)C2)no1,P00533,
CCOC(=O)N1CCc2nnc(C(=O)OC)cc2C1,P00533,
COc1cccc([C@@H]2Nc3ccc(C)cc3-c3cc(C)nn32)c1OC,P00533,
CSc1nc2c(c(=O)[nH]1)[C@@H](C(=O)Nc1cc(F)ccc1C)CC(=O)N2,P00533,
CCOc1ccccc1NC(=O)Cn1cc(-c2ccccc2)c(N2CCOCC2)n1,P00533,
C[C@@H]1CCCN(Cc2csc(CN)n2)[C@H]1C,P00533,
O=C(c1cc2c(s1)C1(CCNCC1)OCC2)N(CC1CCC1)C[C@@H]1CCCO1,P00533,
CC[C@@H]1C(=O)NCCN1C(=O)Cc1cccc2cccnc12,P00533,
Cc1ccc(Cn2c(=O)n(C)c(=O)c3snc(-c4ccccn4)c32)cc1,P00533,
CSc1ccc2cc(-c3nccn3CCCn3ccnc3)c(O)nc2c1,P00533,
O=C(Cc1ccccc1)c1ccc(Br)cc1Cl,P00533,
Cc1nn(C)cc1CN(C)C(=O)c1cc2n(n1)[C@H](C(F)(F)F)C[C@@H](c1ccccc1)N2,P00533,
O=C(CCCc1ccccc1)NCc1ccccc1,P00533,
CCN(CCN(C)C)Cc1ccc(Cl)cc1Cl,P00533,
CC(C)(C)C(=O)N1CCN(C(=O)[C@@H]2CCCN(C(=O)c3ccccc3)C2)CC1,P00533,
Cc1nn(C)cc1[C@H]1CCCN1C(=O)c1c[nH]c(C2CCNCC2)n1,P00533,
Cc1ccc(-c2noc(Cn3cc(C(F)(F)F)ccc3=O)n2)cc1,P00533,
COc1cc(C(=O)Nc2ccc(F)cc2F)cc(OC)c1OC,P00533,
CCc1ccc(CN(C)C(=O)c2cc(COc3ccc4sc(C)nc4c3)on2)nc1,P00533,
O=C(C1CCCC1)N1CCN(c2cc(C3CC3)n[nH]2)CC1,P00533,
Cc1n[nH]c(C)c1NC(=O)CN1CCC[C@@H]1c1ccc(N(C)C)nn1,P00533,
COCc1cccc(C(=O)N2CCC[C@H](OC)[C@@H]2CCC(N)=O)c1,P00533,
C[C@@H](c1ccccc1)N1CCC(C(=O)N2CCC(F)(F)CC2)CC1,P00533,
CCn1cnc2cc(-c3noc(Cc4ccc(F)cc4)n3)ccc21,P00533,
COC[C@H](C)n1c(C)cc(C(=O)Cn2c(=O)c(F)cn([C@@H]3CCCO3)c2=O)c1C,P00533,
O=C(NCCn1c(=O)oc2ccccc21)N1CC=C(c2ccc(O)cc2)CC1,P00533,
Cc1ccc(NC(=O)Cn2c(=O)n(CCC(C)C)c(=O)c3sccc32)c(Cl)c1,P00533,
CN(C)C(=O)c1cc2cnc(Nc3ccc(N4CCN(C(=O)OC(C)(C)C)CC4)cn3)nc2n1C1CCCC1,P00533,
O=C1[C@H]2C[C@H](CCN2C(=O)Nc2ccc(F)cc2)CN1CC1CCCC1,P00533,
CCc1cccc(-n2nnc(-c3nc(-c4ccc(C)cc4)no3)c2N)c1,P00533,
CN1CCC[C@@H]1c1cccc(C(=O)Nc2ccc(Cl)cn2)n1,P00533,
Cc1ccc(NC(=O)Cn2nc(C(F)(F)F)cc2C2CC2)nc1,P00533,
N#CCCN(Cc1ccccc1)C(=O)NC1CCCCC1,P00533,
O=C(Cc1ccc(CO)cc1)N1CCC[C@@]12CCCNC2=O,P00533,
Cc1ccc(S(=O)(=O)c2nnn3c2nc(NCc2ccc(F)cc2)c2ccccc23)cc1C,P00533,
NS(=O)(=O)c1cccc(NC(=O)Cc2ccccc2Cl)c1,P00533,
CC(=O)NCC(=O)N1CCC(S(=O)(=O)Cc2ccccc2)CC1,P00533,
CC(C)NS(=O)(=O)c1ccc2[nH]c(=O)[nH]c2c1,P00533,
COc1cc([C@@H]2c3c(oc4ccc(Cl)cc4c3=O)C(=O)N2C)cc(OC)c1OC,P00533,
Cc1nc([C@H]2CCCCN2C(=O)COc2cccc(C(F)(F)F)c2)ncc1C(N)=O,P00533,
CC(C)c1nnc(N2CCO[C@@H](Cn3cc(C(=O)O)nn3)C2)s1,P00533,
Cc1nc(-c2ccc(C)c(S(=O)(=O)N3CCc4ccccc43)c2)no1,P00533,
COc1ccc(NC(=O)N[C@H]2CCN(c3ccc(F)cc3)C2=O)cc1,P00533,
CC(C)(C)c1ccc([C@@H](N)[C@@H](O)C2CCCCC2)cc1,P00533,
O=C(c1cc2sccc2[nH]1)N1CCC[C@](CO)(CCc2ccccc2)C1,P00533,
CCC(CC)n1nc(C)cc1C(=O)N1CC[C@](O)(Cn2ccnn2)C1,P00533,
CCCNS(=O)(=O)c1cc(-c2c(C)nn3c2NC(=O)CCC3=O)ccc1OC,P00533,
COc1cc(F)ccc1-c1cnccc1C(F)(F)F,P00533,
Cc1cc(C)c(C#N)c(N2CCCN(C(=O)c3cncc(F)c3)CC2)n1,P00533,
COc1ccc(CN2C[C@@H](C(=O)n3ncc(C#N)c3N)CC2=O)cc1,P00533,
CCOc1ccc(-n2nnnc2CN2CCN(C(=O)Cc3ccc(Cl)cc3)CC2)cc1,P00533,
C[C@@H](NC(=O)c1nn(CCO)c2c1CNCC2)c1ccccc1,P00533,
O=C(O)Cn1cccc(C(=O)NC2CCCCC2)c1=O,P00533,
CCn1cnnc1CCNC(=O)c1cccc(-c2nccnc2OC)c1,P00533,
COc1ccc([C@@H]2c3nc[nH]c3CCN2Cc2ccccc2C)cc1,P00533,
CN(C)[C@@]1(C)COc2ccc(Br)cc2C1=O,P00533,
O=C(Nc1cnn(C[C@H]2CCCO2)c1)N1CCN(C(=O)c2ccc(O)cc2)CC1,P00533,
CNCc1cc(Br)cc(C(F)(F)F)c1,P00533,
Cc1cc(C)nc(O[C@H]2CC[C@H](NC(=O)c3cnoc3C)CC2)n1,P00533,
Cc1cccc(NC(=O)CSc2ccc(-c3cccs3)nn2)c1C,P00533,
CCN(CC)S(=O)(=O)c1cc(C(=O)N2CCN(c3cccc(OC)c3)CC2)ccc1Cl,P00533,
CC(C)(C)OC(=O)N[C@H]1CCS(=O)(=O)C2(CC(CN)C2)C1,P00533,
O=C(Nc1ccc(OCc2ccco2)cc1)N1CCCC[C@H]1CO,P00533,
Cc1ccc(CNC(=O)C2CC(=O)C2)nc1,P00533,
COc1nccn2c(-c3cc(F)ccc3C)cnc12,P00533,
COc1ccc(Nc2nc(Nc3ccc(OC)c(OC)c3)c3[nH]cnc3n2)cc1OC,P00533,
COc1ccc(Br)cc1CCC(=O)Nc1nonc1C,P00533,
Cc1nn(C)c(C(=O)N2CCC3(CC2)C[C@@H](O)[C@@H](O)CO3)c1C,P00533,
O=C(OCc1ccccc1)N1CCC[C@@H](c2ccccn2)C1,P00533,
O=C(NC[C@@H](OCCO)c1cccs1)C1(c2ccc(Cl)cc2)CCCC1,P00533,
CCOC(=O)c1cc(Br)sc1N,P00533,
Cc1sc2nc(CN3CCOCC3)nc(N[C@@H](c3ccc(F)cc3)c3nccn3C)c2c1C,P00533,
COC(=O)c1c(CNC(=O)[C@@H](C)c2cc(C)cc(F)c2)nn2c1CCCC2,P00533,
COc1cc2ncn(CC(=O)N[C@@H](C)C(=O)N3CCN(Cc4ccccc4)CC3)c(=O)c2cc1OC,P00533,
O=C([C@@H]1CCCn2c(-c3ccccc3)nnc21)N1CCN(c2ncccn2)CC1,P00533,
O=C(N[C@@H]1CCCCNC1=O)c1ccc(-c2cc(F)cc3cccnc23)c2ccccc12,P00533,
COc1ccccc1CNC(=O)C1(S(=O)(=O)c2cc(C)ccc2C)CCCC1,P00533,
Cc1cc2nccn2cc1-c1cncnc1,P00533,
CCc1ccc(-c2noc(COC(=O)c3cccs3)n2)cc1,P00533,
Cc1cc2nc([C@@H]3CCCCN3C(=O)c3cnn(C)c3)ccn2n1,P00533,
CC[C@H](C)NC(=O)[C@H](NS(=O)(=O)c1cccc2nsnc12)C(C)C,P00533,
CCc1cccc([C@H]2CCN(C(=O)OC(C)(C)C)C2)c1,P00533,
Cc1ccc(S(=O)(=O)c2cnc3cc(C)nn3c2N)cc1,P00533,
O=S(=O)(NC[C@@H](c1ccsc1)N1CCOCC1)c1ccc(Cl)cc1,P00533,
Cc1cc(-n2c(C)cc(C(=O)CSc3ncccn3)c2C)no1,P00533,
CCCN1C(=O)CCc2cc(NC(=O)COc3ccc(OC)cc3)ccc21,P00533,
CN(C)c1cccc(NC(=O)Cc2cccc(F)c2Cl)c1,P00533,
COc1ccc(N2C[C@H](C(=O)Nc3ncccn3)CC2=O)cc1,P00533,
Cc1ccc(NC(=O)N2CCC[C@H](n3c(C)cnc3C3CC3)C2)cc1C,P00533,
N#Cc1ccc(OCC(=O)NCc2c(F)cc(F)cc2F)cc1,P00533,
Cn1cc(C(=O)N2CC[C@@H](CN)C2)c(-c2ccccc2Cl)n1,P00533,
Cc1ccc(-n2nc(C(=O)O)c3ccccc3c2=O)cc1C,P00533,
COc1ccccc1CC(=O)N1CCC[C@@H](Oc2ccnc(C)n2)C1,P00533,
CC(C)CCNC(=O)CSc1nc2ccsc2c(=O)n1Cc1ccccc1,P00533,
Cc1nn(C)cc1S(=O)(=O)NC[C@H](c1ccc(F)cc1)N(C)C,P00533,
CCc1noc(-c2cn(C3CCN(C(=O)c4ccc(OC)cc4OC)CC3)nn2)n1,P00533,
Cc1ccc(-n2nnc(Cc3nc(CN4CCCC4=O)no3)c2C)cc1,P00533,
NC(=O)c1ccc(NC(=O)COC(=O)c2cccnc2Nc2cccc(C(F)(F)F)c2)cc1,P00533,
O=C(NCCc1ccccc1)c1c(O)c2c([nH]c1=O)CCCC2,P00533,
O=C1NCCc2c1nc(CCc1ccccc1)nc2N1CCC(F)(F)CC1,P00533,
Cc1ccc(NC(=O)CCc2c(C)nn(CC(C)C)c2C)c(F)c1,P00533,
CCC1(C(=O)N2CC3(CCC(NC(=O)c4cc(C)co4)CC3)C2)CCC1,P00533,
COc1cc(N2CC[C@H](Oc3ccncc3Cl)C2)ncn1,P00533,
CC(=O)NS(=O)(=O)c1ccc(NC(=O)Cc2ccc(F)cc2)cc1,P00533,
Cc1cccc(N2CCC(NCCc3ncc[nH]3)CC2)c1C,P00533,
CC[C@@H]1CN(C(=O)C2CC2)CC[C@H]1NCc1ccc(CO)o1,P00533,
Cc1n[nH]c2cc(Br)cnc12,P00533,
Cc1ccc(OCC(=O)N[C@H]2CCO[C@@H]2c2ccnn2C)cc1,P00533,
O=C(c1cccc2c(-c3ccc4cn[nH]c4c3)cccc12)N1CCS(=O)(=O)CC1,P00533,
C[C@H](C(N)=O)S(=O)(=O)c1ccc2ccccc2c1,P00533,
O=C(NC[C@@H](c1ccco1)c1cccs1)c1cc(-c2ccccc2)on1,P00533,
C[C@](O)(CNC(=O)C1CCN(S(C)(=O)=O)CC1)Cc1ccco1,P00533,
O=C(NC[C@@H](O)c1ccccc1)Nc1cc(C(=O)N2CCCC2)ccc1Cl,P00533,
Cc1cc(Br)ccc1CNC(=O)c1ccc(N(C)C)cc1,P00533,
O=S(=O)(NCc1nc(-c2ccccc2)no1)N1CCCC1,P00533,
CCOC(=O)c1ccnc(C(=O)NC)c1,P00533,
CCCCN(CC)C(=O)c1nn(-c2ccc(OC)cc2)c(=O)c2ccccc12,P00533,
O=C(O)[C@@H]1CCCN(S(=O)(=O)Cc2c(Cl)cccc2Cl)C1,P00533,
Cc1cc(CC(=O)N[C@@H](c2cnc3ccccc3c2)[C@H]2C[C@@H](O)C2)on1,P00533,
COc1ccc(S(=O)(=O)Nc2ccc3c(c2)CC(=O)N3C)cc1C,P00533,
COc1cc(Br)c(CNc2cccc(Cl)c2)cc1OC,P00533,
O=C(N1CCc2nc(N3CCOCC3)[nH]c(=O)c2C1)C1(c2cccc(F)c2)CCCC1,P00533,
CCOC(=O)C1(C[C@@H]2CCCCO2)CCN(Cc2nc3ccccc3[nH]2)CC1,P00533,
COC(=O)c1cn([C@H](c2ccccc2)c2ncn(C)n2)cc2c(=O)[nH]nc1-2,P00533,
Cc1cc2ncc(-c3ccc(S(C)(=O)=O)cc3)cn2n1,P00533,
O=C(N[C@H]1CC[C@@H]1O)c1nccc2ccccc12,P00533,
CC(=O)Nc1cc(S(=O)(=O)N2CC[C@@H]3CCCC[C@@H]32)ccc1F,P00533,
COc1ccc(-c2ccc3nnc(CNC(=O)[C@@H](C)Oc4ccccc4)n3n2)cc1,P00533,
Cc1ccc(CN2C[C@@H]3[C@H](CNC(=O)c4ccccn4)[C@H]4CC[C@]3(C2)O4)cc1,P00533,
O=C(N[C@H]1CCN(Cc2ncn3ccccc23)C1)c1cnc[nH]1,P00533,
O=C(NC[C@@]1(OCCO)CCOC1)Nc1ccccc1Cl,P00533,
CCCN(CCO)C(=O)[C@H]1OCC(=O)N(C(C)C)[C@@H]1c1ccccc1,P00533,
CCOc1ccccc1NC(=O)N1CC(n2ccnc2)C1,P00533,
COc1ccccc1-c1cnn2c1N=C(O)C[C@@H]2C(=O)Nc1cccc(Cl)c1,P00533,
CC[C@H](C)NC(=O)c1nc2cc(C)c(C)cc2n(C)c1=O,P00533,
Cc1cc(C)n2nc(N(Cc3cccc(F)c3)S(=O)(=O)c3ccccc3)nc2n1,P00533,
O=C(Cc1ccccc1)N1CC[C@@H](Cn2c(=O)[nH]c3cccnc3c2=O)C1,P00533,
NC[C@@H](c1ccccc1Cl)C1(C(=O)O)CCCC1,P00533,
CCC(=O)N1CCCc2cc(NC(=O)c3ccccc3C)ccc21,P00533,
COc1ccc(C(=O)Nc2cccc(C(=O)O)c2)c(OC)c1,P00533,
Cc1cncc(C(=O)N2CC[C@]3(C(=O)Nc4ccccc43)[C@H]2c2ccc(F)cc2)c1,P00533,
CCc1cc(C(=O)NS(=O)(=O)c2cc3c(s2)CCN(c2nc(C)ns2)C3)ccc1Cl,P00533,
Cc1nnc2c(N3CCN(c4ccc(F)cc4)CC3)nc3ccccc3n12,P00533,
Cc1cc(NC(=O)[C@@H](C)OC(=O)c2sc(C)nc2-c2ccccc2)no1,P00533,
O=C(c1cn2ccccc2n1)N1CCN(C2CC2)CC1,P00533,
C[C@H](C(=O)N1CCC(n2nc(-c3cccs3)oc2=O)CC1)c1ccccc1,P00533,
COC(=O)c1cccc2c1C(F)(F)C(=O)N2,P00533,
CCN(C(=O)[C@@H](C)OC(=O)c1c(C)noc1C)[C@H]1CCS(=O)(=O)C1,P00533,
CCOC(=O)c1cccc(-c2ccc(F)c(OC)c2)n1,P00533,
O=C(c1ccc(F)c(F)c1)N1CCc2[nH]nc(C(=O)N3CCOCC3)c2C1,P00533,
CCC(CC)C(=O)Nc1nnc([C@H]2CC(=O)N(c3ccc(C)c(C)c3)C2)s1,P00533,
O=C(NC(C1CC1)C1CC1)N1CCC[C@@H]1c1ccccc1,P00533,
COc1cc(-n2cnnn2)ccc1NC(=O)[C@H]1CCCO1,P00533,
Cc1cc(NC(=O)CN(C)[C@H]2CCN(CC(F)(F)F)C2=O)no1,P00533,
COC(=O)CSc1nc(C)c(Cl)c(C)c1C#N,P00533,
CCCc1cc(C)[nH]c(=O)c1CNC(=O)c1cc(-c2ccc(N3CCN(C)CC3)nc2)cc2c1cnn2C(C)C,P00533,
O=S(=O)(Cc1ccccc1F)NCc1cccnc1,P00533,
CN(Cc1ccccc1N1CCCC1)C(=O)Cc1ccc(Cl)cc1,P00533,
COc1cccc(C(=O)N(Cc2nc3nc(C)cc(C)n3n2)c2ccccc2)c1,P00533,
COc1c(Br)cc(Cl)cc1[C@H](O)C(C)C,P00533,
CCOC(=O)c1c(C)[nH]c(C(=O)[C@H](C)Nc2cccc(NC(C)=O)c2)c1C,P00533,
Cc1sc2ncnc(SCC(=O)N3CCCC[C@H]3C(N)=O)c2c1C,P00533,
O=C(CCc1cnc2n1CCCCC2)N1CC[C@H](OCc2ccccc2)C1,P00533,
O=C(O)[C@@H]1Cc2[nH]cnc2CN1C(=O)c1ccc2c(c1)CCCO2,P00533,
COC(=O)C(C)(C)COc1cccc(CO)c1,P00533,
NCCc1nc(-c2ccc(F)cc2)c[nH]1,P00533,
Cc1cnc(CN2CCCC[C@H]2CN2CCOCC2)cn1,P00533,
NCCCN1CCC[C@H]1c1ccc(Cl)cc1,P00533,
C1COC[C@@H](c2nnc(N3CCOCC3)[nH]2)C1,P00533,
CN1CCN(C(=O)CN(c2ccc(OCc3ccccc3)cc2)S(C)(=O)=O)CC1,P00533,
Cn1c(=O)c2c(-c3ccccc3)n3c(c2n(C)c1=O)[C@H](/C=C/c1ccccc1)OCC3,P00533,
CC(=O)N(C)[C@H]1CC2(CCN(Cc3cnn(C)c3)CC2)OC[C@]1(C)O,P00533,
Cn1cnnc1Sc1ccc(CN2C[C@H]3CC[C@@H]2CN(c2ncccn2)C3)o1,P00533,
O=S(=O)(Nc1ccc(-c2cn3c(n2)SCC3)cc1)c1cccnc1,P00533,
COc1ccc([C@@H]2CN(C(=O)c3ccccc3F)C[C@@H]2C(=O)NCCC(C)C)c(OC)c1,P00533,
Cc1c(OCC(=O)Nc2cccc(Cl)c2)c(=O)ccn1C,P00533,
O=C(NCc1ccc(C(=O)O)nc1)OCC1c2ccccc2-c2ccccc21,P00533,
O=C(NCCc1ccncc1)c1cc2ccccc2c(=O)s1,P00533,
C[C@H]1CCCN(C(=O)c2ccc(CS(=O)(=O)N3CCN(C)CC3)cc2)C1,P00533,
CC[C@H](C)NC(=O)CSc1nc2ccsc2c(=O)n1-c1ccccc1Cl,P00533,
Cc1ccc([C@@]2(C)CCN(c3ccc(C(=O)O)cn3)C2)cc1,P00533,
Cc1ccc(NC(=O)Cn2cnc3sc(-c4nc(-c5ccncc5)no4)c(C)c3c2=O)cc1C,P00533,
Cc1ncn(CCNC(=O)CNS(=O)(=O)c2cccs2)c1C,P00533,
CCc1ccccc1N(C(=O)Cn1nnc2ccccc21)[C@H](C(=O)NC(C)(C)C)c1cccc(OC)c1,P00533,
COC(=O)Cc1ccccc1NC(=O)[C@@H](C)OC[C@@H]1CCCO1,P00533,
Cc1cc([C@H]2CN(C(=O)c3csc4c3CCCC4)CCO2)ccn1,P00533,
O=C(Nc1nccs1)c1ncc(-c2ccc(F)cc2)o1,P00533,
COCc1cccc(S(=O)(=O)N2CCO[C@H](COC)C2)c1,P00533,
COc1cccc(CNC(=O)N(C)Cc2snnc2C)c1OC,P00533,
CC1=NN(C(C)C)C(=O)[C@H]1CCC(=O)O,P00533,
Cc1noc(C)c1C(=O)NCc1ccc(N2CCO[C@@H](C)C2)nc1,P00533,
CCc1ccccc1NC(=O)[C@@H]1CCCCN1S(=O)(=O)c1ccc(Cl)cc1,P00533,
COc1ccc(CN2CCCO[C@H](CN3CCCC3)C2)cc1OCC(=O)O,P00533,
Cc1nnc(SCc2cc(O)nc(Nc3nc(C)c4cccc(C)c4n3)n2)s1,P00533,
Cc1nc2c(C)cccn2c1CN1C[C@@H](c2ccccn2)[C@@]2(CCCCC(=O)N2)C1,P00533,
COc1ccc(C2=NN(C(=O)CN(C)C(=O)c3ccccc3F)[C@H](c3ccc(C)cc3)C2)c(OC)c1,P00533,
COc1ccc(NC(=O)CSCC(=O)NC2CCCC2)cc1,P00533,
O=c1c2ncccc2ncn1CCNc1cccnc1,P00533,
COc1ccc(S(=O)(=O)N2CCC[C@H](COc3cc(C#N)ccn3)C2)cc1Cl,P00533,
COc1cccc(CNc2nc3c([nH]2)c(=O)n(C)c(=O)n3C)c1,P00533,
CCOC(=O)c1c(S(=O)(=O)N2CCC[C@H](C(=O)Nc3ccc4c(c3)OCO4)C2)c(C)n(CC)c1C,P00533,
C[C@H](NC(=O)c1ccc(Cl)cc1F)c1ccccc1C(F)(F)F,P00533,
O=C(CSc1ccc(F)cc1)N1CCN(CC(F)(F)F)CC1,P00533,
CCOc1ccc2nc(NC3=NCC(=O)N3)nc(C)c2c1,P00533,
COc1ccccc1NC(=O)Nc1nc(CC(=O)Nc2cc(Cl)ccc2C)cs1,P00533,
NS(=O)(=O)c1ccc(F)c(C(=O)NCc2ccc3[nH]ccc3c2)c1,P00533,
Cc1n[nH]c(C)c1CCC(=O)N1CCC(n2nnc3ccsc3c2=O)CC1,P00533,
CCn1c(C)c(C(=O)CN(Cc2ccco2)C(=O)C(C)C)c(C)c1C(=O)OC,P00533,
O=C(CCc1ccccc1)N1CCN(c2ccnc(N3CCCC3)n2)CC1,P00533,
C[C@H](Oc1ccc(Cl)cc1)C(=O)Nc1cccc(Br)c1,P00533,
CC(C)(C)c1ccc(S(=O)(=O)Cc2ccc(-c3csnn3)cc2)cc1,P00533,
CCN(CC)C(=O)C[C@@H]1CC2(CCN(Cc3csc(C)n3)CC2)c2ccccc21,P00533,
CNc1nc(C2(c3ccccc3)CCN(C(=O)[C@@H]3CCC(=O)N3)CC2)cs1,P00533,
CN(C)c1nc2c(c(NC[C@@H]3CCCN(S(C)(=O)=O)C3)n1)CCNC2,P00533,
COc1cc(OC)cc([C@H](C2CCOCC2)N2CCNCC2)c1,P00533,
C[C@@H](NC(=O)c1cccc(Cl)c1Cl)C(=O)N1CCC[C@@H](C(=O)O)C1,P00533,
CNc1nc(C2CCN(C(C)=O)CC2)nc2c1CN(C(=O)Cc1cccc(OC)c1)CC2,P00533,
Cc1cc(C)c(NC(=O)CSc2nnc(-c3nc(-c4ccc(F)cc4)no3)n2C)c(C)c1,P00533,
Cc1cc(C)c(C(N)=O)c(Nc2cc(Cl)ccc2Cl)n1,P00533,
C[C@@H](Oc1ccccc1F)C(=O)NCc1nc(N(C)C)nc(N2CCCC2)n1,P00533,
CS(=O)(=O)c1cccc(-c2ccc(O)c(C#N)c2)c1,P00533,
CC(C)NC(=O)N1CCC[C@H]1C(=O)N[C@H]1CCCOc2cc(F)ccc21,P00533,
COc1cccc(C(=O)N2CCN(c3ncnc4c(C)nn(C)c34)CC2)c1,P00533,
COc1ccc(NC(=O)N2CCC[C@@H]2c2cccc(C)c2)c(OC)c1,P00533,
CCN(CCN(C)C)C(=O)Cc1c(C)[nH]c2cc(C)cc(C)c12,P00533,
N#Cc1cccc(CN2CCC3(CC2)CN(c2ncccn2)C[C@@H]3CO)c1,P00533,
Cc1c(C(=O)NCc2c(F)cccc2C(F)(F)F)ccn1C,P00533,
Cc1ccccc1[C@H](C)NC(=O)Cn1ccc2c(F)cccc21,P00533,
C[C@@H]1CCN(C(=O)NCc2ccc(Br)cc2)C[C@H]1O,P00533,
CC[C@H]1C(=O)NCCN1C/C=C/c1ccccn1,P00533,
COc1ccccc1CCNC(=O)c1cc(-c2ccccc2)nc2ccccc12,P00533,
Cc1ccc([C@@H](CNC(=O)c2cc(=O)c3cc(Cl)ccc3o2)N(C)C)o1,P00533,
Cc1nc2ccccc2n1[C@H]1COC[C@H]1O,P00533,
Cc1nc(C)c(C(=O)N2CCC[C@@H](CNC(=O)c3cn4ccccc4n3)C2)o1,P00533,
CSc1nc2sc(C)c(C)c2c(=O)n1C,P00533,
CN1CC(=O)N(c2cccc(F)c2)C[C@]12CCN(C(=O)c1cnccn1)C2,P00533,
CC[C@@H](C)NS(=O)(=O)c1ccc2c(c1)C[C@H](C)N2C(=O)C1CC1,P00533,
O=C1CCCC[C@@H]2N[C@@H](Cc3ccccc3F)C[C@@H]2N1,P00533,
CCOc1ccc(NS(=O)(=O)c2cccc(C(=O)Nc3nccs3)c2)cc1Br,P00533,
CCS(=O)(=O)N1CCCc2ccc(NC(=O)Cc3ccc(-c4ccccc4)cc3)cc21,P00533,
CC(=O)N1CCC[C@H](c2cncc(-c3cc[nH]n3)n2)C1,P00533,
CC1(C)CC(NCc2nccn2CC(F)(F)F)CC(C)(C)N1,P00533,
COc1ccc([C@H]2SCC(=O)Nc3[nH]nc(C)c32)c(OC)c1,P00533,
COc1cc([C@H]2CC(=O)Nc3nc(N)sc32)cc(OC)c1OC,P00533,
CCCCc1nc(CN2CCNC(=O)[C@H]2CC)no1,P00533,
C[C@H](Oc1ccc(Br)cc1)C(=O)N1CC[C@H](CN)C1,P00533,
Cc1cc(-c2cccc(C(F)(F)F)c2)ccc1C(=O)O,P00533,
COc1ccc(NC(=O)c2ccc3sc(C)nc3c2)nc1,P00533,
Nc1c(-c2nc(-c3ccc(F)cc3)cs2)nnn1-c1ccccc1,P00533,
Cc1ccc(C)c(CC(=O)Nc2ccccc2C)c1,P00533,
NC[C@H]1CN(C(=O)CCSc2ncnc3[nH]cnc23)CC12CCC2,P00533,
O=C(O)Cc1ccc(-c2cn(C[C@@H]3COc4ccccc4O3)nn2)cc1,P00533,
COc1c(C)cc(C(=O)NCc2nnc3n2CCCCC3)cc1C,P00533,
O=C(Cc1n[nH]c2ccccc12)NC1(c2ncon2)CCOCC1,P00533,
O=C(NCC(=O)N1CCCC1)c1cccn1C1CC1,P00533,
COc1ccc(CC(=O)N[C@@H]2CCCc3ccccc32)cc1OC,P00533,
O=C(C[C@H]1CCCO1)Nc1ccc(OCc2ccccn2)c(F)c1,P00533,
Cc1cccc(CC(=O)N2CCCC[C@H]2CSC(C)(C)C)c1,P00533,
O=C(O)C[C@@H]1CS(=O)(=O)c2ccccc21,P00533,
Cc1nc2ccc(C(=O)NCc3cccc(-c4ccccc4)c3)cc2nc1C,P00533,
O=C(c1nc2ccc(Cl)cn2c1CNC[C@@H]1CCCO1)N1CCCCCCC1,P00533,
C[C@H]1CNCC[C@]1(C)c1cccc(O)c1,P00533,
COC[C@@H](O)C(=O)NCC1(C(=O)O)CCCCC1,P00533,
C[C@H](C(=O)O)N1C(=O)c2cccc3cccc1c23,P00533,
Nc1cccc([C@@H]2CN(Cc3cc[nH]n3)CCO2)n1,P00533,
COCCN1C(=O)c2ccccc2[C@H](C(=O)N2CCN(c3cc(C)ccc3C)CC2)[C@@H]1c1cccs1,P00533,
COc1ccc(NC(=O)c2c3c(cn(-c4ccccc4)c2=O)C(=O)CC(C)(C)C3)cc1Cl,P00533,
COc1ccc([C@@H]2CCN(Cc3ncccc3O)C2)cc1,P00533,
COc1ccc(-n2nc(N3CCN(C(=O)Cc4ccc(OC)c(OC)c4)CC3)ccc2=O)cc1,P00533,
O=C(Cn1cccn1)N1C[C@H](O)C[C@@H]1c1cc(F)ccc1F,P00533,
C[C@@H](C(=O)Nc1cccc(Cl)c1SC(F)F)S(C)(=O)=O,P00533,
COC(=O)c1cc(OC)cc(-c2cc(C)ccc2F)c1,P00533,
Cc1cc(C(=O)N2CCO[C@H](CC(=O)O)C2)c2c(C)noc2n1,P00533,
CSc1ncc(C(=O)NC[C@H]2CCOc3ccccc3C2)cn1,P00533,
C[C@H](O)CNc1nc2sc3c(c2c2ncnn12)CCCC3,P00533,
N#CC1(NS(=O)(=O)c2ccc(Oc3cccc(F)c3)cc2)CC1,P00533,
O=c1ccc(O)nn1CN1CCN(Cc2ccccc2)CC1,P00533,
COC(=O)c1cc(NC(=O)CS[C@H](C)C(=O)Nc2cc(C)on2)c(F)cc1F,P00533,
O=C(Cc1ccc(NC(=O)c2cccs2)cc1)NCc1cccs1,P00533,
CC(C)Cc1nc2c(c(N3CCC4(CCCO4)CC3)n1)CCNC2=O,P00533,
O=C(NCc1nnc2c(=O)[nH]ccn12)c1ccc(Br)o1,P00533,
CNC(=O)c1cc(S(=O)(=O)Nc2cc(C)on2)cs1,P00533,
CCc1c(C)nc2cc([C@H]3CCCN3C(=O)c3cc(OC)c(OC)c(OC)c3)nn2c1O,P00533,
Cc1noc([C@@H]2CN(C(=O)c3ccc(C)c(F)c3)CCCN2CC(C)C)n1,P00533,
Cc1ccc(O)c(-c2cc(F)ccc2F)c1,P00533,
CCCCN(C)c1ccc(C(F)(F)F)cc1C(=O)O,P00533,
C[C@@H](CCc1ccccc1)NC(=O)c1cc(N)c(=O)n2c1CCCC2,P00533,
Cn1cc(C(=O)N2CCC[C@H]2c2nc3ccccc3n2C)c(=O)[nH]c1=O,P00533,
Cc1ccc(NC(=O)Cn2cnc3c(cnn3-c3ccc(C)cc3C)c2=O)c(C)c1,P00533,
CC(=O)N1Cc2cn(CC3CC3)nc2[C@@H](COCC2CC2)C1,P00533,
CN1C(=O)C[C@H](c2ccncc2)C12CCN(C(=O)c1ccc[nH]1)CC2,P00533,
Cn1ccnc1[C@@H]1CCN(c2cc(C(F)(F)F)nc3ncnn23)C1,P00533,
Cc1cccc(-c2cn([C@@H]3C[C@@H]4CN(C(=O)CO)C[C@@H]4C[C@H]3OCC3CC3)nn2)n1,P00533,
O=C(N[C@H](Cc1ccccc1)Cc1ccc(F)cc1)c1cccs1,P00533,
NC(=O)c1ccc(NC(=O)c2cc(-c3ccccc3)on2)cc1,P00533,
Cc1nnc2ncc(-c3ccc([C@@H]4CNC(=O)C4)cc3)cn12,P00533,
Nn1cc(-c2ccccc2)nc1SCC(=O)NCc1cccs1,P00533,
Cc1ncc(C(=O)NC[C@@H]2CC(=O)N(c3ccccc3)C2)c(-c2ccccc2)n1,P00533,
O=C(NCCn1c(C(F)(F)F)nc2ccccc21)c1ccc(Br)o1,P00533,
CNCCc1cc(Cl)c2c(c1)OCCCO2,P00533,
CCOc1ncc(C(=O)NC[C@@H]2CCN2C(=O)[C@H]2CCN(c3ccncc3)C2)cn1,P00533,
C[C@@]1(C(=O)NC2CCCC2)Cn2c(cc3ccccc32)C(=O)N1c1ccc(F)cc1,P00533,
COc1cccc(C(=O)Nc2nc3ccc(NC(C)=O)cc3s2)c1OC,P00533,
O=C(N[C@@H](Cc1cccc(Br)c1)C(=O)O)OCC1c2ccccc2-c2ccccc21,P00533,
CCc1ccc2[nH]c(=O)c(CN(CCO)S(=O)(=O)c3ccc(F)cc3)cc2c1,P00533,
O=C(Cc1ccccc1Br)c1ccccc1C(F)(F)F,P00533,
COc1ccc(-c2c3c(=O)n(C)c(=O)n(C)c3c3n2N=C(c2ccccc2)C[C@@H]3c2ccccc2)cc1,P00533,
Cc1cccc(CC(=O)Nc2cc(C)ccc2C)c1,P00533,
O=c1[nH]c2ccc(NS(=O)(=O)c3cccs3)cc2s1,P00533,
CC(=O)NCc1ccc(C(=O)OCc2nc3ccccc3o2)cc1,P00533,
Cc1cn(C)c([C@@H]2CN(C(=O)CCOc3ccccc3F)CCO2)n1,P00533,
Cn1nnc2c1C[C@@H](C(=O)N(c1ccccc1)C1Cc3ccccc3C1)CC2,P00533,
Fc1cc(F)c([C@H]2CCCN2)c(F)c1,P00533,
CC(=O)C[C@@H](C)C(=O)N1CCc2ccc(NC(=O)CCc3ccc(C)cc3)cc2C1,P00533,
CSc1ccc(C(=O)N[C@@H]2C[C@H]3CO[C@H](C4CC4)CN3C2)cc1,P00533,
CN[C@@H]1CCc2cc(OC)c(OC)cc21,P00533,
Cc1ccc(-c2nc(C(=O)Nc3nc4ccccc4[nH]3)cs2)o1,P00533,
C[C@@H]1CN(C(=O)COc2ccccc2OC(=O)N(C)C)C[C@H](C)O1,P00533,
COc1cccc(NC(=O)c2c(C)ccc(Br)c2C)c1C,P00533,
O=C(Nc1cccs1)N1CC[C@@H](Oc2ccncn2)C1,P00533,
Cc1cccc([C@@H](C)NC(=O)[C@H]2CCCOC2)c1,P00533,
O=C(CCc1c[nH]c2ccccc12)N[C@@H](CO)Cc1nccs1,P00533,
CC[C@@H](Oc1ccccc1C)C(=O)N(C)Cc1nc(-c2cccs2)no1,P00533,
CC(C)N[C@@H](CN1CCCCC1)c1ccccc1,P00533,
O=C(O)CC1=C(c2ccc(-c3ccc([C@@H]4CNC(=O)C4)cc3)cc2)CCC1=O,P00533,
O=C(NCc1cccnc1)c1nccs1,P00533,
Cc1nnc(NC(=O)N2Cc3ccccc3N(C)C[C@H]2C)s1,P00533,
CN(C[C@H](O)C1CC1)c1ncnc2c1cnn2-c1ccccc1,P00533,
Cc1ccc2cccc(OCc3ccc(S(=O)(=O)N(C)C)o3)c2n1,P00533,
O=c1n(Cc2cccs2)c2cccnc2n1CN1CCC(N2CCCCC2)CC1,P00533,
CN(C)c1nccnc1NCc1cc(C2CC2)on1,P00533,
COC(=O)[C@@H]1CCCN([C@H]2CCN(C(=O)OC(C)(C)C)C2)C1,P00533,
CC[C@@H](C)NC(=O)c1ccc(NC(=O)[C@@H]2COc3ccccc3O2)cc1,P00533,
CSc1ncc(C(=O)Nc2ccc(C(C)C)cc2)c(C)n1,P00533,
COCC(=O)NC1(c2nnnn2-c2cccc(C)c2)CCCCC1,P00533,
COc1ccc([C@H]2CC(c3ccccc3)=NN2C(=O)CN2C(=O)c3ccccc3S2(=O)=O)cc1,P00533,
O=C(N[C@@H](Cc1ccccc1)[C@H]1C[C@H](O)C1)c1ccc2c(c1)CCO2,P00533,
O=C(NCC[C@H](O)c1ccc2c(c1)OCO2)NCc1ccc(Cl)cc1,P00533,
CN1CC[C@H](Cc2cnc(-c3cccc(C(=O)O)c3)cn2)C1,P00533,
Cc1nccn1CCN(C)Cc1cccc(OCc2ccccn2)c1,P00533,
CCC(=O)NCC1CCC(c2nc3ccccc3[nH]2)CC1,P00533,
COCc1noc([C@H](C)N2CCC[C@@H](c3nc4cc(C)ccc4[nH]3)C2)n1,P00533,
Cc1ccc(CN(C)CC(=O)N2c3ccccc3NC(=O)C[C@@H]2C)c(C)c1,P00533,
Cc1cc(Br)cc(C)c1S(=O)(=O)N1CCN(CCO)CC1,P00533,
Cc1ncsc1CCOc1cccc(CN(C[C@@H]2CCCO2)C(=O)c2cccnc2)c1,P00533,
FC(F)(F)c1ccnc(CCNc2ncnc3c2COCC3)n1,P00533,
COc1cccc(NC(=O)c2cccc(NS(C)(=O)=O)c2)c1,P00533,
CCC(C)(C)[C@@H]1CCc2c(sc(NC(=O)c3ccncc3)c2C(N)=O)C1,P00533,
CCn1cnc(S(=O)(=O)N2CCC[C@H](C(=O)Nc3cccc(C(F)(F)F)c3)C2)c1,P00533,
CN(C)c1ncc(NS(=O)(=O)c2ccccc2F)c(N(C)C)n1,P00533,
CCCOc1c(F)cc(F)cc1CCO,P00533,
N#Cc1cccnc1N1CCN([C@@H](C(=O)O)c2cn(CCC(=O)O)c3cc(F)ccc23)CC1,P00533,
CN(C)[C@@H]1CCCN(Cc2cc(-c3cnccn3)ccc2OCC(=O)O)C1,P00533,
Cc1ccc(-c2cnnc(-n3nc(C)c4c3NC(=O)C[C@H]4c3ccc(O)cc3)n2)cc1,P00533,
C[C@H]1CO[C@H](C(=O)O)CN1C(=O)OCC1c2ccccc2-c2ccccc21,P00533,
Cc1cc(C)n2nc(SC[C@H]3COC(=O)N3)nc2n1,P00533,
Cc1ccccc1CC[C@H]1CCCN(C(=O)CN2CCOC2=O)C1,P00533,
Cn1cc(-c2cnc(OC3CCN(C(=O)c4ncc(F)cc4F)CC3)nc2)cn1,P00533,
C[C@@H](NC(=O)c1ccc2nnn(C)c2c1)c1cccc(C(F)(F)F)c1,P00533,
COc1ccc(F)c(CN2CC(c3nc4ccccc4[nH]3)C2)c1F,P00533,
O=C(NCC[C@H](O)c1cccc(Cl)c1)Nc1ccc2c(c1)OCO2,P00533,
O=C(Nc1ccccc1C(=O)NCc1ccco1)c1ccc(NS(=O)(=O)c2ccccc2)cc1,P00533,
O=C1CCc2cccc(-c3cccnc3)c21,P00533,
Cc1ccc(C)c(Cn2nc3n(c2=O)CCC[C@@H]3C(=O)NCCC2CCN(C)CC2)c1,P00533,
CCNC(=O)N(Cc1cnc(S(=O)(=O)Cc2ccccc2F)n1C[C@@H]1CCCO1)C(C)C,P00533,
Cc1ccc(C(=O)NCc2cccnc2N2CCOCC2)s1,P00533,
N[C@@H](COC1CCOCC1)C(=O)N1CC[C@H](Oc2ccccc2Cl)C1,P00533,
C[C@H](Oc1ccc(F)cc1)C(=O)Nc1nc(-c2ccc(S(=O)(=O)N3CCOCC3)cc2)cs1,P00533,
Cc1ccc(C(C)(C)C)c(OCCn2ccnc2)c1,P00533,
C[C@@H](CNC(=O)CCc1nnc2ccc(NCc3ccccc3Cl)nn12)c1ccccc1,P00533,
Cc1ccc(NC(=O)CSc2nc(-c3ccc(F)cc3)nc3cc(=O)[nH]n23)cc1,P00533,
COc1ccc(C(=O)NCc2nnc(SCC(=O)Nc3cc(OC)ccc3OC)o2)cc1,P00533,
CN(C)C(=O)[C@@]1(C)CCCN(Cc2ccncc2)C1,P00533,
Cn1cc(Cl)c(C(=O)Nc2cccc(OCc3ccccc3)c2)n1,P00533,
COc1ccc(O)c(-c2ccc3c(O)nc(=O)n(C[C@@H]4CCCO4)c3n2)c1,P00533,
CCOc1ccc([C@H]2c3c(C)nn(-c4ccccc4)c3NC(=O)[C@H]2NC(=O)c2ccccc2)cc1,P00533,
CN1CCN2CCN(Cc3ccccc3Cn3cccn3)C[C@H]2C1,P00533,
Cc1ccc(S(=O)(=O)N2CCC(c3nc(-c4cccs4)no3)CC2)cc1,P00533,
O=C(Cc1csc(COc2ccccc2)n1)N1CCCC[C@@H]1c1ncc[nH]1,P00533,
COc1cc(F)c(CNC(=O)c2ccc3nccn3c2)c(F)c1,P00533,
Cc1ccc(Cn2c(=O)c3ccc(C(=O)NC(C)C)cc3n3c(SCc4cccc(F)c4)nnc23)cc1,P00533,
CN(CC(=O)NCc1ccncc1)S(=O)(=O)c1ccc2ccccc2c1,P00533,
CC(=O)OCc1cnc(C)c2oc(=O)c(C(=O)Nc3cccc4ccccc34)cc12,P00533,
Cc1cccn2c(CNC(=O)C[C@@H](c3ccccc3)c3ccccn3)cnc12,P00533,
O=c1c2sccc2n(Cc2cc(F)ccc2F)c(=O)n1-c1ccccc1,P00533,
Cc1nn(C)c2cnn(Cc3ccc(C(=O)NCC4CC4)o3)c12,P00533,
COc1ccc(-c2noc(CN(C(=O)Cc3ccccc3)C3CCCCC3)n2)cc1OC,P00533,
OCCOC1(CNc2c(F)cncc2Cl)CCOCC1,P00533,
Cc1ccc(C)c(NC(=O)[C@H](C)Sc2nnnn2C)c1,P00533,
CO[C@@H]1CC[C@H]1CC(=O)N1CCC(C(=O)O)(c2ccccc2)CC1,P00533,
Cc1nc(C)c(S(=O)(=O)NC(=O)COc2cccc(F)c2)s1,P00533,
O=C(NC[C@@H]1CCCN(C(=O)c2cccc3c2OCCO3)C1)c1ccsc1,P00533,
O=C(NCCc1ccccc1)c1ccc(CSc2cnn[nH]2)cc1,P00533,
Cc1nccc(N2CCN(c3cc(Cl)ccc3C)CC2)n1,P00533,
CCN1C(=O)[C@@H](c2ccccc2)CC12CCN(CCO)CC2,P00533,
N[C@@H](c1cc(C(F)(F)F)ccc1Cl)[C@H](O)C1CC1,P00533,
Cc1nn(-c2cccc(F)c2)c(C)c1NC(=O)N1CCCC[C@H]1c1cc[nH]n1,P00533,
CNC(=O)[C@@H]1CN(Cc2ccccc2)CCN1CC(=O)Nc1cc(C)ccc1OC,P00533,
CCN1C[C@H](NC(=O)c2coc3c(C)cccc23)CC1=O,P00533,
CC(C)CCn1c(SCC(=O)N2CCCC2=O)nc2ccccc2c1=O,P00533,
COc1c(F)ccc(F)c1C(=O)NCC[C@H](O)C(C)C,P00533,
CCc1c(NC(=O)[C@@H]2CC(=O)N(C)C2)cnn1-c1cccc(Cl)c1,P00533,
CCn1nc(CN2CCC(NC(=O)c3cccc(OC)c3)CC2)c2c1CCOC2,P00533,
COCCn1c(C(=O)NCc2cccnc2)cc2cc(Cl)ccc21,P00533,
CC(C)n1cnc2cc(C(=O)N3CCC(O)(c4cccnc4)CC3)cnc21,P00533,
O=C(Cn1ccc2c(Br)cccc21)N[C@H]1CCS(=O)(=O)C1,P00533,
CC(C)Cc1ccc(C(=O)N2CCC[C@@]3(C(=O)NC4CC4)CCN(C)C[C@H]23)cc1,P00533,
COc1ccc(N(C(=O)Cn2nnc3ccccc32)[C@@H](C(=O)NC2CCCCC2)c2ccc(O)cc2)cc1OC,P00533,
CS[C@@H](C)C(=O)N1CCC=C(F)C1,P00533,
Cc1ccc(S(=O)(=O)NC(=O)Nc2ccccc2-c2ccccc2)cc1,P00533,
Cc1nc(CNC(=O)[C@H]2CCn3nccc3C2)nc2c1CCCC2,P00533,
CC(C)C(=O)Nc1nc(CC(=O)OCC(=O)N2CCC[C@@H](C)C2)cs1,P00533,
CCN(CC)S(=O)(=O)c1cccc(NC(=O)CCNC(C)=O)c1,P00533,
Cc1ccc(F)c(N2CCN(C(=O)c3ccco3)[C@@H](C)C2=O)c1,P00533,
COCCC(=O)N1CCC(C2CCN(Cc3cccc(C#N)c3)CC2)CC1,P00533,
Cc1cccc2nc(C(=O)N[C@@H](c3cnn(C)c3)[C@H]3C[C@@H](O)C3)cn12,P00533,
COc1ccccc1N1C[C@@H](C(=O)Nc2cc(Cl)ccc2C)CC1=O,P00533,
Cc1ccc(OCc2c(C(=O)N3CCCC[C@@H]3c3nncn3C)noc2C)cc1,P00533,
CCOC(=O)c1cc(Cl)c(NC(=O)c2sc(C)nc2C)cc1OC,P00533,
COc1ccccc1N1CCN(C(=O)c2nc(CCc3ccccc3)n(-c3ccccc3C)n2)CC1,P00533,
O=C(Cc1csc(COc2ccccc2)n1)N1CCC[C@H]1c1ccncc1,P00533,
CCS(=O)(=O)N1CC[C@@H](Oc2ncc(F)cn2)C1,P00533,
Cc1oncc1C(=O)N1CC[C@@H]2OCCC[C@@]2(COCC2CC2)C1,P00533,
Cc1cc(C)n(CCN[C@H](C)c2ccc(-n3cc(C(N)=O)nn3)cc2)n1,P00533,
Cc1ncsc1C(=O)N1C[C@@H]2C[C@H](C1)c1ccc(CN3CCCC3)c(=O)n1C2,P00533,
Cc1ccc(S(=O)(=O)NC[C@@H]2CCS(=O)(=O)C2)s1,P00533,
O=C(Cn1c(=O)oc2cc(Cl)ccc21)N1C[C@@H](c2nncn2C2CC2)C2(CCCC2)C1,P00533,
Cc1cccc(C)c1NC(=O)c1cnoc1C,P00533,
C[C@@H]1CCc2sc3c(c2C1)c1ncnn1c(=O)n3CC(=O)c1ccc(Br)cc1,P00533,
COCCn1ccc2c(C(=O)Nc3c(C)nn(C)c3C)cccc21,P00533,
COc1ccc(C[C@H](C#N)C(=O)Nc2cccc(C)c2)c(OC)c1,P00533,
CC[C@@H](C(=O)N1CCN(c2ccccc2F)CC1)n1nc(C)n2c(cc3occc32)c1=O,P00533,
O=C(N[C@H]1CCCOc2c(F)cccc21)c1c[nH]nc1-c1ccsc1,P00533,
O=C(CSc1nnc(-c2cccs2)n1C1CC1)N1CCN(c2ccccc2)CC1,P00533,
Cc1nn(C)c(Cl)c1CSCc1nnc(-c2ccccc2)o1,P00533,
COc1ccc(NC(=O)c2cc(S(=O)(=O)N3CCc4ccccc43)cn2C)c(OC)c1,P00533,
CCn1cnc2c(Nc3ccc(C)cc3)nc(NCCN)nc21,P00533,
Cc1cccc(CCN2CCC[C@@H](CNC(=O)c3sccc3Cl)C2)n1,P00533,
CC(C)(C)OC(=O)N1CCC(n2nccc2Br)CC1,P00533,
COC(=O)[C@@H]1CN(Cc2ccccc2)C[C@@H]1C,P00533,
Cc1cc(S(=O)(=O)[C@@H](CNS(C)(=O)=O)c2cccnc2)ccc1F,P00533,
O=C(Cc1ccccc1Cl)N1C[C@@H]2CN(C(=O)CC3CCCCC3)C[C@@]2(CO)C1,P00533,
COCCN1CCC2(CC1)CN(C(=O)N(C)C)c1ccc(C)cc12,P00533,
O=C(NCCc1ccc(F)cc1)c1cc(=O)c(OCc2ccc(F)cc2)co1,P00533,
CC(C)(C)OC(=O)N1CCC(C)(C)[C@H](N)C1,P00533,
CN1CC[C@]2(CCC1=O)C[C@H](NC(=O)c1ccc3c(c1)OCO3)c1ccccc1O2,P00533,
CCC(=O)Nc1nonc1-c1nc2ccccc2n1Cc1cccc2ccccc12,P00533,
CCOc1ccc(-c2cc(NC(=O)Cc3cn(C)nc3C)[nH]n2)cc1,P00533,
Cc1noc(C[C@@H]2C(=O)NCCN2CCCc2ccccc2)n1,P00533,
O=C(NC[C@@H]1CCOC1)N1CCc2ccccc21,P00533,
COCc1ccc(NC(=O)c2c(C)ccn(-c3ccc(F)cc3)c2=O)cc1,P00533,
CCOc1ccc(NC(=O)NCCn2nnc3cc(S(=O)(=O)N(C)C)ccc32)cc1,P00533,
CC(C)Oc1ccc2c(c1)CC[C@H]2NS(=O)(=O)c1ccc(N(C)C[C@@H]2CCC(=O)N2)cc1Cl,P00533,
O=C(Nc1nc(CCC(=O)N2CCc3ccccc32)cs1)c1cccs1,P00533,
Cc1cc2c(cc1C(=O)N[C@H]1CCCc3ccccc31)OCCCO2,P00533,
Nc1cc(N2CCC3(CC2)C[C@@H](Cn2cnc4ccccc42)OC3=O)ncn1,P00533,
CCn1cc2cc(NC(=O)Cc3ccc(Cl)cc3OC)ccc2n1,P00533,
CC(C)n1ncc2c1CCC[C@H]2Nc1cnn2c1OCC(C)(C)C2,P00533,
Cc1ccc(C(=O)OC[C@@H]2CCCCS2(=O)=O)c(Cl)c1,P00533,
N#Cc1ccc(NCCC(c2ccccc2)c2ccccc2)nn1,P00533,
Cc1c(C(=O)NC[C@H](C)c2ccccc2)sc2ncnc(NCc3ccco3)c12,P00533,
Cc1ccc2c(c1)[C@H](CCC(=O)O)CN2C(=O)[C@@H]1Cc2cccnc2C1,P00533,
Cc1cn(CC(=O)N(Cc2ccccn2)C[C@H]2CCCO2)c(=O)[nH]c1=O,P00533,
CC[C@@H](Sc1nnc(C2CCNCC2)n1C)C(=O)NC(C)(C)C,P00533,
CN(CCc1ccccc1)c1cnn(Cc2noc([C@H]3CCCO3)n2)c(=O)c1,P00533,
CCOC(=O)[C@H]1CCCN1Cc1ccccc1,P00533,
Cc1ccc(NC(=O)[C@H]2CCCN(c3nnc(-n4c(C)ccc4C)s3)C2)cc1C,P00533,
CC(C)NC(=O)N1CCC[C@H]1c1noc(CCC(=O)NCc2cc(F)cc(F)c2)n1,P00533,
Clc1cnc(NCc2n[nH]c3c2CCCCC3)nc1,P00533,
COc1cccc([C@@H](CNC(=O)c2cc(-c3ccccc3)on2)N2CCOCC2)c1,P00533,
COc1cc(N2CCN(C)CC2)ccc1NC(=O)Cc1ccc(SC)cc1,P00533,
CSCC[C@@](C)(O)CNC(=O)Nc1ccccc1C,P00533,
COCc1n[nH]c(NC(=O)c2ccnc(OC)c2)c1-c1ccccc1,P00533,
Cn1c(C(=O)NCc2ccc(F)cc2)c(N2CCCC2=O)c2cc(F)ccc21,P00533,
O=C(c1c(Cl)cncc1Cl)N1C[C@H](c2ccccc2)[C@@](F)(CO)C1,P00533,
CSc1ccc2ncnc(N3Cc4ccccc4OC[C@@H]3C)c2c1,P00533,
CSCC[C@H](NC(=O)c1cc(-c2ccccn2)[nH]n1)c1nnc2ccccn12,P00533,
Cc1nn(C)cc1C[C@H](NC(=O)c1cnn2ncccc12)C(=O)O,P00533,
COCCN1C[C@H](NC(=O)c2cc(=O)c3ccc(C)cc3o2)CC1=O,P00533,
CC[C@@H](C)Cc1nc(-c2cccs2)nn1CC,P00533,
CCOc1ccc(NC(=O)N(C)Cc2nc3ccc(F)cc3[nH]2)cc1,P00533,
COc1ccccc1[C@@H](NC(=O)N1CCNC(=O)C1)c1ccccc1,P00533,
CCn1nc(C)c(CC(=O)NC[C@@H]2CCN(c3ccccc3)S2(=O)=O)c1C,P00533,
C[C@H]1CCNCCN1Cc1ccccc1,P00533,
COCc1nc(C(=O)N2CCOC[C@@H]2C(=O)O)cs1,P00533,
Cc1ccccc1OCC(=O)Nc1cccn2nc(-c3cccnc3)nc12,P00533,
COc1ccccc1NC(=O)[C@H]1CCCN(c2ccc(C)nn2)C1,P00533,
Cc1nc2ccccn2c(=O)c1NC(=O)COc1ccccc1,P00533,
C[C@@H](Sc1nncn1C)C(=O)N1CCC[C@H](c2ccccc2)CC1,P00533,
CC(C)(C)CN1CCN(Cc2ccc(CN3CCCC3)s2)C[C@H]1CCO,P00533,
O=C(Nc1ccc2c(c1)OCCO2)c1ccc(C2CCCCC2)cc1,P00533,
O=C(Nc1cccnc1)[C@@H]1CCCN(c2cc(-n3cccn3)ncn2)C1,P00533,
O=C1COC(=O)N1C1CN(S(=O)(=O)c2ccc(F)c(Cl)c2)C1,P00533,
Cc1cccc([C@H](CNC(=O)c2nn(-c3ccccc3F)cc2C)C(=O)O)c1,P00533,
CC(C)CN(Cc1cnc(S(=O)(=O)Cc2ccccc2)n1Cc1ccccc1)C(=O)NC(C)(C)C,P00533,
C[C@@H](CCc1ccccc1)NC(=O)C1CCN(S(=O)(=O)N2CCCC2)CC1,P00533,
COc1ccc2cc(CNc3ccccc3C)c(=O)[nH]c2c1,P00533,
COc1ccc(NC(=O)Cn2c(C)nc3c(c2=O)CN(Cc2ccccc2)CC3)cc1,P00533,
O=C(CNCc1cccc(Cl)c1)N1CCc2ccccc2C1,P00533,
COc1ccc(CN2CCO[C@H](c3n[nH]c(C)n3)C2)c(Cl)c1OC,P00533,
CN(C)c1nccc(N[C@@H]2CCN(c3ccc(F)cc3C#N)C2)n1,P00533,
CCn1nc(C)c(C(=O)N2CCCC[C@H]2c2nc3ccccc3[nH]2)c1C,P00533,
Cn1cc(CC(=O)N2CCC[C@@H](Oc3ccncc3)C2)c2ccccc21,P00533,
Cn1nnc2ccc(-c3cccc(F)c3)cc21,P00533,
Cc1cc([C@@H]2CCCN2C(=O)[C@H](C)n2nc(C)cc2C)on1,P00533,
CC(C)n1ncc2cc(NC(=O)c3ccc(Br)cc3F)cnc21,P00533,
COc1cn(CC(=O)N2CCOCC2)c(CN2CCc3ccccc3C2)cc1=O,P00533,
COc1cccc(-c2cc(C(=O)N3CC(N4CCOCC4)C3)[nH]n2)c1,P00533,
O=C(NC[C@H]1CCOCO1)c1ccc(CCC(F)(F)F)cc1,P00533,
CC(C)N(C)S(=O)(=O)c1ccc(CNC(=O)c2cccc3c2O[C@H](C)C(=O)N3)cc1,P00533,
Cc1cc(-c2nccn2[C@H]2C[C@H]3CO[C@@H](CCO)CN3C2)cc(C)c1O,P00533,
C[C@@H](Cc1ccccc1)N[C@@H](C)Cc1ccccc1,P00533,
O=C(Cc1cc(Cl)ccc1F)N[C@@H]1CCCN(Cc2ccccc2)C1,P00533,
N#Cc1ccc(OCCn2c(-c3cnccn3)noc2=O)cc1,P00533,
Cc1cccc(CNC(=O)[C@H]2CCCN(S(=O)(=O)N(C)C)C2)c1,P00533,
CC(=O)c1cccc(Nc2ncnc3c2cnn3-c2ccc(C)cc2C)c1,P00533,
Cn1c([C@@H]2[C@H](C3CC3)CCN2C(=O)Cc2ccc(-n3ccnc3)cc2)n[nH]c1=O,P00533,
CCc1nc2ncc(-c3ccnc(N4CCC(C)CC4)n3)c(C)n2n1,P00533,
Cc1c(F)cccc1NC(=O)Nc1ccc2c(c1)OCCO2,P00533,
Cc1ccnc([C@@H]2CCN(C(=O)COc3cccc(F)c3)C2)n1,P00533,
Cc1noc(C=Cc2ccc(F)cc2F)c1S(=O)(=O)N1CCC(C(=O)N2CCc3ccccc32)CC1,P00533,
C[C@@H](Cc1ccc(C(F)(F)F)cc1)NC(=O)Cc1ccc(C(=O)O)cc1,P00533,
COC(=O)[C@H](C)OC(=O)c1ccc(S(=O)(=O)C2CCCC2)cc1,P00533,
O=C1COc2ccc(C(=O)c3ccccc3C(=O)NCc3cccc(C(F)(F)F)c3)cc2N1,P00533,
O=C(CN1C(=O)COc2ccc(Cl)cc21)Nc1ccncn1,P00533,
CCCC[C@H](O)CN1CCN(Cc2nc(C(=O)N[C@H](C)CC)co2)CC1,P00533,
CN(CC(=O)O)C1CCN(C(=O)c2cc(Br)ccc2Cl)CC1,P00533,
COc1ccc(C(=O)Nc2nc3c(s2)CC[C@@H]3C(=O)N2CCCCC2)cc1,P00533,
Cc1ccc(S[C@H](C)C(=O)NC2CCCCC2)cc1,P00533,
Cc1ccncc1NCc1scnc1C,P00533,
O=C(NCCC1CCN(C(=O)Nc2cc(F)ccc2F)CC1)c1ccccc1F,P00533,
Cn1c(=O)cc(N2C[C@H]3CN(c4ccc(Cl)cn4)C[C@@H]3C2)[nH]c1=O,P00533,
Fc1cc(F)cc(-c2noc3ncnc(NC4CCCC4)c23)c1,P00533,
COc1cc2c(cc1OC)CN(Cc1ccccc1Br)CC2,P00533,
CC[C@H](C)NC(=O)[C@@H](C)Cn1cc(Br)cn1,P00533,
Cc1cc([C@H]2CN(C(=O)c3n[nH]c4c3CCC4)CCO2)nc(C)n1,P00533,
COc1ccc(-c2nn(C)c3c2C(=O)C[C@@H](c2ccccc2)C3)cc1OC,P00533,
O=C(NC[C@H]1CCCC1(F)F)c1cc2n(n1)CCO2,P00533,
CC(=O)N1CCc2nc([C@H]3CCCN3C(=O)c3cc(C(C)(C)C)n[nH]3)ncc2C1,P00533,
COc1cccc(F)c1C(=O)N1C[C@H](CC(=O)O)[C@H](c2c[nH]nn2)C1,P00533,
Cc1ccccc1Cn1c([C@H](C)NC(=O)COc2ccccc2)nc2ccccc21,P00533,
O=C(O)CNc1cc(Cl)ccc1C(=O)O,P00533,
COc1ccc(F)cc1-c1ccc(C(=O)NC[C@H]2CN(C)CCN2C)cc1,P00533,
CSc1ccc2nc(NC(=O)COc3ccccc3)sc2c1,P00533,
Cc1cccc(N2CCN(C(=O)C[C@H]3Sc4ccc(Cl)cc4NC3=O)CC2)c1,P00533,
C[C@@H]1CCCN(C(=O)CCN2Cc3ccccc3O[C@@H](c3ccccc3F)C2)C1,P00533,
CCn1c(SCC(=O)Nc2cc(C)ccc2C)nc2c1c(=O)n(C)c(=O)n2C,P00533,
Cc1cc(C)n(CCCN(C)[C@@H](C(=O)O)c2ccc(F)c(C)c2)n1,P00533,
O=C(CN1C(=O)c2ccccc2S1(=O)=O)N1CCN(c2ccc(F)cc2)CC1,P00533,
CCOc1ccc(SC)c(C)c1F,P00533,
Cc1cc(NC(=O)[C@H]2CC(=O)N(CCC(C)C)C2)no1,P00533,
COc1cc(C[C@@H](CO)NC(=O)OCC2c3ccccc3-c3ccccc32)cc(OC)c1OC,P00533,
CCc1cccc2sc(NC(=O)c3ccc(S(=O)(=O)N4CCCC[C@H]4C)cc3)nc12,P00533,
CS(=O)(=O)N1CCN(Cc2noc3ccccc23)CC1,P00533,
CC=Cc1cn(Cc2nccc(OCC(F)(F)F)c2C)nn1,P00533,
O=C(c1ccc(F)cc1)N1CC(OCc2ccc(Cl)cc2)C1,P00533,
Cn1ncc(C(=O)NC[C@@H](O)c2cncs2)c1Cc1ccccc1,P00533,
C[C@@H]1COCC[C@H]1CNS(=O)(=O)c1ccc(C(=O)O)cc1F,P00533,
O=C(CSc1nnc(-c2cccs2)n1C[C@H]1CCCO1)N1CCCC1,P00533,
O=C(NC[C@H]1CCCO1)c1cn(C2CCCCC2)nn1,P00533,
O=C(CC1CCCC1)N1CC[C@H](Oc2ncc(F)cn2)C1,P00533,
O=C(COc1ccc(Cl)cc1)N1CCN(C(=O)Cc2ccccc2)CC1,P00533,
COc1cccc2sc(N3CCN([C@@H]4CCN(CC(F)(F)F)C4=O)CC3)nc12,P00533,
Cc1nc(S[C@H](C)c2ccccc2)[nH]c(=O)c1CC(=O)N1CCN(c2ccccc2)CC1,P00533,
Cc1ccc2[nH]c3c(c(=O)c2c1)CN(CC(=O)Nc1ccc(Cl)c(F)c1)CC3,P00533,
Cc1ccc([C@@H](C)C(=O)c2ccccc2)cc1,P00533,
CC(C)NC(=O)CC[C@@H]1CNC(=O)[C@@H]2C[C@H](NCc3ccc(CO)o3)CN12,P00533,
COc1ccccc1CN(C)C(=O)Nc1ccc(Cl)cc1,P00533,
COc1cc(CNC(=O)[C@H]2C[C@H]2c2ccc(F)cc2)ccc1C(=O)O,P00533,
COc1ccc(-c2cc(C(=O)N[C@@H]3CCCc4c3cnn4C)n[nH]2)cc1,P00533,
CCc1[nH]nc(NC(=O)Nc2nc(-c3cccnc3)cs2)c1C,P00533,
CCc1c(-c2ccncc2)n[nH]c1NC(=O)c1cccc2c1CCOC2,P00533,
O=C([C@H]1CC(=O)N(C2CCCC2)C1)N1CCc2cc(=O)[nH]cc2C1,P00533,
Cc1cc(C)c(S(=O)(=O)Nc2cc(C(=O)NCc3ccccc3)ccc2N2CCNCC2)cc1C,P00533,
Cn1ncc2c(=O)[nH]c(Nc3ccc(Oc4cccc(F)c4C#N)cc3)nc21,P00533,
NC(=O)C[C@@]1(COc2ccc(F)cc2)CN(C(=O)c2ccccn2)CCO1,P00533,
Cc1ccc([C@H](O)CNC(=O)Cc2ccc(F)cc2)o1,P00533,
O=C(COC(=O)c1ccc2c3c(cccc13)CC2)c1ccc(Cl)cc1,P00533,
Cc1nc2sc3c(c2c2nc(-c4ccc5c(c4)OCO5)nn12)CC(C)(C)OC3,P00533,
Cc1cncnc1N1CCC[C@@H](Nc2ccccc2)C1,P00533,
Cc1nc(NC(=O)CCCn2nnc3ccccc3c2=O)sc1C,P00533,
Cc1nc(Nc2ccc(Cl)cc2)cc(N2CCC[C@H]2CCO)n1,P00533,
COc1ccccc1C(=O)Nc1cccc(C(=O)OCc2cc(=O)n3c4c(sc3n2)CCCC4)c1,P00533,
O=C(c1ccccc1-c1ncc[nH]1)N1CCN[C@H](c2ccccc2)C1,P00533,
Cc1cc(C(=O)N[C@@H]2CCCN(c3ncccc3Br)C2)nn1C,P00533,
Cc1noc(C)c1C(=O)NCCN1c2cc(F)ccc2N(C)S1(=O)=O,P00533,
CCc1ccc(CN2CCCN(C(=O)c3cnc(C)cn3)CC2)o1,P00533,
Cc1n[nH]c(SCC(=O)N[C@@H]2CC3(CCCC3)Oc3ccccc32)n1,P00533,
Cc1ccc(C)c(NC(=O)c2cn3c4c(ccc(Cl)c4c2=O)O[C@@H](C)C3)c1,P00533,
COc1cc(N2CCC(O)(c3ccc(Cl)cc3)CC2)ncn1,P00533,
Cc1nc2c(C(=O)N[C@@H]3CCCC[C@H]3C)cnn2c(C)c1Cc1ccccc1Cl,P00533,
CN(Cc1ccc2c(c1)OCO2)Cc1nnc(SCc2ccncc2)n1-c1cccc(Cl)c1,P00533,
CCC(=O)N1CCc2cc(-c3ccc(C(=O)NCCc4ccco4)cc3)ccc21,P00533,
CC(C)c1ccc2nc(-c3ccnc(S(C)(=O)=O)c3)[nH]c(=O)c2c1,P00533,
C[C@H]1C(=O)N2CCC[C@H]2C(=O)N1Cc1ccc(F)c(F)c1,P00533,
CC(=O)N[C@@H](C)C(=O)NCCC(c1ccccc1)c1ccccc1,P00533,
Cn1ncc(C#N)c1-c1cc2ccccc2o1,P00533,
O=C1OCC2(CCN(C(=O)NCc3nc4ccc(Cl)cc4[nH]3)CC2)O1,P00533,
COCCn1c2nc3ccccc3nc2c2c(=O)n(C[C@H]3CCCO3)cnc21,P00533,
O=C(CCNC(=O)c1ccco1)Nc1ccnn1C1CCCCC1,P00533,
O=C(Cn1c(=O)n(-c2ccc(F)c(Cl)c2)c(=O)c2ccccc21)Nc1ccc(F)cc1,P00533,
C[C@H](CNC(=O)[C@H]1CCc2[nH]nc(C(F)(F)F)c2C1)S(N)(=O)=O,P00533,
CN(CCc1ccccc1)[C@@H]1CCCN(C(=O)Cn2cnnn2)C1,P00533,
COCCN1CCC(CNS(=O)(=O)c2ccc(C)c(C)c2)CC1,P00533,
CN(C)CC(=O)N1CCC[C@H](c2ccncn2)C1,P00533,
CC(C)[C@@H](NC(=O)[C@@H](C)CC(N)=O)c1cccc(C(F)(F)F)c1,P00533,
Cc1nc(CCC(=O)N2CCc3c(C(=O)O)n[nH]c3C2)cs1,P00533,
COc1cccc(CCC(=O)N2CCNC[C@H]2C)c1,P00533,
CCn1ccc2cc(-c3ccc(OC)c(C)c3C)ccc21,P00533,
O=C(C1CCC1)N1CCN(c2nc3cc(Cl)ccc3c3nnc(-c4ccccc4Cl)n23)CC1,P00533,
C[C@]1(O)CCN(C(=O)c2ccc(OCCN3CCCC3=O)cc2)C[C@@H]1Oc1ccccc1,P00533,
CN1C(=O)CCO[C@H]2CN(C(=O)c3ccccc3N3CCOCC3)C[C@@H]21,P00533,
Cc1cc(CNC(=O)C[C@@H](C)C2CCCCC2)cc(=O)[nH]1,P00533,
FC(F)(F)c1nnc2ccc(N[C@H]3CCN4CCCC[C@H]34)nn12,P00533,
COc1cccc2c1OC[C@@H](NC(=O)c1cnc3c(c1)CCCC3)C2,P00533,
COCCC1(c2noc(C3CC3)n2)CCN(C(=O)c2ccccc2OC(F)(F)F)CC1,P00533,
COc1ccc(C(=O)OCC(=O)N2CCC(C)CC2)cc1S(=O)(=O)N1CCOCC1,P00533,
CO[C@H](CNC(=O)[C@H]1COc2ccccc2O1)c1ccsc1,P00533,
CCc1ccc(-c2cccc(-n3nc(C(=O)O)c4c3CCCC4)c2)cc1,P00533,
COc1ccc(C)cc1NC(=O)c1ccc(-n2cccn2)cc1,P00533,
Cc1ccc(S(=O)(=O)NCc2ccco2)cc1C(=O)OCC(=O)Nc1cccc(C)c1C,P00533,
Cn1cccc1CN1CC[C@@H](n2c(=O)n(C)c3cccnc32)C1,P00533,
C[C@H](Cn1cccn1)NCC(=O)N[C@H](C)c1ccc2c(c1)OCCO2,P00533,
CC(C)c1noc(C2CCN(C(=O)c3ccc(-c4ccccc4)n3C)CC2)n1,P00533,
CN(C(=O)c1ccc(CSc2nc3ccccc3s2)cc1)c1cnn(C)c1,P00533,
Cc1cc(=O)n(CC(=O)Nc2ccccc2F)c(N2CCOCC2)n1,P00533,
O=C(NC1CCC1)[C@@H]1C[C@]12C(=O)Nc1ccccc12,P00533,
Cn1cc([C@@H]2CN(C(=O)[C@H]3C[C@@H]3C3CC3)C[C@H]2CO)cn1,P00533,
Cc1nc(N2CCCN(C(=O)c3ccc(Cl)cc3)CC2)c2c(C)nn(-c3ccccc3C)c2n1,P00533,
O=C(NCCN1C[C@H]2C[C@@H](C1)c1cccc(=O)n1C2)C1CN(C(c2ccccc2)c2ccccc2)C1,P00533,
CCc1ccc(NC(=O)c2cccn(Cc3cccc(C)c3)c2=O)cc1,P00533,
Nc1ccc(=O)n(Cc2ccc(Cl)c(Cl)c2)c1,P00533,
C[C@H](CC(=O)N1CCC[C@@H]1c1nncn1C)c1ccc(F)cc1F,P00533,
O[C@H](Cc1ccccc1)C1CCN(c2ccncc2F)CC1,P00533,
C[C@H]1C[C@H](C)CN(S(=O)(=O)c2ccc3c(c2)N(CC(=O)NCc2ccc(Cl)cc2)C(=O)CO3)C1,P00533,
COc1cc2c(cc1OC)CN(C(=O)CCc1c(C)n[nH]c1C)CC2,P00533,
CC(C)(C)OC(=O)NCC1(N2CCC[C@H]2C(=O)O)COC1,P00533,
C[C@@H](NC(=O)CSc1nnc(-c2ccc(F)cc2)n1C[C@@H]1CCCO1)c1cccs1,P00533,
C[C@H](Oc1cccc(Cl)c1Cl)C(=O)N1CCN(c2ncccn2)CC1,P00533,
COc1ccc(C(=O)Nc2ccc(C)c(C)c2)cc1,P00533,
Cc1cc2nc(C3CCN(CC(=O)Nc4ccccc4C)CC3)[nH]c2cc1C,P00533,
O=C1N(Cc2cccc(F)c2)CC[C@]12CCN(Cc1ccncc1)C2,P00533,
Cc1cccc(O[C@H](C)C(=O)Nc2nonc2-c2ccc(F)cc2)c1C,P00533,
N#Cc1cc2ccccc2nc1N1CCCN(C(=O)C2CCC2)CC1,P00533,
COc1cccc(C(=O)N2CCOC[C@H]2c2c(C)n[nH]c2C)c1,P00533,
CN(CC(=O)Nc1c(Cl)cccc1Cl)C(=O)C[C@@H]1Sc2ccccc2NC1=O,P00533,
C[C@H]1CN2CCC[C@@H]2CN1Cc1cnc(-c2ccccc2)o1,P00533,
O=C(Nc1ccc2c(c1)OCCO2)[C@H]1CC(/C=C/c2ccccc2)=NO1,P00533,
C[C@@H]1CCc2c(C(=O)N[C@H](C)Cn3ccnc3)csc2C1,P00533,
Cc1cc(Cl)ccc1NC(=O)c1cc(O)ncn1,P00533,
Cn1cncc1-c1ccc(C#N)c(F)c1,P00533,
C[C@H](C(=O)N1CCC[C@H](c2nc(O)c3c(n2)CCN(C)C3)C1)c1ccccc1,P00533,
COc1cccc(-c2nn(C)cc2-c2nnc(SCC(=O)NCc3ccccc3)n2C)c1,P00533,
CC(C)Sc1ccc(CC(=O)Nc2ccc(CC(=O)NC3CC3)cc2)cc1,P00533,
CC(=O)c1ccc(N2CCN(C(=O)c3ccccc3C(=O)c3cc(C)ccc3C)CC2)cc1,P00533,
COc1nc(C)c(NS(=O)(=O)Cc2ccc(C(F)(F)F)cc2)c(C)n1,P00533,
Cc1ccc(CNC(=O)COC(=O)c2ccc(Br)o2)cc1C,P00533,
C[C@H](c1cn(C)c2ccccc12)N1CCNCC1,P00533,
Cc1ccc2cc([C@H](c3nnnn3C[C@H]3CCCO3)N3CCN(C(=O)c4ccco4)CC3)c(=O)[nH]c2c1,P00533,
COc1ccc(-c2nc3c4c5c(sc4ncn3n2)CCCC5)cc1,P00533,
COc1ccc(F)cc1C(=O)N[C@@H](C)c1ccc(C(F)(F)F)cc1,P00533,
c1cc(N2CCN(CC3CCOCC3)CC2)nnc1N1CCOCC1,P00533,
Cc1ccc(C(=O)c2c(N)c(C#N)c3ccccn23)cc1,P00533,
Cc1noc(C)c1CSc1ccccc1C(=O)O[C@H]1CCOC1=O,P00533,
Cc1ccc(C(=O)O)cc1-c1cccs1,P00533,
Cc1noc(C)c1-c1ccc(S(=O)(=O)N[C@@H](C)Cc2ccsc2)s1,P00533,
NCCc1nc2ccc(-c3nn[nH]n3)cc2[nH]1,P00533,
COc1cc(N2CCN(CC(=O)NC3CC(C)(C)NC(C)(C)C3)CC2)ccc1F,P00533,
CC(=O)c1ccc(NC(=O)c2ccccc2OC[C@H]2CCCO2)cc1,P00533,
CC(C)(C)NC(=O)[C@H]1CCCN(Cc2ccccc2F)C1,P00533,
COCc1ccc(C(=O)N2C[C@H](OC)C[C@H]2c2ncc[nH]2)cc1,P00533,
COc1cc(C(=O)Nc2ccc(Oc3nc4ccccc4n4cnnc34)cc2)cc(OC)c1OC,P00533,
O=C(NCc1ccc(Br)cc1F)c1ccc(Cn2cccn2)cc1,P00533,
COc1ccc2c(c1)NC1(CCN(S(=O)(=O)c3ccc(C)c(C)c3)CC1)c1cccn1-2,P00533,
COCCN(CC(=O)N1N=C(c2ccc(OC)cc2)C[C@H]1c1ccc2c(c1)OCO2)C(C)=O,P00533,
CCN(Cc1ccc(Cl)cc1)Cc1cc(=O)n2[nH]c(-c3cccc(C)c3)cc2n1,P00533,
COc1ccc(NC(=O)C2CCN(S(=O)(=O)c3cccc4nsnc34)CC2)cc1,P00533,
Cc1nc(NC(=O)[C@@H](C)NC(=O)OCc2ccccc2)sc1-c1nccn1C,P00533,
C[C@H](NC(=O)c1cnn(C)c1Cc1ccccc1)c1ccc(C(=O)O)cc1,P00533,
COc1ccccc1C=CCN1CCN(Cc2ccccc2)CC1,P00533,
CN(C)S(=O)(=O)c1ccc(C(=O)O[C@@H]2CCCc3ccccc32)cc1,P00533,
Cc1ccccc1NC(=O)c1ccc(F)c(S(=O)(=O)N2CCN(c3ccccc3Cl)CC2)c1,P00533,
COc1ccc(CC2(CO)CCN(Cc3ccc(NC(C)=O)cc3)CC2)cc1,P00533,
CC[C@@H]1CCCCN1Cc1nc2c(c(=O)n(C)c(=O)n2C)n1CCC(C)C,P00533,
Cc1nnc2c(N3CC[C@H](NC(=O)COCc4ccccc4)C3)nccn12,P00533,
Cn1cnc2ccc(-c3ccc(-c4cccnc4)cc3)cc2c1=O,P00533,
COc1ccccc1N1CCN(C(=O)c2cc(C)c(F)cn2)CC1,P00533,
COc1ccc(NC(=O)COc2cc(CSc3nc(C)cs3)ncc2OC)cc1OC,P00533,
Cc1cn(S(=O)(=O)c2ccc(Br)c3ccccc23)cn1,P00533,
COc1cccc(CN2CCN(Cc3cn(C)nc3C)C[C@H]2CCO)c1,P00533,
C[C@H]1Cc2ccccc2[C@@H]1NC(=O)c1cc(C(F)(F)F)cc(C(C)(C)c2nn[nH]n2)c1,P00533,
O=c1c2nnc(SCc3ccccc3F)n2ccn1-c1ccc(F)cc1,P00533,
COc1nc(N)nc2sc(C(=O)N3CCN(c4ccncc4)C[C@H]3C)cc12,P00533,
O=C(Nc1cccc2nsnc12)[C@H]1CCCN1c1nc2ccccc2o1,P00533,
CCOC(=O)c1c(NC(=O)[C@H](CC)Oc2ccccc2)sc(C)c1CC,P00533,
Cc1nc([C@@H]2CCCN(C(=O)NCc3cccnc3N(C)C)C2)no1,P00533,
CC[C@H](C)N(CCNC(=O)c1ccc2c(c1)nc(C)c(=O)n2C)Cc1cccs1,P00533,
CCc1ccc(NC(=O)CN2C(=O)CCc3cc(Br)ccc32)cc1,P00533,
CC(C)Cc1cc(C(=O)N2CCc3oc(-c4ccccc4)nc3C2)n(C)n1,P00533,
CCC[C@@H](C)NC(=O)COc1cccc2ccccc12,P00533,
O=C(COc1ccc(Cl)cc1Cl)N1CCN(S(=O)(=O)c2cccc3nonc23)CC1,P00533,
Cc1cc(S[C@H]2C[C@@H](C)OC2=O)nc(C)n1,P00533,
CC(=O)Nc1ccc(S(=O)(=O)N2CCN(Cc3csc4ccccc34)CC2)cc1,P00533,
CCCNC(=O)c1cc(-c2ccc(C)cc2)oc1C,P00533,
Cc1ccc(-n2ncc3c(O)c(-c4nc(-c5cccs5)no4)c(=O)[nH]c32)cc1,P00533,
CCc1ccccc1NS(=O)(=O)c1ccc(CC(C)C)cc1,P00533,
Fc1ccc(-c2cnccc2C(F)(F)F)c2cccnc12,P00533,
CC(C)n1c(CN2CCCCC2)nc2cc(NC(=O)COc3ccccc3)ccc21,P00533,
CCOc1ccc([C@H]2c3c(oc4ccccc4c3=O)C(=O)N2Cc2ccc3c(c2)OCO3)cc1,P00533,
CC(=O)N1CCN(S(=O)(=O)c2cccc(C(=O)N3CCC[C@@H]4CCCC[C@@H]43)c2)CC1,P00533,
COC[C@@H](C)Oc1ccc(Cl)cc1S(=O)(=O)NC(=O)[C@@H]1CC1(F)F,P00533,
O=C(Cn1c(=O)sc2cc(S(=O)(=O)N3CCCC3)ccc21)NCc1cccs1,P00533,
Cc1cccc(C)c1OCC(=O)N(Cc1ccc(C(C)C)cc1)[C@@H]1CCS(=O)(=O)C1,P00533,
CC(=O)NC[C@@H](c1cccs1)N1CCc2ccccc21,P00533,
COc1ccccc1C1(C(=O)NCC2CCN([C@H]3CCSC3)CC2)CC1,P00533,
O=C(O)c1ccc(C(=O)O)c(-c2cccnc2)c1,P00533,
CNc1cncc([C@H]2CCCN2C(=O)c2cc(C(C)(C)C)n[nH]2)n1,P00533,
COc1ccc(C2=Nc3ccccc3N(CC(=O)Nc3cc(F)ccc3F)C(=O)C2)cc1,P00533,
CC(=O)N[C@H]1CCN(C(=O)Cc2ccccc2C)CC[C@@H]1O,P00533,
O=C(c1cscn1)N(Cc1cccnc1)CC1CCN(C2CCCC2)CC1,P00533,
Cc1cc(-c2nc(C)c[nH]2)nc(CC2CCN(C(=O)C(C)C)CC2)n1,P00533,
O=C(Nc1ccc(F)cc1)c1ccc(Cl)cc1O,P00533,
Cc1ccc(Nc2nc(N3CCOCC3)nc3nccnc23)cc1,P00533,
O=C(NCCN1CCCOC1=O)c1ccccc1N1CCOCC1,P00533,
O=C(Nc1ccc(Cl)c(Cl)c1)OCc1cccc(S(=O)(=O)N2CCOCC2)c1,P00533,
Cc1ncnc(C(=O)N2CC3(C[C@H](NCC4CC4)CS3)C2)c1C,P00533,
Cc1ccc(N2C[C@H]3CN(C(=O)c4cccc(Cl)c4)C[C@H]3C2)nn1,P00533,
CCCCC(=O)N(Cc1ccc(OC)cc1)Cc1nc2ccccc2c(=O)[nH]1,P00533,
COc1cccc(-c2n[nH]cc2CN2CCC[C@H](N(Cc3cccnc3)C(C)=O)C2)c1,P00533,
c1cc(N2CCOCC2)nc(N[C@H]2CCN(c3cc4c(nn3)CCOC4)C2)n1,P00533,
O=C(Cc1ccccc1)OCCc1ccccc1,P00533,
CCN1CC[C@@H]2C[C@@H](N3CCOCC3)CC[C@@]2(C(=O)NCc2ccccc2Cl)C1,P00533,
CCOc1cc2c(cc1CNC(=O)NCCc1ccccc1C)O[C@H](C)C2,P00533,
Cc1n[nH]c([C@H]2CN(C(=O)c3ccc(C)c(F)c3)CCCN2Cc2ccccc2)n1,P00533,
CN[C@H](C(=O)O)c1cc(OC)ccc1Br,P00533,
CC[C@H](C)NC(=O)COc1cc(C)nc(-c2ccc(Cl)cc2)n1,P00533,
O=C(Cc1ccc(NS(=O)(=O)c2ccc3c(c2)OCCO3)cc1)N1CCOCC1,P00533,
COc1cccc(CNC(=O)[C@H](C)n2ncn3cccc3c2=O)c1OC,P00533,
COC[C@@H]1CN(C(=O)c2ccc(F)c(F)c2)C[C@H]1c1nnc(-c2ccccc2)o1,P00533,
CSc1nn(Cc2ccc(C)cc2)c2nc3c(c(=O)n12)C(C)(C)Cc1ccccc1-3,P00533,
Nc1ncccc1-c1ccc(C(F)(F)F)c(F)c1,P00533,
O=C1CC2(CCN(Cc3ccccn3)CC2)CN1,P00533,
O=C(N[C@@H](Cc1ccnnc1)C(=O)O)OCC1c2ccccc2-c2ccccc21,P00533,
Cc1ccc(N(CC(=O)Nc2cccc(N(C)S(C)(=O)=O)c2)S(=O)(=O)c2ccc(Cl)cc2)cc1,P00533,
C[C@H](NCc1nnc(C2CC2)n1C)c1nc(C(C)(C)C)cs1,P00533,
CC(C)Sc1cc2c(cc1NC(=O)c1ccccc1)n(C)c(=O)n2C,P00533,
Cc1ccc(S(=O)(=O)Nc2ccc3c(c2)CCCN3C(=O)C(C)C)cc1C,P00533,
O=S1(=O)N=C(NC[C@@H](O)Cc2ccccc2)c2ccccc21,P00533,
Clc1ccccc1Cc1nnc2n1C[C@@H]1CC[C@@H](C2)N1,P00533,
COc1ccc(Br)cc1CN1CCN(C(=O)c2cccc(F)c2)CC1,P00533,
NC(=O)Cn1nc(-c2ccc(F)cc2)n(-c2ccncc2)c1=O,P00533,
COc1cc(NC(=O)C(C)C)c(C(=O)O)cc1OC,P00533,
COc1ccccc1C(=O)Nc1ccc2scnc2c1,P00533,
COc1ccccc1-n1c(=O)n(CC(=O)N2CCCC[C@@H]2C)c(=O)c2c(C)cc(C)nc21,P00533,
O=C(CN1CCC2(CC1)CC2(F)F)NC1CC1,P00533,
O=C1CCCCN1c1ccc(-c2ccc3[nH]c(=O)[nH]c3c2)cc1,P00533,
O=C(N[C@@H]1CC[C@H](C(=O)O)C1)c1cc(F)cc(N2CCOCC2)c1,P00533,
COc1ccc(-c2n[nH]c(C(=O)NCCN3CCC(C)CC3)c2C)c(OC)c1,P00533,
CS(=O)(=O)Nc1cccc(C(=O)NCc2cccc(Cn3cnc4ccccc43)c2)c1,P00533,
CCSc1nc2c(c(=O)n(C)c(=O)n2C)n1Cc1ccccc1,P00533,
CC(C)C(=O)Nc1ccc(-c2nc(-c3ccc(Cl)cc3)no2)cc1,P00533,
NC(=O)C1(CC2CC2)CCN(C2CCN(C(=O)CCc3ccccc3)CC2)CC1,P00533,
CN(C)[C@@H]1CCC[C@H]1NC(=O)COc1ccc(F)c(Cl)c1,P00533,
C[C@@H](C(=O)O)N1C(=O)c2ccccc2S1(=O)=O,P00533,
CCOC(=O)c1cc(-c2ccc(OC)c(S(=O)(=O)N3CCN(c4ccc(F)cc4)CC3)c2)on1,P00533,
O=C(N[C@H]1CCC[C@@H]1CO)c1ccc(CN2CCC(CO)CC2)cc1,P00533,
O=C(NC1CCCCC1)C1CCNCC1,P00533,
O=C(NCCN1CCO[C@H](c2ccccc2)C1)c1cccs1,P00533,
Cn1cccc(C(=O)N2CCC(CNS(=O)(=O)c3ccccc3Cl)CC2)c1=O,P00533,
CC(C)c1nnc2sc(-c3ccc(F)cc3)nn12,P00533,
C[C@](O)(CN1CCC(OC[C@H]2CCCCO2)CC1)C(F)(F)F,P00533,
N#Cc1ccnc(N2CCC(COc3ccc(C4CC4)nn3)CC2)c1,P00533,
COC(=O)Cc1c[nH]c2ccc(OCc3ccccc3)cc12,P00533,
COc1ccc([C@H](CNC(=O)CCC(=O)c2cc(C)sc2C)N2CCOCC2)cc1,P00533,
CC(C)[C@H]1CNCCN1C(=O)OC(C)(C)C,P00533,
Cc1ccc(C)c(CN2CCOC[C@@H]2c2noc(C)n2)c1,P00533,
CCc1c(C)nc2ncnn2c1Nc1ccccc1,P00533,
COc1ccc(C)cc1N1C[C@H](C(=O)N2CCCCC2)CC1=O,P00533,
COc1ccc(NC(=O)[C@H]2CC(=O)N(Cc3ccccc3)C2)c(Cl)c1,P00533,
CCn1c(COc2ccc(OC)cc2)nnc1SCc1cc(=O)c2cccc(F)c2[nH]1,P00533,
CCOC(=O)c1c(OC)cc(OC)cc1OC,P00533,
COc1ccc(OC)c(-n2c(SCC(=O)N(C)C3CCCCC3)nc3ccccc3c2=O)c1,P00533,
Cc1cccc(C(=O)N[C@H](C)C(=O)N2CCCC[C@@H]2c2cccn2C)c1,P00533,
CN1N=C(C(=O)N[C@H](c2ccccc2)c2ccccn2)CCC1=O,P00533,
COC(=O)c1cc2n(n1)C[C@](C)(C(=O)NC1CCCC1)N(c1cc(Cl)ccc1C)C2=O,P00533,
CC[C@@H](C)c1ccc(NCCC(=O)c2ccc(OC)cc2)cc1,P00533,
CCCN(Cc1ccccc1F)Cc1c(C)nn(CCO)c1C,P00533,
O=c1c(Cl)c(N2CCN(c3ccccc3)CC2)cnn1Cc1ccccc1Cl,P00533,
COc1ccc(OC)c(-c2nnc(NC(=O)CCS(=O)(=O)c3ccc(Cl)cc3)o2)c1,P00533,
O=C(CN1CCc2sccc2[C@@H]1c1cccc(F)c1)N1CCN(S(=O)(=O)c2cc(Cl)ccc2Cl)CC1,P00533,
O=C1CC[C@@]2(CCCN(CCOc3ccc(F)cc3)C2)CN1CC1CC1,P00533,
Cc1sc(NC(=O)[C@]2(C)CCCO2)nc1-c1ccc2c(c1)OCCO2,P00533,
CCOC(=O)N[C@H]1CCCN(c2nnc(Cc3ccccc3)s2)C1,P00533,
O=C(O)c1ccc(CNC(=O)[C@@H]2C[C@@H]2c2ccc3c(c2)OCCO3)s1,P00533,
CCn1ccc2sc(C)c(C(=O)NCc3ccc(OC)cc3OC)c2c1=O,P00533,
CCCN1CC2(CCN(Cc3ncc[nH]3)CC2)C[C@@H]1C(=O)O,P00533,
CCn1c(COc2ccc(F)cc2)nnc1N1CCO[C@H](C(N)=O)C1,P00533,
CN(CCC1CCOCC1)Cc1cn(C)nc1-c1ccc2c(c1)OCCO2,P00533,
Cc1nc(-c2cccc(C(=O)NCc3cccs3)c2)no1,P00533,
Cc1cncc(C(=O)NCc2cccc(Cl)c2F)c1,P00533,
Cc1ccc(-c2csc(S[C@H](C)C(=O)N3CCC[C@H](C(N)=O)C3)n2)cc1,P00533,
COc1ccc(C(=O)Nc2cc(C)ccc2OCc2cc(=O)n3oc(C)cc3n2)cc1,P00533,
CCCn1nnc2cc(C(=O)Nc3ccc(F)cc3)ccc21,P00533,
CN(C)CCN(C)C[C@@H]1CN(C(=O)c2cc(F)cc(Cl)c2)C[C@@H]1CO,P00533,
COc1cccc(CS(=O)(=O)Cc2csc(C(C)(C)C)n2)c1,P00533,
O=c1[nH]nc(CNc2cccc(C(F)(F)F)c2)c2ccccc12,P00533,
CNC(=O)[C@H]1CN(c2nc3ccc(Cl)cc3o2)CCO1,P00533,
CCCCN(CC)C(=O)C1CCN(C(=O)C(C)(C)C)CC1,P00533,
O=C(c1cn2cccnc2n1)N1CCSCC1,P00533,
C[C@@H](NC(=O)NC[C@@H]1CCCCN1S(C)(=O)=O)C1CCC(F)(F)CC1,P00533,
CC[C@@H](C)NC(=O)C1CCN(S(=O)(=O)c2cccc3nonc23)CC1,P00533,
CCNC(=O)c1ccc(NCC2(c3ccccc3)CCN(C)CC2)nc1,P00533,
Brc1ccc(C2=Nn3c(nnc3-c3cccnc3)SC2)cc1,P00533,
C[C@@H](NCc1ccc(F)cc1)c1onc(-c2ccc(Cl)cc2)c1C(=O)O,P00533,
Cc1ccc(CCCN2CCCC[C@@H]2c2cnc(Nc3ccc(C#N)nc3)cn2)o1,P00533,
CCNC(=O)[C@H]1C[C@H](c2cccc(OC)c2)NS(=O)(=O)N1C,P00533,
Cc1cccc2c(=O)n(CCC(=O)N3CCOC[C@H]3CCO)cnc12,P00533,
Cc1sc2ncn(Cc3c(F)cccc3Cl)c(=O)c2c1C,P00533,
COCCN1C[C@@H](C(=O)NCc2ccoc2)CC1=O,P00533,
Cc1cccc(NC(=O)Cc2csc(-n3nc(C)c(Cl)c3C)n2)n1,P00533,
C[C@@H](NC(=O)N1CCN(c2ccc(F)cc2)CC1)C(=O)Nc1ccccc1F,P00533,
CSc1nnc(C)c(=O)n1COC(=O)c1ccc(F)c(F)c1,P00533,
Cn1cncc1C(=O)N1CCN(c2nnc(C(C)(C)C)s2)CC1,P00533,
COc1ccccc1N1CCN(c2cc(SCC(=O)Nc3ccc(Cl)cc3F)ncn2)CC1,P00533,
CC1CCN(CCNC(=O)CCc2nc(CS(=O)(=O)c3ccccc3)no2)CC1,P00533,
C[C@H](NC(=O)N[C@@H](C1CCCC1)C(F)(F)F)C(=O)N(C)C,P00533,
O=C1CCS(=O)(=O)N1c1ccc(S(=O)(=O)NCc2cccnc2)cc1,P00533,
COc1ccc(OC)c([C@H]2CCCN2C(=O)[C@@H](C)NC(=O)c2ccco2)c1,P00533,
CCC(=O)N(CC(=O)Nc1nc(-c2ccccc2)cn1-c1ccccc1)CC1CC1,P00533,
Cc1ccc(C)c(NC(=O)c2c(C)sc3c(=O)n(C(C)C)cnc23)c1,P00533,
CNC(=O)c1cccc(C(=O)Nc2cc(-c3nc4cc(F)ccc4n3C)ccc2C)n1,P00533,
Cc1ccc(OCC2CCN(C(=O)Cc3cccc(C(F)(F)F)c3)CC2)nn1,P00533,
C[C@@H](C(N)=O)N1CCO[C@@H](c2ccccc2Br)C1,P00533,
Cc1ncsc1-c1ccc(CN)cc1C(F)(F)F,P00533,
Cc1ccccc1NC(=O)c1nnc(CSCC(=O)N[C@@H](C)Cc2ccco2)s1,P00533,
CCOC(=O)CN[C@@H](C#N)c1ccccc1,P00533,
Cc1ccc2nc(CSCC(=O)N(Cc3ccccc3)Cc3ccccc3)cc(=O)n2c1,P00533,
CC(C)COc1ccc(C(=O)Nc2ccc(S(=O)(=O)N3C[C@@H]4C[C@H](C3)c3cccc(=O)n3C4)cc2)cc1,P00533,
CC(=O)Nc1ncc(C(=O)N2CC(=O)Nc3ccccc3[C@@H]2c2ccccc2)o1,P00533,
CCOC(=O)c1[nH]c(CN2CCN(S(=O)(=O)c3cc(C)ccc3C)CC2)c(C(=O)OCC)c1C,P00533,
Cc1ccc(-n2cc(C3=CCN(CC(=O)NC4CCCCC4)CC3)cn2)cc1,P00533,
Clc1cccc(CN2CC[C@@H](Nc3ccnc(C4CC4)n3)C2)c1,P00533,
Cc1ccc(NC(=O)N2CCC[C@H]2C(=O)Nc2cc(C)cc(C)c2)cc1,P00533,
Cc1cccc(Cl)c1S(=O)(=O)NC[C@H](O)c1cccc2ccccc12,P00533,
O=C(c1ccc2nsnc2c1)N1C[C@@H]2C[C@H]1CS2(=O)=O,P00533,
CC[C@@H](C(=O)N1CCC2(CCCO2)CC1)n1cccn1,P00533,
Cc1ccc(C(=O)NC[C@H]2[C@H]3C[C@@H](CN(CC(=O)O)C3)[C@@H]3CCCCN32)cn1,P00533,
Cc1cc(C)nc(SCCS(=O)(=O)Cc2ccc(Cl)cc2)n1,P00533,
CC(=O)c1ccc(-c2ccccc2N(C)C)o1,P00533,
Cc1ccc2[nH]c(-c3nc(CCN(C)C(=O)c4ccc(F)cc4F)no3)cc2c1,P00533,
CN(C)C(=O)[C@H]1CC2(CCN(C(=O)c3cccn3C)CC2)CN1c1ccc(C#N)c(C(F)(F)F)c1,P00533,
CCCn1nc(C)c(C(=O)N[C@@H]2CC[C@@H](Oc3ccccc3)[C@@H]2O)c1C,P00533,
COc1ccc([C@H]2C[C@H](C(=O)N3CCC(C)CC3)N(C)S(=O)(=O)N2)cc1,P00533,
Cc1ccn(CCC(=O)N2CCCN(C3COC3)CC2)n1,P00533,
C[C@@H](O)[C@@H](NC(=O)C1CC1)C(=O)NC1CCN(Cc2ccc(F)cc2)CC1,P00533,
O=C(CN1C[C@@H](F)C[C@H]1CO)N1CCCCCC1,P00533,
COc1ccc([C@@H]2CC(=O)Nc3c(-c4ccc(Cl)cc4)nsc32)cc1O,P00533,
CC[C@H](C)[C@@H](C(=O)Nc1cc(S(C)(=O)=O)ccc1C)c1ccccc1,P00533,
O=c1n(CN2CCOCC2)nc2n1-c1ccccc1SC2,P00533,
Cc1nc(O)cc([C@@H]2CN(C(=O)CCc3cccs3)CCO2)n1,P00533,
CCC(=O)N(Cc1csc(COc2cccc(C)c2C)n1)CC(C)C,P00533,
O=C(CCOc1ccccc1)NC1CCN(Cc2ccccc2)CC1,P00533,
O=C1C[C@@H](c2cccc(Oc3ccccc3)c2)c2c[nH]nc2N1,P00533,
Cc1nc(C)c(C(=O)N2CC(=O)N(Cc3cccnc3)C[C@H](OCC3CC3)C2)s1,P00533,
CNC(=O)c1cccc(-c2ccc(C(=O)NCc3ccco3)cc2)c1,P00533,
CSc1ccc(N2C[C@@H](c3nnc(NC(=O)c4ccccc4F)o3)CC2=O)cc1,P00533,
CCCS(=O)(=O)N1CCC[C@H](C(=O)Nc2ccc3c(c2)CCC3)C1,P00533,
NCc1cn(-c2ccc(Cl)cc2)nn1,P00533,
COCC[C@H]1CN(C/C(C)=C\c2ccco2)CCO1,P00533,
CN[C@@H](C)c1ccc(C(F)(F)F)c(Cl)c1,P00533,
COc1ccc(CCn2nnnc2[C@@H](c2ccccc2)N2CCN(c3ccccc3)CC2)cc1OC,P00533,
O=C(c1noc2c1CCCC2)N1CCCC[C@@H]1c1ccn[nH]1,P00533,
CCN(CC)c1nccnc1O[C@H]1CCN(C(=O)c2ccn(CC)n2)C1,P00533,
CC(C)c1noc(CN2CCC(N3c4ccccc4N(C)S3(=O)=O)CC2)n1,P00533,
COC(=O)c1ccc(CNC(=O)COC(=O)CCc2cc(C(C)(C)C)c(O)c(C(C)(C)C)c2)cc1,P00533,
CCc1ccc(-c2nc3sc(N4CCN(C(=O)NC)CC4)nn3c2NC2CCCC2)cc1,P00533,
Cc1ccc2[nH]c(CNC(=O)COC[C@H]3CCCO3)nc2c1C,P00533,
CCCN1C(=O)[C@H](NC(C)=O)c2cccc(C(F)(F)F)c21,P00533,
Cn1ncc(N2CC[C@H](CNc3ncc(F)c(N4CCOCC4)n3)C2)cc1=O,P00533,
Cc1cc(NC(=O)CSc2ccc(F)cc2)cc(C)c1F,P00533,
CCOc1cc2c(cc1CNC(=O)c1cc(OC)c(C)c(OC)c1)O[C@H](C)C2,P00533,
Nc1nc2n(n1)[C@H](c1cccc(Cl)c1)C[C@H](c1ccc(Cl)cc1)N2,P00533,
CCc1ccc(CN(Cc2ccco2)C(=O)c2ccccc2)cc1,P00533,
COC(=O)C1CCN(Cc2cccc(C#N)c2)CC1,P00533,
CO[C@H](C)C(=O)NCc1ccccc1C,P00533,
Cc1noc(C)c1CC(=O)N[C@@H]1C[C@H]1c1ccccc1C(F)(F)F,P00533,
O=C(O)[C@H]1CN(C(=O)c2cccc(OCC(=O)N3CCCCC3)c2)CC12CCOCC2,P00533,
Cc1cc(N)n([C@@H](C)c2ccccc2Cl)n1,P00533,
Fc1cc(F)cc(Cc2nnc3sc(-c4ccccc4Cl)nn23)c1,P00533,
CC(C)c1nncn1CCNC(=O)c1ccc(N)cn1,P00533,
CCc1nn(C)c(OC)c1CNC[C@H]1CCO[C@@H]1c1cnn(C)c1,P00533,
Cc1cccn2c(=O)c3cc(C(=O)Nc4ccc(Cl)cc4F)sc3nc12,P00533,
Cn1cc(C(=O)N2CCc3sccc3[C@H]2c2ccccc2)cn1,P00533,
Fc1ccc(CN2CCCO[C@@H](CN3CCOCC3)C2)c(Cl)c1,P00533,
Cn1nc(C(F)(F)F)c2cc(C(=O)Nc3nnc(-c4ccccc4)s3)sc21,P00533,
NC(=O)CSc1nnc(-c2ccncc2)n1CCc1ccccc1,P00533,
O=C1Nc2ccccc2Oc2cc(NC3CCCCC3)c(S(=O)(=O)N3CCOCC3)cc21,P00533,
Cc1cc(C)cc(NS(=O)(=O)c2c(C)nn(C)c2F)c1,P00533,
CCN1CCN(C(=O)[C@@H](C)Oc2ccccc2Cl)CC1,P00533,
CCOC(=O)c1cc(-c2ccccc2)n(CC(=O)NCc2ccccc2OC)c1C,P00533,
CN1CCC[C@H]1CCNC(=O)CC1CC1,P00533,
Cc1ccc(C(=O)c2cn(Cc3ccccc3)c3cc4c(cc3c2=O)OCCO4)cc1,P00533,
COc1ccc(CN2CCN(c3cccc(Cl)c3)CC2)c(C)c1C,P00533,
CC[C@@H](C)Oc1cccc(CNc2nc(C)nc3c2CCNC3=O)c1,P00533,
Cc1ccc2c(=O)c(S(=O)(=O)c3ccccc3)cn(Cc3ccc(Cl)cc3)c2n1,P00533,
CCOc1ccc(S(=O)(=O)N2CCN(C(=O)CSc3cc(F)ccc3F)CC2)cc1,P00533,
COCc1cc(=O)n(Cc2ccccc2C)c(N2CCCC2)n1,P00533,
CCOC(=O)[C@H]1CCCCN1CC(=O)N1N=C(c2ccc(OC)cc2)C[C@H]1c1ccc(Cl)cc1,P00533,
CCOC(=O)c1c(NC(=O)CSc2ccccc2)sc2c1CCCC2=O,P00533,
c1cnc(Nc2cccc([C@H]3CCCN3)n2)nc1,P00533,
O=C(C1=Cc2ccccc2OC1)N1CCN(S(=O)(=O)c2ccc3c(c2)OCCCO3)CC1,P00533,
Cc1cc(=O)n2c(-c3ccc(NC(=O)[C@@H](C)Oc4ccc5c(c4)OCO5)cc3)csc2n1,P00533,
O=C(Nc1ccccc1N1CCCC1)N1CCN2C(=O)NC[C@@H]2C1,P00533,
CC(C)c1scnc1C(=O)N1CCc2cccc(C(=O)O)c2C1,P00533,
Cc1ccc(N(C(=O)c2csnn2)[C@H](C(=O)NC2CCCCC2)c2ccccn2)cc1,P00533,
Cc1cc(C)n(CCN2CCN(c3nc(C)n[nH]3)CC2)n1,P00533,
O=C(CCn1nnc2ccccc2c1=O)NCCc1c[nH]c2ccc(F)cc12,P00533,
CCn1c(=O)c(C(=O)Nc2ccc(Br)c(C)c2)nc2cc(C)c(C)cc21,P00533,
CNC(=O)C1(Cc2ccc(-c3cccc(C)c3)cc2)CCN(C(=O)CC(C)C)CC1,P00533,
CS(=O)(=O)N1CCN(c2ccccc2NC(=O)c2ccc3c(c2)OCCO3)CC1,P00533,
CCCOc1ccc(N2CCN(C(=O)c3cc(Cl)ccc3OC)CC2)nn1,P00533,
O=C(c1cc(C(F)(F)F)nn1C1CC1)N1CCC2(CCS(=O)(=O)CC2)C1,P00533,
O=C(C[C@H]1COC(=O)C1)Nc1nc(-c2ccc(Cl)cc2)cs1,P00533,
O=C(c1cccnc1)N1CCC(N2CCC[C@H](CCc3ccc(F)cc3)C2)CC1,P00533,
CC(C)Sc1ccc(CC(=O)N2CC[C@@H](n3ccnn3)C2)cc1,P00533,
Cc1ccc(C)c(OCC(=O)Nc2nn3c(-c4ccccc4)nnc3s2)c1,P00533,
COc1cc(=O)n(-c2ccc(C)cc2)nc1C(=O)Nc1cc(C(F)(F)F)ccc1Cl,P00533,
O=C(CCn1c(=O)sc2ccccc21)NCc1ccc(F)cc1,P00533,
Cc1cnc(C(=O)Nc2ccc(Nc3ccccc3)cc2)cn1,P00533,
Cc1ccoc1C(=O)NCC1CCN(CCC(=O)O)CC1,P00533,
COc1ccc(C(=O)N2CCN(c3cc(C)nc(C)c3)CC2)c(OC)n1,P00533,
COCCn1ccc2c(NC(=O)c3c(C)cc(C)[nH]c3=O)cccc21,P00533,
COc1ccccc1N1CCN(C(=O)CN(c2cc(C)ccc2OC)S(C)(=O)=O)CC1,P00533,
COc1ccc(OC)c([C@@H](C)NC(=O)Cc2ccc(N3CCCC3=O)cc2)c1,P00533,
Cc1ccc(C(=O)N2CC[C@@H](c3ccc4ccccc4c3)[C@H](O)C2)c(=O)[nH]1,P00533,
Fc1ccc(-c2noc(CN3CCN(c4ccccc4)CC3)n2)cc1,P00533,
Cc1n/c(=N/c2ncc3c(n2)C[C@@H](c2ccc(F)cc2)CC3=O)[nH]c2ccccc12,P00533,
CC(C)(C)c1csc(NC(=O)C2CCCC2)n1,P00533,
COc1ccc(-c2nc(C[C@H]3CCN(C(=O)NCc4ccccc4)C3)no2)cc1,P00533,
CCOc1ncc(C(F)(F)F)cc1-c1cccc(CN(C)C)c1,P00533,
CN(C)S(=O)(=O)c1ccc(COc2ccc(C(=O)NCCN3CCOCC3)cc2)o1,P00533,
CCCNC(=O)[C@H]1CN(C(=O)c2cccc(OC)c2)C[C@@H]1c1ccccc1,P00533,
Cc1noc2ncnc(N[C@@H]3CCCN(c4ccn(C)n4)C3=O)c12,P00533,
CCOC(=O)c1cnc(SC[C@@H]2CCN(C)C2)nc1N,P00533,
Cc1ccccc1-c1ccccc1C(C)(C)O,P00533,
O=C(COc1ccccc1)Nc1ccc2nc(SCC(=O)N3CCOCC3)sc2c1,P00533,
CC(C)CN[C@H](C)c1ccc(Cl)s1,P00533,
CCC(=O)Nc1c(C)ccc2nc(C)ccc12,P00533,
Cn1c2c(c(=O)n(C)c1=O)[C@@](NC(=O)c1ccc(Cl)cc1Cl)(C(F)(F)F)C(=O)N2,P00533,
CCN1CC2(CCN(c3cccnc3)CC2)COc2ccccc2S1(=O)=O,P00533,
CN(C)C[C@@H]1OCCN(C(=O)c2cnc(N3CCOCC3)nc2)[C@H]1c1ccccc1,P00533,
COc1ccc(/C=c2\sc3nc(-c4ccccc4)nn3c2=O)cc1OC,P00533,
CC[C@@H](C)C(=O)c1cc(Cl)ccc1OC,P00533,
CC(=O)N1CCC(c2ccnc(Nc3cnccn3)n2)CC1,P00533,
C[C@@H](c1ccccc1)N1CCO[C@@H](C(=O)N2CCc3ccccc3C2)C1,P00533,
Cc1ccc(C(=O)N2CCCN(c3nc(C)nc4c3cnn4-c3cccc(Cl)c3)CC2)cc1,P00533,
CCC(=O)N1CCN(C2CC2)C[C@@H]1c1ccccc1,P00533,
COC(=O)c1ccccc1CCn1cc(-c2cccc3cccnc23)nn1,P00533,
COc1ccc(F)c2[nH]c(C(=O)N3C[C@@H](OC)C[C@H]3CO)cc12,P00533,
CSCC[C@H](NC(=O)c1ccc(S(=O)(=O)N(C)c2ccccc2)cc1)c1nc2ccccc2[nH]1,P00533,
Cc1nc(C(=O)NC2CCN(c3ccc(C(F)(F)F)cn3)CC2)c[nH]1,P00533,
Cc1cc(OC[C@H](O)Cn2c(C)nc3ccccc32)cc(C)c1Cl,P00533,
CCc1cc(C(=O)N[C@H]2CC(=O)N(CCCc3ccccc3)C2)on1,P00533,
CN(C)C(=O)CN1CCCN(C(=O)Cc2ccsc2)CC1,P00533,
O=C(Nc1cc(C(F)(F)F)ccc1N1CCCC1)c1ccc2c(c1)OCO2,P00533,
Cc1nc(C)c(C(=O)N2C[C@H]3C[C@@H](Oc4ccccc4-n4cnnc4)[C@H](O)C[C@H]3C2)s1,P00533,
CN(CC(=O)Nc1cccc(F)c1)CC(=O)Nc1ccc(F)c(F)c1,P00533,
CCOC(=O)[C@H]1CCCCN1c1ccccc1,P00533,
Oc1cc(-c2ccncc2)nc2cnccc12,P00533,
COc1ccc2oc(C)c(C(=O)Nc3ncc(C)s3)c2c1,P00533,
Cc1noc(CN2CCCC[C@H](NS(=O)(=O)c3cncc(F)c3)C2=O)n1,P00533,
CC(C)(C)[C@@H]1CN(C(=O)c2cn([C@H]3CCCNC3)nn2)c2ccccc21,P00533,
O=C(NCc1cccc(Cl)c1)c1ccc(-c2cccnc2)nc1,P00533,
Cc1cccc(-c2c(C)nn3c(C)c(C(=O)NCc4ccccc4C)cnc23)c1,P00533,
Cc1n[nH]c(C)c1CC(=O)N1C[C@H](C)CC[C@@H]1C,P00533,
O=C(C[C@H](NC(=O)c1ccccc1Cl)c1ccccc1)NCCc1n[nH]c(=O)[nH]1,P00533,
COc1ccc2cc(CN(C)CC(=O)N[C@H](C)c3ccccc3C)ccc2c1,P00533,
C[C@@H]1CN(c2ncc(N)cn2)C[C@H](C)O1,P00533,
COc1cccc([C@H](C)NC(=O)CSc2nc3cc(C)[nH]c3c(=O)n2CC(C)C)c1,P00533,
Cc1nc(CN2CCC[C@@H](NC(=O)C(C)(C)C)C2)co1,P00533,
Cc1ccccc1-n1cnnc1SCC(=O)NC[C@H]1CN(Cc2ccccc2)CCO1,P00533,
COc1ccccc1-c1nc(CC(=O)N2CCN(c3ccccn3)CC2)cs1,P00533,
CN(Cc1cnc2ccccn12)C(=O)CC[C@@]1(Cc2ccc(Cl)cc2)CCC(=O)N1,P00533,
C[C@@H](C(=O)O)n1cc(OCc2ccccc2)cn1,P00533,
COC(=O)c1nc(N)sc1CCc1ccccc1,P00533,
CCC(=O)N1CCN(C(=O)[C@@H]2CCCO2)CC1,P00533,
COC(=O)[C@@H](O)[C@@H](NC(=O)c1ccccc1)c1ccccc1,P00533,
O=C(O)c1cnn(-c2ccc(Br)cn2)c1,P00533,
CCCOc1ccc(OCCN2C[C@H]3C[C@@H](O)[C@H]3C2)cc1,P00533,
CN1CC2(CCN(C(=O)Cc3cccs3)CC2)C[C@H]1C(=O)NCc1ccccn1,P00533,
C[C@H](Oc1ccc(F)cc1)C(=O)N1CCC(Cn2c(=O)n(C)c3cccnc32)CC1,P00533,
COc1ccc(C(=O)N2C[C@H](c3ccc(OC)cc3)[C@H](C(=O)N3CCOCC3)C2)cc1,P00533,
COc1ccc([C@@H]2CN(Cc3ccccc3)C[C@@H]2CO)cc1,P00533,
CCC[C@@H](NS(=O)(=O)c1ccc(C(=O)NC2CCC2)cc1)C(=O)NC,P00533,
COc1ccc(C(=O)NCc2ccc(-c3cccnc3)nc2)cc1OC,P00533,
COc1ccc(CC(=O)NC[C@@H](c2ccco2)N2CCc3ccccc32)cc1,P00533,
Cc1cc(C(=O)N(C)[C@@H](C)CSc2ccccc2)c(C)nn1,P00533,
CCOc1ccc(C(=O)NCc2c(F)cccc2C(F)(F)F)cc1OCC,P00533,
COc1ccccc1NC(=O)c1cc(-c2ccco2)on1,P00533,
CN1CC2(CCN(C(=O)c3cccnc3)CC2)c2cc(F)ccc21,P00533,
O=C(Cn1ccn2nc(-c3ccc(F)cc3)c(CO)c2c1=O)N1CCN(c2ccccc2F)CC1,P00533,
O=S(=O)(NCc1ccco1)c1ccc(S(=O)(=O)N2CCCC2)cc1,P00533,
C[C@@H](C(=O)N1CCN(C(=O)OC(C)(C)C)CC1)c1ccccc1,P00533,
Cc1ccc(S(=O)(=O)NC[C@H]2C[C@@H]2c2cccs2)cc1,P00533,
CCOC(=O)[C@@H]1C[C@@H]1c1ccc(CC)cc1,P00533,
COc1ccc(OCC(=O)N(C)[C@@H](c2ccc(OC)cc2)c2c[nH]c3ccccc23)cc1,P00533,
Cn1cc(C(=O)N2CC[C@H](Oc3cccc(Br)c3)[C@@H](CC(=O)N3CCOCC3)C2)cn1,P00533,
C[C@@H](NC(=O)c1ccccc1)C1CCCCC1,P00533,
COc1cc2cc(C(=O)NCCC(=O)Nc3ccc4c(c3)OCCO4)[nH]c2c(OC)c1OC,P00533,
FC1(F)CCN(c2nc(C(F)(F)F)cs2)CC1,P00533,
Cc1noc([C@@H](C)NC(=O)c2sc(-c3ccco3)nc2-c2ccccc2)n1,P00533,
CCOC(=O)CN(Cc1ccccc1)[C@H](C(=O)NC1CCCCC1)c1ccccc1,P00533,
Cn1cc(C(=O)NCc2nncn2C2CCCCC2)c2ccccc21,P00533,
CCCOc1ccc(CN[C@H](C)C(=O)O)cc1OC,P00533,
CCc1nn2c(=O)cc(CN3C[C@@H]4OCCC(=O)N(C)[C@H]4C3)nc2s1,P00533,
Cc1ccc2cc(NC(=O)c3cccc(C)c3Cl)ccc2n1,P00533,
O=C(Nc1ccccc1-c1ccccc1)C1CCN(S(=O)(=O)c2cccs2)CC1,P00533,
COc1ccc(-c2noc(-c3ccccc3NC(=O)c3ccc(F)cc3)n2)cc1,P00533,
CC1CCN(S(=O)(=O)c2ccc(NC(=O)CN3CCc4ccccc4C3)cc2)CC1,P00533,
COCCn1ccc(NC(=O)NC[C@H]2CCCC[C@H]2O)n1,P00533,
O=S(=O)(NCc1cccnc1-c1cccs1)c1ccccc1C(F)(F)F,P00533,
Cc1ccc(-c2nc(C)sc2CC(=O)N2CCC(C(N)=O)CC2)cc1,P00533,
CN(Cc1ccccc1N1CCCC1)C(=O)CN1CCCC[C@H](O)C1=O,P00533,
COc1cc(C(=O)N[C@H]2CCCC[C@H]2C)ncn1,P00533,
O=C(O)c1cccc(Cl)c1Br,P00533,
COC(=O)c1ccccc1NC(=O)[C@H]1CCCN1S(=O)(=O)c1ccc(C)cc1,P00533,
Cc1cccc(C)c1OCC(=O)Nc1nonc1-c1ccccc1,P00533,
Fc1cncc(F)c1-c1cccc(OCc2ccccc2)c1,P00533,
Cc1ccc(C(=O)NCc2ccc(NC(=O)C(C)C)cc2)cc1S(=O)(=O)N1CCCCC1,P00533,
Cc1c(C(=O)N2CCCCC2)sc2ncn(CC(=O)Nc3cccc(C(F)(F)F)c3)c(=O)c12,P00533,
Cc1nc2n(n1)C[C@H](NC(=O)[C@@H](C)Oc1cccc(F)c1)CC2,P00533,
CCc1nnc(NC(=O)CSc2nc3cc4c(cc3cc2C#N)OCO4)s1,P00533,
CC(=O)c1cccc(OCc2cc(C(=O)N(C)CCC3CCOCC3)no2)c1,P00533,
CO[C@H]1CCN(c2cc(C(C)C)nc3ccnn23)C1,P00533,
Cc1ccc2cc([C@H](c3nnnn3C(C)(C)C)N3CCC[C@H](C)C3)c(=O)[nH]c2c1,P00533,
O=C(Cn1ccc2c(cnc3ccnn32)c1=O)NCCc1ccc(O)cc1,P00533,
CCC(O)(CC)C(C)(C)CNC(=O)c1oc(-c2cnn(C)c2)nc1C,P00533,
O=C(O)[C@@H]1CN(C(=O)c2cnn(C3CC3)c2)c2ccccc21,P00533,
CCc1ccc(OCc2nnc(SCC(=O)N[C@@H]3CCS(=O)(=O)C3)n2[C@H](C)c2ccccc2)cc1,P00533,
CCc1ccc2[nH]c(=O)c(Cc3ccccc3)c(O)c2c1,P00533,
CCCCN1C[C@H](C(=O)Nc2ccc(C(=O)Nc3ccc(OC)cc3OC)cc2)CC1=O,P00533,
COc1ccc([C@H]2CN(C(=O)C3(N)CCC3)Cc3[nH]cnc32)cc1,P00533,
COc1ccc(CCC2CCN(C(=O)[C@@H]3C[C@@H](O)CN3)CC2)cc1,P00533,
O=C(Cc1ccc(S(=O)(=O)N2CCN(c3cccc(Cl)c3)CC2)s1)N1CCOCC1,P00533,
COc1ccc(-n2cc(C(=O)O)c3c2[C@H](c2cccc(OC)c2)CC(O)=N3)cc1,P00533,
CCOc1ccc(-c2nc(C(=O)NC[C@@H]3CCOC3)cs2)cc1,P00533,
CC(=O)Nc1cccc(NC(=O)c2c3c(nc4onc(C)c24)CCC3)c1,P00533,
COc1cccc(Cn2nnc3cc(C(=O)Nc4ccc(F)cc4)ccc32)c1,P00533,
CC(C)(C)OC(=O)N[C@@H]1COC2(CNC2)C1,P00533,
Cc1cccc(-n2nc(-c3ccco3)nc2[C@@H]2CCCN2S(C)(=O)=O)n1,P00533,
O=C(c1ccc2nsnc2c1)N1CCC(c2nnc(-c3ccco3)o2)CC1,P00533,
C[C@@H](NC(=O)c1ccnc2c1ccn2C)c1ccccc1Br,P00533,
O=C(Nc1ccccc1)c1ccc2c(=O)n(-c3ccccc3)c(=O)[nH]c2c1,P00533,
Cc1nc(-c2ccccc2)c(Br)o1,P00533,
C[C@H](NC(=O)c1cccc(C(=O)O)c1)c1ccccc1,P00533,
CNc1cc([C@H]2CCCNC2)nc(CN(C)Cc2ccc(-c3ccccc3)cc2)n1,P00533,
CC[C@@H]1CCCCN1S(=O)(=O)c1ccc(C(=O)Nc2nnc(-c3cccs3)o2)cc1,P00533,
C[C@@H](SCc1ccco1)C(=O)NC[C@H](C)n1cncn1,P00533,
CC(C)[C@H]1NC(=O)[C@@H]2C[C@H](NCc3ccccc3F)CN2C1=O,P00533,
C[C@@H](NC(=O)C1Cc2ccccc2C1)c1ccc(F)c(F)c1,P00533,
O=C(Nc1cc(OCC(F)(F)F)cc(OCC(F)(F)F)c1)NC1(C(F)F)CC1,P00533,
Cc1cc(N2C[C@H]3CN(c4ccc(Cl)cn4)C[C@H]3C2)n2ncnc2n1,P00533,
CCOC(=O)c1cccc(NC(=O)Cn2nnc(C(=O)Nc3ccc(C)c(F)c3)c2C)c1,P00533,
Cc1ccc(C(=O)N(C)CCc2noc(-c3ccc(C(=O)NCCN4CCCCC4)cc3)n2)cc1,P00533,
COc1cc(C(=O)Nc2cnn(C)c2C)cc(OC)c1Br,P00533,
CCOC(=O)NCCC(=O)N[C@@H]1CCCC[C@H]1C(C)C,P00533,
Cc1cc(OC[C@@]2(CC(N)=O)CCCN(C(=O)c3ccccc3F)C2)ccc1Cl,P00533,
CC(C)NC(=O)NC[C@@H](c1ccco1)N1CCSCC1,P00533,
COc1cccc(Cc2cnc([C@H]3CCCCN3C(=O)c3n[nH]c4ccccc34)o2)c1,P00533,
CC[C@H]1CC[C@@H](CNC(=O)N2CCC[C@@H]2Cn2cncn2)CC1,P00533,
O=C([C@@H]1CCN(c2ncc(Br)cn2)C1)N1CCc2sccc2C1,P00533,
COc1ccccc1-c1nc(-c2nnn3c2CO[C@H](c2ccc(Cl)cc2)C3)no1,P00533,
CN(C(=O)c1ccc(=O)n(-c2ccc(F)cc2)c1)[C@@H]1CCCN(c2ccccc2)C1=O,P00533,
CC(=O)N[C@@H]1CCN(C(=O)c2ccc(-c3ccc(NC(C)C)nn3)cc2)C1,P00533,
COc1ccc(OC)c(C(=O)CSc2n[nH]c(=O)c3cc(-c4cccs4)nn23)c1,P00533,
COc1ccccc1-c1n[nH]c(NC(=O)CCn2ccc3ccc(F)cc32)n1,P00533,
COc1ccccc1-n1cc(C(=O)N2CCN(C)[C@@H](CCO)C2)cn1,P00533,
Cc1ccc(CNC(=O)c2sc(-c3cccs3)nc2C)cc1F,P00533,
O=C(O)c1cccc(C(=O)Nc2cc(Cl)cc(Cl)c2)c1F,P00533,
Cc1cccc(C)c1NC(=O)Cn1c(=O)oc2cc(S(=O)(=O)N3C[C@H](C)C[C@H](C)C3)ccc21,P00533,
CC(C)C[C@H]1C(=O)N2CCN(C(=O)Nc3cccc(F)c3)C[C@@H]2C(=O)N1C,P00533,
Cc1ccn2nc(Br)nc2c1,P00533,
N#Cc1cc(Br)cc(S(=O)(=O)NC(=O)Cc2cc3cc(Cl)ccc3[nH]2)c1,P00533,
COc1ccc(NC(=O)Cn2cc(C(=O)c3ccc(C)cc3)c(=O)c3ccccc32)c(OC)c1,P00533,
O=C(O)C[C@H](NS(=O)(=O)c1ccc(Cl)cc1)c1ccc(Cl)cc1,P00533,
COc1ccc(-c2nc(C)cc(SCC(=O)NCc3ccccc3)n2)cc1,P00533,
CC(C)(C)OC(=O)N[C@@H](CCO)c1cccc(Cl)c1,P00533,
COc1cc(NS(=O)(=O)c2ccc3c(c2)NC(=O)[C@@H](C)CS3)cc(OC)c1,P00533,
O=C(c1ccco1)N1CCN(C(=O)c2cnn(-c3cccc(F)c3)c2-n2cccc2)CC1,P00533,
Cc1cc(NC[C@@H](c2ccc(Cl)cc2)N2CCCCC2)c2nncn2n1,P00533,
COCCN1C[C@@]2(CCCN(Cc3csc(C(C)=O)c3)C2)CCC1=O,P00533,
CC(C)NC(=O)[C@@H](C)Sc1nnc(C(F)(F)F)n1C,P00533,
CO[C@@H]1CCN(CC(=O)Nc2cccc3ccccc23)C[C@@]12CCCO2,P00533,
COC[C@@H](c1ccccn1)N(C)Cc1cn(C)c(C)n1,P00533,
O=C1N(CCN2CCOCC2)CC[C@]12CCN(c1nccc3occc13)C2,P00533,
CCOc1ccccc1CN1CCN(C2CCCC2)[C@@H](CCO)C1,P00533,
CSc1cccc(NC(=O)c2cc3ccc(C)cc3c(=O)o2)c1,P00533,
CCN1CCC[C@@H]1CN(Cc1cc2cc(OC)ccc2[nH]c1=O)C(=O)Nc1ccc(OC)cc1,P00533,
CC(C)c1nccc(-c2ocnc2Cc2ccccc2)n1,P00533,
CC1(C)CC(O)CC(C)(C)N1C[C@@H](O)COc1cccc2ccccc12,P00533,
O=C(c1ccncc1)c1cc(F)ccc1Cl,P00533,
CCOC(=O)[C@@H](F)[C@@H](N)c1ccc2ccccc2c1,P00533,
COc1cc2cc(C(=O)N3CCN(CC=Cc4ccccc4)CC3)n(C)c2cc1OC,P00533,
O=C(C[C@]1(O)C(=O)N(CCc2ccccc2)c2ccccc21)c1ccc(Br)s1,P00533,
O=c1c2c3c(nn2ccn1CC1CCCC1)CCCC3,P00533,
C[C@@H](N)C(=O)Nc1cccc(N2CCCC2)c1,P00533,
O=C(Nc1ccc2c(c1)OCCCO2)c1cccc(OCc2cn3ccccc3n2)c1,P00533,
O=C(c1ccsc1)N1CCCN(C2CCCC2)CC1,P00533,
COc1ccc(OC)c([C@H](C)NC(=O)Nc2ccccc2-n2nc(C)cc2C)c1,P00533,
CS(=O)(=O)N1CCn2c(-c3ccccc3)cnc2C12CCN(Cc1ccsc1)CC2,P00533,
N[C@H]1CCCN(C(=O)c2cccc(OCC(F)(F)F)c2)CC1,P00533,
CN(C)[C@@H](CNC(=O)Cc1csc(N2CCCC2=O)n1)c1ccsc1,P00533,
CC(C)(C)OC(=O)N1Cc2ccccc2C[C@H]1C(=O)NC[C@H]1CC[C@H](C(=O)NC2CCCCC2)CC1,P00533,
CC(=O)N1CCC(C(=O)N2CCS[C@H](c3ccccc3)CC2)CC1,P00533,
CC(C)NC(=O)N[C@@H](C)Cc1ccc(O)cc1,P00533,
C[C@@H](Nc1ccc2c(c1)CC(C)(C)C2)c1nnnn1C,P00533,
O=C(Nc1cccc(C(=O)N2CCc3ccccc32)c1)N1CCN(C(=O)c2ccco2)CC1,P00533,
C[C@H](Oc1cc(OC(F)(F)F)ccc1Br)C(=O)O,P00533,
CNC(=O)c1cc(C)nc(C2(C)CCNCC2)n1,P00533,
COc1cc(-c2cccc(C)c2)ccc1F,P00533,
COC(=O)c1ccc([C@@H](C(=O)NCc2ccccc2)N(Cc2ccccc2)C(=O)c2cnccn2)cc1,P00533,
c1ccc(C[C@H]2CCC[C@H]3[C@@H]4C[C@@H](CN(Cc5cscn5)C4)CN23)cc1,P00533,
CCc1csc(CNC(=O)N2CCCC[C@@H]2CCn2ccnc2)n1,P00533,
O=C(NCc1cccnc1-n1cncn1)c1ccc2[nH]cnc2c1,P00533,
Cc1nnc(NC(=O)Cn2nnc3c(cnn3-c3ccc(F)cc3)c2=O)s1,P00533,
CC(=O)c1cccc(NC(=O)c2ccc3c(c2)nnn3C2CCCC2)c1,P00533,
C[C@H](OC(=O)c1ccnc2[nH]ccc12)c1ccc(F)cc1F,P00533,
O=C(CCc1ccccc1)Nc1cnn(-c2ccncc2)c1,P00533,
O=S(=O)(NCC[C@H](O)c1cccs1)C1CC1,P00533,
Cn1/c(=N\C(=O)c2ccc(S(=O)(=O)N3CCCCC3)cc2)sc2cccc(Cl)c21,P00533,
COc1cccc(CC2CCN(C(=O)NC3CCC(O)(c4ccccc4)CC3)CC2)c1,P00533,
C[C@@H]1CCC[C@@H](C)N1C(=O)c1cc(-c2ccc(F)cc2)on1,P00533,
Cc1cc(C)c([C@H](C)NC(=O)Cn2cnc3cc(F)ccc3c2=O)cc1C,P00533,
Cc1ccc(NC(=O)c2c(O)c3cnn(-c4ccc(F)cc4)c3[nH]c2=O)cc1F,P00533,
Cn1ncc(C(F)F)c1C(=O)NC[C@H](O)CNC(=O)[C@@H]1CC12CCC2,P00533,
N#Cc1ccc(CN[C@@H](Cc2ccccc2)[C@@H](O)C(F)F)c(F)c1,P00533,
COC1CCN(C(=O)c2cc(C)cs2)CC1,P00533,
CCc1ccc([C@H]2CC(=O)Nc3c2c(C)nn3-c2ccc(Cl)nn2)cc1,P00533,
CC[C@@H](NCc1ccccc1-c1ccc(Cn2cncn2)cc1)C(N)=O,P00533,
C[C@@H](NC(=O)Nc1ccc2nc[nH]c(=O)c2c1)c1nnc2ccccn12,P00533,
COc1ccc(-c2noc([C@H]3CN(Cc4ccccc4)C[C@@]34CCOC4)n2)cc1,P00533,
CCn1cnnc1CNc1nc(C)nc2sc(-c3ccccc3)cc12,P00533,
O=C(CSCc1ccccc1)Nc1cccc2ncccc12,P00533,
O=C(OC[C@H]1CC(=O)N(C2CC2)C1)c1ccn(-c2ccccc2F)n1,P00533,
COc1ccc(-c2c3c(=O)n(C)c(=O)n(C)c3c3n2CCO[C@H]3c2ccc(O)cc2)cc1,P00533,
Cc1noc(C)c1CN1CC[C@@]12CCCN(C(=O)CCOc1ccccc1Cl)C2,P00533,
CCN(CC)C(=O)COCC(=O)NCCc1ccc(Cl)cc1,P00533,
C[C@@H]1CC[C@H](c2nc(CC(=O)O)cs2)C1,P00533,
Cc1cc(C)n([C@H](CNC(=O)Nc2cccc(C(F)(F)F)c2)c2ccco2)n1,P00533,
CN(C)c1cccc(NC(=O)C[C@H]2CCCCN2c2ccncc2)c1,P00533,
CCOc1ccc(CN2C[C@H]3CCC[C@@H](C2)[C@]3(O)c2ccc(C)cn2)cc1OC,P00533,
COc1ccccc1OCC(=O)NCc1nc(-c2cccc(C)c2)no1,P00533,
CCn1nc(C(=O)NC[C@]2(O)CCN(c3cnccn3)C2)cc1C,P00533,
CN1CCN(C(=O)CCc2cccc3ccccc23)C[C@@H]1C(=O)O,P00533,
Cc1ccc(NC(=O)N(C)CCC[C@@H]2CCCO2)cc1NC(=O)C1CCCC1,P00533,
COc1ccc(OC)c([C@H]2CC(c3ccccc3)=NN2C(=O)CN2CCC(C(N)=O)CC2)c1,P00533,
FC(F)(F)Oc1ccc(-c2ccc3nnc(C(F)(F)F)n3c2)cc1,P00533,
O=C(COC(=O)CSc1nc2ccccc2o1)NC1CC1,P00533,
O=C(NCc1ccc(Cl)cn1)c1ccc(CN2CCOCC2)cc1,P00533,
COc1ccccc1COC1CCN(Cc2cnc(N(C)C)nc2)CC1,P00533,
CC(C)[C@@H](NC(=O)Cc1c[nH]c2nccc(Cl)c12)c1ncon1,P00533,
Cc1cc(=O)nc2sc(-c3c(F)cccc3Cl)nn12,P00533,
Cc1ccc(-c2noc(CN3CCC(Cc4ccccc4)CC3)n2)cc1,P00533,
CCN(CC)S(=O)(=O)c1cc(NC(=O)[C@H]2Cc3ccccc3C(=O)O2)ccc1C,P00533,
CC[C@@H](NC(=O)c1cc(-c2ccc(C)s2)[nH]n1)C(=O)N(C)C,P00533,
CCC(CC)C(=O)N1CCC[C@@H](N(CCN2CCCC2)C(=O)C2CCC2)C1,P00533,
COc1ccc(-c2noc(-c3ccccc3OCC(=O)Nc3nc(C)cs3)n2)cc1,P00533,
O=C(Cn1c(=O)n2nc(-c3cccs3)nc2c2c3c(sc21)CCCC3)NCc1ccccc1,P00533,
COc1cc(Cl)c(C)cc1NC(=O)COc1ccc(Br)cc1C,P00533,
Cc1nn2c(ncc3c(=O)n(-c4ccc5c(c4)OCCO5)ccc32)c1-c1ccc(Cl)cc1,P00533,
CC(C)N1CCn2c(nc3cc(NC(=O)c4ccc(Cl)cc4)ccc32)C1,P00533,
COc1ccc2[nH]c(Cn3cnc4c(OC)c(OC)c(OC)cc4c3=O)cc2c1,P00533,
O=C(NCC1CC1)C1CN(C(=O)CCc2ccccc2F)C1,P00533,
COc1cccc(CNC(=O)[C@]2(C)CCCN(C(=O)c3cccc(OC)c3)C2)c1,P00533,
O=C(NCc1ccc2c(c1)OCO2)c1cc(N2CCCCS2(=O)=O)ccc1Cl,P00533,
CC(C)CCO[C@H]1CCN(C(=O)c2cccc(C(=O)O)n2)C1,P00533,
COc1ccc(C)c2sc(N3CCN(C(C)=O)CC3)nc12,P00533,
CC(C)c1ccc(C(=O)N2CCCN(c3ncccc3C#N)CC2)c(O)c1,P00533,
COC[C@@H](C)NC(=O)NC(=O)c1ccc(Cl)cc1,P00533,
Cc1cc(F)ccc1NC(=O)C[C@H](C)S(=O)(=O)c1ccc2c(c1)NC(=O)CO2,P00533,
O=C(O)[C@H](c1cccnc1)N1CCC(c2ccsc2)CC1,P00533,
CCn1ccc2cc(S(=O)(=O)N3CCC[C@@H](C(=O)NCc4ccccc4F)C3)ccc21,P00533,
Cc1c(CNC(=O)[C@@H](c2cccnc2)N2CCOCC2)oc2ccccc12,P00533,
Cc1cc(-c2cnc(C(C)C)nc2CN(C)C(=O)c2cc(C)c(C)[nH]c2=O)on1,P00533,
Cc1noc(CN2CCN(C(=O)c3ccncc3)CC2)n1,P00533,
CC1CCN(C(=O)c2ccc(O)nc2)CC1,P00533,
Cc1ccccc1-n1c(CC2CCN(C(=O)Cc3cn(C)c4ccccc34)CC2)n[nH]c1=O,P00533,
O=C(c1nc[nH]n1)N1CCN(C(=O)[C@H]2Cc3ccccc3O2)CC1,P00533,
COc1ncccc1C(=O)N1C[C@@H]2CN(c3nc4ccccc4n3C)C[C@@H]2C1,P00533,
COC(=O)[C@@H](NC(=O)c1cn(Cc2ccc(OC)cc2)nn1)c1ccccc1,P00533,
O=C(NC[C@@H]1CCOC1)N1CCC[C@@H](c2nc3ccccc3o2)C1,P00533,
CCOc1ccc(C(=O)N(C)CC2(C)CCOCC2)cc1,P00533,
Cc1c(C(=O)OCc2cccc(C(F)(F)F)c2)nnn1-c1ccccc1Br,P00533,
CC(=O)NCC(=O)N1CCC2(CC1)C(=O)N(c1ccc(C)nc1)CCN2Cc1ccccc1,P00533,
NC(=O)c1cccc(CCNC(=O)[C@H]2C[C@H]2C(=O)O)c1,P00533,
O=C([C@@H]1CC(=O)N(c2ccccc2Br)C1)N1CCN(c2ncccn2)CC1,P00533,
O=C(O)c1cccc(-c2cnc3cccc(F)c3c2)c1,P00533,
O=C([C@@H]1CCCN(Cc2ccco2)C1)N1CCN(Cc2ccc3c(c2)OCO3)CC1,P00533,
O=S(=O)(Cc1cccc(F)c1)N1CCN(c2nccs2)CC1,P00533,
CCNC(=O)CCc1nc2ccccc2n(CC(=O)NCCc2ccc(Cl)cc2)c1=O,P00533,
COCCn1cncc1CNC(=O)c1cc2c(cc1C)OCCO2,P00533,
Cc1cc(C(=O)Nc2nc3c(s2)CCCC3)nn1C,P00533,
O=C(NCc1ccccc1)c1ccccc1NCC(=O)N1CCc2sccc2C1,P00533,
O=C(NCc1ccc(OC(F)(F)F)cc1)[C@@H]1CCCCO1,P00533,
Oc1cc(F)c(-c2cnc3c(N4CC[C@H](O)C4)nccn23)cc1Cl,P00533,
CSc1cccc(NC(=O)N2CCC[C@@](C)(C(=O)NCc3ccccc3)C2)c1,P00533,
CCN(Cc1ccc(C#N)cc1F)C(=O)c1[nH]c2ccccc2c1Cl,P00533,
CCOC(=O)[C@H]1CCCN(C(=O)CSc2nnc(-c3ccccc3)o2)C1,P00533,
CN1C(=O)C[C@@H](C(=O)O)[C@@H]1c1ccc(Cl)cc1,P00533,
COc1ccc(Cl)cc1C(=O)Nc1ccon1,P00533,
O=S(=O)(Cc1ccccc1)NCc1ccc(-c2ccco2)o1,P00533,
COc1c(Cl)cc(Cl)cc1CNCc1cccs1,P00533,
CN(CC(=O)NC1(C(N)=O)CCCCCC1)C1CCCC1,P00533,
Cn1cccc1C(=O)N1CCC[C@@]2(CCC(=O)N(CCc3ccccn3)C2)C1,P00533,
CCN(C(=O)Cn1cccnc1=O)c1ccccc1,P00533,
Cc1cc(C)nc(-n2nc(C)c(CC(=O)NC[C@@H](C)CN)c2C)n1,P00533,
Cc1ccc(Cl)cc1NC(=O)c1ocnc1-c1ccccc1,P00533,
COc1ncccc1CNC(=O)[C@@H]1CC(=O)N(c2ccccc2F)C1,P00533,
Cc1nc(-c2ccccc2F)sc1C(=O)N[C@@H](C)Cc1c(C)nn(C)c1C,P00533,
CC(=O)N1CCC(NC(=O)c2ccccc2Nc2cccc(C)c2C)CC1,P00533,
COc1ccc(CCC(=O)NCc2ccc(CN(C)C)cc2)cc1Cl,P00533,
Cc1cc(C(=O)N2CCC[C@H]2c2cncc(-c3c(C)noc3C)n2)on1,P00533,
O=C(Nc1ccc2c(c1)OCCO2)c1cc(-c2ccccn2)nc(-c2ccccn2)c1,P00533,
O=C([C@H]1C[C@]12CCOC2)N1CC(C2CCCCC2)C1,P00533,
Cc1ccc2c(c1)n(Cc1ccccc1)c(=O)c1nc(C(=O)Nc3ccc(Cl)cc3C)nn12,P00533,
O=C1C[C@@H](C(=O)N2CCc3ncc(Cl)cc3C2)c2ccccc2N1,P00533,
Cc1cnc(C(=O)NCC[C@H]2C[C@H](S(=O)(=O)c3ccccc3)CCO2)cn1,P00533,
CCOc1cc(N[C@H]2CCCN(C(=O)OC(C)(C)C)C2)nc(SC)n1,P00533,
Cc1ccccc1C(=O)Nc1cnc2sc3c(n2c1=O)CCCC3,P00533,
Cc1cc(S(=O)(=O)NCCN2CCOCC2)c(C)c(C)c1C,P00533,
CSc1cccc(C(=O)[C@@H]2CCCC[C@@H]2C(=O)O)c1,P00533,
O=C(C[C@H]1NCCNC1=O)Nc1ccc(OC(F)F)cc1,P00533,
CCc1ccc(-c2noc3c(=O)n(CCC(=O)Nc4cc(C)ccc4C)cnc23)cc1,P00533,
Cc1ccccc1NC(=O)[C@@H](C)N1CCN(c2ccccc2F)CC1,P00533,
Cn1cncc1C(=O)N1CCCN(Cc2ccc(C3CCCC3)s2)CC1,P00533,
CC(C)C(=O)c1ccc(NC(=O)N2CCC[C@@](O)(CC(=O)N(C)C)C2)cc1,P00533,
NC(=O)c1cc2n(n1)[C@H](C(F)(F)F)C[C@H](c1ccc(Cl)c(Cl)c1)N2,P00533,
OCc1ccc(CN2CCO[C@@H](c3ccc(F)cc3Cl)C2)o1,P00533,
COC(=O)[C@@H]1CCN(CC(=O)OC(C)(C)C)C1,P00533,
Cc1ccc(C(=O)Nc2cc(S(=O)(=O)N3CCCCC3)ccc2C)o1,P00533,
COc1cc(N2CCN(C(=O)c3ccnn3C)CC2)ccc1F,P00533,
O=C(NC1CC1)[C@@H]1C[C@H](Oc2ccccc2)CN1C(=O)CCc1nc(-c2ccccc2)no1,P00533,
CC(C)NS(=O)(=O)c1ccc(C(=O)O)cn1,P00533,
COCCn1ccc2c(cnc3c(-c4ccc(F)cc4)cnn32)c1=O,P00533,
CCn1cc(C(=O)N2CCC3(CCc4c3nc(C3CC3)[nH]c4=O)CC2)c(C)n1,P00533,
CC(C)(C)n1ncc2c(Oc3ccc4cn[nH]c4c3)ncnc21,P00533,
C[C@@H]1CC[C@H](C(N)=O)CN1C(=O)c1ccc(N2CCCC2=O)cc1,P00533,
Cc1ccc(C)c(S(=O)(=O)NCCC(=O)N[C@H](C)c2ccc(-n3cncn3)cc2)c1,P00533,
COc1ccc2[nH]cc(CCNC(=O)[C@H](NC(=O)C(c3ccccc3)c3ccccc3)C(C)C)c2c1,P00533,
CCOc1ccc([C@@H]2CC(=O)Nc3cc(NC(=O)CN(C)C)c(C)cc32)cc1Cl,P00533,
Cc1ccc(CCNC(=O)c2cnc3c(C)cccn3c2=O)cc1,P00533,
OCC[C@@H]1CN(C2CCCCC2)CCN1Cc1ccccc1,P00533,
CN(C[C@H]1CCCCN1C)C(=O)c1cc(COc2ccc(-n3cncn3)cc2)on1,P00533,
Cc1ccc2nc(COc3ccc(OCc4ccccc4)cc3)cc(=O)n2c1,P00533,
CN(c1ccccc1)S(=O)(=O)c1ccc2[nH]c(=O)oc2c1,P00533,
O=C(C1CCCC1)N1CCCCC[C@H]1c1nc(C2CC2)no1,P00533,
COc1ccc(-n2ccc(O)c(Cc3ccc(Cl)cc3)c2=O)cc1,P00533,
Cc1ccc(CSc2nnc3c(n2)[C@@]2(C)CC[C@@H]3C2(C)C)cc1,P00533,
Cn1ccnc1[C@H](NC(=O)c1cnc2c(c1)ncn2Cc1cccnc1)C1CC1,P00533,
OCCOc1ccc(CN2CCN(C3CCCCC3)[C@H](CCO)C2)cc1,P00533,
COc1ccccc1C(=O)c1ccc(OC(C)(C)C)cc1,P00533,
Cc1c(Cl)cccc1S(=O)(=O)NCc1nccnc1-c1ccoc1,P00533,
COc1ccc(Cn2cc(S(=O)(=O)N(C)C)ccc2=O)cc1F,P00533,
Cc1cc(C)c(NC(=O)[C@H]2CCCN(S(C)(=O)=O)C2)c(C)c1,P00533,
CCn1c(=O)n(CC)c2cc(N3CCCC3)c(NC(=O)Nc3cc(OC)cc(OC)c3)cc21,P00533,
Cc1cccc(CSc2nc(=O)[nH]c3c2CCC3)c1,P00533,
NC(=O)CCN(Cc1ccccc1)C(=O)Cn1cnc2cc(Cl)ccc2c1=O,P00533,
Cn1ccnc1C(=O)Nc1ccc(OC2CCCC2)cc1,P00533,
N#Cc1ccc(-c2ccncc2)nc1NC[C@@H]1CCCC[C@H]1O,P00533,
CCc1nnc2sc(-c3ccc(C)c(NC(=O)c4cc(OC)cc(OC)c4)c3)nn12,P00533,
O=C1CCCc2cc(S(=O)(=O)N3CCC[C@H](C(=O)NC4CCCCCC4)C3)ccc2N1,P00533,
COc1ccc(OC)c(CCNC(=O)c2cnn(C)c2C2CCN(C(=O)OC(C)(C)C)CC2)c1,P00533,
CCc1cc(=O)[nH]c(-n2nc(C)cc2NC(=O)CCCc2ccccc2)n1,P00533,
CC(C)C(=O)N1CCC[C@@H](N(C)c2ncccc2C(F)(F)F)C1,P00533,
Cc1cccc2nc(C(=O)OCc3nc4ccccc4o3)cn12,P00533,
CCN1Cc2nc(SC)ncc2C1=O,P00533,
COc1ccc(C)cc1CC(=O)N1CCC[C@H]2NCCCC[C@@H]21,P00533,
C[C@H](NC(=O)CCc1nnc(-c2ccccc2)o1)c1cccc(C(F)(F)F)c1,P00533,
N#Cc1ccccc1SCc1ccccc1,P00533,
O=C(CSc1n[nH]c(=O)c2cc(-c3ccco3)nn12)Nc1ccc2c(c1)OCO2,P00533,
Cc1noc(C)c1CN1C[C@H]2CNC[C@@]2(CCC(=O)O)C1,P00533,
O=C(NCc1ccc2nonc2c1)N1CCN(c2nc[nH]n2)CC1,P00533,
CCc1nnc2ccc(N3C[C@@H]4CN(S(=O)(=O)CCc5ccccc5)C[C@H]4C3)nn12,P00533,
NC(=O)COc1ccc([C@@H]2CC(=O)Nc3c(-c4cccc(F)c4)csc32)cc1,P00533,
C[C@H](CNC(=O)[C@H](C)S(C)(=O)=O)N1CCc2ccccc21,P00533,
CCN(CC)C(=O)Cn1cc(C(=O)N2CCC([C@@H](O)CCc3ccccc3)CC2)nn1,P00533,
CCC[C@H](CC(=O)NC)NC(=O)c1ccc(-c2n[nH]c(=O)[nH]2)cc1,P00533,
CCn1c(-c2cc(NC(=O)Cc3ccc(OC)cc3Cl)[nH]n2)cc2ccccc21,P00533,
CCCC(=O)N(CC(=O)N(Cc1ccc(F)cc1)Cc1ccc(C)o1)C1CC1,P00533,
Clc1cnc(N2C[C@H]3CN(c4cnc(-c5ccccc5)cn4)C[C@H]3C2)nc1,P00533,
Cc1nc2sc3c(c2c(=O)n1NC(=O)c1nn(C)cc1Br)CC[C@@H](C(C)(C)C)C3,P00533,
Cc1nc([C@@H]2CCCN(C(=O)NC3CCC3)C2)n[nH]1,P00533,
COc1ccccc1CNC(=O)c1ccc(OC)c(OC)c1Cl,P00533,
C[C@@H](C(=O)NCc1cccnc1)N(c1cccc(Cl)c1)S(C)(=O)=O,P00533,
O=C(Nc1ccc(C(=O)N2CCC[C@@H]2c2cccs2)cc1)c1ccco1,P00533,
Cc1nc(C)n(C[C@H]2CCCN(C(=O)CCC3CCNCC3)C2)n1,P00533,
COc1c([C@@H](O)CC(C)C)ccc2c1C(=O)OCc1cc(C)cc(O)c1O2,P00533,
O=C1CO[C@H](c2ccc(NS(=O)(=O)Cc3ccccc3)cc2)[C@@H](CO)N1,P00533,
CN(CCc1ccccn1)C(=O)c1cccc(N2CCN[C@H](c3ccccc3)C2)n1,P00533,
CCCN(CC(=O)O)C(=O)c1cc(C)nn1CC,P00533,
CCn1c([C@@H]2CCN(C(=O)c3cccc(Cl)c3)C2)nc2cccnc21,P00533,
COc1cc(F)ccc1NC(=O)[C@@H]1CCCN1c1ncccn1,P00533,
C[C@H]1C[C@@H](CNC(=O)c2cn(-c3cccc(Br)c3)nn2)CCO1,P00533,
CC(C)c1cc(N2CCC[C@@H](CN3CCOCC3)C2)c2nncn2n1,P00533,
O=C(c1ccc(Cn2cccn2)cc1)N1CCC[C@H](n2ccnc2)C1,P00533,
CN(c1ccnc(C2CC2)n1)[C@H]1CCN(Cc2ccccc2)C1,P00533,
CCCc1ccc(S(=O)(=O)N2CCN(Cc3csc(-c4ccccn4)n3)CC2)cc1,P00533,
Cc1ccccc1NC(=O)Cn1cc(-c2nc(-c3cccc(Br)c3)no2)ccc1=O,P00533,
Cc1ccc(N2CCN(S(=O)(=O)c3ccccc3)[C@H](C)C2=O)cc1F,P00533,
COc1ccccc1C(=O)Nc1nnc([C@@H]2CC(=O)N(c3ccc(OC(F)(F)F)cc3)C2)o1,P00533,
COCC(=O)N1CCCc2ccc(NS(=O)(=O)c3cc(C)c(C)cc3OC)cc21,P00533,
FC(F)c1cc(-c2cnn(C3CCC3)c2)ccn1,P00533,
CCN1CCN(c2oc(-c3cccc(Cl)c3)nc2C#N)CC1,P00533,
O=C(c1cccs1)N(CCc1ccccc1)Cc1cc2cc3c(cc2[nH]c1=O)OCO3,P00533,
Cn1nnn(-c2ccc(NC(=O)c3ccc(F)c(F)c3)cc2)c1=O,P00533,
O=C(N[C@]1(C(F)(F)F)C(=O)Nc2c1c(=O)[nH]c(=O)n2-c1ccc(Cl)cc1)c1ccccc1,P00533,
C[C@@H]1CN(CCC(=O)N2CCC(c3nc4ccccc4cc3N)CC2)C[C@@H](C)O1,P00533,
CCOC(=O)[C@H](N)C(C(F)(F)F)C(F)(F)F,P00533,
CN(C)c1ccc(CNCc2c[nH]nc2-c2cccs2)cn1,P00533,
Nc1ncc(C(=O)N2CC[C@@]3(CN(Cc4cc5ccccc5o4)CCO3)C2)s1,P00533,
CN1C[C@@H](Cn2ccnc2-c2coc(-c3ccccc3)n2)OCC1=O,P00533,
CN(Cc1ccc(Cl)c(F)c1)c1ncns1,P00533,
O=C(COC[C@H]1CCCCO1)NCc1ccc2c(c1)CCC2=O,P00533,
Cc1ccccc1Cn1c2ccccc2c2cnn(CC(=O)NCc3ccc(F)cc3)c(=O)c21,P00533,
Cc1cccc([C@@H](NC(=O)N(C)CCO)C(F)(F)F)c1,P00533,
CCCNC(=O)C1CCN(c2nccn3nc(-c4ccc(C)c(C)c4)cc23)CC1,P00533,
COc1cc2c(cc1-c1cccc(C(C)=O)c1)CCC2=O,P00533,
COc1cccc(-c2cc3c(=O)n(C[C@H](O)c4cccc(OC)c4)ccn3n2)c1,P00533,
Cc1ccc(C(=O)NCc2cc(F)cc(F)c2)c(C)c1,P00533,
COc1cc(NC(=O)c2ccc(-n3cnc(NC(C)=O)c3)cc2)cc(OC)c1,P00533,
CC[C@H](C)NC(=O)c1ccn(Cn2nc(C)c(Cl)c2C)n1,P00533,
COc1ccccc1-c1noc([C@@H]2CCCN2C(=O)Nc2ccc3c(c2)OCCO3)n1,P00533,
O=C(CSc1nc2c(c(=O)n1-c1ccc(Cl)cc1)SCC2)N1CCCCC1,P00533,
Cc1ccc(O[C@@H]2CCN(C(=O)c3ccc(=O)[nH]n3)C2)nc1,P00533,
Cc1ccnc(N2CC(C)(C)[C@H]2c2ccncc2)n1,P00533,
CCOc1ccc(S(=O)(=O)N(CCC(=O)N2CCNCC2)CCN2C[C@H](C)C[C@@H](C)C2)cc1,P00533,
Cc1noc(C)c1CS(=O)(=O)CC(=O)N1CCc2sccc2C1,P00533,
CCCN(CCC(=O)Nc1nnc(-c2ccc(Cl)cc2)s1)C(=O)Cc1ccc(OC)cc1,P00533,
CC[C@H](C(=O)NC)n1cnc(-c2ccccc2)c1-c1ccc(C(C)=O)cc1,P00533,
COc1cccc2c1C1(CCN(C(=O)c3sc(C)nc3C)CC1)OCC2,P00533,
Cc1nc(CC(=O)N[C@@H]2CCCc3c2cnn3-c2ccc(C(C)(C)C)cc2)cs1,P00533,
COc1cc(-c2ccc(OC)c3ccccc23)ccc1NC(C)=O,P00533,
Cc1nc2ccccc2n1C1CN(C(=O)[C@@H]2CCOC2)C1,P00533,
Cc1nn(-c2ccccc2)c2c1[C@H](c1cscn1)CC(=O)N2,P00533,
NC[C@H](NC(=O)Cc1cccc(C(N)=O)c1)c1ccc2ccccc2c1,P00533,
Cc1ccc(S(=O)(=O)N2CCC(C(=O)N(C)[C@@H]3CCS(=O)(=O)C3)CC2)cc1,P00533,
Cc1ccc(-c2nc(-c3cccnc3)sc2CC(=O)N2CC(C3CN(C(=O)c4nc(C)nc5[nH]ccc45)C3)C2)cc1,P00533,
Cc1cnnc(-c2ccc(C(=O)N3CCC(Cn4cccn4)CC3)cc2)c1C,P00533,
CC(C)C[C@H](N)C(=O)N[C@H](Cc1ccccc1)C(=O)O,P00533,
COc1ccc(Cl)cc1N(CC(=O)N1CCN(C)CC1)S(=O)(=O)c1ccc(C)cc1,P00533,
Cn1ncc2ncc(C(=O)N3[C@@H]4CC[C@H]3[C@](CO)(Cc3ccccc3)C4)cc21,P00533,
Cc1cc(CNC(=O)N(C)CC[C@H](O)c2ccccc2)cnc1C,P00533,
N#Cc1cccc(NC(=O)N2CCC([C@H](O)CCc3ccccc3)CC2)c1,P00533,
COc1ccc(OC)c(S(=O)(=O)N2CCN(C(=O)CN(C)C3CCCCC3)CC2)c1,P00533,
COc1ccc(CCNC(=O)c2nc3ccccc3c(=O)n2NC(=O)Nc2c(Cl)cccc2Cl)cc1OC,P00533,
CC(=O)N1CCC(C(=O)NCc2ccc(F)cc2F)CC1,P00533,
Cc1ccc(-c2nnc(Cl)c3ccccc23)cc1C,P00533,
COc1ccc2c(=O)c3c(oc2c1)C(=O)N(CCCN1CCOCC1)[C@@H]3c1cccnc1,P00533,
Cn1c([C@H]2Cc3ccccc3CO2)nnc1N1CCC([C@]2(C)COC(=O)N2)CC1,P00533,
COc1ccc(C(=O)NCC(=O)OCc2ccccc2Cl)cc1,P00533,
O=C(NCc1nnnn1-c1ccc(Cl)cc1)C(c1ccccc1)c1ccccc1,P00533,
C[C@]1(c2ccccc2)CCCN(Cc2c[nH]c(=O)c3ccccc23)C1,P00533,
C[C@H]1Cc2cc(C(=O)N(Cc3nc4ccccc4c(=O)[nH]3)C[C@H]3CCCO3)ccc2N1S(C)(=O)=O,P00533,
Cc1ccc(Cn2c(=O)c(-c3noc(C)n3)c3n(c2=O)CCCCC3)cc1,P00533,
Cc1cccc(CNC(=O)CCc2ccc(Br)cc2)n1,P00533,
CCCc1cnc(C)nc1N1CCC[C@@H](c2nccn2CC2CC2)C1,P00533,
Fc1cc(F)cc(CNc2ccc3nnc(C(F)(F)F)n3n2)c1,P00533,
CC1CCN(C[C@H]2CC3(CCN(C(=O)c4ccc(=O)n(C)c4)CC3)C(=O)O2)CC1,P00533,
Cc1cc(-n2nc3c(c2N)[C@@H](C)N(C(=O)OC(C)(C)C)CC3)cc(C)c1F,P00533,
Cc1cc(OCC(=O)Nc2cccc(S(=O)(=O)N(C)C)c2)c(C(C)C)cc1Cl,P00533,
O=C(COC(=O)c1cc(S(=O)(=O)N2CCCCC2)ccc1Cl)c1ccc(F)cc1,P00533,
C[C@@H](O)CN1CCC(CNCc2ccc(S(C)(=O)=O)cc2)CC1,P00533,
COc1cc(NC(=O)c2nc(-c3ccccc3F)sc2C)cc(OC)c1OC,P00533,
CC1(C)OC(=O)C[C@@H]1C(=O)N1CCC[C@H]([C@@H]2C[C@H](C(F)F)n3ncnc3N2)C1,P00533,
Cc1ccccc1C1CCN(C(=O)c2cccc(C(N)=O)c2)CC1,P00533,
CC[C@@H](NC(=O)c1cnc2ccccc2c1)c1nc(C)c(C)s1,P00533,
Cc1c(Cl)cccc1NC(=O)c1oc2ccc(S(=O)(=O)N3CCOCC3)cc2c1C,P00533,
CC(=O)N1CCc2cc(S(=O)(=O)N[C@H](Cc3ccccc3)C(=O)Nc3cc(Cl)ccc3C)ccc21,P00533,
CC(C)CNC(=O)N1CC(Oc2ccnc(C(F)(F)F)c2)C1,P00533,
CC(C)c1nccn1-c1cncc(C2CCNCC2)n1,P00533,
Cn1ncnc1CNC(=O)Nc1cnn(Cc2ccc(Cl)cc2)c1,P00533,
Cc1cccc(OCC(=O)Nc2ccccc2SCc2cc(=O)n3c(ncn3CC(C)C)n2)c1C,P00533,
COC(=O)c1cc(Nc2ccc(C(C)=O)cc2)c2cccc(C)c2n1,P00533,
COc1ccc(NC(=O)Nc2ccc(N3CCCCC3=O)cc2)cc1,P00533,
CS(=O)(=O)N1CCN(C(=O)c2[nH]nc3c2COc2ccccc2-3)CC1,P00533,
O=S1(=O)N=C(Nc2cc(C(F)(F)F)ccc2Cl)c2ccccc21,P00533,
Cc1c2c(nn1Cc1ccccc1)NC(=O)C[C@@H]2COCc1ccccc1,P00533,
O=C(NCCc1cccc(F)c1)[C@@H]1CCC(=O)N(CCCc2ccccc2)C1,P00533,
COC(=O)[C@@H](C)N(c1cc(C)ccc1C)S(C)(=O)=O,P00533,
Cc1c[nH]c(CN(C)C(=O)[C@@H](C)n2nc(C)cc2C)n1,P00533,
Cc1nc2c(c(N3CCC(c4noc(C)n4)CC3)n1)CCNC2=O,P00533,
O=C(NCC1(F)CCN(c2ccnc(C3CC3)n2)CC1)C1CC1,P00533,
O=C(c1ccc(Cl)cc1)N1CCN(C(=O)c2cc(-c3cccs3)n[nH]2)CC1,P00533,
Cc1cc(C(=O)O)cc(C(=O)N[C@@H](C)Cc2c(C)noc2C)c1,P00533,
CCOC(=O)C[C@H](Nc1nc(N2CCOCC2)nc(N2CCOCC2)n1)c1ccc(C)cc1,P00533,
CC(C)NC(=O)CNC(=O)c1cc(CN(C)Cc2ccccc2)on1,P00533,
CSCC[C@H](NC(=O)Cn1ccc2ccc(F)cc21)c1nnc2ccccn12,P00533,
CNC(=O)CSc1nc(-c2ccc(Cl)cc2)cc(C(F)(F)F)c1C#N,P00533,
Cc1ccnc(NC(=O)CCC(=O)c2ccc(Cl)s2)c1,P00533,
Cc1nnc2n1N[C@@H](c1ccccc1)[C@@H](C(=O)Nc1ccccc1F)S2,P00533,
CN(C)c1ccc(CNC(=O)CCc2nc3ccccc3[nH]2)cc1F,P00533,
O=C(CCSc1nc(Cl)nc2[nH]cnc12)NCCc1c[nH]c2ccc(F)cc12,P00533,
CCS(=O)(=O)c1ccc(C(=O)O)cc1,P00533,
O=C(Oc1c(-c2ccccc2)oc2ccccc2c1=O)c1ccncc1,P00533,
CON1CCC(N(C)C(=O)Cc2cccc(N3CCCC3=O)c2)CC1,P00533,
CCOC(=O)c1c(NC(=O)CSc2nnc(COc3cccc(C)c3)o2)sc2c1CCCC2,P00533,
C[C@H]1CN(C(=O)NC[C@@H](c2cccs2)N(C)C)CCO1,P00533,
O=C1N(C2CCOCC2)CCC[C@@]12CCN(Cc1c[nH]nn1)C2,P00533,
Cn1cc(Br)c(C(=O)Nc2nnc3n2CCCC3)n1,P00533,
O=C(c1cc2ccoc2cc1F)N1CC[C@@H](C2CC2)[C@H]1c1n[nH]c(=O)[nH]1,P00533,
COC(=O)c1ccc(NC(=O)Cn2c(=O)n(C3CC3)c(=O)c3nscc32)cc1,P00533,
O=C(CSc1nc2c(-c3ccc(F)cc3)cnn2c(=O)[nH]1)NC[C@@H]1CCCO1,P00533,
O=c1[nH]c2cc3c(cc2cc1[C@@H](c1nnnn1C1CCCC1)N(Cc1cccnc1)Cc1ccco1)OCO3,P00533,
COc1ccccc1CNC(=O)C1CCN(Cc2ccccc2F)CC1,P00533,
Cc1csc(NC(=O)CSCC(=O)Nc2ccccc2)n1,P00533,
C[C@@H]1CCC[C@H](C)N1C(=O)COC(=O)c1cccc(S(=O)(=O)N2CCOCC2)c1,P00533,
O=C(Cn1ccc(=O)[nH]c1=O)Nc1cccc(CN2CCCC2=O)c1,P00533,
CC(C)(C)OC(=O)N[C@H](C(=O)O)[C@H](O)c1cccc(C(F)(F)F)c1,P00533,
C[C@@H](Sc1nc(-c2ccco2)nc2ccccc12)C(=O)N1CCNC1=O,P00533,
CCn1ncnc1CN1C[C@@H](C(=O)O)C2(CCOCC2)C1,P00533,
O=C1NCCCC[C@@H]1Sc1nnc(-c2c[nH]c3ccccc23)n1-c1ccc(Cl)cc1,P00533,
CSCCC(=O)NC[C@H]1CN(C)CCN1C,P00533,
O=C(c1ccccc1F)N1C[C@@H]2[C@H](C1)N(Cc1ccccn1)C(=O)c1cccn12,P00533,
CCc1nc2sc([C@@H](c3ccc(C(F)(F)F)cc3)N3CCN(c4ccccc4)CC3)c(O)n2n1,P00533,
COCCN1CN(C(=O)NCc2cc(C#N)ccc2F)CC1=O,P00533,
CCc1cc(Sc2ccc(NC(=O)Nc3cccc(OC)c3)cc2)n2nc(C)nc2n1,P00533,
O=C(CSc1nnc(-c2ccc(F)cc2)n1C[C@@H]1CCCO1)N1CCC(Cc2ccccc2)CC1,P00533,
Cc1cc(C(=O)N[C@@H]2CCCN(c3ncnc4cnccc34)C2)n(C)n1,P00533,
Cn1cc([C@@H]2CCCN2C[C@H](O)COc2ccc(C#N)cc2)cn1,P00533,
COC1(CNC(=O)c2cnc3c(c2)ncn3CCc2ccccc2)CCNCC1,P00533,
CC(=O)Nc1ccccc1OCCn1c(=O)oc2ccccc21,P00533,
Cc1cc(C[C@@H]2CN(c3ncccc3C(F)(F)F)C[C@H]2O)on1,P00533,
C[C@H](NS(=O)(=O)c1ccccc1F)C(=O)Nc1ccc(N2CCCC2=O)c(Cl)c1,P00533,
CCOC(=O)c1ccnc(-c2ccccc2)c1N,P00533,
CC(C)CN(Cc1c(C(F)(F)F)nn(-c2ccccc2)c1N(C)C)C(=O)NC(C)(C)C,P00533,
Cc1nc(SCC(=O)Nc2cccc(O)c2)c2oc3ccccc3c2n1,P00533,
CC(C)(O)CNC(=O)c1ccc(Cn2ccnc2)cc1,P00533,
FC1(F)C[C@@H]1c1cc(Br)cc(C2CC2)c1,P00533,
COc1ccc(CCN2CCC[C@@H](CN(C)C(=O)CN3CCCC3=O)C2)cc1,P00533,
Fc1ccc(Cc2n[nH]c([C@@H]3CCCN3)n2)cc1,P00533,
Cc1ccccc1[C@@H]1CC(=O)c2cnc(NC[C@@H]3CCCO3)nc2C1,P00533,
CCN(C(=O)c1cccc(NC(=O)[C@H]2CCCO2)c1)c1nc2ccccc2s1,P00533,
Cc1cc([C@H]2CCCO2)oc(=O)c1C(=O)N1CCN(c2ccccc2Cl)CC1,P00533,
C[C@@H]1CCCN(c2ccnc(Cl)n2)C1,P00533,
CC[C@@H](NC(=O)c1cc(=O)c2cc(C)c(C)cc2o1)c1c(C)nn(CC)c1C,P00533,
Cc1ncc(C(=O)OCc2nnnn2-c2ccc(C(F)(F)F)cc2)c(C(C)C)n1,P00533,
COc1ccc(-c2ccc(NC(=O)c3cccc(OC)c3OC)cc2)nn1,P00533,
CCOC(=O)c1cc2c([nH]c1=O)C[C@@H](c1cccc(C)c1)CC2=O,P00533,
Cn1cccc1[C@H](C#N)c1ncc(C(F)(F)F)cc1Cl,P00533,
O=S(=O)(Cc1ccc(-c2nc(-c3cccnc3)no2)o1)Cc1ccccc1F,P00533,
O=C(Nc1nccs1)c1cccc(S(=O)(=O)[C@@H]2CCS(=O)(=O)C2)c1,P00533,
CCOc1ccccc1NC(=O)c1c(O)c2sccc2[nH]c1=O,P00533,
N#Cc1cnn(-c2nc3ccccc3[nH]c2=O)c1N,P00533,
CCCc1cc([C@@H]2CCCCCN2Cc2ccccn2)no1,P00533,
C[C@@H]1CN(Cc2c(F)cccc2Cl)CCN1,P00533,
Cc1cc(C)c(C)c(OCCC(=O)N(CCC(=O)O)C2CCOCC2)c1,P00533,
Cc1cc(NCC(=O)OC(C)(C)C)n2nc(C(F)(F)F)nc2n1,P00533,
NC(=O)c1c(-c2ccsc2)noc1N,P00533,
CC(=O)N1CCc2cc(Br)c(S(=O)(=O)Nc3ccc(C)cc3C)cc21,P00533,
CC(C)c1ccc(NC(=O)[C@H]2CCCN2S(=O)(=O)c2cccc3nsnc23)cc1,P00533,
CN(C)Cc1ccccc1CNC(=O)[C@H]1COc2ccccc21,P00533,
Cc1nonc1CC(=O)N1C[C@H](c2ccccc2)C(C)(C)C1,P00533,
CCn1cnc(CNC(=O)c2c(C)ccn([C@@H](C)c3ccccc3)c2=O)c1,P00533,
CSc1ccc(-c2noc(Cn3ccn4nc(-c5cccs5)cc4c3=O)n2)cc1,P00533,
C[C@@H]1C[C@@H]1c1ccc(CNCc2ccccc2)o1,P00533,
Cc1ccc(N2CC[C@@H](NS(=O)(=O)c3cccc(F)c3)C2=O)cc1,P00533,
CCn1ccc2c(OCC(=O)Nc3ccc4c(c3)OCCO4)cccc2c1=O,P00533,
CC(C)n1ccnc1CNS(=O)(=O)N1CCCCCC1,P00533,
CC(C)(C)OC(=O)Nc1ccc(CC(=O)NC2CCC(O)CC2)cc1,P00533,
C[C@@H]1CCCCN1c1cc(C(=O)N2CCN(C[C@@H](C)O)CC2)ccn1,P00533,
COCC(C)(C)CNC(=O)c1ccn(C)c1C,P00533,
CSc1ncccc1C(=O)NC[C@](O)(c1ccccc1)C1CC1,P00533,
Cc1cc(C)n([C@@H]2CCCN(C(=O)[C@H](C)c3cc(C)oc3C)C2)n1,P00533,
N#CC1CCN(Cc2cn(Cc3csc(C4CC4)n3)nn2)CC1,P00533,
Cc1ccc(Nc2nc3c(S(=O)(=O)c4ccccc4)nnn3c3ccccc23)c(C)c1,P00533,
O=C(Nc1cccc2c1CCCC2)c1cnn(-c2ccc(Cl)cc2)c1,P00533,
COC(=O)c1c(C)[nH]c(C(=O)[C@@H](C)N2CCN(S(=O)(=O)c3cc(F)ccc3F)CC2)c1C,P00533,
CC(C)(C)OC(=O)NCC1(NC(=O)[C@@H]2C[C@@H]2c2cccnc2)CCCC1,P00533,
O=C(Nc1cccc2c1OCCO2)c1ncc(Br)cc1Cl,P00533,
Fc1ccccc1Cc1cnc([C@@H]2CCCN2)cn1,P00533,
COc1ccccc1N1CCN(c2nc(C)ns2)CC1,P00533,
Cc1cc(COC(=O)CCNC(=O)c2ccccc2C)on1,P00533,
FC(F)(F)c1cc(OC2CN(c3ncc(Cl)cn3)C2)ccn1,P00533,
CCc1ccccc1NC(=O)Cn1c2ncccc2c(=O)n1-c1ccc(C)c(C)c1,P00533,
Cc1ccc(CNC(=O)c2ccc(-n3nnc4cccnc43)cc2)o1,P00533,
CC(C)(C)C(=O)Nc1ccc2oc(-c3ccccc3)nc2c1,P00533,
CCC(=O)Nc1nonc1-c1nc2ccccc2n1C,P00533,
Cc1ccc(CN2CCC3(CC[C@H](C(=O)N(C)C)O3)CC2)o1,P00533,
CC(C)(NC(=O)c1cncc(C(=O)O)c1)[C@@H](O)C(F)(F)F,P00533,
C[C@H](NC(=O)c1csc(C(=O)N2CCCC2)n1)c1ccc(F)cc1,P00533,
CN(C[C@]1(O)CCN(c2cccc3nccn23)C1)C(=O)CCC(=O)O,P00533,
CN(C[C@H]1COc2ccccc2O1)C(=O)[C@H]1Cc2ccccc2O1,P00533,
O=C(Cn1cnc2ccccc2c1=O)Nc1cccc(F)c1,P00533,
COC(=O)CNC(=O)c1cccc(NC(=O)[C@H]2CC(=O)N(Cc3ccc(C)cc3)C2)c1,P00533,
Cc1oc2c(c1C(=O)N1CCC[C@H](Cc3nccnc3N)C1)CCCC2,P00533,
Cc1nn(C)c(C)c1[C@H](C)NC(=O)NCc1ccc(F)c(Cl)c1,P00533,
Cc1cc(C(=O)N2CCN(S(=O)(=O)c3cccnc3)CC2)sc1C,P00533,
CN(C)Cc1ccc2n(c1=O)C[C@H]1C[C@@H]2CN(C(=O)c2ccc3c(c2)CCCO3)C1,P00533,
CCN(c1ccc(C(=O)N2CCC[C@@H]2Cn2cccn2)cn1)C(C)C,P00533,
CCCS(=O)(=O)c1ccccc1S(=O)(=O)CCN1CC[C@@H](CC)C1,P00533,
CNc1nc(C)cc(C(=O)N2c3ccccc3N(C)CC[C@@H]2C)n1,P00533,
Cc1ccccc1[C@@H]1c2ccsc2CCN1CC(=O)N1CCN(C(=O)c2ccc(F)cc2)[C@@H](C)C1,P00533,
Cn1ccc(C(=O)N2CCC[C@@](C)(c3noc(-c4ccc(F)cc4)n3)C2)n1,P00533,
COc1cc(NC(=O)c2ccc(NC(=O)N3CCSc4ncccc43)cc2)cc(OC)c1,P00533,
O=C(CN1C[C@H]2C[C@@H](Oc3ccc(F)cc3)[C@H](O)C[C@H]2C1)NCCc1ccccc1,P00533,
CN(CCO)C(=O)Nc1ccc(F)cc1,P00533,
CS(=O)(=O)NC[C@H]1CCCCN1C(=O)c1n[nH]c2c1CCC2,P00533,
CC(C)C[C@H](NC(=O)c1cc(F)ccc1-n1cnnn1)c1nc2ccccc2n1C,P00533,
COc1ccc(S(=O)(=O)N2CCN(c3cccc(C)c3C)CC2)cc1C(N)=O,P00533,
CCSc1nc(N)nc(NCCc2ccccc2)n1,P00533,
Cn1ccnc1S(=O)(=O)C1CN(C(=O)c2ccc(Oc3nccs3)cc2)C1,P00533,
Cc1ccc(-c2n[nH]c3c2[C@H](c2cccc(O)c2)N(C)C3=O)cc1,P00533,
COc1cc2c(cc1OC)[C@@H](C)N([C@@H]1CCCN(Cc3ccc(NC(C)=O)cc3)C1)CC2,P00533,
Cc1nc(CN2CCCN(C(=O)C3CC3)CC2)cs1,P00533,
COc1cc([C@@H]2c3c(oc4ccc(F)cc4c3=O)C(=O)N2C)cc(OC)c1OC,P00533,
COc1ccc([C@@H](NC(=O)COc2ccc(Cl)cc2)c2ccccc2)cc1,P00533,
Cc1cc(N2CC[C@]3(CNC(=O)C3)C2)c2ccc(C)c(Cl)c2n1,P00533,
CCN(CC(=O)O)[C@H]1C[C@H](NC(=O)[C@@H]2Cc3ccccc3CN2)C1,P00533,
Cc1ccccc1[C@@H](C)NC(=O)c1cccc2sccc12,P00533,
COC[C@H]1CC2(CCNCC2)CN1CC1CC1,P00533,
COc1ccc(CCNC(=O)C2CCN(S(=O)(=O)Cc3ccccc3F)CC2)cc1OC,P00533,
Cc1cc(=O)c(C(=O)NCCN(C)c2ccccc2)nn1-c1ccccc1,P00533,
CC(C)(C)c1cccc(N2CCC[C@@H](N)C2)c1,P00533,
COc1cc(Cc2nnc(C(=O)NCCc3ccc(C)cc3)o2)cc(OC)c1OC,P00533,
CC(=O)c1cccc(-c2ccc(C(=O)N3CC[C@]4(CN(C)C(=O)O4)C3)cc2)c1,P00533,
CC(C)n1cc(CN2CCC[C@H](c3nc4ccc(NCc5ccccc5)cn4n3)C2)cn1,P00533,
COC(=O)[C@@H]1CN(C(=O)C[C@@]2(c3ccccc3)CCCO2)CC12CCC2,P00533,
C[C@@H](CN)NC(=O)c1cnn(-c2ccc(Br)cc2)n1,P00533,
COc1nc(C)ccc1C(=O)NCc1nnc2n1CCCCC2,P00533,
Cc1ccccc1CNC(=O)CCc1cn(C)nc1-c1ccc(F)cc1,P00533,
CCN(CC)S(=O)(=O)c1ccc(Cl)c(C(=O)Nc2cc(C(F)(F)F)ccc2-n2cncn2)c1,P00533,
Cc1nn(-c2ccccc2)c(F)c1Br,P00533,
Cc1nc(-c2cccc(NC(=O)[C@H](N)c3ccccc3)c2)n[nH]1,P00533,
c1ccc(CNc2ncc(-c3nccn3C[C@@H]3CCCCO3)cn2)cc1,P00533,
COc1ccc2c(c1)SC[C@@]1(C)C2=CC[C@]2(C)C(=O)CC[C@@]12C,P00533,
CCC[C@@H](C)NC(=O)CN(c1ccc(F)cc1)S(=O)(=O)c1ccc(C)cc1,P00533,
CCOc1cc(CN2CCN(CC3CCCCC3)[C@H](CCO)C2)ccc1OC,P00533,
COc1ccccc1-c1nnc(NC(=O)c2ccccc2Br)s1,P00533,
Cc1nn(Cc2ccc(Cl)cc2Cl)c(C)c1NC(=O)c1ccnn1C,P00533,
O=C(N1CCN(Cc2cc(F)cc(F)c2)CC1)C1(Cc2ccccc2)CNC1,P00533,
CC(C)n1ccc(CC(=O)N2CCC[C@H](c3ccnn3C)C2)n1,P00533,
COc1ccc2nnc(CCCC(=O)NCCn3ccc4c(OC)cccc43)n2n1,P00533,
COc1cc(NC(=O)CN2CCC[C@H]2c2cc(C)on2)c(OC)cc1Cl,P00533,
CCOC(=O)CCN1CCN(c2ncc(C(F)(F)F)cc2Cl)CC1,P00533,
CC(=O)N1CCC[C@H](c2ccc(-c3ccccc3C)cn2)C1,P00533,
O=S1(=O)CCCN(S(=O)(=O)C2=CCCCC2)[C@H](c2ccccc2)C1,P00533,
O=C1Cc2ccc(-c3cccc(F)c3)cc2C1,P00533,
O=C(Cn1nnc2ccccc2c1=O)N1CCC[C@@H](C(F)(F)F)C1,P00533,
Cc1oc2ncn3nc([C@@H](NC(=O)C4CCOCC4)C(C)C)nc3c2c1C,P00533,
COc1ccc(CN2CCNC(=O)[C@H]2CC(=O)NCC2CCN(C(C)C)CC2)cc1C,P00533,
O=C(NCc1c(Cl)cccc1Cl)c1ccccc1-c1cccnc1,P00533,
C[C@H](NCC(=O)N(C)C1(C#N)CCCCC1)c1ccccc1Cl,P00533,
Cn1cnc2cc(NC(=O)CC3(n4cccc4)CCOCC3)ccc21,P00533,
Cc1cc(C(=O)N2CCC[C@@H](c3nnc(Cn4ccnc4)n3C)C2)c(C)o1,P00533,
C[C@H](NC(=O)c1ccco1)C(=O)OCc1ccc(C(N)=O)cc1,P00533,
COc1cc(-c2ccn(C3CCCC3)n2)ccc1CO,P00533,
Cc1cc(-c2ccc(S(=O)(=O)N(C)C)c(C)c2)ccn1,P00533,
Cc1ccc(-c2ccc(N3CCNCC3)nc2)c2nc(C(=O)Nc3ccc(-c4ncco4)cc3)cn12,P00533,
Cc1cccc(OCC(=O)Nc2ccc(C)nc2C)c1,P00533,
COc1ccc([C@H]2CN(C(=O)Cc3c(C)[nH][nH]c3=O)Cc3[nH]cnc32)cc1,P00533,
CCn1c(C)cc(C(=O)N2CC(=O)N(C)C[C@H]2C(=O)O)c1C,P00533,
CCOc1ccc(NC(=O)NCc2n[nH]c(=O)c3ccccc23)cc1,P00533,
Cc1ccccc1C(=O)Nc1nn2c(C(C)C)nnc2s1,P00533,
CCc1ccccc1C(=O)N[C@](C)(C#N)COC,P00533,
C[C@H]1CN(C(C)(C)CNC(=O)c2ccc(N3CCOCC3)nc2)C[C@H](C)O1,P00533,
CC(C)c1noc(C2CCN(C(=O)c3csc4ccccc34)CC2)n1,P00533,
Fc1cc(Br)ccc1CN1CCOCC1,P00533,
CSc1cccn2c(C(C)(C)NC(=O)[C@H]3[C@@H]4CNC[C@@H]43)ncc12,P00533,
CN(c1ccnc(N2CCOCC2)n1)C1CCN(c2cc(C(F)F)nc(C3CC3)n2)CC1,P00533,
Cc1cc(N2CCC[C@@H](NC(=O)c3ccc(Cn4cccn4)cc3)C2)nc(C)n1,P00533,
Cc1nn(C)cc1CNC(=O)c1ccc(F)cc1Br,P00533,
CCc1cnc(N2CCN(c3ncnc4c3ncn4CC)CC2)nc1,P00533,
O=C(Nc1cc(-c2cccc(F)c2F)n[nH]1)c1ccc2nncn2c1,P00533,
COc1ccccc1N(CC(=O)NCc1ccncc1)S(C)(=O)=O,P00533,
C[C@@]1(O)CCN(Cc2ccc3c4c(cccc24)C(=O)OC3)C[C@@H]1O,P00533,
CC1CCN(c2ccc(-c3cccc(NS(=O)(=O)c4cccnc4)c3)nn2)CC1,P00533,
CCOC(=O)CCC(=O)N1CCN(c2nc(Cc3ccccc3)nc3c2c(C)nn3-c2ccc(F)cc2)CC1,P00533,
CC(C)(C)c1ccc(C(=O)OCC(=O)NCc2ccc(Br)cc2)cc1,P00533,
CNC(=O)Cc1ccc2cc(OC)ccc2c1,P00533,
CCN1C[C@H](CN(C)CC(=O)Nc2ccnn2C2CCCC2)Oc2ccccc21,P00533,
COc1cc(CNCc2ccccn2)cc(Cl)c1OCc1ccccc1,P00533,
Cc1cccn2cc(COc3ccc(C(=O)Nc4cc(C(F)(F)F)c[nH]c4=O)cc3)nc12,P00533,
O=C(Nc1ccc([C@@H](O)[C@H]2COCC(=O)N2Cc2ccc(C(F)(F)F)cc2)cc1)C1CCC1,P00533,
c1ccc2c3c([nH]c2c1)C1(CCNCC1)NCC3,P00533,
Cc1cccc(N2CCN(C(=O)c3ccc(-c4ccc(F)cc4)o3)CC2)c1C,P00533,
Cc1ccc(CC(=O)N2CCN(C)C[C@@H]2c2ccccc2)s1,P00533,
CCN(CC)C(=O)CSc1cc(C)c2cccc(OC)c2n1,P00533,
COC[C@@]1(CO)CCN(C(=O)c2c(-c3ccccc3C)noc2C)C1,P00533,
Cc1cccc(NC(=O)CN2CCN(C(=O)c3cc(C4CC4)nn3-c3ccccc3)CC2)c1C,P00533,
CCN(CC)S(=O)(=O)c1ccc(NC(=O)Cn2c(=O)ccn3nccc23)cc1,P00533,
Cc1cc(C)c(NC(=O)c2ccc(C#N)cc2C)cn1,P00533,
CC[C@](C)(C(=O)NC1CCCCC1)N(C[C@@H]1CCCO1)C(=O)Cc1cccs1,P00533,
Cc1csc(C[C@H]2CCN(C(=O)c3ccc4n[nH]c(=O)n4c3)C2)n1,P00533,
O=C(c1ccccc1)N1CCN(C(=O)c2ccccc2NS(=O)(=O)c2ccc(F)cc2)CC1,P00533,
COc1ccccc1C(=O)N1CCC([C@@H](Cc2ccccc2)N(C)C(=O)Cn2cccn2)CC1,P00533,
CCCOc1ccc(-c2nnc(NC(=O)Nc3ccc(F)cc3)s2)cc1,P00533,
CC(C)(Oc1ccc(Cl)cc1)C(=O)NCc1ccc(N2CCOCC2)nc1,P00533,
CC(C)[C@H](NCc1ccc(Br)cc1)C(=O)O,P00533,
CCC(=O)Nc1c(C)noc1C=Cc1ccc(S(=O)(=O)NC)cc1,P00533,
CCOC(=O)Cc1nnc(NC(=O)CC)s1,P00533,
CN(C[C@H]1CCCN1S(=O)(=O)Cc1ccon1)c1ccccc1,P00533,
COC(=O)[C@@H](CCSC)NC(=O)Nc1ccc(-c2nc3ccccc3s2)cc1C,P00533,
COc1cccc([C@H]2C[C@H](c3cccc(Cl)c3)n3ncnc3N2)c1,P00533,
O=C(O)c1cc(Oc2ccc(F)cc2)ccn1,P00533,
CCC(=O)COc1ccc(S(=O)(=O)NCCC(C)C)cc1,P00533,
COc1nc(C(F)(F)F)ccc1COC(=O)c1cnn(C)c1Cl,P00533,
CSCC[C@H](NC(=O)CN1CCCCCCC1)C(=O)O,P00533,
Cc1nnc(C2CCN(C(=O)[C@H]3CCN3C3CCCCC3)CC2)[nH]1,P00533,
O=C(NCC1CCN(Cc2ccc(-c3ccccc3)s2)CC1)[C@@H]1CCOC1,P00533,
CCn1ncc(C(=O)N2CC(Cc3nc(C4CCN(S(C)(=O)=O)CC4)no3)C2)c1C,P00533,
Cc1cc(C)n(C[C@H]2CCCO2)c(=O)c1C(=O)NCCn1cccn1,P00533,
Cc1ccc(NC(=O)c2cc(C(C)C)n([C@@H]3CCS(=O)(=O)C3)n2)cc1C,P00533,
COc1cc(F)ccc1-c1cc(C(=O)O)cc(S(=O)(=O)NC(C)C)c1,P00533,
CC[C@H](C(=O)Nc1cc(C)ccc1C)n1nc(-c2cccc(OC)c2)c2c(C)onc2c1=O,P00533,
Cc1ccc(OCc2nc(C3CCN(C(=O)Nc4ccccc4)CC3)no2)cc1,P00533,
CCn1c(C)ccc(C(=O)N[C@@H]2CC(=O)N(Cc3cccc(F)c3)C2)c1=O,P00533,
COc1ccc(Cn2cnc3c4ccccc4n(CC(=O)Nc4cccc(OC)c4)c3c2=O)cc1,P00533,
C[C@@H]1OCCC[C@H]1C(=O)N1CCS(=O)(=O)C(C)(C)C1,P00533,
CCc1nc2ccccc2n1CC(=O)Nc1cccc(C(=O)NC2CC2)c1,P00533,
NC(=O)C1CCN(C/C=C/c2ccccc2)CC1,P00533,
COc1cc(C(=O)Nc2ccc(Oc3cnccn3)cc2)ccc1C,P00533,
CC(C)NC(=O)N1CC[C@@H](F)[C@@]2(CCN(C(=O)c3ccco3)C2)C1,P00533,
COc1ccccc1C(F)(F)C(=O)O[C@H](C(=O)NC(N)=O)C(C)C,P00533,
O=C(c1cccc(CO)c1)N1CCC[C@@H](c2ncc(C(F)(F)F)[nH]2)C1,P00533,
O=C(NCc1ccc(F)cc1)c1ccc2nccnc2c1,P00533,
CCC[C@H](CC)C(=O)NCCC1CCN(Cc2ccccc2)CC1,P00533,
Cc1csc([C@H]2COCCN2Cc2ccc(OC(F)F)c(Cl)c2)n1,P00533,
c1ncn(CCN2CCN(C3CCC4(CCNCC4)CC3)CC2)n1,P00533,
COc1cccc(-c2cc(=O)n3c4ccccc4n(CC(=O)Nc4cccc(SC)c4)c3n2)c1,P00533,
CC(=O)c1c(C)[nH]c(C(=O)Nc2ccc(N3CCOCC3)nc2)c1C,P00533,
Cc1[nH]cnc1-c1nnc2n1-c1ccc(Cl)cc1C(c1ccccc1Cl)=NC2,P00533,
O=C(NC[C@]1(O)CCCNCC1)C1(c2ccc(Cl)cc2)CCC1,P00533,
O=C(CCC(=O)N(Cc1ccccc1)Cc1ccccc1)NCc1ccccc1,P00533,
C[C@@H](Sc1ncc2ccccn12)C(=O)Nc1ccc(Cl)cn1,P00533,
COc1ccc(F)c([C@H](C(=O)O)N(C)Cc2ccon2)c1,P00533,
COCc1nc(N[C@H](C)[C@H]2CCCOC2)c2c(-c3ccccc3)csc2n1,P00533,
O=C(CCc1cccs1)NCCc1nc2ccccc2n1C(F)F,P00533,
Cc1ccsc1CN(CCN(C)C)c1cc([C@@H]2CCOC2)nc(N)n1,P00533,
CCn1c(SCC(=O)Nc2ccc(F)cc2)nnc1C(C)C,P00533,
Cc1cc(C)nc(Sc2ccc(NC(=O)c3ccc(-n4cnnn4)c(C)c3)cc2)n1,P00533,
CS[C@H](C)C(=O)Nc1ccccc1F,P00533,
O=C(NCCn1ccc2ccc(Br)cc21)c1ccccn1,P00533,
CC(=O)c1ccc(F)c(-c2cnc3[nH]c(C)cc3c2)c1,P00533,
Cc1cc(C)c(CNC(=O)Cc2ccc(-n3cnnn3)cc2)c(C)c1,P00533,
COc1ccc(NC(=O)c2c(-c3ccc(C)cc3)nnc3ccccc23)cc1OC,P00533,
CCC1=NS(=O)(=O)c2cc(NC(=O)C3CCC3)ccc2N1C[C@@H]1CCCO1,P00533,
CCNC(=O)[C@H](CC)Oc1ccc2c(c1)[C@@H](c1cccc(F)c1)N(C(=O)C1CC1)CC2,P00533,
COc1cc(OC)nc(N2CCN(CCc3ccccc3)CC2)n1,P00533,
COc1ccc([C@H](C)NC(=O)COc2ccccn2)cc1,P00533,
O=C(CSc1nnnn1-c1cccc(F)c1)N1c2ccccc2SC[C@@H]1c1ccccc1,P00533,
Cc1ccc(-c2nc3ncccc3o2)cc1NC(=O)c1ccc(F)cc1,P00533,
Cc1ccc(N(CC(=O)NCCN(C)C)S(=O)(=O)N(C)C)cc1,P00533,
Cn1cc([C@H](NC(=O)c2nc(N)nc3c2CCCC3)[C@H]2C[C@H](O)C2)cn1,P00533,
O=C(O)C[C@@H]1CCN(C(=O)C2CCC2)C[C@@H]1CCN1CCC(n2c(=O)[nH]c3ccccc32)CC1,P00533,
Cc1ccc(F)c(-c2ccccc2C(=O)O)c1,P00533,
COc1cc(O)ccc1[C@H](C1CCOCC1)N1CCNCC1,P00533,
COC(=O)[C@H]1CCCN1C(=O)[C@H]1CC[C@@H](NC(=O)c2sccc2Cl)CC1,P00533,
O=S(=O)(c1ccc(C(F)(F)F)cc1)N1CC(c2nc(-c3ncccn3)no2)C1,P00533,
CCOC(=O)[C@H](CN)NC(=O)OC(C)(C)C,P00533,
COc1ccc(Cl)cc1CC(=O)NCC1(N2CCOCC2)CCCCC1,P00533,
C[C@@H](C1CC1)N(C(=O)CN1CCC[C@@H]1c1nc2c([nH]1)CCCC2)C1CC1,P00533,
O=C(NCc1c(F)cccc1C(F)(F)F)[C@H]1C[C@H]1c1ccc(Cl)cc1,P00533,
Cc1cc(C)n(CC(=O)N2CCC[C@@H](c3cc4cccnc4[nH]3)C2)n1,P00533,
CCc1nc(S(=O)(=O)N[C@@H](C)c2nc(C)c[nH]2)c[nH]1,P00533,
O=C(Cc1cccs1)Nc1cccc(NC(=O)c2ccco2)c1,P00533,
Cc1ccc(NC(=O)C[C@H](C)S(=O)(=O)c2cc3c(cc2C)NC(=O)CO3)cc1N(C)C,P00533,
Cc1nc(-c2cccs2)c(CC(=O)NCCc2ccccc2)s1,P00533,
Cc1sc2nc(CS[C@@H](C)C(=O)NCc3nc(-c4ccccc4)cs3)[nH]c(=O)c2c1C,P00533,
CC(C)C1CCC(c2cn(Cc3nc(C(N)=O)cs3)nn2)CC1,P00533,
Cc1ccc(CNC(=O)CN(c2ccc(C)cc2C)S(=O)(=O)c2ccc(C)cc2)cc1,P00533,
CC(C)Oc1ccc(CCC(=O)NC[C@H]2CCCN3CCCC[C@H]23)cc1,P00533,
COC(=O)c1sccc1S(=O)(=O)N(CC(=O)Nc1ccccc1)c1ccccc1,P00533,
Cc1cccc(S(=O)(=O)NCCC(=O)O)c1,P00533,
Cc1cccc(NC(=O)[C@@H](C)n2ncc(-c3ccc(Cl)cc3)nc2=O)c1,P00533,
COc1ccccc1NC(=O)CN(c1ccc(OC)c(OC)c1)S(=O)(=O)c1ccccc1,P00533,
O=c1cccc2n1C[C@@H]1C[C@H]2CN(Cc2ccc(Br)o2)C1,P00533,
Cc1cccc(N(Cc2nc3[nH]c(C)cc(=O)n3n2)C(=O)c2cccs2)c1,P00533,
CCOc1ccc2nc(N3C[C@@H](C(=O)NCCc4c[nH]cn4)CC3=O)sc2c1,P00533,
Cc1ccc(CNc2ccn(Cc3ccccn3)n2)c(C)c1,P00533,
Cc1cc(CN2CCN(C(=O)c3ccc(-c4cscn4)cc3)CC2)no1,P00533,
COc1ccc2c(=O)c(C(=O)c3ccncc3)cn(CC(=O)Nc3ccc(Br)cc3)c2c1,P00533,
CCN(CC)C(=O)[C@@H](Sc1nnc(-c2cnccn2)n1C)c1ccccc1,P00533,
Cc1c(Br)c(-c2nnc(Nc3ccn(Cc4ccccc4Cl)n3)s2)nn1C,P00533,
CN(c1ccccc1C(=O)O)S(=O)(=O)c1cnn(C2CCOCC2)c1,P00533,
CC(C)(C)c1ccc(NC(=O)Cc2ccc3c(c2)CCO3)cc1,P00533,
CC(C)[C@@H](NC(=O)c1ccc(F)cc1)C(=O)NCC(=O)Nc1ccc(-n2cncn2)cc1,P00533,
O=C([C@H]1CCN(Cc2ccccc2Br)C1)N1CCc2sccc2C1,P00533,
Cc1ccc(CN(Cc2ccc(N(C)C)cn2)C[C@@H]2CCCO2)c(Br)c1,P00533,
CNc1ncccc1CN1C[C@@H](c2ccccc2)[C@@]2(CCCC(=O)N2)C1,P00533,
O=S(=O)(N[C@@H](CCO)c1cccs1)c1cc2cc(Cl)ccc2s1,P00533,
NC(=O)c1oc2ccccc2c1NC(=O)[C@@H]1CCCN1S(=O)(=O)c1ccc(Cl)cc1,P00533,
CC(C)N1CC[C@@H](NCC2(c3ccc(F)cc3)CCOCC2)C1=O,P00533,
COc1ccc(-c2cc(=O)n3nc(C)c(-c4cccc(C)c4)c3[nH]2)cc1C,P00533,
COc1ccc([C@@H]2CN(C(=O)Cc3ccccc3F)C[C@H]2C(=O)O)cc1,P00533,
O=C(O)[C@H](c1c[nH]c2ccccc12)N1CCN(C(=O)[C@@H]2COc3ccccc3O2)CC1,P00533,
Cc1oc2c(c1C(=O)N(C)C[C@H]1COc3ccccc3O1)C(=O)CCC2,P00533,
Cc1cccc(CN2C(=O)[C@]3(CCNC3)c3ccccc32)c1,P00533,
Cn1cc(Br)cc(N2CCOCC2)c1=O,P00533,
O=C(CCc1cc(Cl)no1)N1CCCC[C@H]1c1ccccn1,P00533,
CCc1cccc(C)c1NC[C@H]1COCCO1,P00533,
CCN(CC)C(=O)c1c2n(c(C)cc1=O)-c1ccccc1S[C@@H](c1ccccn1)C2,P00533,
CCOc1ccc(CN2CCC(N3CCC[C@H](C)C3)CC2)cc1,P00533,
CC[C@H](C)NC(=O)[C@@H]1CCCN1S(=O)(=O)c1ccccc1C(F)(F)F,P00533,
Cc1ccccc1CNC(=O)[C@@H]1CCCN(S(=O)(=O)c2cc(-c3noc(C(C)C)n3)sc2C)C1,P00533,
CC1=NO[C@H](C(=O)N2CCC(c3nn(C)c(=O)n3-c3ccccc3)CC2)C1,P00533,
CCCC(=O)Nc1ccc([C@@H](C)CC)cc1,P00533,
NC(=O)Cc1ccc(NC(=O)c2c(F)cccc2F)cc1,P00533,
COC[C@]1(C(=O)O)CCCN1CC(=O)N1CCCCCC1,P00533,
c1ccn(-c2ccc(-c3ccc(N4CCCCC4)nc3)cc2)c1,P00533,
Cc1c(Cl)c(C(=O)N[C@H]2c3ccccc3CC23CCOCC3)nn1C,P00533,
CC(C)Oc1ccccc1NC(=O)Cc1c(F)cc(Br)cc1F,P00533,
NC(=O)C1(CNC(=O)c2cc3c(s2)CCCC3)CCOCC1,P00533,
OCc1ccc(-c2cccc([C@@H]3CCCN(CCc4ccccc4)C3)n2)cc1,P00533,
O=C(N[C@H]1CC[C@@H](C(=O)O)CC1)c1ccccc1OC[C@@H]1CCCO1,P00533,
O=C(c1ocnc1C(F)F)N1CCC2(CCN(Cc3ccccc3)CC2)C1,P00533,
CCCCc1nc(N2CCN(C(=O)c3ccccc3OC)CC2)c2c(C)nn(-c3ccc(F)cc3)c2n1,P00533,
C[C@H]1C[C@H](c2ccccc2)CN1C(=O)C1(CN)CCCC1,P00533,
O=C(N[C@@H](Cc1c[nH]c2ccccc12)C(=O)O)c1ccc(F)cc1F,P00533,
Cc1ccc(C(=O)N(C)C[C@@H]2CCCN(CCc3ccc(Cl)cc3)C2)cn1,P00533,
COc1ccc(C(=O)c2ccccc2CN2CCCC2)cc1,P00533,
COC(=O)c1ccccc1Cn1cnc2c1c(=O)n(CCC(C)C)c(=O)n2-c1cccc(F)c1,P00533,
Cc1ccc2ncccc2c1CN1CCC2(CC1)OCC[C@@](C)(O)[C@@H]2O,P00533,
CCOC(=O)c1nnc2c(-c3ccc(OC)cc3)c(C)nn2c1C,P00533,
N[C@H]1CCC[C@H](C(=O)Nc2ccc3nc(N4CCOCC4)sc3c2)C1,P00533,
Cc1ccc(NC(=O)N2CCCN(C(=O)Cc3ccc4c(c3)OCO4)CC2)cc1,P00533,
CCN[C@H](C)c1ccc(Br)cc1,P00533,
O=C(C1CCN(c2ncnc3c2sc2ncccc23)CC1)N1CCN(C2CCCCC2)CC1,P00533,
N#Cc1cccc(CN2CC(Cn3cc(Br)cn3)C2)c1,P00533,
CCc1nc(CN(C)CC(=O)Nc2ccc(Cl)c(S(=O)(=O)N3CCOCC3)c2)cs1,P00533,
CCCn1nc(C)c(C(=O)N2CC(C)(CO)C2)c1C,P00533,
CCN1C(=O)C[C@@H](c2cnn(C)c2)C12CCN(C(=O)c1ccno1)CC2,P00533,
Cc1cccc(CN2CCC[C@@](O)(COc3cccc(Cl)c3)C2)c1,P00533,
CCN1[C@H](C)CN(C(=O)CCc2ccncc2)C[C@@H]1C,P00533,
Cc1nc2scc(C3CC3)n2c1CNC[C@H]1CN(C)CCO1,P00533,
O=C(NCc1ccsc1)c1cc(OC(F)(F)F)ccc1F,P00533,
COCC(=O)N[C@@H]1CN(C(=O)c2cc(C)oc2C)C[C@H]1c1nc(-c2ccccc2)n[nH]1,P00533,
Cc1nn(CCO)cc1CN1CCC(Cc2cccnc2)CC1,P00533,
Cc1cccc(-c2nc3[nH]c(CNC(C)C)cc(=O)n3n2)c1,P00533,
COc1cc(-c2cnn(C3CCC3)c2)cc(C)c1F,P00533,
O=C(NCC1CC1)c1nnn(-c2ccccc2)c1-n1cccc1,P00533,
Cn1nc(C(=O)N2CCc3nc4ncccc4cc3C2)ccc1=O,P00533,
O=C(NC[C@H]1CCCN(CCn2ccnc2)C1)c1cnc(C2CC2)nc1,P00533,
O=C(Nc1cccc(-n2cccn2)c1)c1ccc(-n2ccnn2)cc1,P00533,
Cc1cc(C)cc(OCC(=O)N2CCCC[C@@H]2CCN2CCCCC2)c1,P00533,
CC(=O)N1CC[C@H](NC(=O)CCCc2nc(C)no2)c2ccccc21,P00533,
CCc1nnsc1C(=O)N1CC[C@]2(CCCN(CCOC)C2=O)C1,P00533,
Cc1cncc(C(=O)N[C@@H]2CC[C@@H](N3CCOCC3)[C@@H]2O)c1,P00533,
CCn1cc2cc(NC(=O)Cc3ccc(Cl)cc3Cl)ccc2n1,P00533,
O[C@H]1C[C@H]2c3ccccc3[C@@H]1c1ccccc12,P00533,
O=C(CN1CCN(c2ccccn2)CC1)Nc1cccc2nsnc12,P00533,
COc1ccc(CN2CCC[C@@H](c3nc(C)c4c(n3)N(C)C(=O)CC4)C2)cc1OC(C)C,P00533,
CCOC(=O)[C@@H]1CCc2n[nH]c(C)c2C1,P00533,
CCCCn1nc(C(=O)Nc2ccc3c4c(cccc24)CC3)ccc1=O,P00533,
CC(C)(C)c1ccc(OC[C@@H](O)CNS(=O)(=O)Cc2ccccc2)cc1,P00533,
Cc1ccc(C#N)c(N2CCN(C(=O)c3ccsc3)CC2)n1,P00533,
C[C@H](c1ccccc1)c1ccccc1C(=O)O,P00533,
CCn1c(=O)n(CC(=O)N2CCCC2)c(=O)c2cnc(-c3ccc(Cl)cc3)nc21,P00533,
CC(=O)c1sc2cc(C)cc(C)c2c1N,P00533,
COc1cccc(N2C(=O)CN(Cc3ccc(F)cc3)[C@H]3CS(=O)(=O)C[C@H]32)c1,P00533,
COc1ccc(Cl)cc1S(=O)(=O)NC1Cc2ccccc2C1,P00533,
NC(=O)c1ccc(NC(=O)CNC(=O)c2cccc(Cl)c2)cc1,P00533,
COc1cc2c(cc1CN1CCC[C@@H](c3nc(C)c(C)c(O)n3)C1)OCO2,P00533,
O=C(c1ccc2c(c1)n(CC1CC1)c(=O)n2C1CCCCC1)N1[C@@H]2CC[C@H]1CNC2,P00533,
O=C(Nc1cc(NC(=O)N(C[C@H]2CCCO2)C[C@@H]2CCCO2)ccc1F)C1CCCCC1,P00533,
FC1(F)CCC12CN(c1ccc3nnc(-c4ccccn4)n3n1)C2,P00533,
Cc1cccnc1C(=O)N1CC[C@H]2O[C@H]3c4ccccc4OC(C)(C)[C@@H]3C[C@H]21,P00533,
CC1(C)C[C@@](C)(c2ccccc2)c2cc(F)cc(C(=O)N3CCOCC3)c2N1,P00533,
COC(=O)c1cc(C)c(C(F)(F)F)cc1NC(=O)OC(C)C,P00533,
C[C@@H](c1cccs1)N(C)Cc1cc(-c2ccccc2)ccc1OCC(=O)NC(C)(C)CO,P00533,
Cc1cc(=O)n2nc(N3CCC(C(=O)NCc4ccc(Cl)cc4)CC3)sc2n1,P00533,
Cn1cc(-c2cncc(N3CCN(Cc4cccc(C#N)c4)CC3)n2)cn1,P00533,
O=C(c1cscn1)N1CCC[C@@H](Cn2cc(C(=O)N3CCOCC3)nn2)C1,P00533,
CCS(=O)(=O)N1CCN(c2ccnc3cc(F)ccc23)CC1,P00533,
N[C@H](c1cc(Cl)ccc1C(F)(F)F)C1CC1,P00533,
CCOc1ccc(-c2cc3c(=O)n(CC(=O)Nc4ccccc4CC)ccn3n2)cc1,P00533,
Cc1cc(C(=O)N2CC[C@@H](c3noc(-c4cnccn4)n3)C2)nn1C,P00533,
COc1ccc(S(=O)(=O)Nc2ccc3c(c2)CCN3C(=O)C2CC2)cc1OC,P00533,
CN(Cc1noc2c1CCCC2)C(=O)c1cn(C[C@@H]2CCCNC2)nn1,P00533,
N#CC1(C(=O)N2CCO[C@@H](c3noc(-c4ccccc4)n3)C2)CCCCC1,P00533,
CCc1nc(CN2C(=O)COc3cc(S(=O)(=O)Nc4cccc(Cl)c4)c(C)cc32)no1,P00533,
Cc1ccc(OCc2ccccc2)cc1-c1cnn(CCN)c1,P00533,
COc1ccccc1OCc1nnc(SCC(=O)Nc2cccc(F)c2)n1C,P00533,
Cc1ccc(S(=O)(=O)Nc2cccnc2)c(C)c1,P00533,
O=C1C[C@H](C(=O)N2CCCCC[C@@H]2c2ncon2)CN1Cc1ccccc1,P00533,
Cc1n[nH]c(C)c1CCN(C)Cc1ccc([C@H](C)N(C)C)cc1,P00533,
Cc1ccc(S(=O)(=O)N2CCC(C(=O)N3CCN(c4ccc(C)cc4C)CC3)CC2)cc1,P00533,
COc1ccc(-n2c(Cc3cccn3C)nnc2SCC(=O)Nc2ccccc2F)cc1,P00533,
Cc1cccc(NS(=O)(=O)c2ccc(Br)c3ccccc23)n1,P00533,
CCc1nc(-c2ccc(C)c(S(=O)(=O)N3CCC(C(=O)Nc4ccc(F)cc4C)CC3)c2)no1,P00533,
O=C(NCc1ccc(Br)cc1F)C1CCN(c2ccc(C(F)(F)F)cn2)CC1,P00533,
CO[C@@]1(C)CCCN(C(=O)c2sccc2Br)C1,P00533,
O=C(Cc1cccn1-c1ccc(F)cc1)NCc1ccccn1,P00533,
C[C@@H]1COCCN1Cc1cn(C[C@H](O)c2ccc(F)cc2)nn1,P00533,
Cc1c(C(=O)N2CCOCC2)nnn1Cc1ccc(Br)cc1,P00533,
CC(C)n1ncnc1-c1cccc(C(=O)N(C)Cc2cc[nH]n2)c1,P00533,
COc1ccccc1CNC(=O)[C@@H]1CCCN(S(=O)(=O)c2ccc3[nH]c(=O)ccc3c2)C1,P00533,
Cc1ccc(S(=O)(=O)N2CCN=C2SCc2ccc(C(F)(F)F)cc2)cc1,P00533,
Cn1cc(C(=O)N2CCC[C@@H]2c2nc3ccccc3[nH]2)cn1,P00533,
O=C(N[C@@H]1CCOC2(CCOCC2)C1)c1ccnn1C1CCCC1,P00533,
O=C(N[C@@H]1CCC[C@@H]1O)c1cc(-c2ccco2)on1,P00533,
CC(C)CSc1nc2ccccc2c(=O)n1CCc1ccc(S(N)(=O)=O)cc1,P00533,
Cc1noc(C)c1-c1ccc(S(=O)(=O)N[C@H]2CC(=O)N(c3ccc(F)cc3)C2)s1,P00533,
CC(=O)Nc1ccc(-c2cnc3n2CCCC3)cc1,P00533,
CCCOc1c(Cl)cccc1NC(=O)CCn1cnnc1,P00533,
CC(C)(C)c1ccc(C(=O)N2CCC(=O)CC2)cc1,P00533,
O=C(NCc1ccco1)N[C@H](Cc1ccccn1)[C@H]1C[C@H](O)C1,P00533,
N#Cc1ccccc1-c1ccccc1C(=O)Nc1ccc(C(F)(F)F)nn1,P00533,
N#Cc1ccccc1[C@H](C1CCCC1)N1CCNCC1,P00533,
C=Cc1cc(O)ccc1OC(F)(F)F,P00533,
O=c1c2c3c(sc2ncn1Cc1ccccc1Cl)C[C@H](N1CCSCC1)CC3,P00533,
Clc1ccc(-c2noc(CCn3ccnc3)n2)cc1,P00533,
COc1cc(S(=O)(=O)N2CCC(c3cc[nH]c(=O)c3)CC2)c(C)cc1C,P00533,
COC(=O)CCC(=O)Nc1ccc(-c2nc(-c3ccccc3)no2)cc1,P00533,
Cn1c(CN2CCC(Cc3cccc(F)c3)CC2)cc(=O)n(C)c1=O,P00533,
O=C1CCCc2cc(-c3cccc(-c4cccnc4)c3)ccc21,P00533,
COCc1nn(C)cc1C(=O)N1CCN(C2CCC2)C[C@@H](C)C1,P00533,
CN(C)S(=O)(=O)N(CC(=O)Nc1c(F)cccc1F)c1ccccc1,P00533,
O=C(Cn1ccc([C@H]2CCCNC2)n1)NCc1ccccc1C(F)(F)F,P00533,
Cc1oncc1C(=O)Nc1cccc(F)c1C,P00533,
CCc1n[nH]c(C(=O)N2CCC3(CC2)c2nc[nH]c2CCN3C(=O)C2CC2)c1C,P00533,
CC(C)c1noc([C@@H]2CCCN2C(=O)c2cnc(N)nc2-c2ccccc2)n1,P00533,
CCOC(=O)c1c(C)oc2c1cc(O)c1ccccc12,P00533,
Cc1nn(C)c(=O)c(C(=O)N[C@@H]2CCN(CC(F)(F)F)C2=O)c1C,P00533,
Cc1cc(C(=O)NCC2(O)CN(Cc3c(C)cccc3C)C2)c2cc[nH]c2c1,P00533,
CN(C)S(=O)(=O)N1CCC2(CC1)OCCc1c2[nH]c2ccccc12,P00533,
CCOC(=O)c1cnn(-c2ccc(SC)cc2)c1N,P00533,
O=C(CN1CCC[C@](O)(COc2ccccc2)C1)NCc1cccc(F)c1,P00533,
O=C(c1ccccc1Cl)N1C[C@H]2COCC[C@@]2(O)[C@@H]2COCC[C@@H]21,P00533,
CS(=O)(=O)CCC(=O)N1CCC[C@@]2(CCNC2)C1,P00533,
COc1ccc(CNC(=O)[C@H](C)n2c3ccccc3c3cn[nH]c(=O)c32)cc1,P00533,
O=S(=O)(NCC[C@H](O)c1ccco1)c1cccs1,P00533,
C[C@H](NC(=O)c1sccc1F)c1ccc(S(C)(=O)=O)cc1,P00533,
COc1ccc([C@@H](C)NC(=O)c2cccnc2)cc1OC,P00533,
Cc1cc(C(=O)COC(=O)[C@@H]2CC(=O)N(Cc3ccco3)C2)c(C)n1Cc1ccccc1,P00533,
O=S(=O)(c1ccc2c(c1)CCC2)N1CC[C@H](Cc2nnc(-c3ccccc3)o2)C1,P00533,
CCc1ccc2[nH]c(=O)c(CN(C(=O)c3cccc(OC)c3)C3CCCC3)cc2c1,P00533,
CCc1nnc2n1C[C@@H](CNc1ncnc3sc(C)c(C)c13)CC2,P00533,
O=C(Nc1nnc(C2CC2)s1)[C@H](Cc1ccccc1)NC(=O)N1CCSCC1,P00533,
Cc1cccc(CNC(=O)[C@H]2CCCN(c3nnc(C)c4c(C)n(-c5ccccc5)nc34)C2)c1,P00533,
CC(C)(C)NC(=O)NC[C@@H](c1cccs1)N1CCc2ccccc2C1,P00533,
Cc1cc(C)cc(-c2ccc(C[C@H]3CN(C(=O)c4cnccn4)CCN(C)C3=O)cc2)c1,P00533,
COc1cccc(-c2ccc(=O)n(CC(=O)NC[C@@H]3CCCN4CCCC[C@H]34)n2)c1,P00533,
O=C(c1ccco1)N1CCS[C@H](c2ccccc2Cl)CC1,P00533,
COc1ccccc1CNC(=O)CCc1c(C)nc2c(c(C)nn2-c2ccc(C)cc2)c1C,P00533,
CC(C)(CO)NC(=O)[C@]1(Cc2ccccc2)C[C@@H]2CC[C@H]1N2C(=O)C1CCC1,P00533,
Cc1ccc(Cl)cc1-n1ncc2c(N3CCN(C(=O)c4ccco4)CC3)ncnc21,P00533,
CCC(CC)C(=O)N1CCO[C@H]2CCCC[C@@H]21,P00533,
O=C(CCCc1ccccc1)N1CCC(Cc2nncn2CC2CC2)CC1,P00533,
N[C@@H]1CSCc2ccc(Br)cc21,P00533,
COCc1cc(C)nc2sc(C(=O)Nc3cccc(C(F)(F)F)c3)c(N)c12,P00533,
COC[C@H](CC1CCOCC1)Nc1cccc(OCCS(C)(=O)=O)c1,P00533,
Cc1ccc([C@H]2C[C@H](C)N(c3ccnc(-c4cncc(Br)c4)n3)C2)cc1,P00533,
c1ccc(Cc2ccccc2O[C@H]2CCNC2)cc1,P00533,
COc1ccc(Cn2ccnc2[C@H](O)c2ccccc2)cc1C#N,P00533,
CC[C@H](C)[C@H](NC(=O)c1ccccc1Cl)c1nc(-c2ccc3c(c2)OCO3)no1,P00533,
COc1ccc(NC(=O)c2ccnc(C(F)(F)F)c2)nc1,P00533,
Cn1ncc2c(F)c(-c3cnn([C@@H]4CCCCO4)c3)ccc21,P00533,
Cc1ccc(CNC(=O)C2(C)CCN(S(=O)(=O)c3ccccc3C)CC2)cc1,P00533,
Cc1cccc(NC(=O)Cn2nc3n(C[C@H]4CCCO4)c(=O)c4sccc4n3c2=O)c1C,P00533,
CC(=O)N1CCN(CCNS(=O)(=O)c2ccc(C)cc2)CC1,P00533,
O=c1cc(Br)cnn1-c1ccc(F)cc1,P00533,
O=c1c2c(-c3ccccc3)csc2ncn1CCCc1ccccc1,P00533,
Cc1ccc(-n2nnnc2SCC(=O)Nc2ccccc2Cl)c(C)c1,P00533,
O=C1CC[C@@]2(CCCN(C(=O)c3cccc(F)c3)C2)CN1CCO,P00533,
C[C@@H](NC(=O)N[C@H]1C[C@H](NS(C)(=O)=O)C1)c1ccnc(O)c1,P00533,
CCN1CCC[C@@H](CN(C)C(=O)c2cncnc2)C1,P00533,
CCNc1ncc([C@@H]2CC(=O)Nc3c2c(C)nn3Cc2ccccc2Cl)cn1,P00533,
O=C(NC1CC1)c1cc2c(OCc3ccccc3)cccc2[nH]1,P00533,
CC[C@H](Sc1nnc2c(=O)n(-c3ccccc3OC)ccn12)C(=O)Nc1ccc(OC)cc1,P00533,
CCOc1ccc(NC(=O)CSc2nnc3c(n2)[C@@]2(C)CC[C@@H]3C2(C)C)cc1,P00533,
CS(=O)(=O)N1[C@H]2CC[C@H](C2)[C@H]1COc1ccc(F)cc1,P00533,
CCn1nccc1[C@H]1NC(=O)CC[C@H]1NC(=O)c1cc(C)nn1C,P00533,
CSCC[C@H](NC(=O)[C@@H](N)C(C)C)C(=O)O,P00533,
COc1ccc(OCC(=O)Nc2nc3c(s2)CN(S(=O)(=O)c2ccc(C)cc2)CC3)cc1,P00533,
COc1ccc(C(=O)Nc2nnc(Cc3ccc(C)cc3C)o2)cc1,P00533,
CCc1ccc(Cl)c(CC)c1NC(=O)NCc1nc(C(F)(F)F)n[nH]1,P00533,
Cc1cnc(OC[C@H]2CCCN(C(=O)c3ccncc3)C2)nc1,P00533,
CC(=O)N1CCN([C@H](C(=O)Nc2cc(C)ccc2C)c2ccccc2)CC1,P00533,
O=C(Cc1cccs1)Nc1ccc2c(c1)N(C(=O)[C@@H]1CCCO1)CC2,P00533,
CSc1ccc(OCCC(C)C)c(Cl)c1,P00533,
CCOc1ccc(OCC)c(NC(=O)CCn2nc(C)cc2C)c1,P00533,
O=C(N[C@H]1C[C@H](C(F)(F)F)C1)N1CCCC[C@@H]1c1nc2ccccc2[nH]1,P00533,
O=C(O)c1ccc2c(c1)C[C@@H](NC(=O)[C@@H](O)c1cccc(Cl)c1)C2,P00533,
Cc1nc(CC2CCN(C(=O)c3[nH]c4c(C)ccc(C)c4c3C)CC2)no1,P00533,
CCn1c(C2CCN(S(=O)(=O)c3cccc(Cl)c3)CC2)nn(C)c1=O,P00533,
Cn1c(SCC(=O)Nc2cccc(C#N)c2)nnc1-c1nc(-c2ccccc2)no1,P00533,
O=C(c1csc(S(=O)(=O)N2CCC(C(=O)N3CCc4ccccc43)CC2)c1)N1CCOCC1,P00533,
COc1ccccc1CN1CC[C@@](Cc2ccc(-c3cccnc3)cc2)(C(N)=O)C1,P00533,
COc1cccc(N2CC[C@H](CNC(=O)CN3CSCC3=O)C2)c1,P00533,
O=C(NC1CCN(c2ncc(Cl)cc2F)CC1)c1ccsc1,P00533,
O=C(O)CC[C@@H]1CCCN(C(=O)COc2ccc(F)cc2)C1,P00533,
O=S(=O)(c1c(Cl)ccc2scnc12)N(C[C@@H]1CCCN1)C1CC1,P00533,
COC1CCC(Nc2cc(C)cc(C(=O)O)c2)CC1,P00533,
O=C(Nc1ccc2c(c1)Cc1ccccc1-2)c1ccccc1F,P00533,
O=C1NCCc2c1nc(-c1cccnc1)nc2N1CCO[C@H](C(F)(F)F)C1,P00533,
O=C(c1cccc(C(F)(F)F)c1)N1CCc2cc(S(=O)(=O)NC3CCCC3)ccc21,P00533,
C[C@H](Nc1cnn(-c2cccc(C(F)(F)F)c2)c1)c1cnccn1,P00533,
O=C(CCc1cccc(F)c1)NCc1cnc([C@@H]2CCCCO2)nc1,P00533,
CC(C)c1cc(C(=O)N(C)Cc2noc(C3CCC3)n2)nc(N)n1,P00533,
CC(=O)c1c[nH]c2ncc(-c3ccc(C)nc3)cc12,P00533,
CC(=O)N(C)C1CCN(C[C@@H](C)c2cccc(Cl)c2)CC1,P00533,
Cc1nnc(N2C[C@@H](C(=O)N(C)CCc3ccccn3)CC2=O)s1,P00533,
CCOc1ccc(CNC(=O)c2cc(OC)c(OC)cc2F)cc1,P00533,
CCCCn1c(SCC(=O)N2CCN(c3ccc(F)cc3)CC2)nc2cc(C)[nH]c2c1=O,P00533,
COc1ccc([C@H]2Nc3ccc(C)cc3[C@H]3OCCC[C@@H]23)cc1C,P00533,
O=C(Cc1ccccc1)N1C(=O)OC[C@@H]1Cc1ccccc1,P00533,
CC(C)c1cc(C(=O)NC2CCN([C@H](C)c3ccncc3)CC2)no1,P00533,
CCn1nc(-c2cc(F)ccc2C)nc1N(C)C,P00533,
Cc1ccccc1C1=NO[C@H](C[C@@]2(C(=O)O)CCCNC2)C1,P00533,
CCCn1c(=C(C#N)C#N)s/c(=C2\C=Cc3ccccc3N2CC)c1=O,P00533,
COCCC(=O)N1CC[C@H](c2nc(C)c(CC(=O)N3CCCCC3)c(C)n2)C1,P00533,
c1ccc(N2C[C@H]3CN(c4ncnc5[nH]ncc45)C[C@@H]3C2)nc1,P00533,
COc1ccc(-c2cn3c(C(=O)N4C[C@H]5CC[C@@H](C4)N5)csc3n2)cc1F,P00533,
N#Cc1ccc(S(=O)(=O)N2CCC[C@@H]2c2ccncc2)cc1Cl,P00533,
Cc1ccccc1S(=O)(=O)N(CCC(=O)N1CCNCC1)Cc1ccc(F)cc1,P00533,
CCOc1nn(C)c2ccc(NC(=O)c3cc(C)n(C)n3)cc12,P00533,
C[C@@H]1CN(c2nc(C3CC3)nc3c2CCC3)CCN1Cc1cnn(C)c1,P00533,
C[C@@H](Sc1ncc(-c2ccc(F)cc2)[nH]1)C(=O)N1CCOCC1,P00533,
CS(=O)(=O)c1ccc(CCC(=O)NCC2CCN(C(=O)c3ccoc3)CC2)cc1,P00533,
CSc1ccccc1C(=O)Nc1cccc(C)c1,P00533,
Fc1ccccc1-c1nnc2n1CCCN2,P00533,
CCOc1ccccc1NC(=O)[C@@H](C)c1ccccc1,P00533,
CC(C)(C)OC(=O)NC[C@H]1CC[C@H](CC(=O)O)CC1,P00533,
Clc1ccc(CNc2nc(Cl)nc3ccccc23)cc1,P00533,
CCCCc1nc(CN2CCn3nc(CNS(C)(=O)=O)cc3C2)c[nH]1,P00533,
Cc1cc(-c2nnc(SCC(=O)Nc3cccc(Cl)c3)n2N)[nH]n1,P00533,
Cc1ccc(S(=O)(=O)N2CCc3nc(C4CCNCC4)ncc3C2)cc1F,P00533,
N#Cc1cncc(-c2cc(C(F)(F)F)c3ccccc3n2)c1,P00533,
COCCN(CC(=O)N1CCc2sccc2[C@@H]1COc1ccccc1F)C(=O)CC(C)C,P00533,
CCNC(=O)n1nccc1[C@H](C)Oc1ccccc1,P00533,
O=S(=O)(Cc1ccccc1Cl)N1CCN([C@@H]2CCNC2)CC1,P00533,
CCCn1ccc2c(OCC(=O)NCCc3ccccc3)cccc2c1=O,P00533,
CO[C@H]1C[C@@H](CN(C)C(=O)C2(C#N)CCCCC2)N(C)C1,P00533,
Cc1ncccc1CN[C@@H](c1ccc2c(c1)OCCO2)c1ccccc1Cl,P00533,
CN(C(=O)COc1ccc(F)cc1)[C@H]1C[C@H]2CC(=O)NC[C@H]2C1,P00533,
Cc1cc(-c2cncnc2-c2ccc(CNC(=O)COc3ccccc3F)cc2)on1,P00533,
COc1cc(N2CCN(C)CC2)ccc1NC(=O)CCCc1ccc(Br)cc1,P00533,
COc1cc(OC)nc(-c2cnn([C@H]3CCCCO3)c2)c1,P00533,
O=C(O)c1ccc(CN[C@@H](CN2CCCC2=O)c2ccccc2)cc1,P00533,
O=C(CC1CCN(Cc2ccccc2C(F)(F)F)CC1)NC1CCOCC1,P00533,
O=C(O)c1ccc(S(=O)(=O)N2CCO[C@H](CF)C2)cc1F,P00533,
Cc1cccc(C)c1-c1nccn1[C@@H]1CCN(C)C1=O,P00533,
CC[C@H]1CN(CC(=O)Nc2oc(C)c(C)c2C#N)CCN1C[C@@H](C)O,P00533,
Cc1cc(C)cc(-n2ccn3c(CCC(=O)Nc4ccc(Br)cc4)nnc3c2=O)c1,P00533,
Fc1cccnc1OC[C@@H]1CCOC12CN(Cc1ccsc1)C2,P00533,
C[C@H]1CNC(=O)CCN1C(=O)c1cc(-n2cccn2)ccc1Cl,P00533,
O=C(c1ccc(Cl)cc1)N1[C@@H]2CC[C@H]1C[C@H](n1nccn1)C2,P00533,
COC(=O)C[C@@H](c1ccc(F)c(Cl)c1)c1c(Cc2ccccc2)[nH][nH]c1=O,P00533,
O=C(Cn1cnc2sc(-c3ccccc3)cc2c1=O)Nc1ccc(F)c(Cl)c1,P00533,
N[C@@H]1CCn2c1nc1cc(Cl)ccc1c2=O,P00533,
CCOCc1cnc(C)nc1[C@H]1CCCN(S(=O)(=O)c2ccccc2F)C1,P00533,
O=C(CSC1CCCC1)NCC1CCN(S(=O)(=O)C2CC2)CC1,P00533,
CN[C@H]1CCCN(C(=O)COCc2ccccc2Cl)C1,P00533,
O=C(O[C@H]1Cc2ccccc2[C@H]1OC(=O)c1ccccc1)c1ccccc1,P00533,
CN(C(=O)C1CCN(S(=O)(=O)c2cc(C(=O)N3CCCCCC3)cs2)CC1)C1CCCCC1,P00533,
COc1cccc(C(F)(F)F)c1S(=O)(=O)Nc1nc2c(OC)cnc(OC)n2n1,P00533,
C[C@@H]1CCCCN1C(=O)C[C@@H]1Cn2ncc(-c3ccc(Cl)cc3)c2NC1=O,P00533,
Cc1noc2nc(C(C)C)cc(C(=O)NC[C@@H]3CCCO3)c12,P00533,
CN(CCN(C)C1CCCC1)C(=O)c1ccc(F)c(O)c1,P00533,
Nc1cnc(-c2ccsc2)c(Br)c1,P00533,
CN1CC[C@@H](CNCc2cscn2)[C@@H]1c1cccnc1,P00533,
O=C(O)CSc1nnc(-c2ccncc2)n1-c1ccccc1,P00533,
O=C(NCC[C@H](O)c1cccc2ccccc12)Nc1ccc2c(c1)OCO2,P00533,
O=C(NCCN1CCc2ccccc21)c1cc(C2CC2)[nH]n1,P00533,
CS(=O)(=O)Cc1cccc(Cl)c1Cl,P00533,
COC(=O)c1[nH]/c(=N/C(=O)Cn2cc(C(C)=O)c3ccccc32)sc1CC(C)C,P00533,
N[C@@H](CCSC(F)(F)F)C(=O)O,P00533,
CC(=O)NC1(C(=O)N2CCC[C@H]2c2c(C)nn(C)c2C)CCCCC1,P00533,
O=C1CCc2cc(NC(=O)[C@H]3CC(=O)N(CCc4ccccc4)C3)ccc2N1,P00533,
O=C(CN1CCN(c2cnn(-c3ccccc3)c(=O)c2Cl)CC1)N1CCc2ccccc2C1,P00533,
CC[C@@H](O)c1cc(C(F)(F)F)c(F)cc1Br,P00533,
FC(F)(F)Oc1cccc(-c2cccc3ccncc23)c1,P00533,
COc1ccc(OCCn2c(CN(C)C(C)=O)nc3ccccc32)cc1,P00533,
c1ccc(OCc2nn(CC3CC3)c3c2CNCC3)nc1,P00533,
O=C(NCCc1cnccn1)N1CCC[C@@H](c2ccc(F)c(F)c2)C1,P00533,
COc1ccccc1/C=C\CN1CCC2(CC1)C[C@@H]2C(=O)NCc1cccc(C)n1,P00533,
COC(=O)c1ccc(-c2cccc(OC(F)(F)F)c2)cc1C,P00533,
COC[C@@H]1CCCN1Cc1ccc(OCCN(C)C)cc1,P00533,
CCCc1c(C(=O)OCc2ccccc2F)nnn1-c1cccc(Cl)c1,P00533,
CCCc1cc(C(N)=O)c(NC(=O)c2csc(C)c2C)s1,P00533,
Cc1cccc(-n2nnnc2SCC(=O)c2cc(C)n(C[C@@H]3CCCO3)c2C)c1,P00533,
CCn1c(C(=O)NCCN2CCOCC2)cc2cc(NC(=O)c3ccc(C)c(C)c3)ccc21,P00533,
CC(C)CNS(=O)(=O)c1cccc2c(NC(=O)[C@H](Cc3ccccc3)NC(=O)c3ccccc3)cccc12,P00533,
CN1Cc2nncn2C[C@H]1c1nc(-c2ccc(Br)o2)no1,P00533,
Cc1nc(Nc2ccccn2)cc([C@H]2CCCCN2Cc2cncn2C)n1,P00533,
CCO[C@H]1[C@H](NC(=O)CC)c2ccccc2C12CCN(C1CCSCC1)CC2,P00533,
O=C1OCC[C@@H]1Sc1nnc(-c2cccs2)n1-c1ccccc1,P00533,
CCCNc1ccc(C#N)cc1NC(=O)CC1(O)CCCC1,P00533,
Cc1c(C(=O)N2CCCCC2)c(S(=O)(=O)N2CCN(c3cccc(Cl)c3)CC2)c(C)n1C,P00533,
O=C(c1ccc2c(c1)CCO2)N1CCC[C@]2(CCc3c2nc(C2CC2)[nH]c3=O)C1,P00533,
COc1ccc(S(=O)(=O)N2CC[C@H](c3ccccc3)S(=O)(=O)CC2)cc1OC,P00533,
CC(C)(C)OC(=O)NC1(C(=O)O)CC2(CC(F)(F)C2)C1,P00533,
CCC(=O)c1cccc(S(=O)(=O)Nc2[nH]ncc2C#N)c1,P00533,
C[C@H]1C[C@@H]1Nc1nnc(C2CCOCC2)[nH]1,P00533,
CCn1ccc(CN2CC(Oc3ccc(C)cc3)C2)n1,P00533,
Cc1nc2ccccc2c(=O)n1-c1ccc(C(=O)N2CCCC(C)(C)C2)cc1,P00533,
Cc1cc2c(c(O)n1)[C@@H](c1ccc3c(c1)n(C)c(=O)n3C)CC(=O)O2,P00533,
CNC(=O)c1cc(N2CC[C@](F)(CO)C2)ccn1,P00533,
O=C(CN1CCC(O)(Cn2cnc3ccccc3c2=O)CC1)OC1CCCCC1,P00533,
Cc1c(C(=O)N2CCCC2)sc2ncnc(N[C@H](C)c3cccs3)c12,P00533,
Cc1ccc(CN2CCC3(CC2)[C@H](C(=O)NC2COC2)c2ccccc2C(=O)N3C(C)C)o1,P00533,
Cc1ccc(NC(=O)Nc2ccccc2Cl)c(C)c1,P00533,
COCCc1nc(-c2cncs2)n(C[C@H]2COCCO2)n1,P00533,
CCc1ccc([C@@H]2CC(=O)Nc3c2c(C)nn3-c2nncc(-c3ccc(F)cc3)n2)cc1,P00533,
O=C(Cc1cc(Cl)cc2c1OCC2)N1CCO[C@@H](c2ccco2)C1,P00533,
N#Cc1c[nH]c(C(=O)NCCc2ccc(Br)cc2Cl)c1,P00533,
Cc1ccc2nsnc2c1NC(=O)CC(C)C,P00533,
COc1ccc(-c2ccc(=O)n(Cc3nc(-c4cc(OC)c(OC)c(OC)c4)no3)n2)cc1,P00533,
Cc1cccc(C2(NCc3cc(=O)n(C)c(=O)n3C)CCCC2)c1,P00533,
Cc1ccc(CC(=O)N[C@H](C)c2ccncc2)cc1,P00533,
O=C([C@H]1CC(=O)N(C2CCCCC2)C1)N1CCN(c2nc3ncccc3o2)CC1,P00533,
CNC(=O)c1ccc(NCc2ncc(C)o2)cc1Cl,P00533,
CSCC(=O)N1C[C@H]2CN(Cc3ccncc3)C[C@@]2(CN(C)C)C1,P00533,
CC1(C)Oc2cc(O)c3c(c2C[C@@H]1O)O[C@@H](c1ccc(O)cc1)CC3=O,P00533,
Cc1ccnn1CCN1CCC[C@@]2(CCc3cnc(-c4ccccc4)nc32)C1,P00533,
Cc1ccc(NC(=O)CSc2ccc(N3CCN(c4ccc(F)cc4)CC3)nn2)cc1C,P00533,
COc1ccc(CCN(C[C@H]2CCCO2)C(=O)c2nc(C)sc2C)cc1,P00533,
Cc1ccc(CC(=O)N2CCC(Cc3nc(-c4ccc(Cl)cc4)no3)CC2)cc1,P00533,
CCOc1ccc(NC(=O)c2[nH]c3c(c2C)C(=O)CCC3)cc1S(=O)(=O)N(CC)CC,P00533,
Cc1noc(C)c1CC(=O)N1CCC2(CC1)OC(=O)N(C(C)(C)C)C2=O,P00533,
COc1cc(C)c(C)cc1S(=O)(=O)Nc1ccc2c(c1)N(C(=O)C(C)C)CCC2,P00533,
COc1ccc(NC(=O)Cn2c(C)nc3ccccc32)cc1,P00533,
CCc1nnsc1C(=O)N[C@@H]1CCC[C@@H](OC)[C@@H]1O,P00533,
CC[C@@H](Oc1ccccc1)C(=O)Nc1sc(C)c(C)c1C(N)=O,P00533,
CS(=O)(=O)N1CCOc2ccc(CCC(=O)NCc3cc(F)cc(F)c3)cc2C1,P00533,
Cc1cccc(CN2CCN(C/C=C\c3ccccc3)C[C@H]2CCO)n1,P00533,
CNC(=O)c1ccc(CN(c2ccccc2F)S(C)(=O)=O)cc1,P00533,
Cc1ccc(O[C@H](C)CNC(=O)N(C)[C@H](C)c2ccncc2)cc1,P00533,
COC[C@@H]1CCCN(C(=O)Cc2c(C)noc2Cl)C1,P00533,
C[C@@H](Cc1cccnc1)NC(=O)c1ccc(=O)[nH]c1,P00533,
COc1csc(C(=O)N2CC[C@@H](CNC(=O)c3ccc[nH]3)C2)c1OC,P00533,
C[C@H](c1nc2ccccc2c(=O)[nH]1)N1CCN(c2ncnc3c2cnn3C)CC1,P00533,
COc1ccccc1CN1C(=O)c2cc3ccsc3n2C[C@]1(C)C(=O)NCc1ccc(F)cc1,P00533,
O=C(Nc1nc(CC(=O)N2CCN(c3ccc(F)cc3)CC2)cs1)C1CC1,P00533,
FC(F)Oc1ccc(-c2cnn(C3CCCC3)c2)cn1,P00533,
CCC(=O)c1cccc(S(=O)(=O)N[C@@H]2C[C@H](O)C23CCC3)c1,P00533,
CC(=O)Nc1nnc([C@@H]2CC(=O)N(c3ccc(F)cc3)C2)s1,P00533,
Cc1cncc(NC(=O)N(C)C[C@H]2CCCCO2)c1,P00533,
CC(C)(C)OC(=O)N1CC(Oc2c(N)ncnc2Cl)C1,P00533,
Cc1cccc([C@H](C)NC(=O)c2ccc(Cl)cn2)c1,P00533,
C[C@@H](NC1(CNC(=O)Nc2cccc(C(=O)NCc3cccs3)c2)CCOCC1)c1ccccc1,P00533,
Cc1ccc(Cl)c(C(=O)Nc2ccc3c(c2)S(=O)(=O)CC(=O)N3)c1,P00533,
Cc1[nH]c(SCC(=O)Nc2ccccc2N2CCCC2)nc1Cc1ccccc1,P00533,
CC(C)NC1=NC[C@@H](c2ccccc2)N1,P00533,
CC(C)[C@@H](NC(=O)[C@H]1CC(=O)N(Cc2ccccc2)C1)c1ccccn1,P00533,
COc1ccc2c(c1)CCC[C@@H]2NC(=O)c1cc(=O)cc(C)n1C,P00533,
CN(C(=O)c1cc(-c2cccnc2)on1)c1cc(-c2ccccc2)[nH]n1,P00533,
Cn1c(CN2CCCC[C@]23CCNC3)nnc1-c1ccc(Cl)cc1,P00533,
C[C@@H](Oc1ccc(F)cc1)C(=O)N1CC[C@@](F)(c2nc(C3CCC3)no2)C1,P00533,
Cc1ccccc1[C@@H](C)NC(=O)[C@@H]1CCc2ccccc2O1,P00533,
O=C(N[C@H]1c2ccccc2CC[C@H]1n1ccnc1)c1cscn1,P00533,
COc1c2c(c(S(=O)(=O)N3CCCC3)c3c1OCO3)CCN(C)C2,P00533,
Cc1ccccc1NC(=O)CN(c1cc(Cl)ccc1C)S(C)(=O)=O,P00533,
COc1cccc(Cn2c(=O)c(C(=O)NC3CC3)nn(-c3ccc(Cl)cc3)c2=O)c1,P00533,
Cc1cc(C)n2ncc(CN3CCC[C@@]4(CCc5c[nH]nc54)C3)c2n1,P00533,
Cc1cc(C)c2c(CC(=O)O)c(C)[nH]c2c1,P00533,
COC[C@@]1(C(=O)N2CC(C)(C)[C@@H]2c2ccncc2)CCOC1,P00533,
O=C(CSCc1ccc(Cl)cc1)Nc1ccccc1C(=O)NCc1ccco1,P00533,
COc1ccc(C(=O)NC[C@@H](O)c2cn(C)c3ccccc23)cc1F,P00533,
Nc1c(NC2CCCC2)c(=O)[nH]c(=O)n1Cc1ccccc1,P00533,
Cc1oc(-c2cccs2)nc1CC(=O)N1CCC(N2CCCC2=O)CC1,P00533,
CC(C)(C)OC(=O)N[C@]12CNCC[C@@H]1C2,P00533,
O=C1CN2C(SCc3ccccc3Cl)=Nc3ccccc3C2=N1,P00533,
Cc1noc(C)c1C(=O)NCCn1ccc(-c2ccsc2)n1,P00533,
Cc1ncc(C(=O)N2CCC[C@@H](c3nc(-c4cccnc4)no3)C2)c(=O)[nH]1,P00533,
N#Cc1ccn2cc(C(F)(F)F)nc2c1,P00533,
Cc1ccc(N2CCC(CNC(=O)c3ccccc3-n3cccn3)CC2)nn1,P00533,
O=C(O)c1ccc2c(c1)N(Cc1ccccc1)C(=O)c1ccccc1S2,P00533,
COc1ccc2c(c1)OC[C@H](CNC(=O)CSc1nncn1C)C2,P00533,
CCC(CC)c1nnc(NC(=O)c2ccc(O)c(Cl)c2)s1,P00533,
O=C(Nc1ncc(Cc2ccccc2Cl)s1)c1ccc(=O)[nH]n1,P00533,
COc1ccc(CCC(=O)Nc2ccc3nc([C@@H]4CCCO4)[nH]c3c2)cc1,P00533,
Cn1cc(C(=O)N2CCNC[C@@H]2c2cccc(Cl)c2)ccc1=O,P00533,
NC(=O)[C@@H]1CCCC[C@@H]1NC(=O)Cn1ccc(C(F)(F)F)n1,P00533,
Cc1ccc(C)c(-n2c(SCC(=O)NC3CCCCC3)nc3ccsc3c2=O)c1,P00533,
O=C(NCc1cc[nH]n1)c1cc(C2CC2)[nH]n1,P00533,
COc1ccc(Nc2nc(CN3CCN(Cc4cc(=O)n5ccsc5n4)CC3)cs2)cc1,P00533,
CC[C@H](C)[C@@H](c1ccc(Cl)cc1C(F)(F)F)N1CCNCC1,P00533,
Cc1nc(CCNC(=O)c2csc(-c3cccs3)n2)sc1C,P00533,
CCOC(=O)c1ccccc1NC(=O)CSc1ccc2nnc(-c3cccc(F)c3)n2n1,P00533,
C[C@H](NC(=O)CSCC(=O)N[C@@H](C)c1ccc(-n2ccnc2)cc1)c1ccc(-n2ccnc2)cc1,P00533,
COc1ccccc1-c1c(C)nn(C)c1NC(=O)[C@@H]1CC(=O)Nc2cc(F)ccc21,P00533,
COc1ccccc1CN1CCN(C(=O)CCNC(=O)c2ccc(F)cc2F)CC1,P00533,
c1cnc(N2CCC[C@H](c3cnc(Nc4nccs4)cn3)C2)nc1,P00533,
COc1cccc2c1OCCCN(C[C@H]1CCOC1)C2,P00533,
COc1ccccc1C(=O)N1CCC(c2n[nH]cc2C(=O)N2C[C@H](C)O[C@@H](C)C2)CC1,P00533,
CNC(=O)CCc1ccccc1NC(=O)N1CCC(Oc2cccnc2)CC1,P00533,
C[C@@H](c1ccc(-n2cncn2)cc1)N(C)C(=O)[C@H](C)n1cnc2ccccc21,P00533,
CCOc1ccc(CC(=O)N2C[C@@H](Cc3cnccn3)[C@H](O)C2)cc1,P00533,
COc1ccc(CN2C(=O)c3ccccc3C[C@]2(C)C(=O)NCc2ccc(Cl)cc2)cc1,P00533,
Cn1nc2c(cc1=O)C[C@@H](C(=O)NCc1ccncc1)CC2,P00533,
Cc1cc(C)cc(C(=O)NCC(=O)OCC(=O)N[C@@H](C)c2cc3ccccc3o2)c1,P00533,
O=C(NC1CCCC1)c1ccc(OC2CCN(Cc3cccc(O)c3)CC2)c(Cl)c1,P00533,
CC(=O)N1CCN(c2ncnc3c2c(-c2ccccc2)cn3-c2cccc(C)c2)CC1,P00533,
COc1cccc(N(CC(=O)Nc2ccccc2C(=O)NC(C)C)S(C)(=O)=O)c1,P00533,
COc1ncccc1C(=O)NCc1ccc2c(c1)nc(C)n2C,P00533,
O=C(Nc1ccc(S(=O)(=O)NCc2ccco2)cc1)c1ccc(Cl)c(NC(=O)c2cccs2)c1,P00533,
C[C@H](C(=O)NC1CCCCCCC1)n1cc(Br)cn1,P00533,
COc1cc(C)cc(NC(=O)[C@@H]2CCCc3ccccc32)c1,P00533,
O=C(c1ccc[nH]1)N1[C@H]2CC[C@@H]1[C@](Cc1ccccc1)(C(=O)NC1CCC1)C2,P00533,
COC[C@H]1CN(Cc2ccco2)CC12CCN(CCc1ccccc1)CC2,P00533,
CC1(c2ccccc2C(=O)N2CC[C@](O)(C(N)=O)C2)CC1,P00533,
COCc1nc(N2CCC(c3cc(O)nc(C)n3)CC2)c2cnn(C)c2n1,P00533,
O=C(c1c[nH]nc1-c1cccnc1)N1CCCCC1,P00533,
C[C@H](c1ccccc1)N1CCC[C@H](C(=O)NC2CCOCC2)C1,P00533,
Cc1ccc(Cn2nc(C)c3cc(C(=O)O[C@H](C)C(=O)N4CC(=O)Nc5ccccc54)sc32)cc1,P00533,
Cc1n[nH]cc1C(=O)N1CCC[C@H](C(=O)Nc2ccc(-c3cccc(F)c3)cc2)C1,P00533,
Cc1ccc(NC(=O)[C@H]2CSCN2C(=O)OC(C)(C)C)cc1C,P00533,
Cc1cc(O)c(C(=O)N[C@H](C)CC(C)(C)c2ccccc2)cn1,P00533,
CCN(Cc1ccccc1)C(=O)[C@@H](C)OC(=O)c1cccc(Nc2ccc(C#N)cc2)c1,P00533,
O=C(COC(=O)c1ccc(Oc2ccc(O)cc2)cc1)c1ccccc1,P00533,
CCOC(=O)c1cc2n(n1)CCCCNC2,P00533,
CC[C@@H]1C(=O)OC[C@H]1Cc1cncn1C,P00533,
CN(CCCc1cnn(C)c1)C[C@@]1(O)CCCNC1,P00533,
Cc1nc([C@H](Cc2c[nH]c3ccccc23)NC(=O)C2CC2)cc(N(C)C)n1,P00533,
O=C([C@H]1CCN(c2ncnc3sccc23)C1)N1CCC(F)(F)CC1,P00533,
Cc1cc(CNCc2ccc(F)cc2F)n(C)n1,P00533,
COc1ccc(NC(=O)c2cc(C)ccc2C)cc1F,P00533,
CC[C@]1(O)CCN(c2cccnc2C#N)C1,P00533,
O=C(Cc1ccccn1)N1CC[C@]2(C1)C[C@@H](NS(=O)(=O)C1CC1)C2,P00533,
CC(C)CC(=O)c1ccc2ccccc2c1,P00533,
O=C(Nc1c2c(nn1-c1ccc(Cl)cc1)CS(=O)(=O)C2)c1cccc2ccccc12,P00533,
Cn1nc(CC(=O)Nc2ccc3c(c2)COC3)c2ccccc21,P00533,
Cc1ccc(C(=O)NC2(c3ccc(Br)cc3)CC2)cn1,P00533,
COc1ccc([C@@H](CNC(=O)c2ccc(S(=O)(=O)Nc3ccccc3F)cc2)N2CCOCC2)cc1,P00533,
O=C([C@H]1CCOC1)N1CCc2ncnc(-c3ccsc3)c2C1,P00533,
O=C(c1cscn1)N1CC2(C[C@H](Oc3ccccn3)CS2)C1,P00533,
COc1cc2c(=O)n(Cc3nc4c(s3)CCCC4)cnc2c(OC)c1OC,P00533,
COCCC(=O)N1CCCC[C@@H]1CCn1cc(COc2ccccc2)nn1,P00533,
CN(C)C(=O)c1cncc(NCC2(CO)CCC2)n1,P00533,
CCCc1ncc(CN2[C@H]3CC[C@@H]2c2cc(Cl)cnc2C3)cn1,P00533,
CC(=O)[C@H]1CN(Cc2ccccc2)CC1(C)C,P00533,
CCOC(=O)c1cnn2ccc(NC(=O)Cn3c(=O)oc4ccccc43)cc12,P00533,
CC(C)[C@@H](NCc1cc(=O)n2ccccc2n1)c1ccc(C(C)(C)C)cc1,P00533,
CC[C@H](NCCc1c(C)nn(C)c1C)C(=O)OC,P00533,
O=C(NC1CCCCCCC1)c1cn(CCc2ccccn2)cc(C(=O)N2C[C@H]3CC[C@@H]2C3)c1=O,P00533,
CN(C)c1cccc(C(=O)N2CCC[C@H](c3cccc(-c4cccs4)n3)C2)c1,P00533,
CS(=O)(=O)c1cccc(C(=O)N2CCC[C@]3(CC2)CC(=O)c2ccccc2O3)c1,P00533,
CCCCc1nc(CN2CCC[C@H](Cc3[nH]ncc3C)C2)c[nH]1,P00533,
CN(C)C(=O)CO[C@H]1COC2(CCN(Cc3cnn(C)c3)CC2)C1,P00533,
c1cncc(-c2nc(-c3ccncc3)n[nH]2)c1,P00533,
COc1c(C(=O)Nc2ccc3[nH]c(=O)[nH]c3c2)cc2ccccc2c1Br,P00533,
CCOC1CCN(C(=O)[C@H]2CCC(=O)N2Cc2ccc(C)cc2)CC1,P00533,
CNC(=O)c1cc(S(=O)(=O)N2CCC[C@@H](CNC(=O)C3CCC3)C2)cs1,P00533,
FC(F)(F)COc1ccc(Cn2cc(C3CCC3)nn2)nn1,P00533,
O=C(NCc1cccc2ccccc12)NC[C@@H](OCCO)c1ccsc1,P00533,
CC(C)CN1CCC(N2C[C@@H]3[C@H](CNC(=O)C4CC4)[C@H]4CC[C@]3(C2)O4)CC1,P00533,
CCC(=O)N1N=C(c2c(O)[nH]c(=O)n(Cc3ccccc3)c2=O)C[C@@H]1c1c[nH]c2ccccc12,P00533,
O=C([C@@H]1CC(c2ccc(Cl)cc2)=NO1)N1CCOCC1,P00533,
O=C(COC(=O)c1c2c(nc3ccccc13)C(=Cc1ccco1)CC2)NCc1ccc2c(c1)OCO2,P00533,
Cc1c(C#N)c(NC(=O)CSc2ccccn2)n(C[C@@H]2CCCO2)c1C,P00533,
Cc1ccc(Cn2c(=O)oc3ccc(C(=O)N4CCCC4)cc32)cc1,P00533,
Cn1cc2cc(-c3cc(F)c(C#N)c(F)c3)ccc2n1,P00533,
Cc1csc(C[C@H]2CCN(C(=O)C[C@@]3(O)CCCNC3)C2)n1,P00533,
CC[C@H]1C(=O)NCCN1Cc1nc2cc(C(F)(F)F)ccc2o1,P00533,
CCCNC(=O)[C@@H](NC(=O)c1ccccc1)C1CCN(C(=O)c2ccc(F)cc2)CC1,P00533,
COc1cc(CN2C[C@H](CC(=O)O)OC3(CCC3)C2)cc(OC)c1C,P00533,
COc1ccnc(N2CCN(CC(=O)NCC(C)C)CC2)n1,P00533,
COC(=O)c1[nH]c2cc(OC)ccc2c1NC(=O)CN1C[C@H](C)C[C@@H](C)C1,P00533,
O=C(COc1ccccc1F)N1CCC(c2nc(O)cc(-c3ccccn3)n2)CC1,P00533,
CN(C)Cc1ccc([C@H]2CCCN2C(=O)C2(N3CCCC3)CCCC2)cc1,P00533,
Nc1nc(Cl)cc(C2CCCCC2)n1,P00533,
CC(C)(C#N)c1ccccc1CN1CC2(CC2)CS1(=O)=O,P00533,
CCn1c(CCNc2cc([C@H]3C[C@H](N)C3)nc(C)n2)nc2ccccc21,P00533,
O=C(Cc1nc(Cc2ccc(Cl)cc2)n[nH]1)NCc1cccs1,P00533,
COc1ccc(OC)c(CCC(=O)Nc2ccc(C)c(F)c2)c1,P00533,
Cc1c(-c2ccccc2)n(C[C@@H](O)c2ccccc2)c2nc3c(c(=O)n(C)c(=O)n3C)n12,P00533,
COC(=O)[C@@H]1C[C@H](O)CN1c1ncc(C(F)(F)F)cc1Cl,P00533,
Cc1cc(C)n2nc(C(=O)N3CCC(Cn4nc(-c5ccccc5)ccc4=O)CC3)nc2n1,P00533,
O=C(Nc1cccc(C(F)(F)F)c1)c1cnn(-c2ccccc2)n1,P00533,
CC(C)Cc1nc(CNC(=O)N(C)C[C@H]2COc3ccccc3O2)no1,P00533,
Cc1ccc2c(c1C)NC(=O)C[C@@H]2c1ccc(O)cc1,P00533,
CC(=O)c1cc(Cl)ccc1Oc1ccc(C)c(C)c1,P00533,
Cc1ccccc1NC(=O)c1ccc(CS(=O)(=O)Cc2ccccc2)cc1,P00533,
Cc1cnccc1CC(=O)N[C@@H](c1ccccc1)c1ccncc1,P00533,
COc1ccc([C@H](CC(=O)O)NC(=O)c2ccccc2Br)cc1,P00533,
Cc1cn(-c2ccccc2)nc1C(=O)N1CCC([C@@H]2C[C@H](N)CCO2)CC1,P00533,
CCOc1ncc(C2(O)CCN(Cc3ccc4cc(OC)ccc4c3)CC2)c(OCC)n1,P00533,
CC[C@@H](CO)NCc1ccccc1OCc1ccc(Cl)cc1,P00533,
COC(=O)c1[nH]c2ccc(F)cc2c1-n1cnnn1,P00533,
COc1cccc(CN2CC[C@@]3(CCN(C(=O)c4ccoc4C)C3)C2=O)c1,P00533,
O=C(c1cccnn1)N1CCC(Cc2ccnc3ccccc23)CC1,P00533,
COCC(=O)N1CCC[C@@H]1c1nc(O)c2c(n1)CCN(C(=O)c1ccc(C)s1)C2,P00533,
CN1CCN(C(=O)CN2CCCCCCC2=O)[C@H](c2ccccc2)C1,P00533,
CCOC(=O)CNC(=O)[C@@H]1CCCN1C(=O)NCc1cccc(Br)c1,P00533,
COc1ccc([C@@H](NS(=O)(=O)c2ccc(C)cc2F)[C@H]2C[C@@H](O)C2)cn1,P00533,
O=C(c1cc2n(n1)CCCO2)N1CC[C@H](Oc2cnc3ccccc3n2)C1,P00533,
CCOc1ccc(CNC(=O)[C@@H]2CCCN(S(=O)(=O)c3ccc4c(ccn4CC)c3)C2)cc1,P00533,
CC(C)(C)OC(=O)N1CC[C@H](c2ccccc2)[C@H](O)C1,P00533,
COc1ccc(F)cc1C(=O)c1cc(F)ccc1F,P00533,
CCCCN(C)c1cc(C)nc(N2CCOCC2)n1,P00533,
O=C(O)CCCS(=O)(=O)N1CCOC[C@H]1c1cccc(F)c1,P00533,
CC(C)c1cccc(N[C@H]2CC[C@@H](C(=O)N(CC(=O)O)Cc3cc(F)cc(F)c3)CC[C@@H]2O)c1,P00533,
Cc1cc(C)nc(NCc2cn(-c3ccccc3)nc2-c2ccccc2)n1,P00533,
CCn1c([C@@H]2CCN(C(=O)Cc3ccccc3Cl)C2)nc2cccnc21,P00533,
CSc1sc(NC(=O)CN2CCCCCC2=O)nc1C,P00533,
CC(C)c1cc(C(=O)N2CCCN(CC=Cc3ccccc3)CC2)on1,P00533,
O=C(c1cccc(CN2CCCC2)c1)C1CCCCC1,P00533,
Cc1nonc1[C@@H]1CCCN1C(=O)c1ccc2nc(-c3ccccc3)cn2c1,P00533,
O=C(Cc1nnc(-c2cccs2)o1)Nc1ccc(C(F)(F)F)cc1,P00533,
O=C(Cc1noc2ccccc12)N[C@@H](c1cccs1)C1CCCC1,P00533,
COc1cc2c(cc1OC)CN(Cc1oc(CN3CCOCC3)cc(=O)c1O)CC2,P00533,
CC(C)Oc1cccc(-c2ccc3nccnc3c2)c1,P00533,
C[C@@H](OC(=O)[C@H]1CC(=O)N(c2cccc(Cl)c2)C1)C(=O)NCCc1c[nH]c2ccccc12,P00533,
CC(C)c1nc([C@@H]2CCCCCN2S(=O)(=O)C2(C)CC2)no1,P00533,
Cc1cc(NC(=O)c2ccc3c(c2)[nH]c(=O)n3C2CC2)ccc1CN(C)C,P00533,
N#CCc1cc(-c2ccc3nccn3c2)ccc1F,P00533,
CN(CC(=O)NCc1cccs1)c1nc2c(C(F)(F)F)cccc2s1,P00533,
O=C(OCC1c2ccccc2-c2ccccc21)N1CCC[C@@](O)(C(=O)O)C1,P00533,
Cc1c(C(=O)N2CCCN(C(=O)[C@H]3CCCCN3C)CC2)ccn1C,P00533,
CN(C)[C@@H]1CCCN(c2nc(N[C@@H]3CCOc4cc(F)cc(F)c43)nc3c2cnn3C)C1,P00533,
C[C@@H](C(=O)N1CCC2(CC1)OCCc1c[nH]nc12)N1C(=O)c2cccc3cccc1c23,P00533,
COC[C@H]1CN(C2CCC2)CC12CCN(C(=O)c1ccc(F)c(F)c1)CC2,P00533,
CSc1ccc(C(=O)[C@@H]2CCCC[C@H]2C(=O)O)cc1,P00533,
O=C(NC[C@H]1CCCO1)[C@@H]1c2ccccc2C(=O)N(Cc2ccccc2)C12CCCC2,P00533,
O=C(c1cncc(Br)c1)N1CCC2(CC1)CC2,P00533,
CSCc1noc(CN2CCC[C@@H]2c2nc(-c3ccccc3)no2)n1,P00533,
Cc1ccc(C(=O)N2CCc3ccc(CNC(=O)COc4ccccc4)cc32)cc1,P00533,
CC(C)(C)OC(=O)Nc1nc2ccc(O)cc2s1,P00533,
COc1cccc(NC(=O)c2ccn(C)n2)c1,P00533,
CCN(CC)S(=O)(=O)c1ccc(=O)n(CC(=O)c2ccc(F)cc2F)c1,P00533,
Cc1cc(CN2CCC(Nc3ccn(C)n3)(C(=O)N3CCCC3)CC2)no1,P00533,
Cc1ccc(Cl)cc1N1CCN(S(=O)(=O)c2c[nH]cn2)CC1,P00533,
Cn1cc(CN2CCC3(CC2)C[C@H](OCC2CCC2)CO3)cn1,P00533,
C[C@H](Cc1ccccc1F)NC(=O)Cc1csc(-c2ccoc2)n1,P00533,
C[C@H](Oc1ncn(-c2ccccc2)n1)C(=O)Nc1ccccc1,P00533,
O=C(C1CCC1)N1CCN(c2ncccn2)[C@@H]2CS(=O)(=O)C[C@@H]21,P00533,
CCc1nsc(N[C@@H]2Cc3ccccc3[C@H]2O)n1,P00533,
CC(C)Nc1ccnc(-c2ccc3c(c2)OCO3)n1,P00533,
Cc1cc(NC(=O)NC[C@H](O)c2ccccc2F)no1,P00533,
COc1ccc(NC(=O)COc2cccc3[nH]ccc23)cc1Cl,P00533,
COc1ccc(C(=O)Nc2ccc(-c3nnc(-c4ccco4)o3)cc2)cc1,P00533,
CCn1cnnc1SCC(=O)Nc1cccc(C)c1C,P00533,
COc1cccc(C[C@H]2[C@H]3C[C@H](CN(C(=O)C4CCCC4)C3)[C@@H]3CCCC(=O)N32)c1,P00533,
CCOC(=O)c1ccc(N2N=C(C)[C@@]3(Cc4ccccc4N4CCN(c5ccccn5)C[C@@H]43)C2=O)cc1,P00533,
Cc1csc(-c2ccc(NC(=O)N(C)Cc3ccncc3)cc2)n1,P00533,
COc1ccc2nc(NC(=O)CSc3nnc4c(n3)[nH]c3ccc(OC)cc34)sc2c1,P00533,
CN1CCC(C)(C(=O)N2CCC[C@H](c3nnc[nH]3)C2)CC1,P00533,
CCC[C@H]1CN(C(=O)c2nn(C)c(C)c2Cl)C[C@@H]1N,P00533,
O=C(O)c1cc(Cl)cc(S(=O)(=O)N(CC(F)F)C2CC2)c1,P00533,
N#Cc1ccc(F)c(CN2C[C@@H](C(=O)N3CCCCC3)Oc3ccccc32)c1,P00533,
COc1ccc(NC(=O)C[C@@H](C)Sc2ccc(Cl)cc2)c(OC)n1,P00533,
O=C(Cn1ccc2c(Br)cccc21)NCCN1CCOCC1,P00533,
CCc1c(C(=O)Nc2ccc3ncccc3c2)cnn1C(C)(C)C,P00533,
COC(=O)c1ccc(C2CC2)cc1Cl,P00533,
CCOC(=O)CNC(=O)N1CCCN(S(=O)(=O)c2ccc3c(ccn3CC)c2)CC1,P00533,
O=C(Nc1ccnn1C1CCN(CC=Cc2ccccc2)CC1)c1cccnc1,P00533,
OCC1CN(Cc2ccc(Cl)nn2)C1,P00533,
CCn1c(CN2CCN(S(C)(=O)=O)CC2)nc2cc(NC(=O)COc3ccccc3C)ccc21,P00533,
CC(C)(C)CC(=O)NCCc1csc(-c2ccccc2)n1,P00533,
Cc1cccc(Nc2nnc(SCC(=O)N(C)c3ccccc3C(=O)NCc3ccco3)s2)c1,P00533,
N#Cc1cnn(-c2cccc(Cl)c2Cl)c1N,P00533,
CCOC(=O)c1cc(OC)c(F)cc1Br,P00533,
Cc1noc([C@H]2CCN(C(=O)CC3CC3)CCN2C(=O)C2CCCC2)n1,P00533,
O=C(NC1CCN([C@@H]2CCS(=O)(=O)C2)CC1)c1cc(-c2ccc(F)cc2)c[nH]1,P00533,
CCOc1ccc(CNS(=O)(=O)c2ccc3c(c2)CCCN3C(C)=O)cc1,P00533,
COc1ccc(C=Cc2nc(C#N)c(NCc3cccnc3)o2)cc1OC,P00533,
Cc1cccc(CNC(=O)N(CCCO)[C@H]2CCc3ccccc32)n1,P00533,
Cc1nc(-c2cccc(C(=O)Nc3ccc(N4CCOCC4)nc3)c2)no1,P00533,
CCOc1ccc(-c2nnn(CC(=O)N3CCOCC3)n2)cc1,P00533,
Cc1nnsc1[C@H](C)N1CCn2c(cc3c(Cl)cccc32)C1,P00533,
CCN(Cc1ccco1)C(=O)C1=NN(c2ccccc2)[C@H](C(N)=O)C1,P00533,
COc1ccccc1NC(=O)CSC1=NN2CCCC(=O)N=C2S1,P00533,
COc1ccc([C@H](CC(=O)O)NC(=O)OC(C)(C)C)cc1F,P00533,
COc1ccc(NC(=O)/C(C#N)=c2/s/c(=C/c3ccccc3Cl)c(=O)n2-c2ccccc2)cc1,P00533,
COc1ccc([C@H](CC(=O)O)NC(=O)COc2ccccc2OC)cc1,P00533,
CN(C[C@H]1CCCN(C(=O)Nc2cccc(Cl)c2)C1)C(=O)OC(C)(C)C,P00533,
CCn1cnnc1[C@H]1CN(C(=O)Nc2ccccc2F)CC12CCOCC2,P00533,
CCOC[C@]12CN(C(=O)c3ccc(C)s3)CC[C@H]1CN(c1ccc(C#N)c(C(F)(F)F)c1)C2,P00533,
COC(=O)c1cc2cc(C3CC3)ccc2s1,P00533,
Cc1ccnc(NC(=O)C2CCN(C(=O)c3cccs3)CC2)c1,P00533,
CNCCN(C)C(=O)c1oc2ccccc2c1C,P00533,
CCN(CC)Cc1ccccc1CNC(=O)NCc1ccc(N2C[C@@H](C)O[C@@H](C)C2)c(F)c1,P00533,
C[C@@H](NC(=O)c1cc(Cl)sc1Cl)c1nnc2ccccn12,P00533,
O=C(c1cncc(Br)c1)N1CCC(Oc2ccc(C(F)(F)F)cn2)CC1,P00533,
COc1ccc(C(N)=O)cc1-c1ccc(C(=O)N2C[C@@H](C)O[C@@H](C)C2)cc1,P00533,
O=C(Nc1ccc(N2CCCC2)nc1)[C@H]1C[C@@H]1C1CCCC1,P00533,
Cc1ccc(CCNC(=O)CN2C(=O)[C@H]3CCCCN3c3ccc(C(=O)N(C)C)cc32)cc1,P00533,
Cc1cc(=O)[nH]cc1C(=O)N1CCC[C@H]1c1cccc2c1OCCO2,P00533,
Cc1ccccc1N1CCN(C(=O)CCc2cc(Cl)no2)[C@@H](C)C1,P00533,
CC(C)(C)OC(=O)NC[C@H]1CCC[C@H]1NCc1ccc(S(=O)(=O)N2CCCC2)cc1,P00533,
C[C@@H](C(=O)Nc1ccccc1Cl)N1CCc2ccccc2C1,P00533,
COc1cccc(N(C)S(N)(=O)=O)c1,P00533,
COc1ccc(C=c2sc(=CC(=O)C(C)(C)C)[nH]c2=O)cc1OCc1cccnc1,P00533,
Cc1ccccc1NC(=O)[C@@H](C)n1ncc2ccccc2c1=O,P00533,
CN(C)c1ncc(CN2CCC[C@H](N(C)c3ccnc(N(C)C)n3)C2)cn1,P00533,
CCn1nncc1C(=O)N[C@H]1CCN(C(=O)c2ccccn2)C1,P00533,
Cn1c(C[C@H]2CCS(=O)(=O)C2)nnc1SCC(=O)c1ccc(C2CCCCC2)cc1,P00533,
Nc1c(C(=O)O)cnn1-c1ccc(Cl)cc1Cl,P00533,
C[C@@H](NC(=O)C1CCN(S(=O)(=O)c2ccccc2)CC1)C(=O)NCc1ccccc1,P00533,
O=C(N[C@@H]1C=CS(=O)(=O)C1)c1ccccc1,P00533,
COc1ccc(OC)c(-c2cc(Cl)c3c(c2)C[C@@H](CNC(=O)CSC)O3)c1,P00533,
CC[C@@H](CO)N[C@H](C)c1cccc(Br)c1,P00533,
O=C(NCCC(=O)N1CCCCC1)c1cccc(OCc2cscn2)c1,P00533,
CC(C)n1cnc(S(=O)(=O)NCc2ccnc(-c3ccco3)c2)c1,P00533,
Cn1cc(C[C@H]2CCN(S(=O)(=O)c3ccc(OCC(=O)O)c(F)c3)C2)cn1,P00533,
Cn1ccnc1CN1CCC2(CC1)C[C@H](O)C[C@H](C(C)(C)C)O2,P00533,
CCOC(=O)c1c(-c2ccc(-c3ccccc3)cc2)csc1N,P00533,
O=C(NCCc1ccc(F)cc1)[C@H]1CC(=O)N(CCc2c[nH]c3ccc(Cl)cc23)C1,P00533,
Cc1cc(-c2cccc(CN3CCCC3)c2)ccc1F,P00533,
CC(C)O[C@H](C)n1cccc1-c1ccccc1,P00533,
Cc1ccc(CNC(=O)Nc2ncn(CC(=O)N(C)C)n2)cc1O,P00533,
Cc1noc(C)c1S(=O)(=O)N1CCC(C(=O)Nc2nc3c(F)cc(F)cc3s2)CC1,P00533,
Cc1ccc(-n2cc(CN3CCC[C@@H](CO)C3)c(-c3cccc(C)c3)n2)cc1,P00533,
COC(=O)c1ccc(S(=O)(=O)N2CCC(C(=O)N3CCc4ccccc4C3)CC2)cc1,P00533,
CN(C)CC(=O)N[C@H]1CC(=O)N(Cc2cccc(F)c2)C1,P00533,
CC(C)c1nc(C(=O)N2CCCCC2)nn1-c1cccc(F)c1,P00533,
CCOC(=O)N1CCC(N[C@H](c2ccccc2)c2n[nH]c(C)n2)CC1,P00533,
Cc1nc(C)n(C[C@H](C)C(=O)N2CCC[C@@H](COc3ccccc3F)C2)n1,P00533,
COc1cc2c(cc1NC(=O)c1cccc(F)c1)oc1ccccc12,P00533,
CSc1c(C(=O)O)ccc(C)c1F,P00533,
O=C(c1ccc([C@H]2CCCN2Cc2ccnc(O)c2)s1)N1CCCOCC1,P00533,
CCOC(=O)c1c(NC(=O)CN2C[C@@H](C)O[C@@H](C)C2)sc(Cl)c1-c1ccccc1,P00533,
O=C(Nc1cccc(OC(F)F)c1)c1ncn(-c2ccc(Cl)cc2)n1,P00533,
CC(=O)Nc1ccc(C2=NN=C(NCc3ccc(F)cc3)SC2)c(F)c1,P00533,
Cc1nnc([C@H]2C[C@H](CNC(=O)c3ccc4ccn(C)c4c3)[C@H](O)C2)[nH]1,P00533,
COc1cccc(NC(=O)N2[C@H]3CC[C@@H]2c2cn[nH]c2C3)c1,P00533,
CC(C)(C)OC(=O)N1CC2(CCC[C@@H]2N)C1,P00533,
CC(=O)Nc1ccc(S(=O)(=O)NC[C@H]2C[C@@H]3CC[N@@]2C[C@@H]3c2cc(-c3cccs3)nn2C)cc1,P00533,
Cc1ccc(-c2nc(CN3CCC[C@@H](C(=O)NCC(C)C)C3)no2)cc1,P00533,
c1ccc2c(-c3nnc(SCCc4ccncc4)n3C3CC3)c[nH]c2c1,P00533,
CCc1nn(CC(=O)NCc2ccc(SC)cc2)c(=O)c2cc3c(OC)cccc3n12,P00533,
CCc1nc(C)sc1CNS(=O)(=O)NCc1ccccc1,P00533,
CCCN(CC(=O)Nc1nnc(-c2cccc(C)c2)s1)C(=O)[C@@H](CC)c1ccccc1,P00533,
COc1cc(-c2c(OC)cccc2OC)cc2c1OCCN(C(=O)c1cccnc1)C2,P00533,
CSCc1ccnc(NC(=O)Nc2c[nH]nc2C2CC2)c1,P00533,
c1csc(-c2nnc(SC[C@@H]3COc4ccccc4O3)[nH]2)c1,P00533,
CC(C)(C)c1ccc2oc(CNC(=O)COC[C@H]3CCCO3)nc2c1,P00533,
O=C(Nc1ccc(Cl)cc1)c1nnc(C(=O)N2CCC[C@@H](C(=O)N3CCCCC3)C2)s1,P00533,
O=C(NC[C@@H]1CCOC1)[C@@H]1COc2ccccc2O1,P00533,
CC[C@]1(CO)CCCN1C(=O)[C@@H]1CCc2[nH]nnc2C1,P00533,
COc1cc2c(c(Cl)c1Cl)C(=O)[C@@H](C1CCCC1)C2,P00533,
Cc1cc(C(=O)N2C[C@@H]3CCC[C@]3(COc3ncc(F)cn3)C2)c(C)o1,P00533,
O=C(O)CN1CCN(CC=Cc2ccc(F)cc2)[C@H]2CS(=O)(=O)C[C@H]21,P00533,
Cc1cc2cccc(C(=O)N3CCC(c4ncon4)CC3)c2o1,P00533,
C[C@H](NC(N)=O)C(=O)N1CC[C@@H](Nc2ccccc2)C1,P00533,
CCOC(=O)c1cccc(NS(=O)(=O)c2cc3c(cc2Br)C[C@@H](C)N3C(C)=O)c1,P00533,
CC(C)Cn1cncc1CN1CCCO[C@@H](CN2CCCCC2)C1,P00533,
CN(C[C@@H]1COc2ccccc2O1)C(=O)COC(=O)c1cc2ccccc2s1,P00533,
C[C@@H]1CN(C(=O)COC(=O)c2ccc(O)cc2)C[C@H](C)O1,P00533,
O=C(c1cccc2c1OCCO2)N1CC[C@H](n2cc(C3CC3)nn2)C1,P00533,
Nn1c(-c2cccs2)nc2ccccc2c1=O,P00533,
CCCCN(CC)c1ncc(NS(=O)(=O)c2ccc(C(C)=O)cc2)cc1C(=O)O,P00533,
Cc1ncccc1C(=O)N1CCC(Oc2ccncc2)CC1,P00533,
CCO[C@@H]1C[C@@](O)(CNC(=O)c2ccc3cc[nH]c3c2)C1(C)C,P00533,
O=C1[C@H]2CCOCCC2=NN1c1cccnc1C(F)(F)F,P00533,
O=C(NC1CCN(C2CC2)CC1)c1cccc(S(=O)(=O)Nc2ccccc2Cl)c1,P00533,
CN(C)C[C@@H]1OCCN(C(=O)c2ccccc2-c2ncc[nH]2)[C@H]1c1ccccc1,P00533,
CCOCC(=O)N1CCN(c2nc3sc4c(c3c(=O)n2CC(C)C)CCCC4)CC1,P00533,
CC(C)(C)n1cnc(NC(=O)CNC(=O)c2ccc(F)cc2)n1,P00533,
CCCn1c(=O)c2ccccc2n2c(SCC(=O)Nc3cccc(Cl)c3)nnc12,P00533,
CC1(C)Cc2nc3sc4c(=O)[nH]cnc4c3c(CO)c2CO1,P00533,
O=C(CCC1CCCCC1)Nc1cccc2c1OCO2,P00533,
CN(Cc1ccco1)C[C@H]1OC[C@@H]2CCN(S(=O)(=O)C3CC3)C[C@@H]21,P00533,
CCN1C(=O)CCc2cc(NS(=O)(=O)c3cc(Cl)ccc3C)ccc21,P00533,
Cc1cccc2nc(C(=O)N3CCC4(CC3)C[C@H](O)C[C@H](C(C)(C)C)O4)cn12,P00533,
O=C(Nc1nc(=O)c2c([nH]1)CCCC2)c1ccc(F)cc1,P00533,
N#CC1(C(=O)N2CC[C@@]3(CC(=O)N(c4ccccn4)C3)C2)CC1,P00533,
COCc1cc(C(=O)N2CCCC[C@@H]2CCC(=O)O)no1,P00533,
NS(=O)(=O)[C@@H]1CCN(C(=O)c2ccc(OC3CCC3)cc2)C1,P00533,
C[C@@H]1CN(Cc2ccccc2OC(F)F)C[C@]2(CCOC2)O1,P00533,
CC(C)CCNC(=O)[C@@H]1CCc2nc(N3CCN(C(=O)C4CCC4)CC3)sc2C1,P00533,
CC(C)(C#N)CNC(=O)c1cccc(=O)[nH]1,P00533,
Cc1noc(-c2ccccc2OCC(=O)NCc2noc(C)n2)n1,P00533,
CCCCC1CCC(C(=O)Nc2nonc2C)CC1,P00533,
Cc1cc(Nc2ccccn2)cc([C@H]2CCCNC2)n1,P00533,
c1cc(CN2CCOC[C@@H]2c2nccc(N3CCCC3)n2)ccn1,P00533,
O=C(c1ccc(O)cc1)c1ccc(F)cc1,P00533,
COc1cc(Br)cc(C)c1NC(=O)c1ccc(-n2ccnc2C)cc1,P00533,
CSC[C@H](C)C(=O)NCc1cc2n(n1)CCCC2,P00533,
Cc1cc(C)c(CC(=O)N2CCC[C@@H]2c2[nH]nnc2C(=O)O)c(C)c1,P00533,
CC(C)N1CCO[C@H]2CN(C(=O)N3CCCC3)C[C@H]21,P00533,
Cc1cc(=O)c(C(=O)Nc2cccc3c2CN(CC(C)C)C3)c[nH]1,P00533,
Cc1cc(Cc2ccccc2Cl)cc(C2CCN(C(=O)CCn3ccnc3C)CC2)n1,P00533,
Cc1nc(C(=O)NCC[C@@H]2CN(C)Cc3ccnn32)cs1,P00533,
COCC(=O)N1CCN(c2cccc3ccccc23)C(=O)[C@@H]1C,P00533,
COc1ccc(F)c(CN2CCC[C@](O)(CN3CCC(C(N)=O)CC3)C2=O)c1,P00533,
CC(C)n1ncc2c1NC(=O)C[C@@]21C(=O)N(C)c2ccc(Br)cc21,P00533,
O=C(Nc1cccs1)N(Cc1ccsc1)Cc1ccco1,P00533,
CC(C)CN1CCC(NC(=O)c2ccc3nnn(C)c3c2)CC1,P00533,
O=C(NC(CO)CO)[C@@H]1C[C@]12CCCc1ccccc12,P00533,
CCS(=O)(=O)N1CCc2cc(C(=O)COC(=O)c3ccsc3)ccc21,P00533,
O=C(Nc1cccc(Cl)c1)Nc1cccc2c1CCCC2,P00533,
O=C(C[C@H]1COCCN1C(=O)CCc1ccccn1)c1ccccc1,P00533,
Cc1cc2nc(N3CC(C(=O)O)C3)sc2cc1C,P00533,
Cc1nn(C)c(Nc2cccc(Cl)c2Cl)c1Cl,P00533,
O=C1C[C@H](c2nc(-c3ccc4c(c3)CCO4)no2)CN1c1cn[nH]c1,P00533,
CSc1nc(C(=O)N2CCC[C@@H](N3CCN(c4ccccc4C)CC3)C2)cs1,P00533,
O=c1ccc(N2CCN(c3ncnc4ncccc34)CC2)nn1Cc1ccccn1,P00533,
COc1ccc(S(=O)(=O)N(CC(=O)Nc2ccc(Cl)cc2C)c2ccc(F)cc2)cc1,P00533,
Cc1ccc(NC(=O)c2ccc(Cl)c(NC(=O)c3cccs3)c2)cc1S(=O)(=O)N1CCOCC1,P00533,
CCc1cc(NCC2(O)CCCCC2)nc(C)n1,P00533,
CCN(CC)S(=O)(=O)N1CCC(c2ccc(Nc3nc(C)cc(C)n3)cn2)CC1,P00533,
O=C([C@@H]1C[C@H](F)CN1S(=O)(=O)Cc1ccccc1)N1CCc2ccccc21,P00533,
CCn1ccnc1CN1C[C@H]2C[C@@H](C1)[C@H](Cc1cccc(OC)c1)n1c2cccc1=O,P00533,
Cn1cc([C@H](NC(=O)N2CCOCC(F)(F)C2)c2ccccc2)cn1,P00533,
CCn1cc(C(=O)N2CCC[C@@](O)(COc3ccc(F)cc3)C2)cn1,P00533,
Cc1c[nH]c(CN2CCC3(CCC(=O)N(CCc4cccnc4)C3)CC2)n1,P00533,
C[C@@H](Cc1ccc(Cl)cc1Cl)NC(=O)CCn1ccccc1=O,P00533,
COc1c(F)ccc([C@@H]2CC(=O)Nc3c2c(C)nn3C)c1F,P00533,
O=C1CN(C(=O)CCCc2nc3ccccc3s2)c2ccccc2N1,P00533,
CCc1cccc(NC(=O)CCc2nc(-c3ccc(OC)c(OC)c3)no2)c1,P00533,
C[C@H]1CCC(=O)N1c1cccc(NC(=O)N2CCC(c3ccncc3)CC2)c1,P00533,
COc1ccc(NC(=O)CN(C)c2nc(CN3CCOCC3)nc3sc(C)c(C)c23)cc1,P00533,
CCCNC(=O)c1c(NC(=O)c2ccco2)sc2c1CCCC2,P00533,
O=C(NCC1CCOCC1)c1coc2c1C(=O)CCC2,P00533,
N#Cc1ccc(N2CC[C@@H](N3CCO[C@@H](c4cccc(Cl)c4)C3)C2=O)cc1,P00533,
COCc1ccccc1OC[C@](C)(O)Cc1cccc(F)c1,P00533,
CC(=O)N1CCCc2cc([C@@H](O)CN3CCN(c4cccc(Cl)c4Cl)CC3)ccc21,P00533,
CC(=O)c1c(C)[nH]c(C(=O)OCc2nc(C(C)C)no2)c1C,P00533,
COc1ccc([C@@H](c2nnnn2C(C)(C)C)N2CCSCC2)cc1OC,P00533,
CC1CCN(C(=O)c2ccccc2NC(=O)c2cccc3ccccc23)CC1,P00533,
CCc1cc(O)nc(CN2CCN(C)[C@H](c3nc(C)no3)C2)n1,P00533,
C[C@H]1C[C@@H](C(=O)Nc2ccc3[nH]c(-c4ccccn4)nc3c2)CCO1,P00533,
CN1Cc2ccccc2C[C@H]1CNC(=O)[C@@H]1CCC(=O)N1,P00533,
CC[C@H]1Oc2cc(S(=O)(=O)N3CCC[C@H](C(=O)O)C3)c(C)cc2NC1=O,P00533,
CC(C)[C@@H]1C(=O)N=C2c3ccccc3N=C(S[C@@H](C)C(=O)Nc3ccccc3)N21,P00533,
Cc1cc(C)c(NC(=O)[C@@H]2CCCN(S(=O)(=O)Cc3ccc(Cl)cc3)C2)c(C)c1,P00533,
COc1ccc2nc(-c3ccc(C)c(NC(=O)c4c(OC)cccc4OC)c3)cn2n1,P00533,
COC(=O)[C@H](C)Sc1nnc(-c2ccc(OC)cc2OC)[nH]1,P00533,
O=C(NCC(=O)N(Cc1ccco1)[C@@H](C(=O)NC1CCCCC1)c1ccncc1)c1cccs1,P00533,
CCc1nc(CN2CCC[C@H]2c2nc(C)n[nH]2)cs1,P00533,
CSc1ccc([C@@H](N2CCNCC2)C(C)(C)C)cc1,P00533,
CCn1nc(C)nc1-c1cccc([C@H](C)N2CCCC2)c1,P00533,
Cc1cc(C)n(-c2ccccc2NC(=O)C2CCCCC2)n1,P00533,
Cc1ccc(CNC(=O)c2ccc3nn(CC(=O)N[C@@H]4CCc5ccccc54)c(=O)n3c2)cc1,P00533,
Cc1nc2cc(-c3ccccc3)nn2c(C)c1CCC(=O)Nc1ccccc1,P00533,
COc1ncccc1-c1nccn1C1CC1,P00533,
CC(C)n1cnc(-c2cccc(CCC(=O)O)c2)c1,P00533,
CCN1C[C@H]2C[C@@H](C1)[C@H](CNC(=O)Cc1ccc(C)cc1)n1c2cccc1=O,P00533,
CCSc1ccccc1C(=O)NCCc1ccc(S(N)(=O)=O)cc1,P00533,
C[C@@H]1COCCN1[C@@H](C)CNc1nnc(C(F)(F)F)s1,P00533,
CCOc1ccc(CC(=O)N2CC[C@H](N(CCN3CCOCC3)C(C)=O)C2)cc1,P00533,
Cc1nc2ccc(S(=O)(=O)N[C@@H](C(=O)N[C@H]3CC[C@H](C)CC3)c3ccccc3)cc2s1,P00533,
Cc1c(C(=O)O[C@H](c2ccccc2)c2nccs2)cnn1C,P00533,
CN1CCC[C@H]1C(=O)N1CCN(C(=O)N[C@H]2CCOC3(CCC3)C2)CC1,P00533,
O=C(c1ccc(-c2ccccc2C(F)(F)F)cc1)N1CCC[C@H]1CO,P00533,
COC(=O)C[C@@H](NS(=O)(=O)c1c(C)noc1C)c1ccccc1Cl,P00533,
COc1cc(CCNC(=O)c2cncc(C)c2)ccc1OC(F)F,P00533,
CC1CCN(C(=O)Cn2nc3n(c2=O)-c2ccccc2C2=NCCN23)CC1,P00533,
O=C(CCN1C(=O)COc2ccc(Cl)cc21)NC1(c2cccc(Cl)c2)CC1,P00533,
Cc1ccccc1[C@@H]1CN(C(=O)Cn2nc(C)c3cccnc32)CCN1,P00533,
COc1ccc(S(=O)(=O)Nc2ccc(Nc3nc(C)cc(N4CCCC4)n3)cc2)cc1OC,P00533,
Cc1ccc([C@@H](C(=O)NC(C)(C)C)N(C(=O)c2csnn2)c2cccc(Cl)c2)cc1,P00533,
CC(C)CN1C(=O)C2(CCN(Cc3cn(C)cn3)CC2)C[C@H]1Cc1ccccc1,P00533,
O=C(NCC1CC1)c1ncn2c1CC[C@H](C(=O)N1CCCCC1)C2,P00533,
CS(=O)(=O)CCN1CCC(c2nc3cc(Cl)ccc3o2)CC1,P00533,
COc1c(C)cnc(CNc2c(C)c(C)nc3ccnn23)c1C,P00533,
CC(=O)N1CCN([C@H]2CN(Cc3csc(C)n3)C[C@H]2C)CC1,P00533,
C[C@@H](NC(=O)c1sccc1Br)c1nnc2n1CCC2,P00533,
Cc1cc(C)c2c(C)c(C(=O)Nc3nc4c(s3)CCCC4)oc2c1,P00533,
CCC1(CC)CNC(=O)[C@@H]1NCc1ccc([C@@H](C)C(F)(F)F)cc1,P00533,
O=C(C[C@H]1OC(=O)c2ccccc21)NC[C@H]1COc2ccccc2O1,P00533,
CC(C)NC(=O)Nc1ccccc1NC(=O)c1cc(C(C)C)on1,P00533,
COC(=O)c1[nH]c(C)c(C(=O)[C@@H](C)N(CC2CCCCC2)C(=O)C2CCC2)c1C,P00533,
O=C1COc2cccnc2N1Cc1cccc(C(F)(F)F)c1,P00533,
CN(c1ccc(C(=O)NCc2ccncc2)cc1)S(=O)(=O)c1cccs1,P00533,
CN1C(=O)COc2ccc(-c3csc(NC(=O)c4ccc(Br)cc4)n3)cc21,P00533,
O=C1Cc2ccc(NC(=O)c3cnc([C@@H]4CCCN4)nc3)cc2N1,P00533,
COC(=O)CSc1nc2c(-c3ccccc3)cn(C)c2c(=O)n1CCC(C)C,P00533,
COc1ccc(CCn2c(=O)c3ncccc3n(CC(=O)N3CCc4ccccc43)c2=O)cc1OC,P00533,
COc1ccccc1CNC(=O)N[C@H](c1ccccc1F)c1nccn1C,P00533,
CC[C@@H](CC1CCCC1)C(=O)NC[C@@H]1CCN(S(C)(=O)=O)C1,P00533,
Cc1nc([C@H]2CCCN(CCc3nc(-c4ccccc4)no3)C2)n[nH]1,P00533,
O=C1CC(C2CCOCC2)=NN1c1ncccc1Cl,P00533,
Nc1nccnc1C(=O)OCC(=O)Nc1ccc(Br)c(C(F)(F)F)c1,P00533,
Cc1ccc(NC(=O)CN2CCN(Cc3ccccc3Cl)S2(=O)=O)cc1,P00533,
COc1cccc(CNC(=O)N2Cc3ccccc3-n3cccc3[C@H]2C(C)C)c1,P00533,
CCCn1cc(C(=O)N(C)CC2(C)COC2)c(C)n1,P00533,
CCn1nc(C)c(S(=O)(=O)NCc2csc(C3CC3)n2)c1C,P00533,
O=C(Nc1cccc(-c2ccn[nH]2)c1)N(CC1CCC1)C[C@H]1CCCO1,P00533,
Cn1nnc(-c2ccc(C(=O)N[C@@H](CN3CCCCC3)c3ccccc3)cc2)n1,P00533,
O=C(O)c1c(Cl)ccc(C(F)(F)F)c1F,P00533,
O=C(c1cc(C(F)F)ncn1)N1CC[C@@H](CSc2ccccc2)C1,P00533,
COC(=O)CCN(c1ccccc1)S(=O)(=O)c1ccc(OC)cc1,P00533,
COc1ccc(C(=O)NCc2nn(C3CCCC3)c3c2CCCC3)cc1,P00533,
O=C(O)c1cccc(-c2cccc3cc[nH]c23)c1,P00533,
Cn1ccc(C(=O)N2CCC(N3CCC[C@H](C(=O)N4CCOCC4)C3)CC2)n1,P00533,
O=C(C1CCN(c2ccc3nnc(C(F)(F)F)n3n2)CC1)N1CCC[C@@H]1c1cccnc1,P00533,
O=C(Nc1nc2c(s1)C(=O)C[C@H](C(=O)NCCc1cccs1)C2)c1cccnc1,P00533,
CCn1ccc2cc(S(=O)(=O)N3CCC[C@@H](C(=O)NCCc4c[nH]c5ccccc45)C3)ccc21,P00533,
C[C@H]1NCC12CN(C(=O)OC(C)(C)C)C2,P00533,
Cc1cc(Cl)ccc1OCC(=O)c1ccc(O)cc1O,P00533,
CCNC(=O)[C@@H]1CCN(S(=O)(=O)c2ccc3nc(O)cc(C)c3c2)C1,P00533,
Cc1ccc(NC(=O)c2cc(Br)cnc2N2CCOCC2)nc1C,P00533,
CCOC(=O)Nc1ccc(NC(=O)NCc2ccc(C)cc2)cc1,P00533,
COc1ccc2c(c1)C[C@H](C(=O)NCc1ccc(OC)c(F)c1F)CO2,P00533,
CC(=O)N1CCN([C@H]2CCc3c(sc4ncn(Cc5ccccc5Cl)c(=O)c34)C2)CC1,P00533,
CCCCc1ccc(C(=O)N2CCN(c3nc(CN4CCN(c5ccccc5C)CC4)cc(=O)[nH]3)CC2)cc1,P00533,
CCOC(=O)c1cc(=O)c2ccc(OC)cc2[nH]1,P00533,
COc1ccc(-c2ccc(C(=O)N(CCCO)Cc3ccncc3)o2)cc1,P00533,
CC(C)NS(=O)(=O)c1cccc(CNc2ncnc3ccccc23)c1,P00533,
CCN(Cc1ccccc1)C(=O)C1CCN(S(=O)(=O)c2ccc3c(c2)sc(=O)n3CC)CC1,P00533,
Cc1nc(O)c2c(n1)CCN(Cc1csc(C)c1)CC2,P00533,
CC1CCN(c2nc(Nc3ccccc3)c3cnn(C)c3n2)CC1,P00533,
COc1ccc(-c2nnsc2C(=O)NCc2ccc(Cl)cc2)cc1,P00533,
COc1ccccc1NC(=O)c1cc(F)ccc1F,P00533,
CCOC(=O)c1c(C)[nH]c(C)c1C(=O)COC(=O)c1ccc(OC(F)F)c(OC)c1,P00533,
CCOC(=O)c1sc(NC(=O)C2c3ccccc3Oc3ccccc32)c(C(N)=O)c1C,P00533,
COc1cnnc(OC)c1C(=O)N[C@@H]1C[C@]1(F)c1ccccc1,P00533,
COc1c(F)cc(Br)cc1S(=O)(=O)Nc1ccccc1-n1nccc1C,P00533,
CCc1ccc(CN(C)Cc2cnc(S(=O)(=O)C3CCCCCC3)n2CCOC)cc1,P00533,
CC(C)CC(=O)N1CCCC[C@H]1c1nnc([C@H]2CCCNC2)o1,P00533,
Cc1nn(C)c2[nH]c(C(=O)N[C@@H](C)c3cccc(C(F)(F)F)c3)cc(=O)c12,P00533,
CNC(=O)CN1CCC(NCc2ccc(C)c(C)c2)CC1,P00533,
COc1ccccc1NS(=O)(=O)c1ccc2c(c1)N(C(C)=O)CCO2,P00533,
Cn1nc(C(=O)NC(C)(C)C)cc1C(=O)NC(C)(C)C,P00533,
COc1ccccc1N(CCC#N)C(=O)[C@@H](C)OC(=O)[C@H]1C[C@H]1F,P00533,
Cc1ccc(-c2noc(CN(C(=O)c3cccc(Br)c3)C(C)C)n2)cc1,P00533,
CN(Cc1cccc(OCCN2CCNCC2)c1)Cc1ncc[nH]1,P00533,
O=C(c1ccccc1)[C@@H](Sc1nnnn1Cc1cccs1)c1ccccc1,P00533,
Cc1cc(N2CC[C@@H](n3ccnc3)C2)nc(C)c1C#N,P00533,
FC(F)(F)c1cnc(N2CCC(N3CCOCC3)CC2)c(Br)c1,P00533,
CN1C(=O)c2ccccc2[C@H](C(=O)Nc2nc3ccccc3s2)[C@@H]1c1ccc2c(c1)OCO2,P00533,
CC(C)C[C@H]1C(=O)NCCN1C(=O)Nc1nc(C2CC2)cs1,P00533,
CNC(=O)[C@H]1CN(c2ccc(F)cc2)CCN1,P00533,
Cc1cc(C)n(CC(=O)Nc2ccc(Cl)cc2)n1,P00533,
COc1ccc(S(=O)(=O)NC[C@H]2CCCN(C(=O)CCN3CCCO3)C2)cc1,P00533,
O=C(Nc1nc2ccccc2n1CCc1ccccn1)c1csc([C@H]2CNCCO2)n1,P00533,
O=C(O)[C@H]1[C@H](c2ccccc2)OCCN1Cc1ccccc1,P00533,
O=C(Cc1cc(F)ccc1F)Nc1ncccc1OCc1ccccc1,P00533,
Cc1ccc(C(=O)N[C@H](C)c2nc3ccccc3[nH]2)s1,P00533,
COC(=O)CNC(=O)[C@@H]1c2ccccc2C(=O)N(c2ccc(OC)cc2)[C@H]1c1cccnc1,P00533,
CCCCc1c(C)[nH]c2cc(-c3ccco3)nn2c1=O,P00533,
CN(C)c1ccnc(N(C)[C@@H]2CCCNC2)n1,P00533,
Cc1cncnc1N1CCO[C@@H](CC(=O)N(Cc2ccccc2)Cc2cnc[nH]2)C1,P00533,
Cc1cnc(C[C@@H]2CCCN(C(=O)c3cccnc3)C2)n1Cc1ccc(F)cc1,P00533,
CC(=O)Nc1cccc(NC(=O)CSc2nnc(N)n2C)c1,P00533,
O=C(NCCc1c[nH]cn1)c1cn(CC[C@H]2CCCCN2)nn1,P00533,
CC(=O)/N=c1\[nH]n(C)c2nc3ccc(C)cc3cc12,P00533,
CC(C)[C@H](CCCC(=O)O)NC(=O)OC(C)(C)C,P00533,
COc1cc(-c2ocnc2CC2CC2)ccc1O[C@H](C)C(=O)O,P00533,
CC(F)(F)c1cc(COc2ccc3cc[nH]c3c2)no1,P00533,
O=S(=O)(Cc1ccccc1)NCC1(c2ccccn2)CC1,P00533,
CC(C)Cc1ccc(S(=O)(=O)N2CCc3c(c(-c4nnc(-c5ccccc5F)o4)nn3C)C2)cc1,P00533,
CC(C)c1nc(C[C@@H]2CCOC3(CCN(S(=O)(=O)N4CCOCC4)CC3)C2)no1,P00533,
O=C(N[C@]1(CO)C[C@H](O)C1)c1cc(-c2ccc(F)cc2)ns1,P00533,
COc1ccc(NC(=O)c2csc3c2CCCC3)cc1S(=O)(=O)N1CCOCC1,P00533,
Cc1nnc(SCC(=O)NC[C@H]2CCCO2)n1-c1ccc(Cl)cc1,P00533,
COc1cc([C@H](CF)N2CCNCC2)ccc1F,P00533,
Nc1cnc(-c2cccc(C(=O)N3CCCCC3)c2)cn1,P00533,
O=C(c1cnc2ccccc2n1)N1C[C@@H]2CCC[C@]2(COc2ncc(F)cn2)C1,P00533,
CN1CC[C@H](N(C)c2ccc(C(=O)N3CCC(CCn4cccn4)CC3)cn2)C1,P00533,
O=C(N[C@H]1[C@@H]2CN(C(=O)CCC3CCCC3)C[C@@H]21)c1ccccc1,P00533,
CC[C@H](C)NC(=O)CCc1nc(-c2nn(-c3ccccc3)c(=O)n(C)c2=O)no1,P00533,
CC[C@@H](C)OCC(=O)N1CC(C)(c2nnc(-c3cn(C)cn3)o2)C1,P00533,
C[C@]1(c2ccccc2)CCCN(C(=O)c2ccc3[nH]c(CO)nc3c2)C1,P00533,
COC(=O)[C@@H]1CC12CCN(CCn1cc(Cl)cn1)CC2,P00533,
Cc1cccc(C[C@H](CO)NC(=O)[C@H]2Cc3cccc(F)c3O2)c1,P00533,
O=C(NCCc1ccc(Cl)cc1)c1ccc(-n2nc(OCc3cccc(F)c3)ccc2=O)cc1,P00533,
O=C(O)c1ccn(C2CCN(C(=O)OCC3c4ccccc4-c4ccccc43)CC2)n1,P00533,
Cc1noc(C)c1CN1CCc2c(C(=O)N3CCCCCCC3)csc2C1,P00533,
FC(F)(F)c1cccc(C2=CCNCC2)n1,P00533,
O=C(CSc1nc2c(sc3ncccc32)c(=O)n1C[C@H]1CCCO1)NC1CCCCC1,P00533,
Cc1n[nH]c(C)c1CCC(=O)N1C[C@H](C(C)C)[C@@H](N(C)C)C1,P00533,
CCCN1CCC[C@@]2(CCCN2Cc2cc(=O)n3nc(C)cc3[nH]2)C1=O,P00533,
CS(=O)(=O)c1ccc(Cl)c(NC(=O)COC(=O)c2ccccc2Oc2ccccc2)c1,P00533,
COc1ccc(Br)cc1C(=O)N[C@@H]1CCCC[C@H]1C,P00533,
CC(C)(C)c1ccc(C(=O)Nc2ccc(C(=O)O)c(Cl)c2)cc1,P00533,
C[C@@H](Sc1nnc(-c2ccccc2)n1C)C(=O)NCC(F)(F)F,P00533,
CCn1c(=O)c2c(C(=O)N3CCN(c4ccc(F)cc4)CC3)cc(=O)n(CC)c2n(C)c1=O,P00533,
COc1ccc2cc([C@@H](O)C3CCCCC3)ccc2c1,P00533,
O=C1C=C(c2cccc(CO)n2)CCC1,P00533,
CCOC(=O)c1cccc(NC(=O)[C@H]2CCCN(c3ncnc4c3nc3n4CCCCC3)C2)c1,P00533,
Cc1ccc(C)c([C@H]2CCCC[C@H]2O)c1,P00533,
CC(C)C[C@H]1N=C2c3ccccc3N=C(SCC(=O)Nc3ccc(F)cc3)N2C1=O,P00533,
c1ccc(CN2CC3(CCN(c4ncccn4)C3)C2)cc1,P00533,
CSc1cccc(NC(=O)CNS(=O)(=O)c2ccc(F)cc2)c1,P00533,
Cc1sc2nc(CSCC(=O)Nc3ccc4[nH]ccc4c3)[nH]c(=O)c2c1C,P00533,
COc1ccc(Cc2nc(-c3cn4cccnc4n3)n([C@H]3CCOC3)n2)cc1OC,P00533,
CC(C)[C@H](NC(=O)N1CCN(c2ncccn2)CC1)C(=O)Nc1ccc(F)c(Cl)c1,P00533,
C[C@H]1CCCC[C@@H]1NC(=O)CSc1nnc(N)s1,P00533,
COc1ccc(Cl)cc1NC(=O)CSc1ccccn1,P00533,
COc1cc(/C=c2\sc3nc4ccccc4n3c2=O)ccc1OCc1ccc(Cl)cc1,P00533,
O=C(c1n[nH]c2c1CCN(C(=O)C1CCC1)C2)N1C[C@H](O)[C@@H](N2CCCCC2)C1,P00533,
CC(C)CN1CCN(C(=O)c2ccc(-n3cnnn3)cc2O)[C@@H](C)C1=O,P00533,
O=C(O)CCOC(=O)CCSc1ccccc1,P00533,
Cc1n[nH]c(C)c1[C@H](C)C(=O)OCC(=O)N1CCN(S(=O)(=O)c2ccccc2)CC1,P00533,
CC(=O)N1CC(C(=O)N2CCC[C@H]2c2cc(C)ccc2C)C1,P00533,
COc1cc(CN2C[C@@H]3CN(C(C)=O)[C@H](c4cccc(F)c4)[C@@H]3C2)ccc1Cl,P00533,
CCCNC(=O)N1CCC(Cc2ccc(CN3CCN(C)CC3)cc2)CC1,P00533,
COc1cccc(C(=O)N2Cc3ccnn3C[C@H](CN3CCCCC3)C2)c1,P00533,
COc1ccc(S(=O)(=O)N2Cc3cnc(N4CCOCC4)nc3C2)cc1C,P00533,
O=C([C@H]1CCN(CCCc2ccccc2)C1)N1CCC(F)(F)CC1,P00533,
Cc1nsc(NC(=O)N[C@H](CCn2ccnc2)c2ccccc2)n1,P00533,
CC(C)(C)c1cccc(NC(=O)c2cc(-c3ccccc3)on2)c1,P00533,
COCCn1nc(C)c(-c2cccnc2-c2ccccc2)c1C,P00533,
CCC(CC)C(=O)c1ccc(F)c(C)c1,P00533,
Cc1cc(C)n([C@@H](C)C(=O)N(Cc2ccncc2)Cc2cccnc2)n1,P00533,
CN1[C@@H](CCC(=O)Nc2ccccc2)CNC(=O)[C@@H]2[C@H]1CCN2Cc1ccc(C(F)(F)F)cc1,P00533,
CC(C)(CNS(=O)(=O)c1cccs1)c1ccsc1,P00533,
CN(C[C@H]1Cc2ccccc2O1)C(=O)CCC(=O)N1CCCCCC1,P00533,
Cc1cc(C(=O)N2CCCN(S(=O)(=O)N3CCCCC3)CC2)nc(C)n1,P00533,
CC(C)(C)c1coc(CNC(=O)N[C@H]2CCN(c3ccccn3)C2)n1,P00533,
COc1ccccc1CN(CC(=O)O)C(=O)[C@@H]1CC[C@H](Nc2ccc(C(C)C)cc2)[C@@H](O)CC1,P00533,
COc1ccc(Br)cc1CN1CCN(CCCc2ccccc2)CC1,P00533,
CCN(CC)C(=O)c1cc(=O)n(CC(=O)Nc2cc(C)ccc2C)c2ccccc12,P00533,
Cc1ccc(Cl)cc1NC(=O)N[C@H]1C[C@H]2C(=O)N[C@@H](COCc3ccccc3)C(=O)N2C1,P00533,
O=C1CCOC[C@@H]1c1ccnc(Br)n1,P00533,
COc1ccccc1OCCn1c([C@H]2CC(=O)N(Cc3ccccc3)C2)nc2ccccc21,P00533,
O=C(NCc1ccc(Cl)cc1)c1ccc(SC(F)(F)F)cc1,P00533,
Cc1ccc(C)c(OC[C@H](O)Cn2nnc(-c3ccc(C(N)=O)cc3)n2)c1,P00533,
Cc1ccc(CN2CCN(Cc3ccc(F)cc3)[C@H](CCO)C2)o1,P00533,
CCOc1ncccc1CNC(=O)c1ccc(S(=O)(=O)NC)o1,P00533,
COc1ccc(-c2cc(C(=O)NCc3ccc(C(C)C)cc3)no2)cc1,P00533,
CC(=O)c1c(C)nc(SCC(N)=O)c(C#N)c1/C=C/c1ccccc1,P00533,
Cc1ccc(Cc2nnc(SCC(=O)Nc3cccc(Cl)c3)[nH]c2=O)cc1,P00533,
C[C@@H](NC(=O)c1ccc(=O)oc1)c1ccccc1,P00533,
C[C@H](NC[C@]1(C(C)(C)C)CCNC1)c1ccc(Br)cc1,P00533,
COc1ccc(Cl)cc1S(=O)(=O)N(C)CCc1noc(-c2ccccc2)n1,P00533,
O=C1NCCN1Cc1ccccc1NCc1cc(O)cc(F)c1,P00533,
COc1ccc(CCNC(=O)C2CCN(c3cnccn3)CC2)cc1,P00533,
Cc1cc(C)n2cc(CSc3nnc4n(Cc5ccccc5)c(=O)c5ccccc5n34)nc2n1,P00533,
COc1ccccc1N1CCN([C@@H]2CCCN(C(=O)c3ccccc3Cl)C2)CC1,P00533,
CC[C@@]1(O)CCN(C(=O)c2cc(N3CCCCC3)ccc2Cl)C[C@H]1O,P00533,
O=C(O)c1cc(S(=O)(=O)Nc2ccc(Cl)cn2)cs1,P00533,
Cc1noc(-c2ccc(NC(=O)c3cn(C)nn3)cc2)n1,P00533,
CCO[C@H](C)n1cc(-c2ccc3ncc(=O)[nH]c3c2)cn1,P00533,
Cn1nc(CCC(=O)N2CCOCC2)c2c1CCN(C(=O)CCc1ccccc1)C2,P00533,
CN(C)C(=O)c1ccnc(NC(=O)[C@H]2CCO[C@@H]2c2ccnn2Cc2ccccc2)c1,P00533,
Cc1ccc(NC(=O)CCC(=O)c2ccc3c(c2)OCCCO3)cc1,P00533,
Cc1ccc(C(=O)O)cc1S(=O)(=O)Nc1cc(F)cc(N2CCCC2)c1,P00533,
CCC[C@H]1[C@H]2C[C@H](CN(C(=O)[C@H](O)c3ccccc3)C2)c2cccc(=O)n21,P00533,
Cc1cc(C)n([C@H]2CCCN(C(=O)CCc3nccs3)C2)n1,P00533,
COc1ccc(NC(C)=O)c(NCc2ccccc2C(F)(F)F)c1,P00533,
COC[C@H]1CCCCN(C[C@](C)(O)C(F)(F)F)C1,P00533,
COc1c(C)cnc(C(=O)NCc2ccsc2)c1C,P00533,
CC(C)Cc1noc([C@@H]2CCCN(CCc3ccccc3)C2)n1,P00533,
COC(=O)[C@]12CC[C@](C(=O)O)(COC1)C2,P00533,
CO[C@H]1CC[C@H](C(=O)NCCc2nc(C)ncc2-c2cc(C)no2)CC1,P00533,
O=C(O)c1cc(S(=O)(=O)Nc2ccc(Cl)cc2)cs1,P00533,
O=C(c1conc1C(F)(F)F)N1CCN(c2nc(-c3ccccc3)c3cc(Cl)ccc3n2)CC1,P00533,
Cc1nc(NCc2cccc3c2OCO3)sc1-c1ccn(Cc2ccsc2)n1,P00533,
Cc1cc(S(=O)(=O)N2CCC(C)CC2)ccc1Cl,P00533,
CN1C(=O)NCC12CN(C(=O)C[C@H](c1ccccc1)c1ccccc1Cl)C2,P00533,
Cc1ccn2c(C(=O)N3CCC[C@@H](Cn4cc(C(C)(C)N)nn4)C3)c(C)nc2c1,P00533,
CC(C)(C)OC(=O)N1CCC(NC(=O)Cc2cscn2)CC1,P00533,
Cc1cc(Br)ccc1NC(=O)CSc1ccc2c(c1)OCCO2,P00533,
COC[C@@H](C)NC(=O)Cn1cc(C2(O)CCCCC2)nn1,P00533,
C[C@H](CCO)NC(=O)Nc1ccc(SC(C)(C)C)cc1,P00533,
COc1ccc(C2(C(=O)Nc3cnn4c3NCCC4)CCCC2)cc1,P00533,
CCc1cccc(C)c1NC(=O)Cn1cc(S(=O)(=O)N2CCOCC2)ccc1=O,P00533,
CC[C@@H](c1ccccc1)c1nnc(NC(=O)c2nccnc2N)s1,P00533,
C[C@@H]1C[C@@H](O)CCN1C(=O)OCc1ccccc1,P00533,
COc1ccc(NC(=O)Cn2c(=O)n(Cc3ccccc3Cl)c(=O)c3nccnc32)c(OC)c1,P00533,
O=C([C@H]1CCCN(S(=O)(=O)c2cccs2)C1)N1CCC[C@@H](c2nc3ccccc3s2)C1,P00533,
O=C(CNC(=O)N1CCN(c2ccc(Cl)cc2)CC1)NCc1ccc(F)cc1,P00533,
COc1ccc2[nH]c(CNC(=O)[C@H](C)N(C)C3CCCCC3)nc2c1,P00533,
O=C(COc1ccc(F)c(Cl)c1)Nn1cnnc1,P00533,
Cc1nc(C(=O)N2CCC[C@@](O)(CO)C2)nn1-c1ccccc1Cl,P00533,
CC(C)Oc1cc(NC(=O)N(C)Cc2cn(C)nn2)ccc1C(N)=O,P00533,
CC1(C)Cc2nc(-c3ccncc3)ncc2[C@@H](NC(=O)c2nsc(Cl)c2Cl)C1,P00533,
O=C(Cc1n[nH]c(=O)c2ccccc12)N[C@H]1CCc2ccccc21,P00533,
Cc1ccc(C)c(CNC(=O)Cn2c(C)ccc(NC(=O)c3ccccc3)c2=O)c1,P00533,
CCCc1cc(CN(C)Cc2cccc(-c3nc4c(c(=O)[nH]3)CNCC4)c2)n[nH]1,P00533,
Cc1c[nH]c([C@H]2CCCN2C(=O)c2cccc3c2OCCO3)n1,P00533,
C[C@H]1CCc2ncc(C(=O)NCc3ccc4c(c3)S(=O)(=O)NC4=O)n2C1,P00533,
COC(=O)c1ccc2[nH]cc(C(C)C)c2c1,P00533,
O=C(CSc1n[nH]c(=O)n1C[C@H]1CCCO1)N[C@H](Cc1ccccc1)c1ccccc1,P00533,
Cc1cc(C(=O)Nc2c3c(nc4c2CCC4)CCCC3)c(Br)cc1F,P00533,
CN1[C@@H]2CC[C@H]1C[C@H](OC(=O)C(CO)(CO)c1ccccc1)C2,P00533,
O[C@H]1CCN(Cc2ccccc2)C[C@H]1F,P00533,
Cc1ccc(-n2nc(C)c3c(C(=O)NCc4ccccc4)cc(C)nc32)cc1,P00533,
CCc1ccc(CN2C[C@H](NS(C)(=O)=O)[C@@H](C3CC3)C2)nc1,P00533,
Cc1cc(C(F)(F)F)nn1CC(=O)N1CCOCC1,P00533,
CC[C@@H](C)n1c(C)cn2c3c(=O)n(C/C=C\c4ccccc4)c(=O)n(C)c3nc12,P00533,
Cc1ccc(C(=O)CCC(=O)OCC(=O)Nc2cc(C)nn2-c2ccccc2)cc1,P00533,
O=C(NCc1cccc(Br)c1)c1cccc(F)c1Cl,P00533,
COc1ccc(-c2noc([C@H](C)Oc3ccccc3)n2)cc1OC,P00533,
C[C@@H]1CN(CC(=O)Nc2ccc(OC(F)(F)F)cc2)C[C@@H](C)O1,P00533,
CC[C@H](C)NC(=O)c1ccc(S(=O)(=O)c2ccc(C)cc2)s1,P00533,
O=C(CCc1nnc2ccc(N3CCCC3)nn12)NCc1ccco1,P00533,
O=C(Nc1nc(-c2ccc(F)cc2Cl)cs1)c1ccccc1,P00533,
CNC(=O)c1ccccc1NC(=O)c1c(O)c2cccc3c2n(c1=O)CC3,P00533,
CC(C)CC(=O)N1CCO[C@@H](c2nc(N(C)C)ncc2-c2ccc(C(N)=O)cc2)C1,P00533,
O=C(c1n[nH]c2c1CCC2)N1CC[C@H]2CCC[C@H]21,P00533,
C[C@@H]1CCCN(S(=O)(=O)c2ccc(C(=O)Nc3cccc(-c4nc5ccccc5[nH]4)c3)cc2)C1,P00533,
C[C@H]1CCN(c2cc(C(=O)NCc3nnc(-c4ccncc4)[nH]3)ccn2)C1,P00533,
c1ccc(C(c2ccccc2)c2noc(C3CCNCC3)n2)cc1,P00533,
Cc1cc(C(=O)NCCN2CCOCC2)c2c(C)nn(-c3ccccc3Cl)c2n1,P00533,
Clc1ccc(-c2ccc(NCc3cnc(-c4ncccn4)s3)nc2)s1,P00533,
CC(=O)c1cc(CN(C)Cc2cnn(C)c2)cs1,P00533,
O=C(COc1ccccc1-c1ccccc1)Nc1cccc2cnccc12,P00533,
CNC(=O)c1ccc(OC)c(NC(=O)c2c(-n3cnnn3)sc(C)c2C)c1,P00533,
O=C(N[C@@H]1C[C@H]2C[C@@H](O)C[C@H]2C1)[C@H]1C[C@H]2CCCN2[C@]12C(=O)Nc1ccccc12,P00533,
C[C@H](NC(=O)c1cccc2ncsc12)c1ccncc1,P00533,
Cc1oc(-c2ccccc2)nc1CSc1nc(O)c2c(n1)CCCC2,P00533,
COc1ccc2c(c1)CCC[C@H]2CNC(=O)NCc1nnc(CSC)[nH]1,P00533,
O=C(NCc1ccc(Cl)cc1)c1nc(-c2cccc3[nH]ccc23)no1,P00533,
NC1CCN(C(=O)c2cnc(-c3ccc4c(c3)C(=O)NC4)cn2)CC1,P00533,
C[C@]12C[C@@H](Cc3ccccc3)N(CC(N)=O)[C@H]1CCCCC(=O)N2,P00533,
O=C(CC[C@@H]1CCCN(C(=O)COc2ccccc2)C1)N1CCN(c2ccccn2)CC1,P00533,
O=C(Cc1ccc2c(c1)OCO2)N[C@@H](c1ccccc1)[C@H]1C[C@@H](O)C1,P00533,
CN(CCNC(=O)[C@@H]1CCCN(S(=O)(=O)N(C)C)C1)c1ccccc1,P00533,
Cn1c(CCNC(=O)c2cc(F)cc(-c3ccc4c(c3)OCO4)c2)n[nH]c1=O,P00533,
O=C(Nc1ccc2c(c1)COC2)N1CCN(C(=O)c2ccc(F)cc2)CC1,P00533,
CN1C[C@H](CN2CCN(Cc3cccc(O)c3)CC2)CCC1=O,P00533,
c1cc(N2CCC(Oc3ccn4nccc4n3)CC2)nc(C2CC2)n1,P00533,
CN(C(=O)C1CC1)C1CCN(c2nc3ccccc3cc2C#N)CC1,P00533,
CCCCc1nn(CC(=O)N2CCN(c3ccccn3)CC2)c(=O)n1CC,P00533,
CN(C(=O)c1cc(-c2cccs2)on1)c1ccccc1,P00533,
FC(F)(F)c1ccc(C[C@@H]2CCNC2)cc1,P00533,
CCN(C(=O)Cn1c(-c2ccccc2C)noc1=O)C1CC1,P00533,
C[C@H](CC(C)(C)c1ccccc1)NC(=O)CC1CCN(C)CC1,P00533,
O=C(O)CCc1csc2nc(-c3ccccc3)cn12,P00533,
COCCN1C(=O)Cc2ccccc2[C@H]1C(=O)N1CCN(c2cccc(OC)c2)CC1,P00533,
CC(C)N1CC[C@@H](NS(=O)(=O)CC[C@@H]2CCCOC2)C1=O,P00533,
O=C(Cc1n[nH]c(=O)c2ccccc12)Nc1ccnn1[C@H]1CCCc2ccccc21,P00533,
Cc1ccc(C(=O)N[C@@H](c2ccc3ccccc3c2)[C@H](C)N)cc1,P00533,
Cc1cc(C[C@@H]2CN(c3ccc(Cl)cn3)C[C@H]2O)on1,P00533,
CCN1C(=O)C(C)(C)COc2cc(NC(=O)c3c(F)cccc3Cl)ccc21,P00533,
O[C@@H](CN1CCO[C@H](Cn2cccn2)C1)c1ccccc1Cl,P00533,
C[C@H](NC(=O)CSc1nncs1)c1ccc(F)cc1,P00533,
Cc1nc2c(C(N)=O)cnn2c(C)c1CCC(=O)O,P00533,
O=C(C1CC1)N1CCN(S(=O)(=O)c2cccs2)CC1,P00533,
O=C(C[C@@H]1CCOC2(CCN(S(=O)(=O)c3ccccc3)CC2)C1)NCc1ccccc1,P00533,
CN(Cc1ncon1)C(=O)C[C@@H]1CCCOC1,P00533,
Nc1cc(-c2cc3n(c(=O)c2)C[C@H]2C[C@@H]3CN(Cc3nccs3)C2)ncn1,P00533,
CO[C@]12CNC[C@H]1CN(C(=O)OC(C)(C)C)C2,P00533,
O=C(NC[C@H](c1ccsc1)N1CCCCCC1)c1ccc(F)c(F)c1,P00533,
COc1ccc(NC(=O)[C@@H]2CCc3ccccc3C(=O)N2C)cc1Cl,P00533,
CN(Cc1ccccn1)C(=O)[C@H]1C[C@@]12CCN(C(=O)c1cccc(Cl)c1)C2,P00533,
COc1ccc(C(=O)N[C@@H](C)c2cccc(OC)c2)cc1,P00533,
Cc1ccc(C)c(-n2cnc3cc(C(=O)NCC4=NO[C@@H]5CCC[C@@H]45)ccc32)c1,P00533,
CC[C@@H](N)CCNC(=O)OC(C)(C)C,P00533,
Clc1cccc(-c2nc(Br)cs2)c1Cl,P00533,
N#Cc1cc(F)cc(C(=O)N[C@@H]2CC(=O)N(CC3CCCCC3)C2)c1,P00533,
CN(C)c1ccc([C@@H]2CCCN2C(=O)Cc2ncccc2F)nn1,P00533,
O=C(NC1CCCCCCC1)C1CCN(S(=O)(=O)Cc2ccccc2)CC1,P00533,
CC(C)(C)OC(=O)N1CC[C@@](C)(c2cccnc2)C1,P00533,
COc1ccc([C@H]2CCCCCN2C(=O)c2cc(OC)c3c(c2)OCCO3)cc1,P00533,
C[C@@H](CNc1nc(Cl)cn2ccnc12)n1cccn1,P00533,
CCCC[C@H]1CN(CCNC(=O)c2cncs2)Cc2ccccc2O1,P00533,
CC(C)C[C@@H](NC(=O)OCc1ccccc1)C(C)(C)C(=O)O,P00533,
CCc1ccc(N(CC(=O)NCc2ccco2)S(C)(=O)=O)cc1,P00533,
c1nscc1-c1csc(C2CCOCC2)n1,P00533,
O=C(NCc1cccnc1-n1cncn1)NC[C@@H]1C[C@H]1c1ccccc1,P00533,
O[C@H]1CN(c2nc(-c3ccccc3)no2)C[C@H]1Cc1ccncc1,P00533,
CS(=O)(=O)NCCc1ccc(C(=O)Nc2ccc(F)cc2)cc1,P00533,
CN(C(=O)OC(C)(C)C)C1(C(=O)O)CCCC1,P00533,
OCc1ccc(Br)cc1Br,P00533,
Cc1nc(CSc2ccc(C(=O)NCCN3CCCS3(=O)=O)cc2)cs1,P00533,
CCc1ccc([C@H](C)NC(=O)CCc2ccc(OC)cc2)cc1,P00533,
COc1cc(CN(Cc2cccnc2)CC2CCN(C3CCCC3)CC2)cc(OC)c1,P00533,
Cc1cnc(C2CC2)n1C[C@@H]1CCN(C(=O)c2cccs2)C1,P00533,
CCn1cnc2c(N3C[C@H]4CN(c5ncccn5)C[C@H]4C3)ncnc21,P00533,
C[C@@H](c1ccccc1)N1CCn2c(nc3cccc(Cl)c32)C1,P00533,
O=C(Cn1nc2c3ccccc3ncn2c1=O)NC1CCCC1,P00533,
CCN1CCN(Cc2nc3cc(NC(=O)c4cccc(C)c4)ccc3n2C(C)C)CC1,P00533,
O=C(c1cccn1C1CC1)N1C[C@@H](Cc2ccc3ccccc3n2)[C@H](O)C1,P00533,
CCCCN(C(=O)CC)[C@@H]1CCS(=O)(=O)C1,P00533,
Cc1ccccc1CC(=O)N1CCN(Cc2noc(-c3cccc(Cl)c3)n2)CC1,P00533,
Cc1noc(C)c1C(=O)NCc1cc2n(n1)CCCN(CC(C)C)C2,P00533,
CCOc1ccccc1NC(=O)c1oc2ccccc2c1NC(=O)[C@@H]1CCCO1,P00533,
CCSc1nnc(-c2cccc(NC(C)=O)c2)o1,P00533,
Cc1ccc(CNC(=O)[C@]2(C)CCCN(C(=O)c3cccc(Cl)c3)C2)cc1,P00533,
COc1ccc(C2=NN(C3=NC(=O)[C@H](CC(=O)Nc4ccc5c(c4)OCO5)S3)[C@H](c3ccc(C)cc3)C2)cc1,P00533,
C[C@H](NC(=O)Cn1nc(C(F)(F)F)c2c1CCCC2)C1(S(C)(=O)=O)CC1,P00533,
Cc1cccc(C)c1OCc1cc(C(=O)N(C)[C@H](C)c2ccncn2)no1,P00533,
O=C(O)c1n[nH]c2cc(Cl)c(Br)cc12,P00533,
COc1cc(Cl)ccc1C(=O)N1CC[C@]2(CNC(=O)CO2)C1,P00533,
CCn1c(SCC(=O)N[C@@H]2CCN(Cc3ccccc3)C2)nc2sc3c(c2c1=O)CCCC3,P00533,
O=C(N[C@H]1CCN(Cc2ccccc2)C1)c1ccc(Cl)cc1Br,P00533,
O=C(NCc1ccccc1CN1CCOCC1)c1ccc(-c2cccc(C(F)(F)F)c2)o1,P00533,
COC(=O)c1conc1[C@H](O)c1ccc(F)cc1,P00533,
CC(C)n1nnnc1SC[C@@]1(C)CN(Cc2ccccc2)C1=O,P00533,
CCC[C@@H](NC(=O)c1cc(OC)c(OC)c(OC)c1)C(=O)Nc1nc2ccccc2[nH]1,P00533,
c1cc(C[C@H]2C[C@H]3CC[C@@H](C2)N3)ccn1,P00533,
Cc1c(C(=O)Nc2ccccc2)sc2ncn([C@H](C)C(=O)Nc3ccc(F)cc3)c(=O)c12,P00533,
Cn1nc(C2CCN(C(=O)c3ccc(F)cc3)CC2)n(Cc2ccccc2)c1=O,P00533,
CC(C)(C)[C@@H]1CCN(c2ccc3nnc(-c4ccccc4)n3n2)C[C@@H]1O,P00533,
CN1N=C(C(=O)NC(c2ccc(F)cc2)c2ccc(F)cc2)CCC1=O,P00533,
CCCOc1cn(-c2ccccc2)nc1C(=O)N[C@@H]1CC(=O)N(C(C)C)C1,P00533,
O=C(CSc1ncnc2c1nnn2-c1ccc(F)cc1)N1CCc2ccccc21,P00533,
O=C1C[C@@H](C(=O)N2CCc3sccc3C2)c2cc(F)ccc2N1,P00533,
COc1cccc(CNC(=O)c2sc3ccccc3c2C)n1,P00533,
Cc1nnc(SCc2ccc(Br)cc2)nc1O,P00533,
COc1cccc(CC(=O)N2CCC(N3C(=O)[C@H](O)C34CCCCC4)CC2)c1,P00533,
Cc1ccncc1NC(=O)Cc1cc(Cl)ccc1Cl,P00533,
Cc1cccc(N(C(=O)c2cnc3n(c2=O)CCS3)C2CCCCC2)c1,P00533,
Cc1ccc2c(C)c(C(=O)N[C@@H](C)Cn3cncn3)oc2c1,P00533,
CC(=O)N1CCC(C(=O)Nc2ccccc2Cl)CC1,P00533,
O=C(c1ccc(N2CCCCC2)cc1)N1CC[C@@]2(CCN(CCc3ccccc3)C2=O)C1,P00533,
COc1cccc([C@H]2CC(=O)Nc3c2cnn3-c2ccccc2Cl)c1OC,P00533,
CCCC(=O)N1CCC(C(=O)Nc2ccc(C#N)cc2)CC1,P00533,
O=C(NC1CCN(CC2CC2)CC1)c1cc(-c2ccc(F)cc2)on1,P00533,
Cc1ccc(CNC(=O)C2CCN([C@@H](C)c3nnc(C)s3)CC2)cc1,P00533,
O=C(NCc1ccc(F)cc1Cl)[C@@H]1CCCN(c2nn3c(=O)c4c(nc3s2)CCCC4)C1,P00533,
CC(C)Cn1c(S[C@@H](C)C(=O)NCc2ccc3c(c2)OCO3)nc2ccccc2c1=O,P00533,
Cc1ccc(C)c2[nH]c(=O)c([C@@H](c3nnnn3C3CCCC3)N3CCN(Cc4cccnc4)CC3)cc12,P00533,
O=C(NCC1(O)CCC(F)(F)CC1)c1c(Cl)ccc2ccncc12,P00533,
COc1ccc(-c2nccn2[C@H]2COC[C@@H]2OC)cc1Cn1cncn1,P00533,
COc1ccccc1NC(=O)Nc1ccnn1C1CCCCC1,P00533,
CCn1nccc1CNS(=O)(=O)c1ccc(C)nc1NCc1cnn(-c2cccc(Br)c2)n1,P00533,
Cc1cccc(C(C)C)c1NC(=O)[C@@H]1CCS(=O)(=O)C1,P00533,
CSc1ccc(Cl)c(C(=O)Nc2ccc(Cl)cn2)c1,P00533,
O=C(c1nc2ccc(Cl)cn2c1F)N1CCc2nocc2C1,P00533,
COc1cc(C)c(CN2CCc3nc4ccncc4cc3C2)cc1OC,P00533,
CCCS(=O)(=O)c1nc2ccccc2n1CC(=O)N(C(C)C)C(C)C,P00533,
CC(C)CCNC(=O)c1ccc(NS(=O)(=O)c2ccc(F)c(F)c2)cc1,P00533,
CCOC(=O)c1csc(CC2CCN(C(=O)c3ccc(NCc4ccn(C)n4)cc3O)CC2)n1,P00533,
CCCCn1c(S[C@@H](C)C(=O)Nc2ncccn2)nc2cc(C(=O)OC)ccc2c1=O,P00533,
COc1ccc(CNC(=O)c2cc(OC)c(C)c(OC)c2)cn1,P00533,
O=S(=O)(N[C@@H]1CCO[C@H](c2cccc(Br)c2)C1)c1cccc(OC(F)(F)F)c1,P00533,
CN(C)C(=O)COC(=O)c1ccc(S(=O)(=O)N2CCCCC2)cc1,P00533,
COc1ccc(S(=O)(=O)[C@@H](CNS(=O)(=O)c2ccc(C(C)C)cc2)c2cccnc2)cc1,P00533,
COc1ccc(CCNC(=O)c2cccc(NS(=O)(=O)c3cccc(Cl)c3)c2)cc1OC,P00533,
Cc1c[nH]c([C@@H]2COCCN2C(=O)c2ccc3c(c2)OCCO3)n1,P00533,
Cc1ccccc1NS(=O)(=O)c1ccccc1C#N,P00533,
CC1CCC(NC(=O)COc2ncnc3ccccc23)CC1,P00533,
Cc1ccc(-n2c(SCC(=O)N[C@H](C)CCC(C)C)nc3ccccc3c2=O)nc1,P00533,
COC[C@@H](CNc1nccn(CC(=O)O)c1=O)OCc1ccccc1,P00533,
Cc1ccccc1OCC(=O)N1CC[C@H](n2cnc3ccccc32)C1,P00533,
CC(C)[C@H](CO)NS(=O)(=O)c1ccc(Cl)s1,P00533,
CCc1nnc(NC(=O)CCC(=O)N2CCN(c3ccccc3)CC2)s1,P00533,
c1ccc(-c2noc(CN3CCN(c4ncnc5ccsc45)CC3)n2)cc1,P00533,
CC1CCN(C[C@H]2CCCCCN2)CC1,P00533,
CCOC(=O)c1noc2ncn(CC(=O)Nc3ccc(C(C)C)cc3)c(=O)c12,P00533,
COC[C@H]1CCC[C@H]1Nc1ncc(-c2cncnc2)c(-c2ccc(C)cc2)n1,P00533,
Cc1ccc(NC(=O)[C@H]2CC(=O)N(Cc3ccco3)C2)c(C)c1,P00533,
Cc1ccc(CN2CC[C@@H](NC(=O)c3cc(C)nc4ccccc34)C2=O)cc1,P00533,
COc1ccc(C(=O)N2CCC[C@](CO)(Cc3cccc(Cl)c3)C2)cc1F,P00533,
Cn1c(CN)nnc1SCCC(F)(F)F,P00533,
COc1ccncc1NC(=O)[C@@H](C)OC[C@@H]1CCCCO1,P00533,
CN(C)c1ncc(Br)cc1C(=O)N1CCC1,P00533,
CCSc1ccccc1C(=O)N(Cc1ccco1)Cc1nn(C)c2c1CCC2,P00533,
Cc1cnc(N2CCC(COc3ncccc3C)CC2)s1,P00533,
Cn1cccc1C(=O)N1CCC[C@@H](C(=O)CCc2ccccc2)C1,P00533,
CN(C(=O)C1CCC1)[C@@H]1CCCN(c2ccnc(C#N)c2)C1,P00533,
O=C(c1cccc(CN2CCCCC2)c1)c1ccc(F)c(F)c1,P00533,
Clc1cc2c(cc1-c1cn(CCSc3ncn[nH]3)nn1)OCO2,P00533,
CN(Cc1nc2ccc(F)cc2[nH]1)C[C@@H]1CCCCN1C,P00533,
COc1cc2c(cc1OC)[C@@H](c1cccs1)N(C(=O)c1nn(C)c(=O)c3ccccc13)CC2,P00533,
COc1ccc(Cl)cc1COC(=O)c1ccc2c(c1)NC(=O)CS2,P00533,
Cc1ccc(CNC(=O)Cn2nc3c(N4CCN(c5ccccc5C)CC4)nccn3c2=O)cc1,P00533,
O=C(c1cc(C2CC2)on1)N1CCS[C@H](c2cccs2)CC1,P00533,
Cc1n[nH]c([C@]23CN(Cc4ccccc4)C[C@@H]2CN(C(=O)NCc2ccccc2)C3)n1,P00533,
CCN(C[C@@H]1CCCCO1)C(=O)c1cn(C)c(C)cc1=O,P00533,
CC[C@@H](C)[C@H](CO)NC(=O)Cc1csc(-c2ccc(Cl)cc2)n1,P00533,
CC[C@H](c1nnnn1C(C)(C)C)N(Cc1ccco1)Cc1cc2cc(C)c(C)cc2[nH]c1=O,P00533,
CCc1noc(-c2ccc(-n3cnc(C(=O)N4CCc5ccccc5C4)c3)nc2)n1,P00533,
COC(=O)Cn1cc(-c2cc(C(F)(F)F)ccc2O)cn1,P00533,
CC(=O)c1cn(CCC(=O)N[C@H](Cc2ccccc2)C(=O)O)c2ccccc12,P00533,
Cc1cc(=O)n(CC(=O)Nc2ccc(Cl)cc2Cl)nc1C,P00533,
Cc1nccn1CCC(=O)N1CCCN(Cc2ccc(F)cc2)[C@@H](C(C)C)C1,P00533,
O=C(CC1CCCC1)N1CCCN(c2ccc3nnnn3n2)CC1,P00533,
COc1ccc(Br)cc1S(=O)(=O)Cc1ccccc1,P00533,
COc1ccnc(N(C)[C@H]2CCCN(Cc3ccc(OC)c(F)c3)C2)n1,P00533,
CC(=O)NC(C)(C)C[C@H](C)NCc1ncccc1C,P00533,
Cc1noc(C)c1C(=O)NCc1ccc(-c2ccn[nH]2)cc1,P00533,
COc1ccc(C(=O)N[C@@H](CC(=O)O)c2ccc(OC)c(OC)c2)cc1OC,P00533,
Cc1cccnc1CC(=O)N[C@@H]1COC[C@H]1Cc1ccnc2ccccc12,P00533,
CCOc1cc(-c2nnc(-c3cc(OC)c(OC)c(OC)c3)o2)ccc1OC,P00533,
COc1ccccc1CC(=O)N1CCC[C@H]1c1nc(-c2ccc(F)cc2)no1,P00533,
FC(F)(F)c1cccc(-c2nccnc2[C@@H]2CN(CCc3ccccc3)CCO2)c1,P00533,
CCn1cc(-c2nc(C)c(C(=O)NCc3ccccc3)s2)c2cccnc21,P00533,
NC(=O)NCC(=O)N1CCC(N2CCC[C@H](C(=O)NCc3ccccn3)C2)CC1,P00533,
C[C@H]1CN(CC2CC(F)(F)C2)CC[C@@H]1O,P00533,
COC(=O)CCC(=O)c1ccc(Br)cc1,P00533,
COc1cccc(CN2CC[C@H](N(C)c3nccc(C)n3)C2)c1OC,P00533,
O=C(c1cccc(Cn2cccn2)c1)N1CCC[C@@H]1c1cccnc1,P00533,
CCn1c(Cn2ccnc2)nnc1C1CCN(Cc2cccc(O)c2)CC1,P00533,
Cc1ncc(C(=O)N2CCC[C@H](c3nccn3Cc3cccnc3)C2)cn1,P00533,
CCn1nc(CC(C)C)cc1C(=O)NCC1(c2cccc(F)c2)CCOCC1,P00533,
O=C(c1ccccn1)[C@@H]1C[C@@H]1c1ccccc1,P00533,
COc1ccc(N2CCCCS2(=O)=O)cc1S(=O)(=O)N(Cc1ccccc1)c1ccccc1,P00533,
C[C@H](N)[C@@H]1CCCCN1C(=O)c1cccc(Oc2cnccn2)c1,P00533,
COc1ccc(F)cc1S(=O)(=O)NCC1CCN(C(C)C)CC1,P00533,
CCc1c(C)ncnc1N1CCN(CC(=O)N2CCc3ccccc32)CC1,P00533,
O=C(Cc1cc(F)cc(Cl)c1)NC[C@H]1CCOC1,P00533,
COC[C@](C)(CCO)NC(=O)c1ccc2[nH]ccc2c1,P00533,
Cc1ccc(CN(C(=O)OC(C)(C)C)S(C)(=O)=O)cc1,P00533,
Cn1cccc1C(=O)N1C[C@@H](Oc2ncccc2F)[C@H]2OCCC[C@H]21,P00533,
COc1ccccc1N1CCN([C@H](c2ccccc2)c2nnnn2Cc2cccs2)CC1,P00533,
Cc1ccc(OCC[C@@H]2CCN(C(=O)CCn3nc(C)cc3C)C2)cc1,P00533,
O=C(Cc1ccc(NC(=O)c2cc(C3CC3)on2)cc1)NCC(F)(F)F,P00533,
COc1ccc(N(CC(=O)N[C@H](C)CCc2ccccc2)S(=O)(=O)c2c(C)noc2C)cc1,P00533,
CCOc1cc(Br)cnc1CO,P00533,
Cc1ccccc1-c1ccccc1C(=O)N1CC(O)(c2ncnn2C)C1,P00533,
CSc1ccc(CCNC(=O)[C@@H]2CCCN(c3nc4ccc(Cl)cc4[nH]3)C2)cc1,P00533,
C[C@H](O)CN[C@H](C)c1cc(Cl)ccc1Cl,P00533,
O=C(Cc1ccc(-n2cccn2)cc1)Nc1cccc(N2CCOC2=O)c1,P00533,
C[C@@H](O)c1cn(CC(=O)N2CCc3c(CN4CCCC4)cccc32)nn1,P00533,
CN(C)c1cncc([C@@H]2CCCN2C(=O)CCc2cccnc2)n1,P00533,
COc1ccc(-c2noc(CCC(=O)N3CCC(C)CC3)n2)cc1,P00533,
CC(=O)N[C@@H](Cc1c[nH]cn1)C(=O)N1CCC(c2ccnc3ccnn23)CC1,P00533,
CNC(=O)[C@@H]1CCC[C@]12CCN(S(=O)(=O)c1ccc(C)cc1)C2,P00533,
Cc1nc(C)c(CC(=O)NCc2ccc(Cl)cc2)s1,P00533,
CS(=O)(=O)NC[C@H]1CCCN(C(=O)Cc2ccc3c(c2)OCCO3)C1,P00533,
CN1CCN(c2ccnc(N3CCN(c4cc(F)cc(C#N)c4)CC3)n2)CC1,P00533,
Cc1noc(C)c1CN1CCC2(CC1)C[C@@H](N(C)C)CO2,P00533,
Fc1ccc(-c2n[nH]cc2CNC[C@@H](c2ccncc2)N2CCOCC2)c(F)c1,P00533,
Cc1ccc(N(Cc2nnc(SCC(=O)Nc3cccc(Cl)c3C)n2C)S(C)(=O)=O)cc1,P00533,
COC(=O)CC[C@H]1CN(Cc2ccccc2)CC[C@@H]1N1CCN(C)CC1,P00533,
O=C(NC1=NCCS1)c1cc(Cl)c2c(c1)OCCCO2,P00533,
N#CCC(=O)N1CCC[C@@H]1Cc1c(F)cccc1Cl,P00533,
Cc1nnc(Cc2ccc(NC(=O)NC[C@H](CO)Cc3ccco3)cc2)[nH]1,P00533,
Cc1cc(-n2cccn2)ccc1CN[C@@H](C)c1cnn(-c2ccccc2)c1C,P00533,
CC(=O)c1c(C)nn(CC(=O)N2CCCN(c3ncccn3)CC2)c1C,P00533,
Cc1cc(C(=O)N2CCC[C@@H](c3nn(C)c(=O)n3-c3ccccc3)C2)c(C)o1,P00533,
CCn1c(C)nnc1COc1cccc2c1OC(C)(C)C2,P00533,
COC(=O)c1ccc(C(=O)N[C@@H](C)c2cccc(Cl)c2)cc1,P00533,
Cc1cc(S(=O)(=O)Nc2ccc3c(c2)CCC3)ccc1OCC(=O)O,P00533,
Cc1nc(N2C[C@@H]3C[C@H](C2)c2ccc(CN(C)Cc4ccccc4)c(=O)n2C3)n(C)n1,P00533,
COc1ccc(NC(=O)Cc2cccc(S(C)(=O)=O)c2)nc1,P00533,
O=C(NCCn1c(-c2ccncc2)nc2ccccc21)c1ccccc1Br,P00533,
Cn1nc(NC(=O)COC(C)(C)C)c2ccccc21,P00533,
CN(Cc1ccccc1)[C@@H]1CCOC2(CCN(S(=O)(=O)c3ccc(F)cc3)CC2)C1,P00533,
C[C@H]1CN(C(=O)COc2ccc3ccccc3c2)C[C@@H]1N1CCOCC1,P00533,
O=C(N1CCOC[C@H](Cc2cccc3ccncc23)C1)C1(c2cccc(F)c2)CCOCC1,P00533,
CN(CC1CCCCC1)C(=O)c1cc(O)nc2ccccc12,P00533,
CC(C)(O)CC(=O)N1C[C@@H]2OCCN(CC3CCCC3)[C@H]2C1,P00533,
Cc1nc(-c2ccc(S(=O)(=O)N3CCC[C@@H]3C(=O)NCC3CCCCC3)cc2)co1,P00533,
Cn1cc(O[C@@H]2COC[C@@H]2NC(=O)c2cc3c(cn2)OCCO3)cn1,P00533,
Cc1ncccc1O[C@H]1CC[C@@H](NC(=O)Cc2nn(C)c(=O)c3ccccc23)CC1,P00533,
Cc1noc(/C=C/c2ccco2)c1S(=O)(=O)N1CCC[C@H](C(=O)N2CCCC2)C1,P00533,
CN1CCC[C@H](N2CCN(C(=O)Nc3ccc(F)cc3)CC2)C1,P00533,
CCc1c(C)n(CCC#N)c2nc3ccccc3n2c1=O,P00533,
C[C@H]1CN([C@H]2CCCNC2)S(=O)(=O)C1,P00533,
C[C@H](NC(=O)N1CCN(c2cccc3[nH]ccc23)CC1)c1nc(C(C)(C)C)no1,P00533,
N#Cc1ccnc(OC[C@H]2CCCN(C(=O)Cc3cccc(C(F)(F)F)c3)C2)c1,P00533,
O=C(CCNc1ccccc1)N(Cc1ccccc1)C[C@H](O)c1ccccc1,P00533,
CC[C@H](C)N(C(=O)CS(C)(=O)=O)C1CCCC1,P00533,
COCCc1cc(NC(=O)OC(C)(C)C)no1,P00533,
CCn1cnnc1CCNC(=O)[C@@H]1COc2cc(OC)ccc2C1,P00533,
N#Cc1nc(/C=C/c2cccs2)oc1N1CCOCC1,P00533,
Cc1nc(O)cc([C@H]2CCCN(Cc3ccc(-c4ccccc4F)o3)C2)n1,P00533,
Cc1ccc(C(=O)NC[C@@H]2CN(Cc3ccccc3)CCO2)s1,P00533,
CN(C)c1nsc(N2CC[C@](Cc3ccccc3)(C(=O)O)[C@H](O)C2)n1,P00533,
CO[C@H](C)C(=O)Nc1ccc(SC)cc1,P00533,
CC(C)(C)OC(=O)n1cc(Br)ccc1=O,P00533,
N#Cc1cccc(C(=O)N2CCN(c3cccc(Cl)c3)C(=O)C2)c1,P00533,
Cc1noc(-c2ccc(NCc3ccc(C(=O)NC4CC4)cc3)nc2)n1,P00533,
CC(C)CCOc1ccc(NC(=O)C2CC2)cc1,P00533,
Cc1ccc(-n2nnc(-c3nc(C)c(C(=O)NCc4ccco4)s3)c2C)cc1,P00533,
O=C(O)CCc1ccc(-c2ccc(Cn3ccnc3)cn2)cc1,P00533,
Oc1cc([C@H]2CCCCN2Cc2ccccc2)nc(-c2cccnc2)n1,P00533,
COc1cc([C@@H](C)N)ccc1Br,P00533,
Cc1ccc(C(=O)N2CC[C@H](C(=O)O)C2)c(F)c1,P00533,
COCCc1noc(Cc2cn(C)c3ccccc23)n1,P00533,
Cc1ccc(C(=O)N2CCC(c3nc(C(=O)N(C)C)c(C)o3)CC2)s1,P00533,
COc1ccccc1OCC(=O)Nc1sc2c(c1C(=O)NCc1ccccc1)CCCC2,P00533,
CC(C)N(CCC(N)=O)C[C@@H]1CCOC1,P00533,
CCOC(=O)c1c(NC(=O)CNc2ccc(C)cc2)sc2c1CCCC2,P00533,
CC(C)(C)OC(=O)N1CCC(NC(=O)c2cc3ccccc3s2)CC1,P00533,
COCCn1ccnc1CN1CCC2(CC1)COC(=O)O2,P00533,
c1cc(-c2nc3c(c(NC[C@@H]4CCCO4)n2)CCNCC3)ccn1,P00533,
Cc1oc(-c2cccs2)nc1CN1CCN(Cc2ccccc2)[C@@H](CCO)C1,P00533,
CCC[C@H]1NC(=O)[C@H](c2ccccc2)NC1=O,P00533,
COc1ccc(Br)cc1CNC(=O)c1ccc2ncc(Br)cc2c1,P00533,
CCOC(=O)c1cccc(NC(=O)CCS(=O)(=O)c2cc3c4c(c2)CCN4C(=O)CC3)c1,P00533,
CCn1c(=O)c2c(C(=O)Nc3ccc(F)c(Cl)c3)cc(=O)n(CC)c2n(C)c1=O,P00533,
CCO[C@H]1C[C@@H](N(C)C(=O)c2ccc(C(F)(F)F)nc2)C12CCCCC2,P00533,
O=C(CSc1nnc(-c2cccs2)n1C1CC1)Nc1ccc(F)c(Cl)c1,P00533,
COc1cccc(CN2CC(=O)N3C[C@H](c4ccc(C)cc4)c4c([nH]c5ccccc45)[C@]3(C)C2=O)c1,P00533,
CCN(C(=O)C1CCN(S(=O)(=O)CC)CC1)c1ccc2ccccc2c1,P00533,
CCc1c[nH]c2ncnc(N3C[C@@H](C(=O)OC)C4(CCNCC4)C3)c12,P00533,
Cc1cccc(C)c1OCc1nn2c(C3CCN(S(C)(=O)=O)CC3)nnc2s1,P00533,
C[C@@H](NC(=O)N1CCO[C@H](c2ccc(F)cc2Cl)C1)c1cnn(C)c1,P00533,
CCOc1ccc2nc(NS(=O)(=O)Cc3ccccc3)sc2c1,P00533,
CCn1ccnc1NC(=O)COc1ccsc1Cl,P00533,
COc1cccc(CCNC(=O)COn2nnc3ccccc32)c1,P00533,
Cn1cccc1C(=O)N1CC[C@@H](Cc2noc(-c3ccc(F)cc3)n2)C1,P00533,
COc1ccc(-c2noc(N3CCC[C@H](C(=O)N4CCc5ccccc54)C3)n2)cc1,P00533,
O=C(Nc1nc2c(s1)CCCC2)c1ccc(F)cc1,P00533,
COc1ccc(CC(=O)Nc2ccc3c(c2)CCC3)c(OC)c1,P00533,
COc1ccc(/C=C\c2onc(C)c2NC(C)=O)cc1S(=O)(=O)N1CCC(C)CC1,P00533,
NC[C@H]1CCCCN1S(=O)(=O)C1CC1,P00533,
Cc1ccn([C@H](C)CN(C)C)c(=O)c1C(=O)NCCc1cnn(-c2ccccc2)c1,P00533,
O=C(c1cccc(C(F)(F)F)c1)N1CC[C@@H](Oc2ncccn2)C1,P00533,
Cc1cc(C(=O)NCc2c(C)nn(C)c2C)c2cnn(C)c2n1,P00533,
CC(=O)c1cccc(NC(=O)[C@@H](C)NS(=O)(=O)c2ccc(Br)cc2)c1,P00533,
O=C(NC[C@@H]1CCCO1)c1cc2nc(-c3ccc4c(c3)OCO4)cc(C(F)(F)F)n2n1,P00533,
Cc1nc(N2CCN(C(=O)c3ccccc3C(F)(F)F)CC2)cc(-n2cnc(C)c2C)n1,P00533,
Cc1cc(NC(=O)[C@@H](C)n2cnc3ccccc32)ccc1C(=O)O,P00533,
Cc1cc(NC(=O)Cn2c(=O)n(CC(C)C)c(=O)c3sccc32)no1,P00533,
Cc1nc(NC(=O)[C@H]2CC(=O)N(CC3CC3)C2)sc1C,P00533,
COc1cc(NC(=O)[C@@H]2Oc3ccccc3O[C@@H]2C)cc(OC)c1OC,P00533,
Cc1cccc(OC[C@H]2CCCN(C(=O)c3nc4ccccn4c3F)C2)c1,P00533,
O=C(Nc1ccc2c(c1)OCCO2)c1cncc(N2CCOCC2)n1,P00533,
C[C@H](NC1CCN(Cc2ccco2)CC1)c1nncn1C,P00533,
Cc1c[nH]c(C(=O)N2CCC(c3cc(N4CCOCC4)nc(C)n3)CC2)c1,P00533,
c1ccc(Cn2cc(-c3ccc4ocnc4c3)cn2)cc1,P00533,
CCCn1ccnc1-c1cccc(NC(=O)N2CC[C@H](O)C2)c1,P00533,
CC(C)n1cnnc1SCC(=O)N1CCN(Cc2ccccc2)CC1,P00533,
O=C(N[C@H]1CC[C@@H](C(=O)NC2CCN(c3cnccn3)CC2)CC1)c1cnco1,P00533,
CCOC(=O)N1CCC(NC(=O)Nc2ccccc2N2CCCC2)CC1,P00533,
CN1C(=O)CC[C@@H]1C(=O)N1CCN(c2cncc3ccccc23)CC1,P00533,
COc1ccc(NC(=O)Cn2cc(-c3ccccc3)c3ncn(C4CC4)c(=O)c32)cc1,P00533,
Cc1ccnc(NC(=O)C[C@H](C)n2nc(C)cc2C)c1,P00533,
Cc1ccncc1CN1CCN(c2ccc(C(F)(F)F)cn2)CC1,P00533,
COc1ccc(CN2CCO[C@H](C)[C@H]2c2nc(C3CC3)no2)cn1,P00533,
CC(C)[C@@H](C)NS(=O)(=O)c1ccc(N2CCCC2=O)cc1,P00533,
CC(=O)c1cccc(NC(=O)Cn2ccc3sccc3c2=O)c1,P00533,
Cc1cc(N2CCOCC2)nc(N2CCN(C(=O)Nc3ccccc3)CC2)n1,P00533,
C[C@@H](NC(=O)c1cccc2c1ccn2C)c1ccc(F)c(F)c1,P00533,
COc1ccc2c(c1)C(=O)N[C@@]1(CC2)CN(C(=O)c2ccncc2)C[C@@H]1C(=O)N(C)C,P00533,
CCNC(=O)N1C[C@H](C(=O)NCc2ccccc2F)CC[C@H]1c1ccc(F)c(C)c1,P00533,
Cc1cccc(NC(=O)CN2C(=O)C[C@H](C)Sc3ccc(S(=O)(=O)N4CCC(C)CC4)cc32)c1,P00533,
Cc1ccc2nc(CNc3ccc(NC(=O)C4CC4)cc3C(F)(F)F)cc(=O)n2c1,P00533,
COc1ccc(OC)c(NC(=O)COC(=O)CN(C)S(=O)(=O)c2ccc(C)cc2)c1,P00533,
Cc1ccc(CNc2ccc(C#N)cn2)c(OC[C@@H]2CCOC2)c1,P00533,
CC(C)[C@H](CCC(=O)Nc1ccccc1Cl)C(=O)O,P00533,
Cc1ccc(NC(=O)Cn2c(=O)cc(C)c3ccccc32)c(C)c1,P00533,
COCc1ccc(C(=O)N2CCN([C@H](C#N)c3ccccc3)CC2)cc1,P00533,
CCc1nn(CC[C@H](C)O)c(=O)c2cc3sc(C)cc3n12,P00533,
CC(C)c1ccc(C(=O)N2C[C@@H]3CC[C@H](C2)N(CC2CCC2)C3)c(=O)[nH]1,P00533,
Cn1nnnc1NCc1ccc(-c2ccc(Cl)cc2)o1,P00533,
Cc1nc(O)[nH]c(=O)c1S(=O)(=O)NCc1ccccc1,P00533,
Cc1nc(-c2nc(NCCN3CCOCC3)ncc2-c2ccsc2)sc1C,P00533,
O=C(Cc1ccccc1Cl)Nc1ccncc1,P00533,
COC(=O)c1ncc(-c2ccncc2)cc1C(F)(F)F,P00533,
O=C(CN1CCOc2ccccc2C1)N1CCO[C@@]2(CCN(Cc3c[nH]cn3)C2)C1,P00533,
Cc1c(C(=O)NCCN2CCCCCC2=O)cnn1-c1ccccn1,P00533,
CC[C@H](C)Oc1ccc(CNCc2nc3ccc(OC)cc3[nH]2)cc1OC,P00533,
O=C1C[C@@]2(C(=O)Nc3c(Cl)cccc32)c2cnn(-c3cccc(Cl)c3)c2N1,P00533,
Cc1ccccc1NC(=O)c1cc(N2C(=O)CCS2(=O)=O)ccc1Cl,P00533,
CCc1cncc(-c2cc(OC)ccc2OC)c1,P00533,
C[C@H](C(=O)N1CCC(Oc2ncccn2)CC1)N1CCCC1=O,P00533,
CS(=O)(=O)c1ccc(C(=O)Cn2nnc(-c3cccc(F)c3)n2)cc1,P00533,
COC(=O)CSc1nnc(-c2cccc(S(=O)(=O)N3CCOCC3)c2)n1C1CCCC1,P00533,
CNC(=O)[C@H](C)CN(C)C(=O)Nc1ccccc1-c1cccs1,P00533,
COCC(=O)N1CCC[C@@](Cc2ccccc2-c2cccs2)(C(N)=O)C1,P00533,
C[C@H](C(=O)O)c1ccc(Oc2nccs2)cc1,P00533,
C[C@H](N[C@H](C)c1cccc(C#N)c1)c1ccc(NC(=O)c2ccncc2)cc1,P00533,
CCN1CCC(N(Cc2ccc3c(c2)OCO3)C(=O)Nc2ccc(OC)cc2OC)CC1,P00533,
CCO[C@H](C)n1cc(-c2ccc(F)c(C(C)=O)c2)cn1,P00533,
FC(F)(F)Cc1ccc(-c2nccn2CCc2noc([C@H]3CCCO3)n2)cc1,P00533,
Cc1nc2cc(C(=O)N3CCc4cccc(Br)c4C3)ccc2n1C,P00533,
CN(C)[C@H](CNc1nnnn1-c1ccccc1)c1c(F)cccc1Cl,P00533,
COCc1nc(N[C@H]2CC[C@H](Nc3cc(OC)nc(COC)n3)CC2)cc(OC)n1,P00533,
COc1ccc(Cl)cc1S(=O)(=O)NCc1ccnc(-c2ccsc2)c1,P00533,
CC(C)NC(=O)CCS[C@@H]1CCc2ccccc2NC1=O,P00533,
CNC(=O)CN1CCOC[C@]2(CCCN(C(=O)[C@H]3CC[C@H](C)CC3)C2)C1,P00533,
CC(C)(C)OC(=O)N1CCC(Oc2cc(F)cc(Br)c2)CC1,P00533,
CCc1ccccc1NC(=O)C1CCN(S(=O)(=O)c2cc3c(cc2Cl)NC(=O)CO3)CC1,P00533,
Cc1ncc2c(n1)[C@@]1(CCCN(Cc3ccc(C(=O)O)cc3)C1)CC2,P00533,
C[C@]1(C(=O)NCc2ccccc2)CCCN(C(=O)CSc2ccccc2)C1,P00533,
COc1ccc(C(=O)Nc2cc(O)nc3nc(-c4ccc(C(C)(C)C)cc4)nn23)cc1OC,P00533,
CCOC[C@@H]1CC[C@H]2[C@H](CCN2Cc2cccs2)O1,P00533,
CCCCC(=O)Nc1ccc(C(=O)OCc2cc(=O)n3nc(CCC)sc3n2)cc1,P00533,
CCC(=O)N1CCCc2cc(NS(=O)(=O)c3ccc4c(c3)OCCO4)ccc21,P00533,
Cc1ccc(-c2nc(CN3CCN(C(=O)C4CCCCC4)CC3)no2)cc1,P00533,
CC[C@@]1(O)CCC[C@@H]2CN(Cc3ccco3)C[C@@H]21,P00533,
Cc1cc(C(=O)N(Cc2cnn(-c3ccccc3)c2)C2CC2)no1,P00533,
OCCN1CCN(c2nnc(C(F)(F)F)s2)CC1,P00533,
O=C(Cc1ccccc1C(F)(F)F)Nc1ccc2c(c1)OCCO2,P00533,
Cc1cc(-c2cnc(C)nc2CCNC(=O)Cc2sc(C)nc2C)on1,P00533,
O=C(C[C@H](c1ccsc1)n1cccc1)Nc1nc2c(s1)CCC2,P00533,
CC[C@@H](C)[C@@H](c1cc(OC)c(O)c(Br)c1Br)N1CCNCC1,P00533,
COc1nccnc1N(C)CC1CCN(C(=O)c2cnc3ccccc3n2)CC1,P00533,
CC[C@H](NC(=O)CCC(=O)N(C)C)c1nc(C)c[nH]1,P00533,
CCN1CCN(c2ncnc3sc(C(=O)N4CCN(c5cc(Cl)ccc5C)CC4)c(C)c23)CC1,P00533,
CC(=O)N[C@@H](C)C(=O)NC[C@H]1Cc2cc(-c3ccsc3)cc(Cl)c2O1,P00533,
Cc1cc(C)c(-c2nc([C@H](C)O)nn2-c2ccccn2)cn1,P00533,
COC(C)(C)C(=O)N1CCC[C@H]1c1cc(Nc2nccs2)cc(C)n1,P00533,
N#Cc1nc(-c2ccccc2)oc1N1CCN(c2ccccc2F)CC1,P00533,
CN1[C@@H]2CC[C@@H]1CN(C(=O)NCC1CCC(F)(F)CC1)CC2,P00533,
O[C@H]1C[C@@H](c2cccc(F)c2)N(Cc2cn3cccnc3n2)C1,P00533,
COc1ncnc(OC)c1NC(=O)[C@H]1CN(Cc2ccccc2)CCO1,P00533,
c1cncc(CN(Cc2ccnc(-c3cccnc3)n2)C2CC2)c1,P00533,
Cn1ncc(C2CC2)c1S(=O)(=O)N[C@@H](Cc1ccc2ccccc2c1)C(=O)O,P00533,
CC(=O)N1CCOC[C@H]1C(=O)NC1Cc2ccccc2C1,P00533,
Cc1ccc(-c2cc(C(=O)Nc3ccc(F)cc3)no2)cc1C,P00533,
COC(=O)c1ccc(OC)c(S(=O)(=O)N[C@H](C)Cc2cc3ccccc3o2)c1,P00533,
COC(=O)c1ccc(CSc2nnc3cc(C)c4cccc(C)c4n23)o1,P00533,
CC(C)OCc1cccc(N[C@H](C(=O)NC2CC2)c2ccccc2)c1,P00533,
COC1CCN(C(=O)c2ccccc2C)CC1,P00533,
N#Cc1cccc(NS(=O)(=O)c2ccc(Cl)cc2)c1,P00533,
CC(C)C[C@H]1COCCN1c1cc(C(F)(F)F)nc(-c2cccnc2)n1,P00533,
O=C1Nc2cc(Cl)ccc2C2(CNC2)O1,P00533,
C[C@@H](NC(=O)N1CCSCC1)c1nc(-c2cccnc2)no1,P00533,
CCc1ccc(OCC(=O)N2CCc3ccccc32)c(Br)c1,P00533,
O=C(Nc1cc2ccccc2cn1)c1cn2ncccc2n1,P00533,
Cc1nn(C)cc1CNc1cccnc1N1CCOCC1,P00533,
Cc1cccc(Nc2nnc(SCC(=O)N(C)c3ccccc3)s2)c1,P00533,
CCOc1ccnc(NC(=O)COc2ccccc2Br)c1,P00533,
NS(=O)(=O)c1ccc(NC(=O)CSc2ncnc3ccccc23)cc1,P00533,
COc1ccccc1C(=O)N[C@H](c1nnc(-c2ccccc2)o1)c1ccccc1F,P00533,
COc1ccc(NS(=O)(=O)c2ccc(-n3cnnn3)cc2)cc1OC,P00533,
NC(=O)c1ccc(NC(=O)CNc2ccccc2)cc1,P00533,
CCCCN(CC)c1ccc(-c2nc(-c3ccc(F)cc3)no2)nn1,P00533,
O=C(CCN1CCOCC1)NCCc1nc(-c2ccc(Cl)cc2)cs1,P00533,
O=C(NC[C@@H]1CCCO1)c1cc2c(nn1)CCCC2,P00533,
O=C(CCn1cnc2cc(-c3noc(C=Cc4ccco4)n3)ccc21)N1CCCC1,P00533,
Cc1ccc(-n2ncc(C(=O)Nc3cc(C)ccc3C)c2C2CCNCC2)c(C)c1,P00533,
CN(CCO)C(=O)c1cccc(-c2ccc(C(=O)C3CC3)cc2)c1,P00533,
N[C@@H]1CCN(S(=O)(=O)c2ccc(Cl)s2)C1,P00533,
Cc1ccc(CNC(=O)c2ccc(OCc3ccccc3)cc2)o1,P00533,
COc1ccc(Oc2nccnc2[C@@H]2CCCN(C(C)=O)C2)cc1,P00533,
COC(=O)[C@@H]1CCCN(C(=O)[C@H](C)c2ccccc2)C1,P00533,
O=C(O)c1cn[nH]c1[C@H]1CCN(CCSC2CCOCC2)C1,P00533,
CCCn1ccc(CS(=O)(=O)Cc2ccc(Br)s2)n1,P00533,
O=C(CSc1nnc2ccc(-c3cccs3)nn12)NCCc1ccccc1,P00533,
Cc1ccc(N2C[C@H](C(=O)N3CCC(C(=O)NCc4ccccn4)CC3)CC2=O)cc1,P00533,
CNC(=O)[C@]1(COC)CCCN1Cc1c(F)cccc1Br,P00533,
O=C(NCc1ccccn1)N1CCN([C@H]2CCc3ccccc3C2)CC1,P00533,
COc1ccccc1NC(=O)CSc1ncnc2c1cnn2-c1ccccc1,P00533,
Cc1cc(C(C)C)ncc1-c1cnc2[nH]ccc2c1,P00533,
O=C(Nc1noc2ccccc12)c1cccc(F)c1,P00533,
CN1CCCCC[C@@H]1C(=O)NCCc1csc(-c2ncccn2)n1,P00533,
Cc1ccccc1S(=O)(=O)N[C@@H]1CCN(c2ccc(F)cc2)C1=O,P00533,
CC(C)CS(=O)(=O)CCC(=O)OCc1ccc(-n2cccn2)cc1,P00533,
N#CCc1ccc(-c2cccc(-n3cccn3)c2)cc1F,P00533,
CN1CCc2nc3sc(C(=O)Nc4cccc(C(F)(F)F)c4)c(N)c3cc2C1,P00533,
Cc1nc(N2CC[C@H](N3CCOC3=O)C2)c2cnn(C)c2n1,P00533,
O=C(N[C@H]1CCN(Cc2ccccc2)C1)c1cc2c(s1)CCOC21CCNCC1,P00533,
CCCNC(=O)CCc1nnc2ccc(N(CC)CC)nn12,P00533,
COc1ccc(-n2nnnc2SCC(=O)Nc2cccc(C#N)c2)cc1,P00533,
COc1cccc(OC[C@@H]2CCCN(Cc3nc(-c4cccs4)no3)C2)c1,P00533,
O=C(NC[C@@H](c1cccs1)N1CCOCC1)c1ccc(S(=O)(=O)N2CCCCC2)cc1,P00533,
C=Cc1cc(C(=O)N2CCC(C)CC2)ccc1C(F)(F)F,P00533,
O=C(CCNC(=O)c1ccc(F)cc1F)Nc1cccc(-c2nnc3n2CCC3)c1,P00533,
CCOC(=O)N1CCN(c2nc(N3CCCC3)c3ccccc3n2)CC1,P00533,
CC(=O)Nc1ccc(S(=O)(=O)N[C@H]2C[C@H]2c2ccccc2)cc1,P00533,
Cc1nc([C@@H]2CCCN(C(=O)CN3CC4(CCCC4)CC3=O)C2)no1,P00533,
COc1cc(C)c(NC(=O)Cc2nn(C)c(=O)c3ccccc23)cc1OC,P00533,
COc1ccc(-c2nnc(SCc3nc(C4CC4)n[nH]3)[nH]2)cc1,P00533,
CCCc1nnc(NC(=O)CN2CCC(N3CCSCC3)CC2)s1,P00533,
N[C@@H](Cc1ccccc1)C(=O)Nc1ccc2ccccc2c1,P00533,
Cc1occc1C(=O)N1CC(F)(F)C[C@@]2(CCN(C)C2=O)C1,P00533,
CCOc1ccc(CCn2cnc3sc4c(c3c2=N)CCCCC4)cc1OCC,P00533,
N#Cc1cccnc1N1CC[C@@H]2CCN(Cc3ccccc3Br)[C@@H]2C1,P00533,
COc1ccccc1N1Cc2cc(Cl)ccc2OCC1=O,P00533,
CCc1ccc(-c2nn3c(-c4cc(C)cc(C)c4)nnc3s2)cc1,P00533,
Cc1noc(C)c1NC(=O)N[C@H]1CCOC2(CCCC2)C1,P00533,
Cc1noc(C)c1-c1nccc([C@H]2CCCN2C(=O)Cn2cc(Cl)cn2)n1,P00533,
CCN(Cc1ccc(C(C)C)cc1)C(=O)CCc1nc(-c2ccncc2)no1,P00533,
Cc1cc(C)cc(NC(=O)CCCn2c(=O)c3cccn3c3cccnc32)c1,P00533,
CNC(=O)[C@@H]1CN(Cc2cccc3cccnc23)c2ccccc2O1,P00533,
C[C@H](N)[C@]12C[C@](c3nc(-c4ccc(OCc5cccnc5)cc4)no3)(CO1)C2,P00533,
O[C@H](CNc1ccccc1)COc1ccc(Cl)cc1Cl,P00533,
Fc1ccccc1CSc1nc[nH]n1,P00533,
COc1ccc(C(=O)NC2CCCCC2)cc1S(=O)(=O)N(C)C,P00533,
NC(=O)[C@@H]1CCCN1C(=O)c1ccc(-c2ccc3[nH]c(CO)nc3c2)cc1,P00533,
Cc1onc(-c2ccncc2)c1C(=O)N1CCCN(c2ccccc2Cl)CC1,P00533,
c1ccc(O[C@H]2CO[C@@]3(CCNC3)C2)nc1,P00533,
Cc1ccc([C@@H](C)NC(=O)c2cccc(CN3C(=O)[C@@H]4CCCN4C(=O)c4ccccc43)c2)cc1,P00533,
CO[C@@H]1C[C@@H](C(=O)N(Cc2ccccc2)CC2CC2)CC[C@H]1N,P00533,
O=C(CN1CCOC1=O)N1CCC[C@@H](c2[nH]ncc2-c2ccccc2)C1,P00533,
CC(C)(C)OC(=O)N[C@H]1CC[C@@H](CCCC(=O)O)C1,P00533,
O=C(c1c[nH]c2ccc(Br)cc12)[C@@H]1CCCN1C(=O)OCc1ccccc1,P00533,
O=C(CN1CCN(c2ccccc2)CC1)N1CCC(c2ccccc2)=N1,P00533,
Cc1[nH]nc2c1CC[C@H](NC(=O)COc1ccccc1Cl)C2,P00533,
O=C(Cc1ccc(Cl)cc1)N1CCC[C@@H](c2ccnc3nccn23)C1,P00533,
Cc1ccc(NC(=O)c2sc3ncn([C@@H](C)C(=O)OCc4ccccc4)c(=O)c3c2C)c(C)c1,P00533,
COc1ccc(C(=O)N2CCN(C/C=C/c3ccccc3)CC2)cc1C,P00533,
COc1cc([C@@H]2SCC(=O)Nc3ccsc32)ccc1OCC(N)=O,P00533,
COc1ccc2nc3oc(C(=O)Nc4cc(Cl)c(OC)cc4OC)cc3cc2c1,P00533,
C[C@@H]1CN(C[C@@H](C)O)CCN1C(=O)CSc1nccn1-c1ccc(C(F)(F)F)cc1,P00533,
Cc1ccc(CN(CCO)C(=O)c2ccc(-c3nccn3C)cc2)s1,P00533,
CC(=O)c1c[nH]c(C(=O)N2C[C@H](C)O[C@@H](c3ccccc3)C2)c1,P00533,
CCOc1cc([C@@H](CS(C)(=O)=O)NC(=O)c2c(OC)ccc(Br)c2C)ccc1OC,P00533,
CCN(Cc1ccc(OC)c(OC)c1)C(=O)CN1CCC[C@@H]1C1CC1,P00533,
CCOc1cc([C@H]2CC(=O)Nc3c2c(=O)nc(SCc2ccc(C)cc2)n3C)ccc1O,P00533,
O=C(c1nc(-c2cccs2)n(-c2cccc(C(F)(F)F)c2)n1)N1CCOCC12CCC2,P00533,
Cc1nonc1CN(C)Cc1cc(-c2cccs2)ccc1OCC(=O)O,P00533,
Cc1nc(CN2C[C@@H]3CN(C(=O)[C@H]4C[C@H](C)C4)C[C@H]3C2)cs1,P00533,
O=C(CNC(=O)[C@H]1CCCN(S(=O)(=O)c2ccccc2)C1)Nc1ccc2[nH]ccc2c1,P00533,
CC(=O)c1ccc(NC(=O)[C@@H](C)OC(=O)c2c(C)nsc2N)cc1,P00533,
C[C@@H]1CN(C)CCN1CC1CCN(C(=O)c2cccc(F)c2)CC1,P00533,
C[C@@H](NC(=O)c1ccc2c(c1)OCO2)[C@H](c1cccs1)N1CCN(Cc2ccccc2)CC1,P00533,
CC(C)c1ccoc1C(=O)N1C[C@H](F)[C@H](NC(=O)[C@H](C)Oc2ccc(Cl)cc2Cl)C1,P00533,
O=C1CCOc2cc(Br)c(F)cc21,P00533,
Cc1ccc2c(C(=O)NS(C)(=O)=O)csc2c1,P00533,
COCCN1C[C@H](CNC(=O)c2c[nH]nc2-c2ccc(OC)cc2)OCC1=O,P00533,
Cn1cccc1[C@H](N)c1ccc(OC(F)(F)F)cc1,P00533,
Cn1ccnc1C(=O)[C@H]1CCCN(C(=O)c2nc(=O)[nH]c3ccccc23)C1,P00533,
COCCN1CCC[C@]2(CCN(Cc3sc(N(C)C)nc3Cl)C2)C1,P00533,
COc1ccc(-c2ccc(F)cc2)cc1,P00533,
Cc1nc2sc([C@H](c3ccc(C(C)C)cc3)N3CCC(C(N)=O)CC3)c(O)n2n1,P00533,
C[C@@H](Oc1ccccc1)C(=O)NCC1CCN(C(=O)NC(C)(C)C)CC1,P00533,
Cc1ccc(S(=O)(=O)N2CCC(C(=O)OCc3ccc(C#N)cc3)CC2)cc1C,P00533,
C[C@H](C(=O)N1CCn2c(nnc2C2CC2)C1)n1nnc2ccccc21,P00533,
COc1ccc(NC(=O)CSc2nnc(-c3ccc4c(c3)OCO4)n2C[C@@H]2CCCO2)cc1,P00533,
O=S(=O)(NCc1noc(-c2c(F)cccc2F)n1)C1CC1,P00533,
CCCS(=O)(=O)NCc1nnn2c1CO[C@]1(CCN(C(=O)Cc3ccccc3C)C1)C2,P00533,
CC(C)[C@H]1CCc2[nH]c(=O)c(C#N)cc2C1,P00533,
CC(C)c1cc(CN2CCCC[C@H]2CCN2CCCC2=O)no1,P00533,
Cc1cnccc1N1CCN(C(=O)Cc2ccncc2)CC1,P00533,
Cc1cccc(NC(=O)[C@@H]2CCCN(S(=O)(=O)Cc3ccccc3Cl)C2)c1,P00533,
O=C(NCc1cccnc1)[C@H]1CCCN(C(=O)Nc2ccccc2)C1,P00533,
O=C(O)c1ccc(S(=O)(=O)NCC(=O)N2C[C@@H]3CCC[C@H]3C2)cc1,P00533,
CC(=O)c1cccc(S(=O)(=O)Nc2cc(C(F)(F)F)ccc2OCC(F)(F)F)c1,P00533,
CCc1nnc(-c2ccc(=O)n(CC(=O)N3CCN(c4ccccc4)CC3)c2)o1,P00533,
O=C(N[C@@H]1COc2ccccc21)c1ccc2c(-c3cc[nH]n3)cccc2c1,P00533,
COC(=O)c1cc(C)nc2c1c(=O)n(CC(=O)N1CCc3ccccc31)c(=O)n2-c1ccccc1,P00533,
Cc1ccc(-c2cc3c(=O)n(CC(=O)Nc4cc(C)ccc4C)ccn3n2)cc1,P00533,
O=C([C@H]1CCCN(c2ncc(Br)cn2)C1)N1CCc2cccc(Br)c2C1,P00533,
Cc1cccc2oc(CNS(=O)(=O)N(C)C)nc12,P00533,
CC(=O)N1CCC(C(=O)N2CCN(c3ccc(F)cc3)CC2)CC1,P00533,
CCc1cccc(-n2c(=O)c3cccnc3n2CC(=O)NCc2ccc(Cl)cc2)c1,P00533,
O=C(N[C@@H]1CCS(=O)(=O)C1)c1cn(-c2ccccc2Br)nn1,P00533,
COCC(C)(C)CNC(=O)c1c(C)ncnc1C,P00533,
CC(C)(C)OC(=O)N1CCC(NC(=O)[C@@H]2Cc3ccccc3O2)CC1,P00533,
CC[C@H](C)N(CCc1nc(-c2ccc(Cl)cc2)no1)C(=O)c1cccs1,P00533,
Cc1cc2cc([C@@H](c3nnnn3C[C@@H]3CCCO3)N(Cc3ccccc3)Cc3ccco3)c(=O)[nH]c2cc1C,P00533,
C[C@H]1C[C@@H](N2CCOCC2)CN1C(=O)Nc1ccc(C(=O)OC(C)(C)C)cc1F,P00533,
c1cc([C@H]2CCCN(C3CCCCC3)C2)nc(-n2ccnc2)c1,P00533,
CC(=O)N[C@@H](C(=O)NC[C@@H](C)N(C)c1ccccc1)C(C)C,P00533,
CCOc1ccc(CN2CCN(Cc3cccc4cnccc34)C[C@H]2CCO)cc1,P00533,
Cc1cccc(-c2nnc(SCC(=O)c3ccc4c(c3)NC(=O)CO4)n2C)c1,P00533,
COc1ccc(C(F)(F)F)c(-c2cccc(N3CCOCC3)c2)c1,P00533,
COCCN(CC(=O)N1N=C(c2ccc(F)cc2)C[C@H]1c1ccccc1)C(=O)c1ccc(OC)cc1,P00533,
COC(=O)c1sc2ncccc2c1OCc1ccc(OC)cc1,P00533,
Cc1cncc(N2CCC(NC(=O)c3ccn(C)n3)CC2)n1,P00533,
O=C(N1CCCCC1)N1CCC=C(F)C1,P00533,
CCN(C(=O)Cc1cccc(C(=O)O)c1)[C@@H]1CCCOC1,P00533,
COc1ccc(CN(CC[C@@]2(C(C)C)CCOC(C)(C)C2)C(C)=O)cc1OC,P00533,
CC[C@H]1CN(c2ncnc3sccc23)CCN1C[C@@H](C)O,P00533,
NCCc1nc(Cc2ccc(Cl)cc2)no1,P00533,
Clc1cc(Br)c2c(Cl)n[nH]c2c1,P00533,
COc1ccccc1OCC(=O)N1CCC[C@H]([C@@H]2C[C@H](C(F)(F)F)n3ncnc3N2)C1,P00533,
Cc1ccc(S(=O)(=O)Nc2c(C)noc2-c2ccccc2)cc1C,P00533,
O=C(NC[C@@H]1COc2ccccc2O1)c1cc(=O)c2cc(Br)ccc2o1,P00533,
CCN(CC)C(=O)Cn1cccc1-c1nc(-c2ccc(C)cc2)no1,P00533,
CC(=O)N[C@@H]1CN(C(=O)COc2ccc(F)cc2)C[C@H]1c1nc(-c2ccccc2)n[nH]1,P00533,
COC(=O)C[C@H](NC(=O)[C@H](C)NC(=O)c1ccoc1)c1cccs1,P00533,
Cc1cc2c(cc1NC(=O)c1ccc(OC(C)C)nc1)N(C)S(=O)(=O)N2C,P00533,
CC(C)n1c([C@@H]2CCCO2)nn(C)c1=O,P00533,
COc1ccc(CCC(=O)NCc2ccc(F)cc2Br)cc1,P00533,
CC(C)(C)OC(=O)NCC1CCN(CCOc2ccc(OC(F)(F)F)cc2Br)CC1,P00533,
CC(C)Sc1ccc([C@@H](C)NS(=O)(=O)c2cnn(C)c2C(=O)O)cc1,P00533,
CC(C)OC(=O)c1c(NC(=O)CN2CCN(c3ccccc3Cl)CC2)sc2c1CC[C@@H](C)C2,P00533,
CCc1cc(C(=O)N(CC(C)C)c2c(N)n(CC(C)C)c(=O)[nH]c2=O)sc1C,P00533,
CCn1nccc1NC(=O)c1ncccc1Cl,P00533,
CN1CCC[C@@H](CNC(=O)N2CCO[C@@H](CCc3ccccc3)C2)C1,P00533,
C[C@@H]1Sc2ccc(S(=O)(=O)CCC(=O)NCc3ccc(Cl)cc3)cc2NC1=O,P00533,
Nc1cc(C(F)(F)F)c(-c2ccc3[nH]ncc3c2)cn1,P00533,
NC(=O)c1ncn([C@@H]2CCCN(c3nc4ccccc4[nH]3)C2)n1,P00533,
COc1ccc(C2(CN[C@H]3CCOC3)CCCC2)cc1,P00533,
NCCN(Cc1ccccn1)Cc1ccccn1,P00533,
COc1cccc2cc(C(N)=O)c(=Nc3ccc(F)c(C)c3)oc12,P00533,
Cc1cc(O)nc([C@H]2CN(C(=O)COc3ccccc3F)CCO2)n1,P00533,
CCOc1ncccc1C(=O)Nc1nc(C(C)=O)cs1,P00533,
COC(=O)Cn1c(=O)c2c(nc3n2CCCN3c2ccc(C)cc2C)n(C)c1=O,P00533,
C[C@@H]1C[C@H](C(=O)N2CCC(O)(Cc3ccccn3)CC2)CC(C)(C)C1,P00533,
CCOC(=O)N[C@H]1CCCc2ccccc21,P00533,
C[S@](=O)(=NS(=O)(=O)c1ccc(Cl)s1)c1ccc(Cl)cc1,P00533,
Cc1ccccc1-n1cc(CNC(=O)C[C@H](C)n2ccnc2C)cn1,P00533,
Cc1noc([C@H]2CCN(C(=O)c3ccc(F)c(C#N)c3)C2)n1,P00533,
FC(F)(F)c1cc(N[C@H]2CCN(Cc3ccnc4ccccc34)C2)ncn1,P00533,
CC(=O)N1C[C@@H]2COCCN2C2(CN(Cc3ccc(OC(F)(F)F)cc3)C2)C1,P00533,
Cc1nc(-c2ccc(Cl)cc2)nc2sc3c(=O)[nH]cnc3c12,P00533,
CC(C)C(=O)N[C@@H]1CCCN(C(=O)Cc2ccn(-c3ccc(F)cc3)n2)C1,P00533,
CC(C)(C)CN(CC(=O)O)C(=O)Cc1ccccc1F,P00533,
O=C(NCc1cccs1)NCc1nnnn1C1CCCCC1,P00533,
O=C(NCc1ccnc(-n2ccnc2)c1)[C@@H]1CC(=O)N(c2ccccc2Cl)C1,P00533,
CN(C)C(=O)C[C@@H]1CN(CC2CCS(=O)(=O)CC2)c2ccc(Cl)cc21,P00533,
CC(C)(C)NC(=O)N1CCC(CNC(=O)C2(c3ccccc3)CCOCC2)CC1,P00533,
C[C@@H]1C[C@H](C)CN(CC(=O)Nc2ccc3c(c2)OCCO3)C1,P00533,
C[C@@H](OC(=O)CCn1c(=O)oc2cc(Cl)ccc21)C(=O)N1c2ccccc2C[C@@H]1C,P00533,
CC(=O)N1CCc2cc(C(=O)N[C@H]3CCc4nccn4C3)ccc21,P00533,
CSc1ccccc1C(=O)NCCS(=O)(=O)N1CCN(c2ccccc2F)CC1,P00533,
CCOC(=O)C1CCN(C(=O)Nc2cn(CCOC)c3ccccc23)CC1,P00533,
CC(C)CN1C(=O)c2cccn2C[C@H]1C(=O)N1CCN(Cc2ccc3c(c2)OCO3)CC1,P00533,
CS(=O)(=O)CCNC(=O)Cc1cccc(OC(F)(F)F)c1,P00533,
Cc1cc(C)c(C)c(S(=O)(=O)N2C[C@@H](O)C[C@@H]2C(=O)O)c1C,P00533,
COc1cccc2cc(C(N)=O)/c(=N/c3ccc(F)c(F)c3)oc12,P00533,
CN1CC(=O)N(Cc2noc(-c3ccco3)n2)[C@@H](Cc2ccccc2)C1=O,P00533,
CCc1cccc2c1N(S(=O)(=O)c1cn(C(C)C)cn1)CCC2,P00533,
CC(C)(C)n1ncc2c(=O)[nH]c(Cl)nc21,P00533,
COCc1nc(NCc2cccc(CO)c2)cc([C@H]2CCOC2)n1,P00533,
Fc1cnc(NCc2cn(-c3cccs3)nn2)nc1,P00533,
COc1ccc(S(=O)(=O)N2CCC[C@@H](C(=O)Nc3ccc(Br)cc3)C2)cc1C,P00533,
Cn1cnc2nc(-c3cncc(F)c3)ncc21,P00533,
Cc1c(S(=O)(=O)N2CCC[C@]2(C)C(=O)O)cnn1-c1ccccn1,P00533,
Cc1cnccc1C(=O)N1CCO[C@H]2CCC[C@H]21,P00533,
COC(=O)Cn1cc(NC(=O)Cc2ccc(Br)cc2)cn1,P00533,
Cc1ccc(C)c(CSc2nc(=O)n3cccc(C)c3n2)c1,P00533,
COc1ccnc(CNC(=O)c2cc(Br)cc(C(F)(F)F)c2)c1,P00533,
Cc1ccc(O)c(-c2cnn([C@H]3CCCCO3)c2)c1,P00533,
Cc1ccc2c(c1)C(C)(C)C(=O)N2CC(=O)Nc1ccccc1F,P00533,
Cc1nc(-c2cc(S(=O)(=O)N(C)Cc3ccco3)c(C)n2C)sc1C(=O)N1CCOCC1,P00533,
O=C(c1cccc(CN2CCCCCC2)c1)N1CCC[C@H](c2ncc[nH]2)C1,P00533,
O=C(c1c[nH]c(=O)[nH]1)N1C[C@H]2C[C@@H](C1)[C@H](CC1CCCCC1)N1C(=O)CCC[C@@H]21,P00533,
CN(C)S(=O)(=O)N1CCO[C@H](CC(c2ccccc2)c2ccccc2)C1,P00533,
COc1cc(OC)cc(-c2nnc(-c3ccc(Br)o3)o2)c1,P00533,
CNC(=O)c1c(O)nc2ccccc2c1C,P00533,
CCN(CC)CC(=O)N1CC[C@H](Oc2cccnc2N(C)C)C1,P00533,
CC[C@H](C)NC(=O)N1CCN(c2cc(Cl)ccc2C)CC1,P00533,
COc1ccc([C@@H]2SCC(=O)Nc3c2c(C)nn3-c2cccc(Cl)c2)cc1,P00533,
COc1ccc(CN2CCC[C@@H](NC(=O)c3ccncc3)C2)cc1F,P00533,
Cc1sc(Br)nc1-c1cccc(F)c1,P00533,
CCOC(=O)c1noc2ncnc(NCc3ccc4c(c3)OCO4)c12,P00533,
NS(=O)(=O)c1ccc(C2CCN(C(=O)c3ccccn3)CC2)cc1,P00533,
C[C@H](NC(=O)COCc1nnc(C(=O)Nc2ccc(F)cc2)s1)c1ccc2c(c1)OCCO2,P00533,
COc1ccc(-c2cc(N3CCCN(C(=O)c4ccccc4C)CC3)[nH]n2)cc1,P00533,
COc1ccc(CN2C[C@H]3C[C@@H](C2)[C@H](CO)n2c3cccc2=O)c(OC)c1C,P00533,
Cc1ccc2nc(CCN3CCN(c4nc[nH]n4)CC3)[nH]c2c1,P00533,
CCOC(=O)N1CCN(Cc2noc3ccc(F)cc23)CC1,P00533,
COc1ccc([C@@H](C)NC(=O)N(C)C[C@H]2CCOC2)cc1Br,P00533,
O=C([C@@H]1CCCCN1S(=O)(=O)c1ccc(Cl)s1)N1CCCC1,P00533,
COc1ccc(Cl)cc1NC(=O)c1cnn(-c2ccc(Cl)cc2)c1,P00533,
Cc1cnc(COc2cccc(F)c2C#N)o1,P00533,
c1cc2cc(CN(CCc3cn[nH]c3)C3CC3)ccc2[nH]1,P00533,
CCN1CCc2nc(C)c(C(=O)O)cc2C1,P00533,
Cc1nc2c(-c3ccccc3)c(C)nn2c(C)c1CCC(=O)Nc1ccc2c(c1)OCCO2,P00533,
COc1ccc(Nc2c(C(=O)N3CCSCC3)cnc3ccc(F)cc23)cc1,P00533,
Oc1nc2ccccc2cc1CN1C[C@@H](O)C2(CC2)C1,P00533,
COc1ccc2c(c1)OC[C@@H](CNC(=O)c1ccccc1-c1ncc[nH]1)C2,P00533,
COc1ccc(OC)c(S(=O)(=O)N[C@H](C)[C@@H]2CCCO2)c1,P00533,
OC[C@]12COCC[C@H]1CN(c1nnnn1-c1ccc(Oc3ccccc3)cc1)C2,P00533,
CC(C)[C@H](NC(=O)CCNC(=O)Nc1ccccc1)c1ccc(F)cc1,P00533,
O=c1/c(=C/c2cccs2)sc2nnc(-c3ccccc3Cl)n12,P00533,
Cc1nc2cc(NC(=O)Cc3nc(C(C)C)n[nH]3)ccc2n1C1CCCCC1,P00533,
Cc1ccc(C)c([C@@H]2CC(c3ccccc3Cl)=NN2C(=O)CN2CCCC2)c1,P00533,
COc1cccc(CC(=O)N2CCC[C@@H]2c2nc(C)c(Cc3ccccc3)c(O)n2)c1,P00533,
COc1ccc(S(=O)(=O)N(C)C)cc1NC(=O)CSc1nnc(NCc2ccccc2)s1,P00533,
O=C(Nc1ccc(F)c(F)c1)c1ccc2c(c1)NC(=O)[C@H]1CCCN21,P00533,
Cc1noc(C)c1-c1nccnc1C[C@@H]1CCN(S(C)(=O)=O)C1,P00533,
COC(=O)c1ccccc1NC(=O)[C@@H](C)N1Cc2ccccc2C1=O,P00533,
CC[C@@H](C)[C@@H](NC(=O)CSc1nnc(NCC(C)C)s1)C(=O)O,P00533,
Cc1ccc(C)n1CCCC(=O)NCCc1c[nH]cn1,P00533,
C[C@@H](C(=O)N1CCCc2ccccc21)N1CCN(CC(=O)Nc2ccc(Cl)c(C(F)(F)F)c2)CC1,P00533,
O=C(Nc1cnn(C2CCC2)c1)N[C@H]1CCOC12CCCC2,P00533,
Cc1nc2scc(C)n2c(=O)c1NC(=O)Cc1ccccc1,P00533,
COc1cccc(NC(=O)Cn2cnc3c(nnn3-c3ccc(F)cc3)c2=O)c1,P00533,
CCCOc1ccc(-c2cc3n(c(=N)c2C#N)CCc2cc4c(cc2-3)OCO4)cc1OC,P00533,
COCc1cn([C@@H]2C[C@H]3CC[C@@H](C2)N3S(=O)(=O)c2ccc(F)cc2C)nn1,P00533,
CCOc1cc(C)c(S(=O)(=O)N2CCN(Cc3ccc4c(c3)OCO4)CC2)cc1C,P00533,
O=C(NCCn1ccc2ccc(Br)cc21)c1c(-n2cnnn2)sc2c1CCC2,P00533,
CC[C@@H](C)c1ccccc1OCC(=O)NCc1ncn(C)n1,P00533,
CCOC(=O)c1cc(-c2ccccc2)n(CCC(=O)NCc2cccs2)c1C,P00533,
COc1ccccc1C=CCN1CCN(c2ccccc2)CC1,P00533,
COc1ccc(-n2c(C)c(C)n3c4c(=O)n(CC(C)C)c(=O)n(C)c4nc23)cc1,P00533,
FC1(F)CC12CCC(Nc1nccn3cncc13)CC2,P00533,
N[C@H](CC(F)F)c1ccc(F)c(Cl)c1,P00533,
COc1ccccc1CN(C)[C@@H]1[C@@H](O)[C@H](Oc2ccccc2Cl)C[C@H]1NC(=O)CCC(=O)O,P00533,
CC[C@@H](NC[C@@H](C)O)c1ccc(F)cc1,P00533,
COc1ccc(OC2CCN(C(=O)C3CC3)CC2)c(C(=O)N[C@@H]2CCNC2)c1,P00533,
C[C@@H](NC(=O)C1CCN(C(=O)c2nnc(C(=O)Nc3cccc(Cl)c3)s2)CC1)c1ccccc1,P00533,
Cc1nc2ccccc2cc1CN1CC[C@H](S(=O)(=O)NCC2CC2)C1,P00533,
O=C(COc1ccccc1O)N1CCCC[C@H]1c1nc2cc(F)ccc2[nH]1,P00533,
O=C(Nc1cccnc1)N[C@@H](CO)Cc1ccccc1,P00533,
Cc1ccc(NC(=O)COc2ccc(Cl)c3ccccc23)cc1,P00533,
Cc1c(CC(=O)O)c2cccnc2n1Cc1ccc(S(C)(=O)=O)cc1,P00533,
COc1cc([C@H](N)CCCO)cc2c1OCO2,P00533,
C[C@H](Sc1ccc(S(=O)(=O)N(C)C)cn1)C(=O)Nc1ccc(OC(F)(F)F)cc1,P00533,
C=Cc1cc(CC(=O)N2CCCC[C@H]2C)ccc1F,P00533,
Cc1cc(C(=O)N2CCCN([C@H](C)CO)CC2)[nH]n1,P00533,
Cc1ccc(S(=O)(=O)N2CCN(C(=O)CCc3c(C)nn(C)c3C)CC2)c(C)c1,P00533,
CC(=O)N1C[C@@H](O)C[C@@H]1C(=O)Nc1cc(Cl)ccc1Oc1cccc(F)c1,P00533,
CC(C)(N)CC(=O)N1CC[C@@]2(CCOC2)C1,P00533,
COc1ccc(CNC(=O)N2CC[C@H](Cn3c(C)cnc3-c3cccnc3)C2)cc1,P00533,
CC(=O)c1cccc(OC[C@H](O)CSc2nnc(-c3ccccc3F)n2C2CC2)c1,P00533,
COc1ccc(-c2cc(C(C)=O)c(C)n2CCC(=O)O)cc1,P00533,
COC(=O)Nc1cccc(NCc2noc(Cc3ccccc3)n2)c1,P00533,
CCS(=O)(=O)N1CCC[C@@H](C(=O)N[C@@H]2CCCc3ccccc32)C1,P00533,
COc1ccc(NC(=O)Cn2nc3ccc(SC(C)C)nn3c2=O)cc1Cl,P00533,
CCSc1ncc2c(=O)n(CC(=O)Nc3ccccc3C(F)(F)F)cnc2n1,P00533,
Cc1cnn(CCC(=O)N2CCCN(Cc3noc(C(C)(C)C)n3)CC2)c1,P00533,
COc1ccc(CC(=O)N[C@@H]2CC(=O)N(c3ccc4c(c3)OCCO4)C2)cc1OC,P00533,
COC(=O)[C@H](NC(=O)OCC1c2ccccc2-c2ccccc21)[C@H](C)O,P00533,
COC(=O)[C@H](NC(=O)CSc1nnc(C)c(=O)[nH]1)c1ccccc1,P00533,
Cc1nc2ccccc2c(=O)n1CC(=O)NCC(C)(C)N1C[C@@H](C)O[C@@H](C)C1,P00533,
C[C@H]1CN(C(=O)c2ccc(Cn3ccnc3)o2)CCc2ccc(F)cc21,P00533,
CNS(=O)(=O)c1cc(C(=O)N[C@H](c2ccccc2)c2cccc(S(C)(=O)=O)c2)ccc1F,P00533,
COCCn1ccnc1C1CCN(C(=O)[C@@H]2CCc3ccccc3C2)CC1,P00533,
Cc1cnn([C@@H](C)[C@@H](C)Nc2ncnc3c2cnn3C)c1,P00533,
CCc1ccccc1NC(=O)[C@@H](CC)Sc1nc2cc3c(cc2c(=O)n1Cc1ccco1)OCO3,P00533,
O=C(COc1ccc(NC(=O)c2ccco2)cc1)Nc1ccc2c(c1)OCCCO2,P00533,
CC(C)(C)OC(=O)NCc1cc(C(=O)OCc2nc(Cc3cccc(F)c3)no2)ccn1,P00533,
COc1ccc(-c2noc([C@H](C)NC(=O)c3ccccc3Cl)n2)cc1,P00533,
O=C(N[C@@H](c1ccc(F)cc1)C1CC1)c1c[nH]c(C(=O)O)c1,P00533,
COc1cc(N2CC3(C2)OCC[C@@H]3COc2ccccn2)ncn1,P00533,
COC(=O)c1cc(C)nc(-c2ccccc2)c1C(=O)OC,P00533,
COCCN(Cc1nccs1)C(=O)CCC(=O)O,P00533,
Cc1nn(-c2ccccc2)c2[nH]c3ccccc3c(=O)c12,P00533,
CN(C)[C@H]1CCCN(C(=O)c2ccc(F)c(C(F)(F)F)c2)C1,P00533,
Cc1cc2c(cc1S(=O)(=O)N1CCC[C@H]1C(=O)Nc1cccc(Cl)c1C)O[C@H](C)C(=O)N2,P00533,
O=C(O)Cn1cnc(-c2ccccc2)c1[C@@H]1CCOC1,P00533,
CC(=O)OCC(=O)c1ccc(OC(C)(C)C)cc1,P00533,
C[C@@H](CNC(=O)N1CCN(Cc2ccc3c(c2)OCO3)CC1)n1ccnc1,P00533,
Cc1ccc(S(=O)(=O)n2ncc3cc(Br)ccc32)cc1,P00533,
COCCc1noc([C@H](C)Nc2nc(C)nc3ccsc23)n1,P00533,
COc1cc(N2CCN(C)CC2)ccc1NC(=O)COc1cccc2ccccc12,P00533,
COc1ccccc1CN1CCC(C(=O)NCc2cccnc2)CC1,P00533,
N#Cc1cnc2ccc(Br)cc2c1,P00533,
Nc1nnc(CCN2CCc3ccccc3C2)s1,P00533,
COCCS(=O)(=O)c1ncc(CN(C)[C@H]2CCOC2)n1Cc1ccccc1,P00533,
CSCC(=O)N1CCO[C@H](CCc2ccccc2)C1,P00533,
CC1(C(=O)N2CCC3(CC2)CN(c2ccccc2)C(=O)CO3)CCCCC1,P00533,
Nc1cncc(-c2ccc(OC(F)(F)F)cc2)c1N,P00533,
O=C(CCC(=O)c1ccc2c(c1)OCCO2)OCc1ccc(-n2cccn2)cc1,P00533,
Cc1ccc(F)cc1-c1ccc(O)cc1F,P00533,
CCn1ccnc1[C@H]1OCCC[C@@H]1Nc1ncnc2c(C)cccc12,P00533,
COCCN1CCC[C@]2(CCCN2C(=O)c2cn3cccnc3n2)C1=O,P00533,
COCc1ccc(C(=O)N2CCC[C@@H](CCc3ccc(F)cc3F)C2)o1,P00533,
COc1ccnc(N2CCN(C(=O)NCC(F)F)CC2)c1,P00533,
CO[C@H]1COC[C@@H]1NC(=O)Cc1ccc2[nH]c(C)nc2c1,P00533,
COc1cccc(C(=O)N2C[C@@H]3CCCCN[C@@H]3C2)c1OC,P00533,
C[C@@]1(C(=O)O)CCN(C(=O)Cc2cccc(C(F)(F)F)c2)C1,P00533,
COc1ccc(C(=O)OCC(=O)Nc2cc(F)ccc2Cl)c(OC)c1,P00533,
COC[C@@H](C)Nc1nc(-c2ccc(Cl)cc2)cs1,P00533,
COc1c(Br)cc(Br)cc1CN[C@H](C)Cn1cccn1,P00533,
Cc1nn2cccnc2c1C(=O)N[C@@H]1C[C@@H]1CN,P00533,
COc1ccc2nnc(CNC(=O)c3cccs3)n2n1,P00533,
c1cc(C[C@@H]2COC[C@H]2Nc2nccs2)ccn1,P00533,
O=C(c1ccc2c(=O)n3c(nc2c1)CCCCC3)N1CCC(=Cc2ccc(F)c(F)c2)CC1,P00533,
CN(Cc1c(F)cccc1F)Cc1nnc(SCc2ccncc2)n1C,P00533,
CCOC(=O)[C@H]1CCCN(Cc2ccc(OC)c(OC)c2OC)C1,P00533,
CCc1cnc(N2CCC[C@H](NC(=O)c3cncn3C)C2)nc1,P00533,
C[C@H](NC(=O)c1ccc2snnc2c1)c1ccc(OCC(=O)NC2CC2)cc1,P00533,
CCOC(=O)c1c(C)oc2ncnc(Nc3ccc(CN4CCC(C)CC4)cc3)c12,P00533,
O=C(O)[C@@H](c1ccccc1)c1ccc(Cl)c(Cl)c1,P00533,
CCc1cccc(CC)c1NC(=O)CSc1nc2ccccc2c(=O)n1CCOC,P00533,
O=C(NC[C@H]1COc2ccccc2O1)c1ccc(NC(=O)c2ccc(Br)o2)cc1,P00533,
Cn1cnnc1SCC(=O)NC[C@@H]1COc2ccccc2C1,P00533,
CC(C)C(=O)Nc1sc2c(c1C#N)CCN(Cc1ccccc1)C2,P00533,
COc1cccc(C(=O)N2CCN(C(=O)c3cnc(C(C)C)nc3)CC2)c1,P00533,
Cc1cc(C)c2cc3c(N)c(C(=O)Nc4nc(C)cs4)sc3nc2c1,P00533,
C[C@H]1NC(=O)CC[C@@H]1NC(=O)c1cnn(C)c1Cc1ccccc1,P00533,
CC(C)(C)OC(=O)N[C@H]1CC=C(C(=O)O)C1,P00533,
Cc1cc(NC(=O)COc2ccc(Cl)cc2)n(-c2nc(C)c(C)c(=O)[nH]2)n1,P00533,
C[C@@H]1C[C@@H](Sc2nnc(Cc3cccs3)n2CCc2ccccc2)C(=O)O1,P00533,
C[C@H]1C[C@H](C)CN(CC(=O)NC(c2ccccc2)c2ccccc2)C1,P00533,
Cc1cc(Br)ccc1C(=O)NC1(C(=O)O)CCC1,P00533,
Cc1cc(C)n2ncc(C(=O)N(C)Cc3ccc(Br)cc3)c2n1,P00533,
Cc1cc(-c2cc[nH]n2)nc([C@H]2CCCCN2C(C)C)n1,P00533,
CCc1cc(Cl)nnc1-c1ccccc1,P00533,
COc1ccccc1NC(=O)c1cc(Br)cnc1N1CCOCC1,P00533,
Cc1cccc(Nc2ccc(N3CCN(S(=O)(=O)c4ccc(Cl)cc4)CC3)nn2)n1,P00533,
Cc1nc(-c2cccc(C(=O)NCc3noc(-c4cccc(Cl)c4)n3)c2)no1,P00533,
CCN(C(=O)Nc1ccccc1Oc1ccccc1)[C@@H]1CCS(=O)(=O)C1,P00533,
Cc1cc(C)n([C@@H]2CCCN(C(=O)CCNc3ncccn3)C2)n1,P00533,
CCc1noc(-c2nc(-c3ccccc3OC)no2)n1,P00533,
CC(C)O[C@H]1C[C@@H](N[C@H]2CCCN(c3cccnc3)C2=O)C1,P00533,
Cc1nn2cc(Br)cnc2c1S(=O)(=O)NCc1cc(C(F)(F)F)ccc1N1CCN(C)CC1,P00533,
N#Cc1ccc(OC2CCNCC2)cc1Cl,P00533,
O=C1C[C@H](COc2cnccn2)CN1CC1CCN(C(=O)c2ccc(F)c(Cl)c2)CC1,P00533,
Cc1ccc(-c2nc3sc(-c4ccccc4)cc3c(=O)o2)cc1,P00533,
Cc1ccccc1CN[C@H]1CCc2onc(C(=O)NC(C)C)c2C1,P00533,
Cc1ccc(-c2nnc(SCC(=O)NCc3ccccc3F)n2-c2ccccc2)cc1,P00533,
CC(=Cc1cccc(C(F)(F)F)c1)CO,P00533,
O=C(NCC1(O)CCCCCC1)c1ccnc(-n2cccn2)c1,P00533,
Cc1ccc(C(N)=O)cc1C(=O)N[C@@H]1c2ccc(Br)cc2CC1(C)C,P00533,
Cn1ccc2c(C(=O)NCc3ccc(Cl)c(Br)c3)ccnc21,P00533,
COc1ccc(C(=O)COC(=O)c2sc(-c3ccccc3)nc2C)cc1,P00533,
COc1ccccc1NC(=O)c1c(NC(=O)CN(C)C)sc2c1CC[C@H](C(C)(C)C)C2,P00533,
C[C@@H]1C[C@@H]1c1ccc(CN(C)C(=O)c2ccnc(-n3cncn3)c2)o1,P00533,
O=C(Cc1ccc(Br)c(F)c1)NCc1cccc(CN2CCCC2)c1,P00533,
Cn1cc([C@@H]2CN(c3nc4ccccc4s3)Cc3[nH]cnc32)cn1,P00533,
Cc1ccc(S(=O)(=O)N(C)c2ccc(C(=O)NCc3cccnc3)cc2)cc1,P00533,
CO[C@@H](CNS(=O)(=O)c1cnn(C)c1)c1cccc(F)c1,P00533,
O=C(NCC[C@H](O)c1ccccc1)c1cccs1,P00533,
Cc1ccc(-c2cc(O)c3c(c2)CN(c2ncnc4[nH]ccc24)CCO3)s1,P00533,
CC(C)(CN1CCOCC1)CN1CCCn2nc(CO)cc2C1,P00533,
CC(C)c1noc(CCCC(=O)N[C@@H]2CCCCNC2=O)n1,P00533,
CC(=O)N1CCc2cc(NC(=O)c3sc(NC(=O)C4CC4)cc3C)ccc21,P00533,
CCN(Cc1ccc(Cl)cc1)C(=O)[C@@H](C)SCc1nc2ccccc2c(=O)[nH]1,P00533,
Cc1cc(Cl)ccc1NC(=O)c1noc2c1CCc1sccc1-2,P00533,
O=c1[nH]c2ccc(-c3ccc(N4CCOCC4)nc3)cc2[nH]1,P00533,
CN1CCN(C(=O)c2cc[nH]n2)C[C@@H]1CNC(=O)c1cccc2ccoc12,P00533,
CCc1cc(C)c(C(=O)N(C)C[C@H]2OCC[C@H]2c2nc(C)n[nH]2)o1,P00533,
COc1ccc(C)cc1S(=O)(=O)Nc1ccc(F)cc1F,P00533,
CCN(CC(=O)N1CCN(c2ccc(-c3ccc(OC)c(OC)c3)nn2)CC1)C(=O)Cc1ccccc1,P00533,
CCCOc1ccc(/C=c2/sc3ncnn3c2=O)cc1,P00533,
c1ccc2c(c1)nc(N[C@@H]1CCCOCC1)c1nnnn12,P00533,
C[C@H](CNC(=O)c1ccc(S(N)(=O)=O)cc1)CN1CCOCC1,P00533,
Cc1cc(OC[C@@H](O)CNC(=O)CCCn2cncn2)ccc1Cl,P00533,
CCOc1ccc(S(=O)(=O)N(C)Cc2c[nH]nc2C)cc1C,P00533,
COc1ccccc1O[C@@H]1C[C@@H]2CN(c3ncnc(N)c3F)C[C@@H]2C[C@H]1O,P00533,
COc1ccc(C(C)(C)c2ccccc2)cc1,P00533,
CC(=O)N1CCCC[C@@H]1CC(=O)N1CCC[C@@H]1c1noc(C(C)C)n1,P00533,
Cn1c(CCNC(=O)CCCO)nc2ccccc21,P00533,
Cn1nccc1C1CCN(C(=O)C2(CN)CCCC2)CC1,P00533,
CC(C)(C)c1cccc2c1OCCN(C(=O)c1[nH]nc3c1COC3)C2,P00533,
COc1ccc(-c2nccc([C@@H]3CCCN3C(=O)C3(c4cccc(C)c4)CCOCC3)n2)cc1,P00533,
COc1cc2c(cc1OC)[C@H](c1ccc(OCC(N)=O)c(Cl)c1)CC(=O)N2,P00533,
O=S(=O)(c1cc(Cl)ccc1Cl)N1CCN(Cc2cccc(F)c2F)CC1,P00533,
Cc1nc(Oc2ccccc2)c(N)c(N(C)Cc2ccccc2)n1,P00533,
Cc1ccn([C@H](C)C(=O)N[C@](C)(C(=O)O)c2ccc(F)cc2Br)n1,P00533,
Cc1ccc(S(=O)(=O)N(C)CC(=O)OCC(=O)NC(=O)NC2CCCC2)cc1,P00533,
CCc1nnc(-c2nnc(NC3CCCCC3)c3ccccc23)o1,P00533,
CC(C)[C@@H]1N(C(=O)c2ccnc3c2nnn3C)CC12CCCC2,P00533,
O=C(CCCn1nnnc1CN1CCOCC1)NCc1ccc2nonc2c1,P00533,
CSc1nnc2n(-c3ccccc3)c(=O)c3c4c(sc3n12)CO[C@H](C(C)C)C4,P00533,
CCOc1ccc(C2=NN(S(C)(=O)=O)[C@@H](c3cnc4ccccc4n3)C2)cc1,P00533,
CC(C)[C@H]1N(C(=O)c2cccc3nccnc23)CC12CCCC2,P00533,
CCn1cnc2c(NCc3ccc(C(=O)N4CCOCC4)cc3)ncnc21,P00533,
COc1ccc2cc([C@@H]3CN(C(=O)CCNC(N)=O)CCO3)ccc2c1,P00533,
COCCN1C(=O)c2cc(-c3ccc(OC)cc3)nn2C[C@]1(C)C(=O)NCc1ccccc1,P00533,
Cc1ccc(NC(=O)CNC(=O)Cn2cnc3ccccc3c2=O)cc1F,P00533,
C[C@H](C(=O)Nc1ccccc1-c1ccccc1)N1CCc2ccccc2C1,P00533,
CCOc1ccc([C@@H]2c3c(oc4ccc(C)cc4c3=O)C(=O)N2c2nnc(CC)s2)cc1OC,P00533,
C[C@H](NC(=O)CCc1ccccc1)c1nnc2n1CCN(Cc1cccc(F)c1)CC2,P00533,
NCc1ccc(OCc2ccccc2Cl)cc1,P00533,
Cc1ccccc1C(=O)N[C@@H](C(=O)N1CCCC1)C1CCN(C(=O)c2cccc(Br)c2)CC1,P00533,
Cc1ccc(C(=O)N2CCC[C@H](CC(=O)NCCn3ccnc3)C2)cc1-n1cccn1,P00533,
COc1ccc(CNC(=O)[C@@H](C)Sc2nc(C)cc(C)c2C(N)=O)cc1,P00533,
O=c1c2nnc3ccnn3c2ccn1Cc1ccccc1,P00533,
Cc1ccc(-c2cc(CC(=O)c3ccccn3)ccn2)cc1,P00533,
O=C(Cn1nc2n(c1=O)-c1ccccc1C1=NCCN12)N1CCc2ccccc21,P00533,
O=C(c1nc(O)nc2ccccc12)N1CCCC[C@H]1c1nccs1,P00533,
CCc1cc(N2CCN(C(C)=O)CC2)nc(SCc2ccc(C(=O)NCc3ccccn3)cc2)n1,P00533,
O=C(c1cccc(F)c1)N(Cc1c(-c2ccc(F)cc2)noc1N1CCOCC1)C[C@H]1CCCO1,P00533,
CCCc1nc(C(=O)NCC2CCCCC2)cs1,P00533,
Cc1nnc2c(SCC(=O)Nc3ccc(Cl)cc3)nc3ccccc3n12,P00533,
COc1cc(Cn2cnc3c2C[C@H](C)[C@H](C)C3)ccc1S(C)(=O)=O,P00533,
Cn1ncc2cc(-c3ccnc4ccccc34)cnc21,P00533,
CC(C)(C)OC(=O)N1CCC2(CC1)CNC(=O)[C@H]2CC1CC1,P00533,
Cc1noc(/C=C/c2ccccc2F)c1S(=O)(=O)N1CCC(C(=O)Nc2c(C)n(C)n(-c3ccccc3)c2=O)CC1,P00533,
CCn1c(SCC(=O)N2CCN(S(=O)(=O)c3ccc(F)cc3)CC2)nc2ccccc21,P00533,
c1c(CN2CCC(c3nnc4n3CCCCC4)CC2)nn2c1CNCCC2,P00533,
Cc1nc(-c2ccc3c(c2)CCN3C(=O)CN2CC=C(c3ccccc3)CC2)cs1,P00533,
Cc1ccc(S(=O)(=O)c2nnn(-c3cccc(C(F)(F)F)c3)c2N)cc1,P00533,
Cc1ccc(S[C@H](C)C(=O)Nc2nccs2)cc1,P00533,
C[C@H](NC(=O)CN(C)[C@@H](C)c1ccc(S(C)(=O)=O)cc1)c1ccc(Br)cc1,P00533,
Cc1cccnc1C(=O)NC[C@H](c1cccc(Cl)c1)N1CCCC1,P00533,
Cc1ccc(NC(=O)N2CCN(c3ccc(-n4cccn4)nn3)CC2)cc1F,P00533,
O=C(N[C@@H](CCc1c(F)cccc1F)C(=O)O)OCC1c2ccccc2-c2ccccc21,P00533,
CC(C)n1nccc1NC(=O)c1cnn(-c2ccccc2Cl)c1,P00533,
CN(C(=O)c1ccn(C)n1)[C@@H](Cc1ccccc1)C1CCN(C(=O)Cc2c[nH]c3ccccc23)CC1,P00533,
CC(C)(C)OC(=O)NC[C@H]1CCCN(c2nc(Cl)ncc2Br)C1,P00533,
CCN(CC)CCN1CCN(c2cc(-c3ccccc3)nc3ncnn23)CC1,P00533,
CCN(Cc1ccccc1)C(=O)Cn1c(SC)nc2ccsc2c1=O,P00533,
CCn1c(SCC(=O)Nc2cccc(C)c2C)nnc1-c1ccc2c(c1)OCCCO2,P00533,
Cc1n[nH]c(-c2nc([C@H](C)CNC(=O)c3ccccc3)no2)c1Cl,P00533,
COc1cccc(SCC(=O)N2CCC[C@@H](c3nc(C)no3)C2)c1,P00533,
C[C@H](C(=O)Nc1nn[nH]n1)c1ccc(C[C@@H]2CCCC2=O)cc1,P00533,
Nc1cccc(-c2cc3c(s2)CCOC32CCN(C(=O)c3ccnc(O)c3)CC2)n1,P00533,
O=C(Cc1cn2ccsc2n1)NC1CCC(c2ccccc2)CC1,P00533,
c1ccc(CN2CCCn3nnc(Cn4cccc4)c3C2)nc1,P00533,
COC(=O)c1ccc(C(=O)OC)c(S(=O)(=O)N2CCc3cc(-c4csc(C)n4)ccc32)c1,P00533,
CCn1c(CNC(=O)NCc2ccccc2CS(=O)(=O)N2CCOCC2)nc2ccccc21,P00533,
CCOC(=O)c1ccc2c(c1)sc(=NC(=O)c1ccc(S(=O)(=O)N(CC)CC)cc1)n2C,P00533,
NS(=O)(=O)c1ccc(CNc2nc(-c3ccsc3)nc3ccccc23)cc1,P00533,
N[C@H]1COC2(CCN(C(=O)c3cnc4c(c3)ncn4Cc3ccccc3)CC2)C1,P00533,
Cc1cc(CNC(=O)N2CCc3ccccc3[C@H]2CO)on1,P00533,
CC(C)n1nccc1C(=O)N1CCCC[C@@H]1c1ncc(Cc2ccccc2)o1,P00533,
Cc1ccc(CCC(=O)NCCc2ccccn2)cc1Cl,P00533,
Cc1nc(C)c(C(=O)Nc2cccc(CN3CCC(CO)CC3)c2)o1,P00533,
O=C(NCc1cccc(F)c1)N1CCC[C@H](c2nccn2CC2CCC2)C1,P00533,
Cc1cc(C)cc(NC(=O)c2cc(C(C)C)n([C@@H]3CCS(=O)(=O)C3)n2)c1,P00533,
CCC(=O)NCCc1nc2ccccc2n1C,P00533,
O=C(NC[C@@H](c1cccnc1)S(=O)(=O)c1ccccc1)c1ccc(=O)[nH]n1,P00533,
O=C(CSc1nsc(SCC(=O)Nc2ccccc2)n1)Nc1ccccc1,P00533,
COc1cc(NC(=O)C(C)C)c(OC)cc1Cl,P00533,
CS(=O)(=O)c1ccc2nc(NC(=O)COc3ccc(Cl)cc3Cl)sc2c1,P00533,
Cc1cccc([C@@H]2CCCN(C(=O)[C@H]3CC[C@@H](O)CC3)C2)c1,P00533,
CC(C)Cn1c(CC(F)(F)F)nnc1N1CCO[C@@H](C(C)C)C1,P00533,
Cn1ccnc1-c1ccc2n(c1=O)C[C@H]1C[C@@H]2CN(C(=O)CCN2CCCC2=O)C1,P00533,
CCOCC(=O)N1CCC2(CCCN(Cc3ccncc3)C2=O)CC1,P00533,
Cc1cccc(NC(=O)Cn2cccc2-c2nc(-c3ccc(F)cc3)no2)c1,P00533,
CCS(=O)(=O)c1ccc(CC(=O)Nc2ccc(-c3nc4ccccc4[nH]3)cc2)cc1,P00533,
CO[C@H](CS(=O)(=O)Nc1nc(C)c(Cl)cc1Cl)c1ccc(F)cc1,P00533,
CN(C)c1cc(C(=O)N2CCN(C(=O)CC(C)(C)C)CC2)nnc1C1CC1,P00533,
CN(Cc1ccc2nonc2c1)C(=O)[C@@H]1CCCN(c2ccccn2)C1,P00533,
Cc1ccc(SCC(=O)NC(C)C)cc1,P00533,
O=C(CCOc1ccccc1)NC[C@@H](c1ccc(F)cc1)N1CCCC1,P00533,
CCc1ccc(-n2nnc(-c3nc(-c4ccc5c(c4)OCO5)no3)c2C)cc1,P00533,
CCOc1ccc(C(=O)N2CC(=O)N[C@@H](Cc3ccccc3)C2)cc1OCC,P00533,
COc1ccc(NC(=O)[C@@H]2CCCN(c3ccc(Cl)nn3)C2)cc1,P00533,
O=C(Nc1ccc2[nH]c(=O)[nH]c2c1)[C@@H]1CCCN(S(=O)(=O)c2ccc(F)cc2)C1,P00533,
COc1cc(CN[C@@H]2CC[C@H](C)C2)cc(OC)c1,P00533,
Cc1ccc(C)c([C@H](C)NC(=O)c2ccc(CN3CCCC3)cc2)c1,P00533,
Cc1nn(C)c(C(=O)N2CCC3(CC2)OCCc2ccsc23)c1Cl,P00533,
Cc1nc(C[C@H]2CCCN(C(=O)[C@H]3CCCN3)C2)no1,P00533,
COCC[C@]1(NS(C)(=O)=O)CCN(C(=O)CCc2nc3ccccc3[nH]2)C1,P00533,
CC(C)COC(=O)c1nc2ccccc2nc1NCCc1ccccc1,P00533,
COc1ccc(C(=O)c2cnc3ccc(OC)cc3c2N2CCN(c3ccccc3)CC2)cc1,P00533,
COc1ccc(CC(=O)N[C@@H]2Cc3ccccc3[C@H]2O)cc1,P00533,
COc1cc(F)ccc1CC(=O)NCc1ccncn1,P00533,
O=C(CCC1CCCC1)N1CCC[C@@]2(C1)CN(c1ccc(F)cc1)C(=O)CO2,P00533,
Cc1ccc(C(=O)NCc2ccc3c(ccn3C)c2)cc1Br,P00533,
Cc1cccc(-c2noc([C@@H]3CCCN3S(=O)(=O)c3cccc(Cl)c3C)n2)c1,P00533,
CNC(=O)Cc1noc(Cc2c[nH]c3ccccc23)n1,P00533,
CCc1ccc2[nH]c3c(c(=O)c2c1)CN(CC(=O)Nc1cccc(C#N)c1)CC3,P00533,
CC(=O)N1CCC[C@@]1(Cc1cc(-c2ccccc2)no1)C(=O)NC[C@H]1CCCO1,P00533,
Cc1ccc(Sc2ncccc2C(=O)NCCc2ccc(S(N)(=O)=O)cc2)c(C)c1,P00533,
Cc1c(NC(=O)CSc2nnc(-c3ccncc3)n2-c2ccc(Cl)cc2)c(=O)n(-c2ccccc2)n1C,P00533,
CC(C)Cn1c(-c2ccco2)nc2ccccc21,P00533,
COc1cccc2c1CC[C@@H]2NS(=O)(=O)CCc1ccccc1,P00533,
O=C(CSc1ccc(N2CCCCC2)nn1)Nc1ccc2c(c1)OCO2,P00533,
Cc1nnc(NC(=O)c2cc(-c3ccc(F)cc3)c[nH]2)s1,P00533,
Cc1ccc([C@H](C)NS(=O)(=O)c2cccs2)cc1,P00533,
CCc1cccc(NC(=O)CCC(=O)N[C@H](c2ccccc2)c2nccn2C)c1,P00533,
Cc1ccccc1Cn1nnc2c(=O)n(Cc3nc(-c4cccc(Cl)c4)no3)cnc21,P00533,
O=C(N[C@H]1COc2ccccc21)N1CCCc2ccccc2C1,P00533,
C[C@@H]1C[C@@H](C)CN(CCNc2ccc(S(N)(=O)=O)cc2C#N)C1,P00533,
C[C@H](Oc1ccc(Br)c(Cl)c1)C(=O)O,P00533,
Cc1cc(NC(=O)c2c(-c3c(Cl)cccc3Cl)noc2C)n(C)n1,P00533,
Cc1ccc(NC(=O)[C@H](C)OC(=O)c2n[nH]c(=O)c3ccccc23)c(C)c1,P00533,
COc1cc2c(cc1OC)[C@H](NC(=O)c1ccc(Cn3cnnn3)cc1)CC2,P00533,
Cc1nnc(-c2ccc(C(F)(F)F)cc2CO)s1,P00533,
CCc1ccc(C(=O)N2CCCC[C@@H]2C(=O)N2CCOCC2)cc1,P00533,
O=C(NC1CCC1)C1CCN(C2CCN(CC3CC3)CC2)CC1,P00533,
Cc1nc(Br)cc(N2CCC(C)CC2)n1,P00533,
O=C1Nc2ccc(F)cc2[C@@]12CC(O)=Nc1c2cnn1Cc1ccc(Cl)cc1,P00533,
O=C(CCc1nc(-c2ccccc2)no1)NCc1noc(CCc2ccccc2)n1,P00533,
CCS(=O)(=O)NC[C@H](c1cccnc1)S(=O)(=O)c1ccc(F)c(C)c1,P00533,
COc1cc(-c2ccnc(NC(C)=O)c2)ncc1C,P00533,
N#Cc1cccc(NC(=O)CCC(=O)N2CC(=O)Nc3ccccc32)c1,P00533,
CCN1CCN(CCNC(=O)c2cnn(-c3ccc(F)cc3)c2-n2cccc2)CC1,P00533,
O=C([C@@H]1CCCN1C(=O)Cc1ccccc1)N1CCN(c2cccc(O)c2)CC1,P00533,
O=C(NC1CCOCC1)[C@H]1CCCN(c2ncc(C(F)(F)F)cc2Br)C1,P00533,
CCn1ncc2cc(-c3nc(Cc4cccs4)no3)c(C)nc21,P00533,
O=C(CSc1nc(C(F)(F)F)cc(=O)n1-c1ccccc1)c1ccc(Br)cc1,P00533,
COc1cccc(CNC(=O)Cn2nc(-c3ccc(Br)cc3)ccc2=O)c1OC,P00533,
CCC(CC)n1ccc(C(=O)NC(C)(C)c2cc(C(F)F)on2)n1,P00533,
O=C1Nc2ccc(F)cc2C2(CNC2)O1,P00533,
CN(C)S(=O)(=O)N1C[C@H]2CN(Cc3ccncc3Cl)C[C@@]2(CO)C1,P00533,
CCOC(=O)N1CCN(c2ncc(S(=O)(=O)c3ccccc3)c(N)n2)CC1,P00533,
O=C(Nc1ccccc1C(=O)O)c1ccc(NC(=O)C2CCCCC2)cc1,P00533,
Cc1ccc(C)c(Cn2nc(-c3nc(C)no3)ccc2=O)c1,P00533,
Cc1cc(NC(=O)N2CC[C@@H](Nc3ccc4nccn4n3)C2)no1,P00533,
Cn1ccc(N2CCC[C@H](NC(=O)N3CC[C@H]4CCCC[C@H]43)C2=O)n1,P00533,
COc1ccc(NC(=O)C2CCN(S(=O)(=O)c3ccc(OC)c4ncccc34)CC2)cc1,P00533,
CN1[C@@H](CC(=O)N2CCOCC2)CC[C@H]1CNC(=O)c1cc2ncccn2n1,P00533,
O=C(CCc1nc2ncccn2n1)N[C@H]1COc2c(Cl)cc(Cl)cc21,P00533,
O=C(CSc1nccc(N2CCCCCC2)n1)Nc1ccc(Br)cc1F,P00533,
Cc1cc(-c2nn[nH]n2)cc(C)c1CN[C@@H]1CCC[C@]12CCCO2,P00533,
O=C(CN1CCN(Cc2ccccc2)CC1)Nc1nc2c(s1)CCCC2,P00533,
CCN(CC)C(=O)CN1CCCN(c2nccc(C)n2)CC1,P00533,
Cc1nn(Cc2ccccc2)c(Cl)c1C(=O)O[C@H](C)C(=O)N1CCCc2ccccc21,P00533,
Cc1cc(F)c(C#N)c(N2CC(Oc3cnn(C)c3)C2)c1,P00533,
CCCn1cc(S(=O)(=O)c2ccc(C)cc2)c(=O)c2cc(F)c(N3CCC(C)CC3)cc21,P00533,
Cc1cnc2ccnn2c1C1CCN(C(=O)CCn2ccnc2C)CC1,P00533,
Cc1ncc2c(n1)[C@@]1(CCCN(C(=O)c3ccc(N4CCOCC4)nc3)C1)CC2,P00533,
CC(=O)N1CCC[C@@H]1C(=O)N[C@H](C)c1ccc(C(F)(F)F)cc1,P00533,
Cc1cc(OCC(=O)Nc2ccc3c(c2)OCO3)nc(N2CCCC2)n1,P00533,
O=C(NC1CCN(Cc2ccncc2)CC1)N[C@@H]1COc2ccccc2[C@@H]1O,P00533,
COc1cccc(-c2nnnn2[C@H]2CO[C@H]3[C@@H]2OC[C@@H]3NC(=O)N2CCOCC2)c1,P00533,
CCn1nc(C(C)C)cc1C(=O)N1CCC[C@@H](c2ccn[nH]2)C1,P00533,
CCNS(=O)(=O)c1ccc(C(=O)NCc2ccc(-c3csc(C)n3)cc2)cc1,P00533,
O=c1c(Cc2ccccc2)c(O)c2cccc3c2n1CC3,P00533,
O=S(=O)(c1ccccc1)n1ccc2c(-c3cc(F)cc(F)c3)ccnc21,P00533,
CCCn1cc(C(=O)N2CCC[C@@H](COc3ccccc3F)C2)c(C)n1,P00533,
COc1ccccc1C(=O)CCc1ccc(C)cc1,P00533,
O=C(NCCc1cccs1)[C@H]1C[C@H]2OCC[C@H]2N(C2CCCC2)C1,P00533,
CC(=O)c1cccc(NC(=O)c2cc3c(=O)n4cccc(C)c4nc3n2C)c1,P00533,
Cc1ccc(N2CCC[C@H](c3nncn3C3CC3)C2)nc1C#N,P00533,
C[C@@H](NC(=O)NCc1ccccn1)c1ccccc1Cl,P00533,
CSCC[C@H](C(=O)Nc1ccc(Cn2cncn2)cc1)n1c(O)nc2ccccc2c1=O,P00533,
Cc1ccc(-n2ccnc(SCC(=O)NCc3ccccc3)c2=O)cc1,P00533,
CNC(=O)Cc1ccc(NC(=O)Cc2ccc(CN)cc2)cc1,P00533,
C[C@@H]1CCN(C(=O)c2cncc(Br)c2)C[C@@H]1NC(=O)c1ccc2cncc(Br)c2n1,P00533,
C[C@@H](NC(=O)CN1CCN(C(=O)OC(C)(C)C)CC1)c1cccc(F)c1,P00533,
COc1ccc(OC)c(NC(=O)Cn2cnc3c(Cl)cc(Cl)cc3c2=O)c1,P00533,
COc1ccc(S(=O)(=O)N2CCC(C(=O)/N=c3/sc4ccccc4n3C)CC2)cc1,P00533,
CCNC(=O)[C@@H]1C[C@H](NC(=O)CCSC)CN1Cc1cnn(C)c1C,P00533,
CO[C@H]1C[C@@H](CN(C)C)N(Cc2csc(NC(C)=O)n2)C1,P00533,
CCCN(CC(=O)NC)C(=O)c1ccc(C)c(NC(=O)c2ccccc2)c1,P00533,
Cc1cc2sc(N)nc2c2cccnc12,P00533,
COc1ccccc1CCNC(=O)CN1CCC[C@]2(CCc3cnc(-c4ccccc4)nc32)C1,P00533,
CC(C)(C)c1ccc(=O)n(C2CCN(C(=O)COc3ccc(F)cc3)CC2)n1,P00533,
Cc1nc(Nc2ccc(NC(=O)C(C)C)cc2)cc(N2CCCCC2)n1,P00533,
CCCn1c(=O)c(C(=O)N2CCC[C@H](C(=O)OCC)C2)nn(-c2ccccc2)c1=O,P00533,
CCc1ccccc1NC(=O)c1ccc(N2C(=O)C(C)(C)CS2(=O)=O)cc1,P00533,
COc1cc(NC(=O)c2c(C)ccn(Cc3cnc(C)cn3)c2=O)ccn1,P00533,
Cc1cccc(N2CCN(C(=O)Cn3c(=O)c(C)nc4cc(C)c(C)cc43)C[C@H]2C)c1,P00533,
CCc1nn2c(c1-c1ccc(C)c(S(=O)(=O)Nc3ccc(F)cc3)c1)NC(=O)CCC2=O,P00533,
Cc1cccc(-c2nc(CNS(=O)(=O)N3CCN(C)CC3)cc(=O)[nH]2)c1,P00533,
CC(C)CNC(=O)c1nsc(C(=O)O)c1N,P00533,
Cc1ccsc1[C@@H]1CCN(Cc2cccnc2N)C[C@H]1O,P00533,
Cc1cccc(CC(=O)N[C@H]2C[C@H]2c2ccccc2)c1Br,P00533,
Cc1nnc2n1[C@@H](C)CN(C(=O)c1ccc3c(c1)CCO3)C2,P00533,
C[C@H]1CCC[C@@]1(NC(=O)c1ncnc2ccsc12)C(=O)O,P00533,
CCCS(=O)(=O)N1CCc2ccc(NC(=O)Nc3ccc(Cl)cc3F)cc21,P00533,
O=C(NCc1ccco1)c1cccn1Cc1nc(-c2ccccc2)no1,P00533,
Cc1ccc([C@@H]2CN(Cc3cccc(C#N)c3)C[C@H]2NC(=O)C2CC2)cc1,P00533,
Cn1cc(N)c(C(=O)NCc2ccco2)n1,P00533,
CCOC(=O)c1cc(-c2ccc(Cl)c(Cl)c2)[nH]n1,P00533,
Cc1cc(C)cc(NC(=O)N2CCNC(=O)[C@H]2CC(=O)Nc2cc(Cl)ccc2Cl)c1,P00533,
O=C(NCCn1ccnc1)c1ccn2c(-c3ccco3)cnc2c1,P00533,
COC(=O)c1cc(OC)ncc1C(F)(F)F,P00533,
CCC(C)(C)NCc1ccc(F)c(C)c1,P00533,
Cc1nn(-c2cccc(Cl)c2)nc1C(=O)N1CC[C@@H](N)C[C@@H]1C,P00533,
Cc1cccc(N2CCC[C@@H](CNC(=O)c3ccccc3)C2)n1,P00533,
O=S1(=O)CC[C@@H](Nc2ncnc3ccsc23)C1,P00533,
COc1cc2c(N3CCCC[C@@H]3CN3CCOCC3)ncnc2cc1F,P00533,
C[C@@H](Oc1ccccc1)C(=O)Nc1nnc(C2CCCCC2)s1,P00533,
COc1ccc(N2C(=O)[C@@H](Oc3ccccc3F)[C@H]2c2cccnc2)cc1,P00533,
O=C1C[C@@H]2COC[C@H](CN1)N2C(=O)c1cc(Br)cc2[nH]cnc12,P00533,
Cc1ccccc1NC(=O)c1nnc([C@@H]2CCCN(C(=O)Nc3ccccc3C)C2)s1,P00533,
COc1ccc(CNC(=O)Cn2ccc3cc(S(=O)(=O)N4CCCCC4)ccc32)cc1OC,P00533,
COc1ccc(C(=O)NCCN(C(C)C)C(C)C)c(O)c1,P00533,
O=C(Nc1nnc(Cc2ccccc2F)s1)c1ccccc1Cl,P00533,
Cc1cc(C)c(NC(=O)Cn2nc(S(=O)(=O)c3ccccc3)ccc2=O)c(C)c1,P00533,
COc1ccc(-c2cc3n(n2)[C@H](NCc2ccc(F)cc2F)CNC3=O)cc1,P00533,
Cn1cccc1[C@H]1COCCN1C(=O)c1cccc(F)c1,P00533,
O=C(Nc1cccc(-n2cnnn2)c1)[C@@H]1CCCN(C(=O)C2=CCCC2)C1,P00533,
CCCN(Cc1ccccc1F)C[C@H]1[C@@H]2CNC[C@@H]21,P00533,
O=C(c1cnccn1)N1CC(C(=O)N2CCn3c2nc2ccccc23)C1,P00533,
CC(C)(C)C(=O)C(C#N)=c1sc(=Cc2ccco2)c(=O)n1-c1cccc(Br)c1,P00533,
CN(C)C(=O)[C@@H]1CCCN(CCS(=O)(=O)c2cc(Cl)ccc2Cl)C1,P00533,
O=C(Cn1nc2c3scc(-c4ccc(F)cc4)c3ncn2c1=O)Nc1ccc(Br)cc1,P00533,
CCc1ccc([C@H](C)NCc2cccc(O)c2)cc1,P00533,
Cc1noc2nc(-c3ccco3)cc(C(=O)NCc3cccc(Cl)c3)c12,P00533,
Cc1nc(-c2cccc(F)c2)sc1C(=O)N1CCO[C@@H](c2ccccc2)C1,P00533,
O=C(CN1CCCC1=O)NCC1CCN(Cc2cccs2)CC1,P00533,
O=C(Cn1cnc2scc(-c3cccs3)c2c1=O)NC(=O)Nc1ccccc1,P00533,
O=c1cc(Cc2ccccc2)nc(Nc2ccccc2)[nH]1,P00533,
Cc1nnc(SCC(=O)Nc2ccc(F)cc2F)c2cc3sccc3n12,P00533,
Cc1cccc(-c2nnc(SCC(=O)Nc3ccccc3C)n2C)c1,P00533,
Cc1noc(C)c1[C@H](C)CC(=O)NC1(C)CCCCC1,P00533,
CC(C)(C)OC(=O)NCc1cccc(-c2ccccc2)c1,P00533,
CCn1ncn2cc(S(=O)(=O)Nc3ccccc3C)cc2c1=O,P00533,
CCO[C@H]1C[C@@](NC(=O)c2cc3cc(F)ccc3[nH]2)(C(=O)O)C1(C)C,P00533,
O=C1C[C@H](C(=O)Nc2ccc3nc(-c4ccc(F)cc4)oc3c2)CCN1,P00533,
O=C(C1CCOCC1)N1CCC[C@H](OCc2cccnc2)C1,P00533,
CCC(=O)Nc1nc2ccc(NC(=O)c3cc(OC)c(OC)c(OC)c3)cc2s1,P00533,
O=C(N[C@@H]1CCN(CCN2CCOCC2)C1)c1cccc2cccc(Br)c12,P00533,
Cc1cc(C(=O)NCc2cccnc2)c2c(C)nn(C)c2n1,P00533,
COc1ccc(-c2noc(CN3CCN(C[C@@H]4CCCO4)CC3)n2)cc1,P00533,
CN(Cc1ccc(Cl)c2cccnc12)c1ccccc1,P00533,
CCC(=O)Nc1ccc(-c2cc(C(=O)NC[C@@H]3CCCO3)c3ccccc3n2)cc1,P00533,
COc1ccc(-c2noc(C(=O)NCc3cc(C)nc4ccccc34)n2)cc1OC,P00533,
CC(=O)N[C@H]1CCCN(c2ccc(C#N)cc2)C1,P00533,
C[C@H](Oc1ccc(Cl)cc1Cl)C(=O)N1CCN(C)CC1,P00533,
N[C@@H](CC(=O)N1CCC[C@@H]1CCc1ccccc1)C1CC1,P00533,
Cc1nc([C@H]2CCCN(C(=O)C3CCCC3)C2)nc(C)c1CC(=O)NC1CCCCC1,P00533,
CC[C@@H](C(=O)NCc1ccc(OC)cc1)N1C(=O)CCCc2ccccc21,P00533,
C[C@@]12C[C@H]3CN(C(=O)c4ccc5ccccc5n4)[C@@H]1CCCC[C@@H]2N3,P00533,
CN(C)[C@@H]1C[C@@H]2C[C@H](N(C)c3ccc(S(C)(=O)=O)cn3)C[C@@H]2C1,P00533,
C[C@H](CO)N1CCN(c2cc(NCC3CC3)ncn2)CC1,P00533,
CCCOc1ccc(CNC(=O)CCn2ccn3nc(-c4ccc(F)cc4)cc3c2=O)cc1,P00533,
COC(=O)c1cnc([C@H](N)c2ccccc2)[nH]1,P00533,
O=C(C1CCSCC1)N1CCC[C@H]1[C@H]1CCCO1,P00533,
O=C1CCCC[C@@H]1n1nnc(-c2ccc(Br)cc2)n1,P00533,
CCC1=C(c2ccc(C)cc2)S(=O)(=O)N=C1N1CCC(C(=O)NCc2ccc(OC)cc2)CC1,P00533,
COc1ccccc1N1CCN(C(=O)c2ccc(S(=O)(=O)N3CCOCC3)cc2)CC1,P00533,
Cc1cc(NC(=O)N(C)Cc2ccc(F)cc2)no1,P00533,
N#Cc1ccnc(CC(=O)Nc2nccc3cnccc23)c1,P00533,
CO[C@@H](CNS(=O)(=O)c1ccc2c(c1)CCCNC2)c1cccc(F)c1,P00533,
Cc1noc(C)c1CCC(=O)N1CCn2nc(Cc3ccccc3)cc2C1,P00533,
COc1cc(CNC(=O)N2CCC[C@@H](c3ccccc3C)C2)ccc1O,P00533,
COC(=O)c1cn(-c2cccc(S(=O)(=O)N3CCN(C)CC3)c2)cc2c(O)nnc1-2,P00533,
CN(Cc1ccccc1)[C@H]1[C@H](O)[C@@H](Oc2cccc(C(F)(F)F)c2)C[C@@H]1NC(=O)OC(C)(C)C,P00533,
COc1ccc(-c2cnc3n2CCN(C(=O)[C@H]2CCCCN2C)CC3)cc1,P00533,
CCc1ccc2[nH]c3nc(SCC(=O)NC4CCCC4)nnc3c2c1,P00533,
Cc1nc2cc(NC(=O)C3CN(S(C)(=O)=O)C3)ccc2s1,P00533,
O=C(C[C@@]1(O)C(=O)N(CCc2ccccc2)c2ccccc21)c1ccc2c(c1)OCCO2,P00533,
CNC(=O)[C@@]1(C)CN(C(=O)c2ccc(Cl)cc2)CCO1,P00533,
Cc1ccc(C(=O)NCC[C@H]2CCCN2C)cc1,P00533,
O=C(NCCn1c(=O)[nH]c2ccsc2c1=O)c1ccc(OC(F)(F)F)cc1,P00533,
CC[C@H]1CN(C(C)=O)CC[C@H]1CC(=O)NC1CCCCC1,P00533,
COc1cc([C@@H]2CC(=O)Nc3nc(SCc4ccc(F)cc4)[nH]c(=O)c32)ccc1OC(C)C,P00533,
O=C(O)c1ccc(N2CCC3(CC2)CN[C@@H](C(=O)O)C3)nc1,P00533,
CCc1cccc(-n2nc(C)c3c2NC(=O)C[C@H]3C(=O)c2ccc(Cl)s2)c1,P00533,
O=C1Nc2ncccc2O[C@@H]1CCN1CCN(c2ccccc2)CC1,P00533,
Cc1ncc(C(=O)N[C@H]2C[C@H]3CO[C@@H](C)CN3C2)c(-c2ccccc2)n1,P00533,
Cn1cc(C(N)=O)c([C@@H]2CCCN(c3ncnc4scnc34)C2)n1,P00533,
Cc1[nH]ncc1S(=O)(=O)N1CCC[C@H]1c1nncn1CC(C)C,P00533,
COc1cc(=O)n(C)cc1C(=O)N(C)C1CN(c2nccnc2C#N)C1,P00533,
CCc1nc2ccccc2c(C(=O)OCC(=O)c2ccc3c(c2)OCCO3)c1C,P00533,
COc1ccc2oc(C)c(C(=O)Nc3ccc4oc(=O)[nH]c4c3)c2c1,P00533,
NC(=O)NCC(=O)N1C[C@@H](c2cccc(F)c2F)[C@@H]2[C@H]1C1CCN2CC1,P00533,
C[C@H](Oc1ccc(F)cc1)C(=O)NC1(c2ccc(F)cc2)CC1,P00533,
O=C(Cn1cc(Cl)cn1)N[C@@H]1CCC[C@@H]1N1CC[C@H](O)C1,P00533,
CCOC(=O)[C@@H](CCSC)NC(=O)c1c(-c2c(F)cccc2Cl)noc1C,P00533,
NC(=O)NC[C@@H]1CCCCN1C(=O)Cc1c[nH]c2cc(Cl)ccc12,P00533,
O=C(c1c[nH]nc1-c1cc2ccccc2o1)N1CCc2cnccc21,P00533,
O=C(CN1CCN(C(=O)Cc2cccc3cccnc23)CC1)C1CC1,P00533,
O=C(Cn1c([C@H]2CC(=O)N(Cc3ccc(F)cc3)C2)nc2ccccc21)N1CCCCC1,P00533,
CCOc1ccccc1NC(=O)[C@H](C)NS(=O)(=O)c1ccc(Cl)cc1,P00533,
Nc1nc2c(s1)[C@@H](c1ccccc1OCc1cccc(F)c1)CC(=O)N2,P00533,
O=C(CCn1nnnc1CN1CCOCC1)N1CCN(C/C=C/c2ccccc2)CC1,P00533,
COC(=O)[C@@H]1CC(C)(C)C(=O)N1C(=O)OC(C)(C)C,P00533,
CN(C)c1nc2c(c(=O)[nH]1)CC[C@]21CCCN(Cc2ccc(C(=O)O)cc2)C1,P00533,
CC(C)C(=O)Nc1ccc2c(c1)cc(C(=O)NCc1ccco1)n2Cc1ccc(F)cc1,P00533,
CN(CCC(=O)O)C(=O)[C@@H]1CCC(=O)N(C)[C@@H]1c1ccc(C(F)(F)F)cc1,P00533,
CC(C)(C)c1cncc(NC(=O)N2CCC=C(c3ccncc3)C2)c1,P00533,
Cc1noc(C)c1CN1C(=O)CC[C@@H](C(=O)O)[C@H]1c1cccc(F)c1,P00533,
COC[C@@H](Oc1ccc(Br)cc1)C(N)=O,P00533,
Cc1nnc([C@@H]2C[C@H](CNc3ncncc3Br)[C@H](O)C2)[nH]1,P00533,
C[C@@H]1CN(C(=O)c2ccc(S(=O)(=O)C(F)(F)F)cc2)CCN1,P00533,
Cc1nc(C)c(C(=O)N2CCN(c3ccc(C#N)c(C(F)(F)F)c3)C[C@@H]2C(=O)NC2CC2)s1,P00533,
O=C(COC(=O)[C@@H]1CCCN1C(=O)Oc1ccccc1)c1ccc(Cl)cc1,P00533,
CC(C)(C)OC(=O)N1CC(Oc2cc(-c3ccccc3CO)ccc2OC(F)(F)F)C1,P00533,
Cc1c[nH]cc1C(=O)NC[C@H]1CC(C(F)(F)F)=NO1,P00533,
N#CC1(c2ccccc2)CCN(Cc2cc(F)cc(F)c2)CC1,P00533,
O=C(Cn1cnc2c(c1=O)CCC2)c1ccc2c(c1)OCCO2,P00533,
COc1ccc(NC(=O)CN2C(=O)C(C)(C)c3cc(C)ccc32)cc1,P00533,
CC[C@@H]1CN(C)CCN1C(=O)Cc1cccc(COC)c1,P00533,
CNc1ccc(Cl)cc1CN(Cc1ccn(C)c1)C(=O)[C@@H](C)O,P00533,
O=C(O)c1ccc(C(=O)N(CCc2ccccc2)[C@@H]2CCOC2)o1,P00533,
CO[C@@H]1CCC[C@@]12CCCN(C(=O)c1ccc(COc3ccccc3)cc1)C2,P00533,
CCc1cccc(NC(=O)C[C@H](C)n2cccn2)c1,P00533,
CN(CC1(O)CCC1)C(=O)CCc1cncs1,P00533,
NC(=O)CN1CCC[C@H](C(=O)N2CCC[C@@H]2c2ccc(F)cc2)C1,P00533,
CC(=O)N1CCCSc2ccc(S(=O)(=O)NCc3ccc(F)cc3)cc21,P00533,
O=C(O)c1ccc(C(=O)N(Cc2ccncc2)C[C@H]2CCCO2)cc1,P00533,
O=C(O)[C@@H]1C[C@H]2C[C@]1(c1ccc(Cl)cc1)C2,P00533,
CC(C)n1cncc1CN1CCC2(CC1)OCCc1sccc12,P00533,
CCOc1ccccc1N1CCN(S(=O)(=O)c2nn(C)cc2C(=O)NCc2ccco2)CC1,P00533,
COc1ccccc1OCC(=O)Nc1ccc(Cl)cc1C(=O)c1ccccc1,P00533,
O=C(c1ccc(O)cc1)N1CCN(C(=O)c2ccc(-c3ccc(Cl)cc3)cc2F)CC1,P00533,
COc1ccc(CCNc2nc(C(F)(F)F)nc3ccccc23)cc1OC,P00533,
CC[C@@H]1CCCCN1c1cc(-n2nc(C)cc2C)ncn1,P00533,
Cc1noc(C)c1-c1noc([C@H]2CCC[C@@H](C(F)(F)F)C2)n1,P00533,
O=C(CCCc1nnc2ccccn12)N1CCO[C@H](c2ccccc2)C1,P00533,
COc1ccc(-c2cc3c(=O)[nH]cnn3c2)cc1,P00533,
C[C@H](c1ccccc1)n1c(N)c(C(=O)NCCc2ccc(F)cc2)c2nc3ccccc3nc21,P00533,
CCc1nc(C(=O)N[C@H]2C[C@H](c3ccc(Br)cc3)C2)co1,P00533,
COc1ccc(CCN(Cc2ccncc2)Cc2coc3ccc(C)cc3c2=O)cc1OC,P00533,
CC[C@H](Sc1nnc2c3ccccc3n(C)c2n1)C(=O)Nc1ncccc1Cl,P00533,
COC[C@@H]1CCCN(Cc2cn(-c3cccc(C)c3)nc2-c2cccc(F)c2)C1,P00533,
CN(Cc1nc2ccccc2c(=O)[nH]1)C(=O)Cc1ccc2c(c1)OCCO2,P00533,
CC(=O)c1cn(CC(=O)N2CC[C@@]3(O)CCCC[C@@H]3C2)c2ccccc12,P00533,
O=c1c2nccnc2ncn1C[C@H](CO)Cc1ccco1,P00533,
NC(=O)c1cccc(S(=O)(=O)NCc2ccco2)c1,P00533,
C[C@]1(Cc2cccc(F)c2)CCCN1C(=O)NCc1cocn1,P00533,
O=S(=O)(c1ccc(-c2ccccc2)cc1)N1CCC[C@H]1C1(O)CC1,P00533,
COc1ccc(-n2nc3c(c2NC(=O)CCCc2ccccc2)CS(=O)(=O)C3)cc1,P00533,
COC(=O)c1c(O)nc(-c2ccccc2)nc1Sc1c[nH]c2ccccc12,P00533,
COc1cccc(NC(=O)NCCc2n[nH]c(Cc3ccc(C)cc3)n2)c1,P00533,
C[C@H]1CCCN(Cc2csc(NC(=O)c3ccccc3F)n2)C1,P00533,
Cc1cc(C(F)(F)F)nc(CCNC(=O)Nc2cccs2)n1,P00533,
CCOC(=O)c1c(C(F)(F)F)cc(Br)cc1C(F)(F)F,P00533,
COc1cccc(-c2nnc(O)c3c2[C@H](c2ccc(Br)cc2)n2nnnc2N3)c1,P00533,
Cc1c(NC(=O)c2cccnc2)cccc1NC(=O)C1CC1,P00533,
CCc1ccc(-c2cc(O)cc(C(=O)O)c2)cc1,P00533,
CCN(Cc1nc2c(s1)C[C@@H](C)CC2)C(=O)[C@H](Cn1cncn1)NC(=O)OC(C)(C)C,P00533,
C[C@H](c1ccc(-c2cn(C)cn2)cc1)N1CCOCC1,P00533,
CN1CCN(C(=O)c2cc(COc3ccc(F)cc3F)on2)C[C@H]1c1ccccc1,P00533,
C[C@@H](Sc1cc(Cl)ccc1Cl)C(=O)NC1=NCC(=O)N1,P00533,
CC(=O)c1cc(CN2C[C@@H](Cc3ccncc3)[C@H](O)C2)n(C)c1,P00533,
C[C@@H]1CCCC[C@@H]1CC(=O)NCc1ccc(-n2cncn2)cc1,P00533,
COc1ccc(C[C@@H](CN)CO)cc1-c1cc(F)cc(Cn2ccnc2)c1,P00533,
COC[C@@H](Oc1ccc(F)c(Cl)c1)C(=O)O,P00533,
CNc1ccc(-c2ccc(C)c3ccccc23)cn1,P00533,
CC1CCN(CC(=O)N2CCC[C@](O)(COc3ccc(F)cc3)C2)CC1,P00533,
Cc1cc(=O)c2ccccc2n1CC(=O)N1CCC[C@@]2(CN(C)C(=O)O2)C1,P00533,
O=C(Nc1ccccc1F)N1CCC[C@@H](c2nc(C3CCOCC3)no2)C1,P00533,
O=C(COc1cccc2c1CCC[C@H]2O)Nc1ccc(Cl)cc1,P00533,
COc1ccc(C(=O)N2C[C@H]3CC[C@@H]2CN(C(=O)c2ccccc2)C3)c(O)c1,P00533,
CCOc1cccc([C@H](N)C2CCC2)c1,P00533,
COCc1ccc(CN2CCC[C@H](C(=O)c3cccc(OC(C)C)c3)C2)o1,P00533,
CCCCS(=O)(=O)N1CCN(c2cccc(C(F)(F)F)c2)CC1,P00533,
CC(C)c1cccc(-c2ccc(CC#N)c(F)c2)c1,P00533,
Cc1oc2cc(OCC(N)=O)ccc2c(=O)c1-c1ccc(Br)cc1,P00533,
COc1ccc([C@@H]2[C@@H]3CN(C(=O)c4cnc5ccnn5c4C)C[C@@H]3CN2C)cc1,P00533,
COc1cccc(N2CCN(c3cc(C#N)ccn3)CC2)c1,P00533,
NC(=O)c1ccc(NC(=O)c2cccn(Cc3cccc(F)c3)c2=O)cc1,P00533,
O=C(NCc1ccco1)[C@@H]1CCCN(S(=O)(=O)Cc2ccc(Cl)cc2)C1,P00533,
Nc1c(-c2nnc(SCC(=O)N3CCOCC3)n2C2CC2)sc2ncccc12,P00533,
O=C(NCc1cccc(CO)c1)N1CCC2(CCCCC2)C1,P00533,
COc1ccc([C@H]2CCCN2C(=O)Nc2cc(Cl)cc3c2OCC3)cc1,P00533,
O=C(CN1CC[C@](O)(COc2ccc(F)cc2)C1)Nc1ccccn1,P00533,
Cc1ccsc1CN(C(=O)c1ccccc1Cl)[C@H]1CCS(=O)(=O)C1,P00533,
CCOC(=O)c1ccc(NCCN(C)C)cc1,P00533,
Cc1cccc(CN2C[C@H]3C[C@@H]2CN3Cc2ccc(Br)cn2)c1,P00533,
CCN(CC)C(=O)c1cnc([C@H]2CCCCN2C(=O)C2CCC2)nc1C,P00533,
CCN(C(=O)CSc1nc2sc(C)c(C)c2c(=O)n1CC)[C@H]1CCS(=O)(=O)C1,P00533,
CC(C)n1ccnc1[C@@H]1CN(C(=O)Cc2ccco2)Cc2ccccc21,P00533,
CCOC(=O)c1ccc(NC(=O)c2ccc(OC)c(OC)c2)cc1,P00533,
O=C(NC[C@@H](C(=O)O)c1ccc(F)cc1)[C@@H]1CCCOC1,P00533,
O=C(NCCc1c[nH]c2ccccc12)[C@@H]1CCCC[C@H]1C(=O)N1CCc2ccccc21,P00533,
COc1cccc(-c2cnnc(N(C)Cc3ccncn3)n2)c1,P00533,
O=S(=O)(c1ccccc1)c1nc2ccccc2nc1/C=C/c1ccccc1,P00533,
CCOC(=O)[C@@H]1CCCN(C(=O)CCc2c(C)nc3c(c(C)nn3-c3ccc(C)c(C)c3)c2C)C1,P00533,
CCn1ccc(C(=O)N2CCN(C(=O)N3C[C@H]4C[C@H](C3)[C@H]3CCCC(=O)N3C4)CC2)n1,P00533,
COCC(=O)N1C[C@@H]2CN(c3nc4ccccc4n3C)C[C@@H]2C1,P00533,
COc1cc(CN2CC[C@H]3[C@H](CCC(=O)N3Cc3ccc(F)cc3)C2)cc2c1OCO2,P00533,
CCOC(=O)C[C@H](O)c1cc(OC(F)(F)F)ccc1Br,P00533,
O=C(CCC(=O)c1cccs1)NCc1cccc(NC(=O)C2CC2)c1,P00533,
Cc1ccc2cnn(C(=O)Nc3ccc(F)cc3)c2c1,P00533,
O=C(O)CC[C@H]1CCCCN1C(=O)Cn1nc2ccccn2c1=O,P00533,
Cc1cccnc1NC(=O)C1CCN(S(=O)(=O)c2c(C)noc2C=Cc2cccs2)CC1,P00533,
COc1ccc([C@@H]2C[C@@H](C(F)(F)F)n3nc(C(=O)Nc4cc(C)on4)cc3N2)cc1OC,P00533,
Clc1ccc(-n2cc(CN3CCO[C@@H]([C@@H]4CCCO4)C3)cn2)cc1,P00533,
Cc1ccc(C[C@@H]2CCCN(C(=O)c3ccc4[nH]nnc4c3)C2)cn1,P00533,
CSc1ccc(Cl)c(C(=O)Nc2ccccn2)c1,P00533,
Cc1csc2ncc(C(=O)N[C@@H]3CCCN(Cc4ccccc4)C3)c(=O)n12,P00533,
CCOc1cc(COC(=O)c2ccc(S(=O)(=O)N(C)C)cc2)ccc1OC(F)F,P00533,
Cc1cc(C(=O)NCCc2ccccc2)c2c(C)nn(-c3ccccc3)c2n1,P00533,
CCc1nccn1CC1CN(c2ccc(C(F)(F)F)cn2)C1,P00533,
CC[C@H](C)[C@H](CO)NC(=O)Cn1ncc2ccccc2c1=O,P00533,
Cc1ccnc(NC[C@@H]2CCN(Cc3nnnn3C3CC3)C2)c1,P00533,
CNC(=O)[C@@H]1CCCN(Cc2nc(-c3cccc(Oc4ccccc4)c3)oc2C)C1,P00533,
Clc1ccc(-c2noc(CCN3CC[C@@]4(CCCOC4)C3)n2)cc1,P00533,
COc1ccc(Cl)cc1NCCC(=O)N(C)Cc1ccccn1,P00533,
Cc1csc(-c2noc([C@@H](C)C3CC3)n2)n1,P00533,
Cc1nn(C(C)C)cc1C(=O)N(C)Cc1nccs1,P00533,
CCCN(C[C@H]1CCCO1)C(=O)c1cc(C(C)(C)C)nc(=O)[nH]1,P00533,
Cc1ccc(C(=O)N2CCCS(=O)(=O)C2)c2ccccc12,P00533,
O=C1C[C@H](Nc2ccnc(N3CCOCC3)n2)CN1Cc1ccccc1,P00533,
O=C(Nc1nc2c(s1)CN(C(=O)Nc1ccc(Cl)c(Cl)c1)CC2)c1ccoc1,P00533,
O=C(COc1ccc(F)cc1)N1CCC[C@H](c2nccnc2-c2ccc(F)cc2)C1,P00533,
Cc1[nH]nc(CCC(=O)NCc2nc3ccccc3o2)c1C,P00533,
OC[C@H]1CCCN(c2nccc(C(F)(F)F)n2)C1,P00533,
Cc1nnc(N2CCC(CNC(=O)C3CCOCC3)CC2)c2ccccc12,P00533,
COC(=O)[C@@](Nc1ccc(C)c(Cl)c1)(c1cc(OC)c(O)c(OC)c1)C(F)(F)F,P00533,
COc1cccc(C(=O)NCc2ccc(S(=O)(=O)N3CCCC3)s2)c1,P00533,
O=C(CC1CCN(C(=O)Nc2ccccc2)CC1)N1CCCCCC1,P00533,
O=C(Nc1cc(F)ccc1F)N1CCC[C@@H](c2nc(-c3cccs3)no2)C1,P00533,
C[C@@H]1CCCC[C@H]1NC(=O)COC(=O)c1cccc(C(F)(F)F)c1,P00533,
N#Cc1cccc(C(=O)NCc2csc(-c3cnccn3)n2)c1,P00533,
Cn1nc(CN(Cc2ccco2)C(=O)c2cccc(C(F)(F)F)c2)cc1C1CC1,P00533,
c1ccc(-c2ncc(CN3CCCC[C@@H]3c3nnc[nH]3)o2)cc1,P00533,
C[C@@H](Cc1cccnc1)NC(=O)c1cnc(O)cn1,P00533,
COc1ccc(Cn2c(=O)[nH]c3cc(C(=O)N[C@@H]4CCc5ccccc54)ccc32)cc1,P00533,
Cc1occc1CN(C)C(=O)C1CCN(c2ccc3nnnn3n2)CC1,P00533,
COc1ccc([C@H](NC(=O)CC2CCN(C)CC2)C2CC2)cc1,P00533,
CC[C@@H](C)NC(=O)c1cn(-c2ccc(-c3nc(C(C)C)no3)cn2)cn1,P00533,
O=C(O)[C@@H]1CCC(=O)N(C2CCCCC2)[C@H]1c1ccccc1Cl,P00533,
COc1ccc(CN2C[C@]3(C)CCCN3C[C@@H]2CO)cc1,P00533,
Cc1cc(C)n(C[C@H](C)NC(=O)C2CN(C(=O)c3cccc(Cn4ccnc4C)c3)C2)n1,P00533,
CC[C@H](C)NS(=O)(=O)c1ccc2c(c1)NC(=O)CCS2,P00533,
C[C@@]1(O)CCC[C@@H]1NC(=O)CCc1nc2ccccc2n1-c1ccccc1,P00533,
CCN(Cc1ccc(C(F)(F)F)cc1)c1ncnc2[nH]ccc12,P00533,
CCc1ccc(NC(=O)[C@H]2CN(S(C)(=O)=O)c3ccccc3O2)cc1,P00533,
CC(=O)c1cc(CN2CCN(C3CCN(C(C)C)CC3)[C@H](CCO)C2)cs1,P00533,
COc1ccc(Br)cc1CN(C)C(=O)C1=NN(C)C(=O)CC1,P00533,
Cc1cccc(CO[C@H]2CSC3(C2)CN(S(=O)(=O)c2cccnc2)C3)n1,P00533,
CC(=O)N[C@H]1CC2(CCN(C3CCN(C(C)=O)CC3)CC2)OC[C@]1(C)O,P00533,
Cc1ccc(NC(=O)N2CC[C@@H](CC(F)(F)F)C2)cc1-c1cc(N[C@H](C)CO)nc(N2CCOCC2)c1,P00533,
CCOc1ccc(S(=O)(=O)N[C@@H](C)C(N)=O)cc1C,P00533,
CCCN1C(=O)CCN(C(=O)c2ccc(OC)c(F)c2)C[C@@]12CCOC2,P00533,
O=C(COc1ccc(Cl)cc1-n1cnnc1)NC1CCCCC1,P00533,
CCOc1ccccc1[C@@H]1CC(=O)Nc2[nH]nc(-c3ccccc3)c21,P00533,
O=C(Nc1ccccc1C(=O)NC[C@H]1CCCO1)c1ccc(CN2CCOCC2)cc1,P00533,
CCOC(=O)c1cc(-c2ccc(OC)c(S(=O)(=O)N3C[C@@H](CC)Oc4ccc(C)cc43)c2)on1,P00533,
C[C@@H](Nc1ccc(N2CCCC2=O)cc1)C(=O)Nc1ccc(SC(F)F)cc1,P00533,
O=C(CSc1ncnc2nc(N3CCc4ccccc4C3)sc12)NC[C@@H]1CCCO1,P00533,
COC(=O)c1ccc(C)c(NC(=O)Nc2ccc(OC)c(OC)c2)c1,P00533,
O=C(Nc1ccccc1)N(Cc1cccs1)C[C@H]1CCCO1,P00533,
COC(=O)CSC1=NS(=O)(=O)c2cc(F)ccc2N1,P00533,
Cc1nc(C(=O)N(C)CCCN2CCOCC2)c(C)[nH]1,P00533,
CO[C@H]1C[C@@H]2CNC[C@@H]2C[C@@H]1NC(=O)c1ccc(Cl)cn1,P00533,
Cc1cc(=O)[nH]cc1C(=O)N[C@@H](c1ccccc1)[C@H](O)c1ccccc1,P00533,
CN(C)C(=O)COC[C@@H]1C[C@H](n2cc(NC(=O)c3cccc(F)c3)cn2)CN1Cc1ccncc1F,P00533,
O=C(COc1ccccc1Cl)Nc1ccc2c(c1)OCCO2,P00533,
CCCn1c([C@@H]2CC(=O)N(Cc3ccc(F)cc3)C2)nc2ccccc21,P00533,
C[C@@H](CO)Cc1cccc2ccccc12,P00533,
COc1cc(-c2onc(N(C)CC3CCCC3)c2C(=O)O)ccc1F,P00533,
CN(C)C(=O)c1sc2nccnc2c1[C@H]1CCN(C(=O)c2ccncc2)C1,P00533,
N#Cc1ccncc1-c1cc(F)cc(C(=O)NCCc2cn3cccnc3n2)c1,P00533,
CC(=O)c1ccc(NC(=O)CSc2nc(=O)n(Cc3ccncc3)c3c2CCC3)cc1,P00533,
CN(C)C(=O)Cn1cnc(NC(=O)N2CC[C@H](c3ccccc3)C2)n1,P00533,
CCOc1ccnc(NC(=O)CCc2ccc(Br)cc2Cl)c1,P00533,
COc1cccc(CN2C(=O)CCCC[C@@H]2C(=O)NC2CCN(Cc3ccccc3)CC2)c1,P00533,
Cc1c(N2CCOCC2)c(C)n(Cc2c(F)cccc2F)c1C(=O)NCc1ccc2c(c1)OCO2,P00533,
Cc1cc(NC(=O)[C@@H](C)Sc2nnnn2C2CCOCC2)on1,P00533,
Cc1ccsc1C(=O)N1CCC2(CC1)Cc1c(c(C(=O)NC(C)C)nn1C)CO2,P00533,
CC(C)Oc1ccccc1CNC(=O)c1cc2n(n1)CCC2,P00533,
COc1cc(Cl)c(C)cc1NC(=O)COC(=O)[C@H]1COc2ccccc2O1,P00533,
O=C(Cn1cnc2scc(-c3ccc(Cl)cc3)c2c1=O)NC1CCCC1,P00533,
O=C(CCCc1ccccc1)N[C@H]1CCN(CC(F)(F)F)C1=O,P00533,
Cc1ccc(Cc2nnc(Nc3cccc(F)c3)[nH]c2=O)cc1,P00533,
COc1ccc2c(c1)CCCN(S(=O)(=O)C[C@H]1CC[C@@H](C)O1)C2,P00533,
O=C(CCCn1sc2ccccc2c1=O)Nc1nccs1,P00533,
CNC(=O)[C@@]1(C)CN(C(=O)c2cncs2)CCO1,P00533,
CC(C)n1ccc2c(C(=O)Nc3ccc4c(c3)C(=O)N3CCC[C@H]3C(O)=N4)cccc21,P00533,
Cc1c(CC(=O)N[C@@H](C)C(N)=O)c2c(n1CCc1ccccc1)CCCC2=O,P00533,
CCc1cccc(OCC(=O)OCC(=O)Nc2ccccc2C#N)c1,P00533,
COc1ccc(C(=O)Nc2nn3c(-c4ccc(OC)cc4)nnc3s2)cc1,P00533,
Cc1ncc(CNc2ccccc2Br)s1,P00533,
CC(C)(C)OC(=O)N1CCC[C@]2(CCC(=O)NC2)C1,P00533,
O=C(CCCc1cn[nH]c1)N1CCN(C(=O)c2cccs2)CC1,P00533,
CC(C)C(=O)c1ccc(Cl)c(C#N)c1Cl,P00533,
CC(=O)c1cccc(-c2ccc(F)c(C(=O)O)c2)c1,P00533,
Cc1ccc(Cn2nc(C)c(C(=O)N(C)CCOc3ccccc3)c2Cl)cc1,P00533,
CN1C(=O)c2ccccc2[C@@H](C(=O)Nc2ccccc2F)[C@H]1c1cn(C)c2ccccc12,P00533,
CN(C)C(=O)CN1CCN(C)C2(CCN(Cc3ccncc3)CC2)C1=O,P00533,
O=C(CSCc1ccccc1)N1CC(S(=O)(=O)Cc2ccco2)C1,P00533,
CC(C)CCO[C@@H](C)C(=O)N[C@H](C)c1ccc2c(c1)CCC(=O)N2,P00533,
Cc1cc(Br)c(Cl)cc1NC(=O)N1CCN(C(=O)OC(C)(C)C)C[C@@H]1C,P00533,
Cc1noc(C(C)C)c1C(=O)N[C@@H](C)COc1ccccc1F,P00533,
C[C@H]1Cc2ccccc2N1C(=O)CNc1cccc(C(=O)N2CCOCC2)c1,P00533,
COc1ccc(-n2cnnc2SCC(=O)Nc2ccc3c(c2)Cc2ccccc2-3)cc1,P00533,
C[C@@H]1CN(C(=O)c2ccc(OCF)cc2)CCC1(F)F,P00533,
C[C@H](c1cc2ccccc2o1)N(C)CC(=O)Nc1cccc(C(=O)NC2CC2)c1,P00533,
Cc1nc(O)cc(C2CCN(C(=O)c3ccc(-c4ccnnc4)c4ccccc34)CC2)n1,P00533,
O=C(NCCc1ccccc1F)[C@H]1C[C@H]2CCCN2[C@]12C(=O)Nc1ccccc12,P00533,
Brc1ccccc1[C@@H]1CNCCN1,P00533,
CCCC[C@H](C(=O)N1CCC[C@H](C(=O)Nc2ccccc2)C1)N1CCCS1(=O)=O,P00533,
CS(=O)(=O)C[C@H](NC(=O)[C@H]1CCCc2ccccc21)C(=O)O,P00533,
CC(C)(C)NC(=O)[C@H]1CCCN(c2nc3c(F)cc(F)cc3s2)C1,P00533,
O=C(c1ccc(N2CCN(C(=O)c3ccccc3Br)CC2)cc1)c1cccc(F)c1,P00533,
CN1CCN(C(=O)[C@@H]2C[C@@H]3[C@@H](CCN3Cc3ccco3)O2)CC1,P00533,
N#CCc1ccccc1-c1cccnc1C(F)(F)F,P00533,
Cc1nonc1CN(C)C[C@H]1COc2ccccc2O1,P00533,
CC(C)c1nc([C@@H]2CCCCN2C(=O)N[C@@H]2C[C@H]3CC[C@@H]2O3)n[nH]1,P00533,
CCCNC(=O)c1cc(C)c(F)cc1Br,P00533,
CN(C(=O)Cn1nnc(-c2ccc(F)cc2)n1)[C@@H]1CCS(=O)(=O)C1,P00533,
CCOc1ccccc1CNC(=O)CN1CC=C(c2cnn(-c3ccc(C)c(C)c3)c2)CC1,P00533,
Cc1nc(C)c(-c2nnc(NC(=O)[C@H]3CC(=O)N(c4ccc(F)cc4)C3)o2)s1,P00533,
CCN(CC)C(=O)[C@@H]1CCCN(c2cc(C)nn3cnnc23)C1,P00533,
CC(=O)N1CC(Cc2ccc(Cl)cc2)(C(=O)N2CCc3ccccc3C2)C1,P00533,
COc1cc(N2CCN(Cc3ccc(C#N)cc3)CC2)ncn1,P00533,
C[C@@H](C(=O)NCC(F)(F)F)n1cncn1,P00533,
COc1ccc(S(=O)(=O)[C@H]2CS(=O)(=O)C[C@@H]2NCc2ccccc2F)cc1,P00533,
Cc1n[nH]nc1C(=O)N1Cc2ccccc2[C@H](CNC(=O)[C@H](C)c2ccc(F)c(F)c2)C1,P00533,
COc1cc(C(=O)N2CCC(OCCO)CC2)ccc1F,P00533,
Clc1ccc(Oc2cnns2)cc1Cl,P00533,
CCC[C@H]1C(=O)N=C2c3ccccc3N=C(SCC(=O)Nc3ccccc3C(F)(F)F)N21,P00533,
Cc1ccc(CS(=O)(=O)Nc2ccc3c(c2)C(=O)N(C)c2cc(C)ccc2O3)cc1,P00533,
COC(=O)c1ccc(-c2cc(O)cc(OC)c2)cc1,P00533,
COc1cc(C(=O)O)ccc1-c1ccc(NC(=O)OCc2ccccc2)cc1,P00533,
CCN1CCN(CCOc2ccccc2CN2C[C@H]3COC[C@@H](C2)C(=O)N3)CC1,P00533,
Cc1ccc(COC(=O)c2cn([C@H]3CCS(=O)(=O)C3)nc2C(C)C)cc1,P00533,
Cc1cc(-c2noc(CN3CCO[C@H](c4n[nH]c(CO)n4)C3)n2)ccc1F,P00533,
CCCc1cc(C(=O)NCc2csc(-c3ncccn3)n2)ccn1,P00533,
COC(=O)N[C@@H](C(=O)N1CCC[C@H]1C(=O)O)C(C)C,P00533,
Cc1cc(NC(=O)CCSc2nnc3c(Cl)cc(C(F)(F)F)cn23)no1,P00533,
CN(CC(F)(F)F)C(=O)N1CCO[C@@H](CC(=O)O)C1,P00533,
Cn1cc2cc(Cl)cc(C(=O)O)c2n1,P00533,
CCOC(=O)c1c(C(F)(F)F)nc2ccc(C#N)cc2c1Cl,P00533,
COc1ccccc1-n1cc(O[C@]2(C(=O)O)CC[C@H](c3cccc(Cl)c3)C2)cn1,P00533,
COc1cc(CNC(=O)C2CC2)ccc1OC[C@H]1CCCO1,P00533,
Cn1ccnc1CN1CCN(C(=O)C[C@H]2CCOC2)CC1,P00533,
Cc1cc(C)n(-c2ccc(C(=O)O[C@@H](C)C(=O)Nc3cc(C)on3)cc2)n1,P00533,
Cc1sc2ncn([C@H](C)C(=O)OC3CCCCC3)c(=O)c2c1C,P00533,
Cn1cc(Cl)c(C(=O)N(CCOc2ccccc2)C[C@H]2CCCO2)n1,P00533,
O=C(Nc1ccc2[nH]c(=O)[nH]c2c1)[C@@H]1CCCN(S(=O)(=O)c2cccs2)C1,P00533,
CN1C[C@@H](C(=O)Nc2ccc3c(cnn3C)c2)[C@@H]2COc3ccc(F)cc3[C@@H]21,P00533,
O=C(N[C@@H]1CCCOc2cc(F)ccc21)N1CCC(c2nnc[nH]2)CC1,P00533,
CCN1CCC[C@H]1CNC(=O)Cc1c(C)[nH]c2c3ccccc3nn2c1=O,P00533,
CCN1C(=O)CN(C(=O)C2CCCCC2)CC12CCOCC2,P00533,
C[C@](O)(CNC(=O)CSCc1ccccc1)Cc1ccsc1,P00533,
CC(C)(C)c1ccc(OCC(=O)NC[C@H]2CCCO2)c(Br)c1,P00533,
CN1CCCN(CC(=O)N2CCC[C@]3(CCc4c[nH]nc43)C2)CC1,P00533,
C[C@@H]1CC(C)(C)N(C(=O)c2cccs2)c2ccc(O)cc21,P00533,
CN(C)C(=O)C1(Cc2ccc(-c3ccccc3F)cc2)CCN(C(=O)C2CCCC2)CC1,P00533,
CCN(c1ccccc1)S(=O)(=O)c1ccc(C(=O)Nc2ccc3c(c2)OCO3)cc1,P00533,
NC1[C@H]2CCC[C@H]1CN(Cc1ccccc1)C2,P00533,
CCc1nnc(CN(C)C(=O)Nc2cccc(-c3nncn3C)c2C)o1,P00533,
O=C(CCc1ccccc1)N1CCC[C@H](c2cncc(-n3ccnc3)n2)C1,P00533,
C[C@@H]1COCC[C@H]1Nc1cc(C(N)=O)ccc1CN(C)C,P00533,
Cc1ccc(-c2scnc2Br)cc1,P00533,
CC(=O)c1cccc(NC(=O)c2cnn3c(C(F)(F)F)cc(-c4ccccc4)nc23)c1,P00533,
NC(=O)c1ccc(CN2C[C@H](F)C[C@H]2C(=O)N2CCOCC2)cc1,P00533,
Cc1cc(C(F)(F)F)c(C#N)c(SCC(=O)NC(=O)Nc2ccc3c(c2)OCCO3)n1,P00533,
CN1CCn2c(-c3cccc(F)c3)cnc2C12CCN(Cc1ccc(F)cc1)CC2,P00533,
Cc1nn([C@H]2CCCCO2)c(C)c1-c1ccc(OC(C)C)nc1,P00533,
COc1ccc(-c2cc(C)ccc2N(C)C)cc1C,P00533,
Cc1ccc(S(=O)(=O)N(CC(=O)N2CCN(Cc3ccccc3)CC2)c2ccccc2Cl)cc1,P00533,
Cc1ccc(OC(C)(C)C(=O)NCC[C@@H]2CCOC2)cc1,P00533,
C[C@H]1Cn2c(nnc2-c2cccc(Cl)c2)S1,P00533,
O=C(c1ccc(-c2nc(CC(F)(F)F)no2)cc1)N1CC(CF)C1,P00533,
Fc1ccc2c(CN3CCN(Cc4nnc(C(F)(F)F)o4)CC3)noc2c1,P00533,
Cc1ccc2ccccc2c1C(=O)COc1ccccc1,P00533,
COc1cc2c(cc1OC)[C@@H](c1c(O)n(C)c(=O)n(C)c1=O)N(C(C)=O)CC2,P00533,
Cc1ccc(Cn2nnc3c(O)nc([C@H]4CCCN(S(=O)(=O)c5ccccc5F)C4)nc32)cc1,P00533,
CC(C)[C@H](NS(=O)(=O)c1ccc2c(c1)OCCO2)C(=O)N1CCC[C@@H](c2nc3ccccc3[nH]2)C1,P00533,
O=C(Nc1ccc(OC2CCCCC2)cc1)c1ncc(Br)cc1F,P00533,
COCCN1C(=O)[C@H]2CC[C@@H]1CN(C(=O)c1ccc3c(c1)OCO3)C2,P00533,
Cc1ccc(S(=O)(=O)CCCC(=O)Nc2sc(C)c(C)c2C#N)cc1,P00533,
Cc1c(C(=O)N2CC[C@H](C(=O)O)C2)oc2ccc(Br)cc12,P00533,
CCCOc1ccc(C(=O)Nc2ccc(S(=O)(=O)Nc3nccs3)cc2)cc1,P00533,
O=C(Nc1ccc(F)cc1F)N1CCN(Cc2cc(=O)n3nc(-c4cccc(F)c4)sc3n2)CC1,P00533,
O=C(O)[C@H]1CCCCN1C(=O)c1cn[nH]c1,P00533,
COc1ccc(C)cc1NC(=O)Nc1ccc2sc(NC(C)=O)nc2c1,P00533,
O=C(N[C@@H]1CCc2ccccc21)c1cn[nH]c1-c1ccc(Cl)cc1,P00533,
COc1ccc([C@H](N)CCF)cc1OCc1ccccc1,P00533,
O=C1Cc2ccc(CC(=O)N3C[C@@H](O)C[C@H]3c3cc(F)ccc3F)cc2N1,P00533,
COc1cc(C(=O)O)cc(C(=O)N2CCc3ccc(F)cc3[C@@H]2C)c1,P00533,
N#Cc1c(-c2ccc(F)cc2)[nH]c2ccccc12,P00533,
Clc1cnccc1O[C@H]1CCN(c2ncc(Br)cn2)C1,P00533,
Cc1nc2n(n1)CCN(C(=O)NCc1ccc(Oc3cccnc3)c(F)c1)C2,P00533,
CCOc1ccccc1N1C[C@@H](C(=O)NCCc2ccccn2)CC1=O,P00533,
COCCn1c(C)cc2cc(NC(=O)N3CC(c4ccccn4)C3)ccc21,P00533,
Cc1nc([C@H]2CCCN(C(=O)c3ccccc3NS(C)(=O)=O)C2)nc2c1CCCN2C,P00533,
Cc1csc(=O)n1CC(=O)Nc1c(C(C)C)cccc1C(C)C,P00533,
Cn1c(=O)n(CC(=O)OCc2nnc(-c3ccccc3)o2)c2ccccc21,P00533,
COc1cccc([C@@H](C)C(=O)N2C[C@@H](O)[C@@H](N(C)CC(=O)O)C2)c1,P00533,
Cc1c(CNC(=O)c2cc3n(n2)[C@@H](C(F)(F)F)C[C@@H](c2ccco2)N3)cnn1C,P00533,
Cc1nn(C2CCCCC2)c2c1[C@@H](c1ccc(F)cc1)SCC(=O)N2,P00533,
C[C@H](CCc1cccn1C)NC(=O)NC[C@H]1CCS(=O)(=O)C1,P00533,
O=C(CCn1nnc2ccccc21)NCc1cc(C2CC2)[nH]n1,P00533,
FC1(F)C[C@@]12CC[C@H](Cn1cc(-c3cnn4c3CNCC4)nn1)C2,P00533,
O=C(CNC(=O)[C@H]1C[C@H]1c1ccc(F)c(F)c1)NCc1ccccc1,P00533,
CC(=O)Nc1ccc(C(=O)N2C[C@@H](F)C[C@H]2Cn2cc(C(N)=O)nn2)cc1,P00533,
Cc1cncc(-c2ccc3cnccc3c2)c1,P00533,
Cc1cc2c(cc1C)O[C@@H](C(=O)N(C)[C@H]1CC[C@@H](N)CC1)C2,P00533,
Cc1cnc(C(=O)NCc2cccc(CN3CCCC3)c2)cn1,P00533,
CCOC(=O)c1sc(Nc2ccccc2C)nc1C(F)(F)F,P00533,
CCc1noc(C)c1C(=O)NC[C@]1(O)CCCN(c2cnccn2)C1,P00533,
CCOc1ccc(NC(=O)CCS(=O)(=O)c2ccc3c(c2)NC(=O)CO3)cc1,P00533,
Cc1ccccc1CC(=O)N(CCN(C)C)Cc1nc[nH]c1C,P00533,
CN(Cc1cccc(-n2cccn2)c1)C[C@@]1(c2ccccc2)CCOC1,P00533,
Cc1cc(OC[C@@H]2CCCN(Cc3cocn3)C2)ccn1,P00533,
CSCCC(=O)N1CC[C@]2(CCCN(CCCc3ccccc3)C2=O)C1,P00533,
CCOc1ccc(S(=O)(=O)N2C[C@@H]3CN(C(C)C)C[C@]3(C(=O)N3CCCC3)C2)cc1,P00533,
O=C1Nc2ccc(Br)cc2CC[C@@H]1Nc1nccc(Oc2ccccc2)n1,P00533,
CCOc1cc(C)c(S(=O)(=O)N2CCC(C(N)=O)CC2)cc1C,P00533,
Cc1cc2ncn(Cc3noc(-c4ccco4)n3)c2cc1C,P00533,
C[C@@H](C(=O)N1CCC(c2noc(-c3ccncc3)n2)CC1)c1ccccc1,P00533,
COC(=O)C[C@@H](NC(=O)Cc1ccc(-n2cccn2)cc1)c1ccccc1,P00533,
Cc1oc(-c2ccccc2Cl)nc1Cn1ccn2nc(-c3ccc(F)cc3)c(CO)c2c1=O,P00533,
CCNC(=O)[C@H]1CCCN(c2nc3nc[nH]c(=O)c3s2)C1,P00533,
COC(=O)[C@H](OC(=O)Cn1c(C)csc1=O)c1ccccc1,P00533,
O=C(NCCc1ccc(C(F)(F)F)cc1)c1ccccc1Cn1cccn1,P00533,
O=C(c1ccncc1)N1CC[C@]2(CC(=O)N(c3cccc(F)c3)C2)C1,P00533,
CCN1C[C@H](CNc2nccc(-c3c(C)nn(C)c3C)n2)CC1=O,P00533,
CCOCc1ccccc1CNC(=O)c1cnc2c(c1)c(=O)n(C)c(=O)n2C,P00533,
Cc1ccc(Oc2nc3ccccc3n3c(=O)n(CC(=O)Nc4ccccc4)nc23)cc1,P00533,
O=C(c1ccc(-c2nc(-c3ccc(F)cc3)no2)cc1)N1CCN(c2ccccc2F)CC1,P00533,
Cc1cc(CN(C)Cc2c(-c3cc(C)on3)nn(C)c2Cl)on1,P00533,
COc1ccc(C)cc1NC(=O)Cc1csc2nc(-c3ccccc3)cn12,P00533,
O=C(c1cncn1-c1ccc(F)cc1)N1CCc2sccc2C1,P00533,
CCCCn1nnc(S(N)(=O)=O)c1-c1ccc(F)cc1,P00533,
CC[C@@]1(O)CCC[C@@H]2CN(S(=O)(=O)c3ccc4c(c3)oc(=O)n4C)C[C@@H]21,P00533,
CCCc1nnc2sc(-c3ccc4c(c3)OCCO4)nn12,P00533,
CCOC(=O)[C@H]1CCCN(Cc2cn(C)nc2-c2cccc(Cl)c2)C1,P00533,
COc1cccc(OC)c1C(=O)Nc1ccc(Br)cc1C,P00533,
COc1ccc(CCNC(=O)C2CCN(Cc3nc(-c4cccc(Cl)c4)oc3C)CC2)cc1OC,P00533,
COc1ccc([C@H]2Cn3cc(C(=O)NCCC(C)C)nc3C(=O)N2)cc1,P00533,
Cc1ccc(-c2ccc3cc(C(=O)N4CCNC(=O)C4)ccc3c2)c(Cl)c1,P00533,
O=C1[C@H]2CC[C@H](C(=O)N2Cc2ccccc2)N1Cc1ccccc1,P00533,
COc1cc([C@@H]2c3cc4c(cc3[C@H](O)[C@@H](CO)[C@H]2CO)OCO4)cc(OC)c1OC,P00533,
COc1ccc(NC(=O)CSc2ccc(-c3sc(-c4cccnc4)nc3C)nn2)c(OC)c1,P00533,
CN(C)[S@@](C)(=O)=NC(=O)CN1CCC[C@H](C(F)(F)F)C1,P00533,
COc1ccc(OC)c(NC(=O)COc2ccc3ccccc3c2CN2CCOCC2)c1,P00533,
O=C(CCc1cccnc1)N1CCCN(C[C@@H]2CCCOC2)CC1,P00533,
O=C([C@H](c1cccnc1)N1CCCC1)N1CCc2nc[nH]c(=O)c2CC1,P00533,
CN1CCN(C(=O)[C@@H]2CCC(=O)N(CCc3ccc(Cl)cc3)C2)CC1,P00533,
Cc1ccccc1[C@@H]1CN(Cc2noc(C(C)C)n2)C[C@H]1C(=O)O,P00533,
CCn1cc2cc(NC(=O)C3CCN(C(=O)c4ccccc4)CC3)ccc2n1,P00533,
Cc1cc(-c2cccc(F)c2)nnc1N1CCCN([C@@H](C)CO)CC1,P00533,
COc1ccccc1CC(=O)Nc1cc(S(=O)(=O)N2CCOCC2)ccc1N1CCOCC1,P00533,
CC(=O)Nc1ccc(NC(=O)CN2CCC(c3cccs3)CC2)cc1,P00533,
C[C@@H](O)[C@H](NC(=O)c1snc2ccccc12)c1ccccc1F,P00533,
Cc1ccc(CN(C(=O)C[C@@H]2C[C@H]3CC[C@@H](C2)N3)C2CC2)cc1,P00533,
Cc1cccc(-c2nnc([C@H](C)N3CCN(CC(=O)Nc4cccc(F)c4)CC3)o2)c1,P00533,
CCN1C[C@]2(CC1=O)CN(Cc1ccsc1)CCN(C(C)=O)C2,P00533,
N#C[C@H]1CN(C(=O)CCc2ccsc2)CCN1Cc1ccccc1,P00533,
CC(C)COc1ccc([C@@H]2C[C@H]2C(=O)O)cc1,P00533,
O=C1c2ccccc2-c2n[nH]c(-c3cccs3)c21,P00533,
CNC[C@H]1CCCN1C(=O)[C@@H]1CN(Cc2ccccc2)CCO1,P00533,
O=C(O)c1ccccc1NS(=O)(=O)c1cccc2c1N=S=N2,P00533,
Cc1ccc(OCc2nc(CC(=O)N3CCC34COC4)cs2)cc1,P00533,
Cc1nn(CCC(=O)NCCc2ccccc2)c(C)c1S(=O)(=O)N1CCCCC1,P00533,
CC[C@@H]1CN(C(=O)c2csc(-c3ccsc3)n2)CCO1,P00533,
COc1ccc(-c2nnc(SCC(=O)Nc3ccc4c(c3)n(C)c(=O)n4C)n2C)cc1OC,P00533,
CC(C)CC(=O)N1CC2(C1)CN(C)[C@H](C(=O)NC1CCCC1)CO2,P00533,
COc1cccc(NC(=O)N2CCN(c3cc(N4CCCCC4)ncn3)CC2)c1,P00533,
O=C(NCc1nc(-c2ccncc2)n[nH]1)N1CCC[C@@H]1Cn1cccn1,P00533,
CC(C)CCNC(=O)c1ccc(N2CCCN(Cc3ccc(Cl)cc3)C2=O)cc1,P00533,
CC(C)CCC[C@H](C)NC(=O)COC(=O)c1ccc(Cl)c(S(=O)(=O)N(C)C)c1,P00533,
CSc1ccc([C@@H](O)CNC(=O)c2ccno2)cc1,P00533,
Brc1ccc(Cn2ncc3ccccc32)cc1,P00533,
CN1C(=O)C(C)(C)c2cc(S(=O)(=O)N3CCC[C@@H](C(=O)Nc4ccccc4F)C3)ccc21,P00533,
Cc1ccnc2nc(C(=O)Nc3ccnn3C3CCCC3)nn12,P00533,
CCCc1sc(C(=O)NCc2cccnc2)cc1Br,P00533,
COc1ccccc1OCc1cc(C(=O)N[C@@H]2CCCNC2=O)n[nH]1,P00533,
COCC(=O)Nc1cc(C(=O)N2CCC[C@@H](C(N)=O)C2)c2c(c1)ncn2Cc1ccc(F)cc1,P00533,
Cc1cc(C)cc(NC(=O)COC(=O)c2cccc(S(=O)(=O)N3CCCCC3)c2)c1,P00533,
CCOc1cc(CN2CCN(C(=O)COc3ccc(OC)cc3)CC2)ccc1OC,P00533,
O=C(CN1CCC(c2c[nH]c3ccccc23)CC1)Nc1cccc(C(=O)NC2CC2)c1,P00533,
O=C(Cn1c(=O)nc(-c2ccccc2)c2cc(Cl)ccc21)N1CCN(C2CCCCC2)CC1,P00533,
O=C(Cn1c(=O)oc2ccccc21)N1CC[C@H](c2noc(-c3cccnc3)n2)C1,P00533,
CCc1ccc(N2C[C@H](C(=O)Nc3ccc(C)c(Cl)c3)CC2=O)cc1,P00533,
CCN1CCc2[nH]cnc2C12CCN(C(=O)c1sccc1N)CC2,P00533,
O=C(c1ccncc1)N1CCC[C@@H]1c1cc(CCOc2ccccc2F)[nH]n1,P00533,
COC(=O)C1CCN(C(=O)CN2C(=O)CCc3ccccc32)CC1,P00533,
COc1cccc(CN(Cc2ccco2)c2cnc(S(C)(=O)=O)nc2C(=O)Nc2cccc(Cl)c2C)c1,P00533,
CCCC[C@@H](CC)C(=O)n1nc(-c2ccc(OC)cc2)nc1N,P00533,
Cc1cc(C)c(NC(=O)c2nnn(CC(=O)Nc3ccc(F)c(Cl)c3)c2C)c(C)c1,P00533,
OCCn1nc(-c2ccco2)nc1CCC(F)(F)F,P00533,
CC(C)(C)c1nc2c(c(=O)[nH]1)CC[C@]21CCCN(C(=O)c2ccc(O)cc2)C1,P00533,
Cc1cc(C(=O)N2CCCC[C@H]2c2nc(C)n3ccsc23)no1,P00533,
COc1ccc(-c2nn3c(C(F)(F)F)nnc3s2)cc1,P00533,
Cc1cccc(C(=O)N2CCC[C@@H]2c2nnc(C(=O)Nc3cccc(Cl)c3)s2)c1,P00533,
C[C@H](NC(=O)[C@H]1CCCS1(=O)=O)c1ccc(OCC(=O)O)cc1,P00533,
CCn1c(=O)c(N2CCN(C(=O)Nc3cc(C)cc(C)c3)CC2)nc2cccnc21,P00533,
Cc1nn(C)c(C)c1C[C@@H](C)NC(=O)Cc1ccc(C(=O)O)cc1,P00533,
COCCN(Cc1cccs1)S(=O)(=O)c1cccc(S(=O)(=O)N(C)C)c1,P00533,
CC(C)C[C@H](N)c1c(F)cccc1C(F)(F)F,P00533,
CCCc1nc2ccccc2n1CC(=O)Nc1ccc2c(c1)CCC2,P00533,
O=C(COC(=O)c1ccc(F)cc1F)Nc1cc(F)cc(F)c1,P00533,
COc1ccc([C@H]2CN(C(=O)c3ccncc3)CCN2C(C)=O)cc1,P00533,
CC(C)(C)CC(=O)NCC(=O)N1CCCN(Cc2ccccc2)CC1,P00533,
Cc1ccc(NC(=O)c2cc(S(=O)(=O)N3CCCC3)cn2C)cc1F,P00533,
COc1ccccc1N(CCC#N)C(=O)CSc1nnc2ccccn12,P00533,
COc1cc(OC)cc(C(=O)NCc2cccs2)c1,P00533,
O=C(CCCn1cccn1)N[C@H]1COC[C@H]1Cc1ccnc2ccccc12,P00533,
O=C(c1ccn(COc2ccc(Cl)cc2Br)n1)N1CCCCCC1,P00533,
O=C1CCc2cccc(-c3ccccc3OC(F)(F)F)c2C1,P00533,
O=C(O)C1CCN(c2cccnc2)CC1,P00533,
CC[C@H](NC(=O)Cc1ccc(CC(=O)N[C@H](CC)c2ncc[nH]2)cc1)c1ncc[nH]1,P00533,
CC(C)CCNC1(Cc2cc(C(C)(C)O)on2)COC1,P00533,
CC(C)c1cc(C(=O)N2C[C@@H](CN3CCC(CO)CC3)[C@@H](CO)C2)[nH]n1,P00533,
O=C1CN(S(=O)(=O)c2ccc3c(c2)OCCO3)c2ccccc2N1,P00533,
COC[C@@]12COC[C@@H]1CN(C(=O)CCc1c(C)nc(O)nc1C)C2,P00533,
Cc1cccc2sc(NC(=O)c3cccn(OCc4cccc(Cl)c4)c3=O)nc12,P00533,
CCc1ccc(/C=c2/sc3nc(-c4ccc(C)cc4)nn3c2=O)cc1,P00533,
Cc1ccccc1[C@H](CC(=O)Nc1ccc2c(c1)OCO2)n1cccc1,P00533,
COc1ccccc1-c1nnc(SCC(=O)Nc2ccc(F)cc2F)n1-n1cccc1,P00533,
Cc1ccc(CN(CCCO)C(=O)N[C@@H](C)c2c(C)nn(C)c2C)s1,P00533,
Cc1cc(CCCc2ccccc2)oc(=O)c1C(=O)NCCc1ncnn1C,P00533,
Cc1nn(CC(=O)N2CCN(C(=O)c3ccco3)CC2)c(=O)c2noc(C)c12,P00533,
O=C(Nc1ccccc1Cl)c1cccc(CN2CCOCC2)c1,P00533,
C[C@@H](c1cccs1)N(C)C(=O)NCCc1nc(C(=O)O)cs1,P00533,
Cc1nc(-c2ccc(S(=O)(=O)NC[C@H](O)c3cccc4ccccc34)s2)cs1,P00533,
COc1ccc(OC)c([C@@H](C)NC(=O)c2csc(C)c2)c1,P00533,
O=C(CN1CCN(c2ccc(C(F)(F)F)cn2)CC1)Nc1ccc2c(c1)OCO2,P00533,
C[C@@H](c1ccc(S(C)(=O)=O)cc1)N(C)C(=O)c1ccc(OC(F)(F)F)cc1,P00533,
Cc1cnc(OC[C@]23CCC[C@@H]2CN(S(C)(=O)=O)C3)nc1,P00533,
C[C@@H](NC(=O)CNC1=NS(=O)(=O)c2ccccc21)c1ccc(-n2ccnc2)cc1,P00533,
N#Cc1c(NC(=O)CSc2ccc3c(c2)OCCCO3)sc2c1CCC2,P00533,
Cc1ccsc1CN(C(=O)[C@H](C)Oc1cc(C)c(Cl)c(C)c1)[C@@H]1CCS(=O)(=O)C1,P00533,
CN1C[C@H]2COC[C@@H]1CN(c1ccnc(C(F)(F)F)n1)C2,P00533,
C[C@@H]1CCCC[C@@H]1NC(=O)NC(=O)CSc1ccc(F)c(F)c1,P00533,
O=C(O)C(F)(F)c1ccc(F)cc1Cl,P00533,
O=C(CN1CCNCC1=O)N[C@H]1C[C@H](c2cccc(C(F)(F)F)c2)C1,P00533,
Cc1ccn(-c2cccc3c2CCC3)c(=O)c1C(=O)Nc1ccc2c(c1)C(=O)NCC2,P00533,
O=C(c1cnsn1)N1CCSc2ccccc21,P00533,
CO[C@H]1COC[C@@H]1NC(=O)Cn1nnnc1C1(NCc2ccccc2)CCCCC1,P00533,
CCCCn1c(CCC(=O)O)nc2c1c(=O)[nH]c(=O)n2CCC,P00533,
COC(=O)c1ccc(C)c(NS(=O)(=O)c2ccc(OC)c(Cl)c2)c1,P00533,
CCOc1cc(C(=O)Nc2ccc3c(cnn3CC)c2)cc(OCC)c1OCC,P00533,
O=C(O)Cc1csc(NC[C@@H]2CCCO2)n1,P00533,
COc1ccc(C)cc1NC(=O)c1cn(C)nc1C(=O)Nc1cc(C)ccc1OC,P00533,
O=C(c1c[nH]nc1[C@H]1CCOC1)N1CCOC2(CCC2)C1,P00533,
O=C(COC[C@H]1CCCCO1)NCc1ccsc1,P00533,
Cc1cc(C)cc(C[C@H](C(=O)Nc2cccc(C(F)(F)F)c2)[C@H](C)C(=O)O)c1,P00533,
Cc1cc(C)c(NS(=O)(=O)c2c(C)cc(C)c(N(C)S(C)(=O)=O)c2C)c(C)c1,P00533,
CNC[C@@H]1CCCN(C(=O)COc2ccc(F)cc2F)C1,P00533,
Nc1snc(-c2ccccc2)c1Cl,P00533,
CCOC(=O)c1nc2cc(C)c(C)cc2nc1N1CCN(c2ccccn2)CC1,P00533,
Cc1csc(NC(=O)CCC(=O)N(C[C@@H]2CCCO2)[C@H](C(=O)NC2CCCC2)c2ccccc2)n1,P00533,
CCOC(=O)c1nc(O)c2cccc(Cl)c2n1,P00533,
O=C(NCc1ccccc1-n1ccnc1)NCC1(C2CC2)CC1,P00533,
CC[C@@H](CC(F)(F)F)NC(=O)c1cn[nH]c1,P00533,
CCN1CN(C(=O)[C@@H]2CCN2Cc2ccccc2)CC1=O,P00533,
CC(C)(NC(=O)c1ccncc1)c1cn([C@@H]2CN[C@H](C(=O)O)C2)nn1,P00533,
Cc1cc(C(=O)N2[C@H]3CC[C@@H]2[C@@](CO)(Cc2ccccc2)C3)c(C)o1,P00533,
Cc1ccc(-c2nnc(-c3ccc(C(=O)N4CCN(C)C[C@@H]4c4ccccc4)cc3)o2)cc1,P00533,
COC(=O)C(C)(C)[C@@H](N)c1ccccc1C,P00533,
COC(=O)c1ccc(CS(=O)(=O)c2ccccc2)o1,P00533,
Cc1cnc(O[C@@H]2CCN(c3ccc(Cl)cn3)C2)nc1,P00533,
Cc1ccccc1NC(=O)C(C)(c1ccccc1)c1ccccc1,P00533,
Cc1cc(C)cc(OCCN(C)C(=O)c2cccnc2-n2cncn2)c1,P00533,
CC(C)(C)c1noc(CCCC(=O)N2CCC[C@H]2c2ccccn2)n1,P00533,
CC(=O)N[C@H]1CN(C(=O)c2ccccc2N2CCOCC2)CC[C@H]1c1ccccc1,P00533,
CC1(C)C[C@@H](c2ccccc2)N(S(=O)(=O)c2cnn3c2OCCC3)C1,P00533,
Cc1cccc(OC[C@H](O)Cn2c(N3CCOCC3)nc3c2c(=O)n(C)c(=O)n3C)c1,P00533,
CC[C@H](C)c1ccc(S(=O)(=O)Nc2cccnc2)cc1,P00533,
Cc1ccc(NC(=O)CCn2c(=O)c3cccn3c3cccnc32)c(Cl)c1,P00533,
CCCn1nc(C(=O)N[C@](CC)(C(=O)O)c2ccccc2)ccc1=O,P00533,
CC(C)c1nnc([C@H]2C[C@H](CNc3ccc(F)cn3)[C@H](O)C2)[nH]1,P00533,
COc1ccc(CNC(=O)CCn2c(=O)c3cccn3c3cccnc32)cc1,P00533,
CCCNC(=O)C1CCN(c2nc3ncn(CC(=O)Nc4cc(F)ccc4F)c(=O)c3s2)CC1,P00533,
O=C(NCCN1CCCCC1)c1cccc(Br)c1,P00533,
CC(=O)c1cccc(NC(=O)C2CCN(c3cc(C4CC4)ncn3)CC2)c1,P00533,
CC(C)C[C@H]1C[C@H](NC(=O)c2ccc3c(c2)CCNCC3)CCO1,P00533,
CC(C)(C)OC(=O)N1C[C@@H](N)CCC1(C)C,P00533,
Cc1noc([C@@H](NCc2nc(-c3ccco3)no2)C(C)C)n1,P00533,
CN1CCN(C(=O)c2nn3c(C(F)(F)F)cc(-c4ccc(Br)cc4)nc3c2Br)CC1,P00533,
Cc1cc(-c2ccc(C)c(S(=O)(=O)CCC(=O)Nc3cccc(C)c3C)c2)on1,P00533,
COc1ccc(S(=O)(=O)NCc2ccsc2)c(OC)c1,P00533,
NC(=O)c1ccc(-c2cnc(N)nc2[C@@H]2CCCN(Cc3cccnc3)C2)cc1,P00533,
CCCNC(=O)CCNc1c(-c2ccccc2)nc2cnccn12,P00533,
COc1ccc(-n2c(SCC(=O)Nc3c(C)cc(C)cc3C)nnc2-c2ccncc2)cc1,P00533,
Cc1ccccc1C[C@@H](C1CCN(C(=O)c2cc3ccccc3n2C)CC1)N(C)C(=O)Cn1cccn1,P00533,
CCOC(=O)Cn1c(=O)c2ccccc2n(CC(=O)OCC)c1=O,P00533,
CCOC(=O)c1c(NC(=O)COc2ccc(C#N)cc2)sc(C)c1CC,P00533,
NCc1ccccc1OCC(=O)NC[C@@H]1CCCO1,P00533,
CNC(=O)CS(=O)(=O)C1CCN(C(=O)Cn2cnc3ccccc32)CC1,P00533,
CS(=O)(=O)N1CCCc2cc(NS(=O)(=O)c3ccc(Cl)s3)ccc21,P00533,
CCc1ccccc1N(C(=O)c1cc(C)cc(C)c1)[C@H]1C=CS(=O)(=O)C1,P00533,
O=C(NC1CCCC1)N1CCC[C@@H]1c1cccc(F)c1,P00533,
COC(=O)c1ccc2c(c1)[C@@H]1CCC[S@@]1(=O)=N2,P00533,
CCCN1CCCn2nc(CNC(=O)c3ccccc3N(C)C)cc2C1,P00533,
Brc1ccc2c(c1)C=CCC2,P00533,
Cc1cc(N2C[C@@H](C3CC3)O[C@@H](C)C2)n2ncnc2c1,P00533,
CN(C)Cc1cc(=O)n2c(n1)CN(Cc1ccncc1)CCC2,P00533,
CCOc1ccccc1-c1cc(N)[nH]n1,P00533,
Cc1ccccc1-n1ncc(C(=O)N2CCN(C(=O)[C@H]3CCCO3)CC2)c1C,P00533,
Cc1ccc(F)cc1S(=O)(=O)N[C@@H](C)C(=O)NC1CC1,P00533,
CC(C)(C)C(=O)N1CCCC12CCNCC2,P00533,
C[C@@H](CCS(C)(=O)=O)NC(=O)N1CCC([C@@H]2CCCO2)CC1,P00533,
Cc1cc(C)c(C#N)c(SCc2cc(=O)n3ccsc3n2)n1,P00533,
O=C(CS(=O)(=O)c1ccccc1)Nc1ccc2c(c1)COC2,P00533,
Cc1nccc(-c2cccc(NC(=O)c3n[nH]c(=O)c4ccccc34)c2)n1,P00533,
Cc1ccccc1CN1CCC(CN(C)S(=O)(=O)C2CC2)CC1,P00533,
CCCOC(=O)c1ccc(NC(=O)CSc2nc(C)c(C)n2C[C@H]2CCCO2)cc1,P00533,
CCc1ncc(CN2CCC[C@H](c3cncc(-c4cccc(C(F)(F)F)c4)n3)C2)cn1,P00533,
COc1ccccc1/C=C/c1nn2c(Cc3ccccc3)nnc2s1,P00533,
COc1cccc(NC(=O)c2cnn(-c3ccccc3)c2-c2ccccc2)c1,P00533,
CCOc1ccc(NC(=O)c2ccc(NC(=O)[C@H](Cc3ccccc3)NC(=O)c3ccco3)cc2)cc1,P00533,
COc1cccc2c1ccn2CC(=O)N1CCC[C@@H](C(=O)O)C1,P00533,
O=C(Cc1csc(-c2ccccn2)n1)Nc1cc(Cl)ccc1N1CCCC1,P00533,
CCc1cccc(NC(=O)Nc2ccc(Nc3cc(N(C)C)nc(C)n3)cc2)c1,P00533,
O=S(=O)(N[C@H](c1cccs1)C1CCOCC1)c1ccc2c(c1)CCCC2,P00533,
Cc1n[nH]c2ncc(C(=O)N3CCC[C@H]3c3ccc(Cl)cc3)cc12,P00533,
CCn1ccnc1CN1CCO[C@H](CNc2cccnn2)C1,P00533,
CN(c1ccc(OCC(=O)N2CCCC2)cc1)S(=O)(=O)c1ccc(Cl)cc1,P00533,
COc1ccccc1N1CCN(c2ncnc3sc(C(=O)Nc4ccc(F)cc4F)c(C)c23)CC1,P00533,
Cc1c(C)n(C[C@H]2CCCO2)c2ncnc(N)c12,P00533,
O=C(Nc1ccccc1-c1cn2c(n1)SCC2)c1ccsc1,P00533,
Cc1ccc(Nc2nccc([C@H]3CCCN(C(=O)C4CCCCC4)C3)n2)nc1,P00533,
CCNc1nc(SCC(=O)N(c2ccccc2)[C@H]2CCS(=O)(=O)C2)nc2ccccc12,P00533,
COCCc1ncc(CN2CCO[C@H](c3nccnc3-c3ccc(C(N)=O)cc3)C2)cn1,P00533,
CC[C@@H](Sc1n[nH]c2nc3ccccc3n12)C(=O)NCc1ccccc1,P00533,
Cc1cccnc1CN1CCN(C(=O)[C@@H]2CCCN2S(C)(=O)=O)CC1,P00533,
Cc1ccccc1CNC(=O)c1cn(C)cn1,P00533,
Cc1ccc2nc(C(=O)NCc3cc(C(F)(F)F)cc(C(F)(F)F)c3)cn2c1,P00533,
N[C@H](CC(=O)N1CCc2cc(O)cc(Br)c2C1)C1CC1,P00533,
Cc1nc(C(F)(F)F)ncc1CN1CCN[C@H](C)C1,P00533,
Cc1cc(C)n(CC(=O)Nc2n[nH]c(C3CCC3)n2)n1,P00533,
COc1ccc(-c2nc3ccccc3c(=O)n2NC(=O)c2ccc(C)c(C)c2)cc1,P00533,
CC(C)(C)[C@H]1CCc2c(sc3nc(CCC(=O)NC4CCCCC4)[nH]c(=O)c23)C1,P00533,
CC(=O)N(C)c1nc2ccccc2n(CC(=O)Nc2ccccc2C(C)C)c1=O,P00533,
CCOc1ccc2nc(N3CCC(C(=O)NCc4cccc(Cl)c4)CC3)sc2c1,P00533,
C[C@H]1CCN(C(=O)Cc2ccc(C(=O)O)cc2)[C@@H](c2ccco2)C1,P00533,
Cc1cccc(C(=O)NCc2nnc(SCC(=O)Nc3cc(F)ccc3C)n2C)c1,P00533,
NC(=O)COc1cccc(NC(=O)c2sc3cccc(F)c3c2COc2ccccc2)c1,P00533,
Cc1noc(C=Cc2cccs2)c1S(=O)(=O)N1CCC(C(=O)N2CCCC2)CC1,P00533,
CSc1cccc(NC(=O)Nc2ccc3nsnc3c2)c1,P00533,
O=C(CCCn1cccc1)N1CC=C(c2c[nH]c3ccccc23)CC1,P00533,
CC[C@H](NC(=O)c1ccn(C(C)C)n1)c1cnn(C)c1,P00533,
CNC(=O)c1ccc(-c2ccc3c(c2)C(=O)CO3)cn1,P00533,
COc1ccc(Cl)cc1C(=O)N1CC(=O)N(c2ccccc2C#N)C[C@@H]1C,P00533,
NC(=O)[C@]1(Cc2ccccc2-c2ccccc2)CCCN(CC2CC2)C1,P00533,
CCc1nc([C@@H]2C[C@@H](O)CN2C(=O)c2ccc(C(C)(C)C)[nH]2)n[nH]1,P00533,
O=C(Nc1ccccc1)N1CCCOCC1,P00533,
COC(=O)[C@@H]1CCn2c(nnc2-c2cccc(Cl)c2)C1,P00533,
COc1cc(C(=O)C(C)C)cc(F)c1F,P00533,
COc1cc(OC)cc(C(=O)Nc2ccc(C(=O)NC(C)C)cc2)c1,P00533,
Cn1c(CNC(=O)[C@@H](Cc2ccccc2)NS(=O)(=O)c2ccc(Cl)cc2)cc(=O)n(C)c1=O,P00533,
Cc1cc(C)cc(NC(=O)Nc2nnc(N(CC(C)C)CC(C)C)s2)c1,P00533,
Cn1cc(-c2cccc(NC(=O)NC3(c4ccc(C(F)(F)F)cc4)CCC3)c2)nn1,P00533,
CCn1ncc(Cl)c1CNC(=O)c1cc(-c2ccc(OC)cc2)nc2c1cnn2C,P00533,
CC1(C)CCC[C@@H]([C@](C)(O)CNCc2ccc3c(c2)CCCC3)C1,P00533,
CCc1nn(-c2ccccc2)c(NC(=O)N[C@H](c2ncnn2C)C2CC2)c1C,P00533,
O=C(N[C@@H](c1ccccc1)c1ccc2[nH]cnc2c1)c1ccc(-n2cnnc2)cc1,P00533,
CCOc1cc(-c2nnn(CC(=O)NCc3ccc(OC)cc3)n2)ccc1OC,P00533,
COc1ccc(NC(=O)[C@@H]2CCCN(c3ncc(-c4ccc(C)cc4)cn3)C2)cc1Cl,P00533,
CCC[C@H]1C(=O)N=C2c3ccccc3N=C(S[C@H](CC)C(=O)Nc3ccccc3C)N21,P00533,
O=C([C@H]1CCN(c2nccc(C(F)(F)F)n2)C1)N1CCc2sccc2C1,P00533,
CC(=O)N(Cc1ccccc1)[C@@H](C#N)C1CC1,P00533,
O=C(CSc1cccc(Cl)c1)Nc1ccccc1Cl,P00533,
CN(C)C(=O)[C@]1(Cc2cc(-c3ccccc3)no2)CCCN(C(=O)c2ccncc2)C1,P00533,
CCN(CC)C(=O)C[C@H](c1ccccc1)c1ccc(OC(C)C)cc1,P00533,
COCCc1nc2ccccc2n1C[C@@H](O)[C@]1(O)CCOC1,P00533,
CN(C(=O)[C@@H]1CCCN1c1ncnc2sccc12)[C@@H]1CCC(F)(F)C1,P00533,
COc1ccc(CN(C)C(=O)CCc2nc3ccccc3[nH]2)cc1F,P00533,
C[C@@H](NC(=O)C1CCN(S(=O)(=O)c2c(Cl)cccc2Cl)CC1)c1ccccn1,P00533,
C[C@H](O)CN(C)C(=O)Nc1ccc(Cl)c(Cl)c1,P00533,
CCCCc1ccc(NC(=O)c2ccc(OC)nc2)cc1,P00533,
CCc1n[nH]c(C(=O)N2CCN3C(=O)OC[C@H]3C2)c1Cl,P00533,
Cc1ccc(C2(CNC(=O)C[C@@]3(C)CCCO3)CCOCC2)cc1,P00533,
O=C(CCc1ccccc1Br)NCc1cncc(-c2ccoc2)c1,P00533,
CCNC(=O)Cc1c(C)nc([C@H]2CCN(C(=O)C(CC)CC)C2)nc1C,P00533,
COc1ccc(CNC(=O)Cn2cc(-c3ccccc3)c3ncnc(N4CCOCC4)c32)cc1OC,P00533,
CCOc1ccc(CNC[C@@H](O)c2ccccc2)cc1,P00533,
CC[C@@H](C)[C@@H](c1ccc(Cl)o1)N1CCNCC1,P00533,
Cn1ncc2c(NCc3cnn4c3CCCC4)ncnc21,P00533,
CN1CCNC[C@@H](Cc2ccnc(Nc3ncc(-c4ccccc4)s3)c2)C1,P00533,
Cc1c(C(=O)NC[C@H]2CC(=O)N(Cc3ccccc3)C2)nnn1-c1ccccc1F,P00533,
O=C(Cc1ccccc1Cl)[C@H]1CCOC1,P00533,
O=C(NC[C@H](O)Cc1ccccc1)Nc1cccc(C(F)(F)F)c1,P00533,
CC(C)[C@H](NC(=O)c1ccccc1F)C(=O)Nc1ccc(F)c(N2CCCNC2=O)c1,P00533,
O=C(O)Cn1ccn2nc(-c3ccc(F)cc3)cc2c1=O,P00533,
CNC(=O)C1CCN(C(=O)c2cc(C)nc3c2cnn3C(C)C)CC1,P00533,
CO[C@@H]1CN(c2cc(NC3CC3)ncn2)C[C@H]1c1cn(C)nn1,P00533,
CCOC(=O)C[C@@H]1c2ccccc2CCN1S(=O)(=O)c1c(C)noc1C,P00533,
CNC(=O)c1ccc(CN2CCO[C@H](c3ccc(F)c(F)c3)C2)cc1,P00533,
Cc1ccc(NC(=O)c2ccc3nnc([C@H]4CCN(Cc5ccccc5)C4)n3c2)cn1,P00533,
N#Cc1cc([C@@H](CCC(F)(F)F)N2CCNCC2)ccc1F,P00533,
CCc1ccc(OCC(=O)NCc2ccc(OC)c(Cl)c2)cc1,P00533,
COCc1nnc2n1CC[C@@H](NC(=O)c1nn(C)c3ccccc13)CC2,P00533,
CCCC(=O)N1CCN(c2nn3c(NC(C)(C)C)c(-c4cccc(F)c4)nc3s2)CC1,P00533,
CNC(=O)Nc1cccc(NC(=O)CCc2cc(F)ccc2F)c1,P00533,
COc1ccnc(N2CCN(C(=O)N[C@@H]3CCc4cc(F)ccc43)CC2)c1,P00533,
O=C1CN(C2CCN(Cc3ccccc3)CC2)C[C@@H](OCc2ccncc2)CN1CCc1ccccc1,P00533,
Cc1nn(C)c2[nH]c(=O)c(CCC(=O)N(C)Cc3ccco3)c(C)c12,P00533,
CCn1c(S[C@H]2CCOC2=O)nc2cc(S(N)(=O)=O)ccc21,P00533,
Cc1cc(C(F)(F)F)ccc1NC(=O)[C@H]1CCC2(CN(C(=O)[C@@H]3CCCS3)C2)O1,P00533,
COc1cccc(OC)c1C(=O)Nc1nnc(C(F)(F)F)s1,P00533,
O=C(NC1CC1)c1ccc(CN(c2ncnc3[nH]ncc23)C2CC2)cc1,P00533,
CCOc1cccc(-c2noc(Cn3c(=O)n(CC)c(=O)c4ccccc43)n2)c1,P00533,
O=S(=O)(NCC1(c2ccccc2)CCOCC1)c1ccccc1,P00533,
Cn1cc(CN2Cc3ccnn3CC[C@@H]2CN2CCC(F)(F)C2)cn1,P00533,
O=C(NCc1ccc(C(F)(F)F)cc1)c1cccnc1OCc1ccccc1F,P00533,
CC(C)(C)SCC(=O)N[C@H](Cc1ccccc1)C(=O)N1CCCC1,P00533,
COc1ccc2cc(C(=O)Nc3cc(-c4ccccc4)nn3C)oc2c1,P00533,
O=C(Cn1cnc2sccc2c1=O)NC1CC(F)(c2cccc(Cl)c2)C1,P00533,
Cc1[nH]c(=O)[nH]c(=O)c1NC(=O)CN(Cc1ccc(F)cc1)Cc1cccnc1,P00533,
C[C@@H]1CCCCN1CCNC(=O)CCc1ccc2c(c1)CN(C(=O)C1CC1)CCO2,P00533,
O=C(CNS(=O)(=O)c1ccccc1)Nc1ccc(Cl)cc1C(=O)c1ccccc1,P00533,
Cc1ccc(C)c([C@@H](C)NC(=O)C[C@@H]2OC(=O)c3ccccc32)c1,P00533,
Cc1cc(C)nc(SCc2cc(=O)c(OC(=O)c3cccc(C(F)(F)F)c3)co2)n1,P00533,
CCCCC(=O)N1CC2(C1)[C@@H](COCc1ccccn1)CCS2(=O)=O,P00533,
CC[C@H]1Oc2ccc(S(=O)(=O)N3CCN(C(=O)c4ccncc4)CC3)cc2NC1=O,P00533,
NC(=O)c1ccc(CN[C@H]2CCCCC23CCCC3)cc1,P00533,
Cc1nccnc1N1CCC(c2nnc(CN3CCCC3)n2C)CC1,P00533,
CC[C@H]1c2ccsc2CCN1C(=O)c1cnc(C(F)(F)F)nc1,P00533,
Cc1nc2c(c(NC(=O)c3ccc(Cl)cc3)nn2C)c(C)c1Cl,P00533,
CCOC(=O)c1ccccc1NC(C)=O,P00533,
CC[C@@H]1COS(=O)(=O)N1C(=O)OC(C)(C)C,P00533,
COc1ccc(C(=O)Nc2nnc(Cc3cccs3)o2)cc1OC,P00533,
CCOC(=O)C[C@@H](N)c1ccc(Br)o1,P00533,
C[C@@H](CC(=O)O)CC(=O)c1ccc(OC(C)(C)C)cc1,P00533,
COC(=O)Cc1ccc(-c2cc(C)cc(C)c2)cc1,P00533,
O=C1CC2(CCN(Cc3cnc[nH]3)CC2)ON1Cc1ccccc1,P00533,
CCNC(=O)C[C@H]1C(=O)NCCN1Cc1ccccc1C(F)(F)F,P00533,
CCN1CCN(C(=O)c2ccc(-n3nnnc3C)cc2)CC1,P00533,
CC(C)NC(=O)[C@@H](C)Oc1ccc(S(=O)(=O)NCc2ccco2)cc1,P00533,
Cc1ccc([C@@H]2N=C(N3CCN(c4cccc(Cl)c4)CC3)Nc3nc(C)cc(=O)n32)cc1,P00533,
CC[C@H](C)C(=O)Nc1ccccc1NC(=O)CN(C)Cc1cccnc1,P00533,
O=C1CCCN1c1ccc(S(=O)(=O)N2CC[C@H](c3ccccc3)C2)cc1,P00533,
COCCN1CCN(C[C@H]2CCOC2)Cc2cccnc21,P00533,
Cc1oc2c(c1C(=O)Nc1ccc(CC(=O)NC3CC3)cc1)C(=O)CCC2,P00533,
CC(=O)N[C@H](C)c1ccc(-c2csc(NC(=O)c3cc(C)c(C)s3)n2)cc1,P00533,
CC(=O)Nc1ccc(C(=O)[C@H](C)Sc2nc(C)cs2)cc1,P00533,
O=C(C1CCCC1)N1CCC[C@@H]2CCC[C@H]21,P00533,
COc1cccc(-c2nc(CN3CCN(C(=O)c4ccccc4)CC3)cs2)c1,P00533,
CCOC(=O)c1ccc(N2CCOCC2)c(NC(=O)c2cc3ccccc3cc2OC)c1,P00533,
Cc1ccccc1-n1ncc(C(=O)Nc2ccc(-n3cccn3)nc2)c1C(F)(F)F,P00533,
C[C@H](NCc1ccc(Cl)cc1)[C@@H](O)c1ccccc1,P00533,
O=C(Cc1ccc(F)cc1)NCC1(c2ccccc2)CCCC1,P00533,
Cc1ccc(C(=O)Nc2cccc(CN[C@@H]3CCc4nc(C)cn4C3)c2)cc1,P00533,
Cc1cc(C)c(S(=O)(=O)Nc2cccc3ccccc23)cc1C,P00533,
COc1cccc([C@H]2[C@@H](C(=O)Nc3nnc(C4CC4)s3)CC(=O)N2C)c1,P00533,
COc1ccc2c(c1)CCCN2C(=O)c1cnn(C(C)(C)C)c1C,P00533,
COc1ccc(C(=O)Nc2ccccc2N2CCOCC2)cc1S(=O)(=O)N1CCCC1,P00533,
Cc1ccc2cc(NC(=O)[C@H]3CC(=O)N(CCc4ccc(Cl)cc4)C3)ccc2n1,P00533,
CCc1nc2ccccc2n1CCC(=O)N[C@@H]1CCC[C@@H](n2ccnc2)[C@@H]1O,P00533,
CN(C(=O)c1cc[nH]n1)[C@H]1CC[C@@]2(CCO)C[C@H](c3ccccc3)C[C@](C)(O2)[C@@H]1O,P00533,
O=c1c2ccccc2nc(-c2ccco2)n1-c1ccc(Br)cn1,P00533,
COc1ccc(CN[C@@H](c2ccccc2)c2n[nH]c(C)n2)cc1OCCC(C)C,P00533,
CCOc1ccccc1NC(=O)CSc1nnc(CC(=O)Nc2cccc(Cl)c2Cl)n1C,P00533,
COC[C@@H]1CCCN(S(=O)(=O)NCCc2cccc(C(F)(F)F)c2)C1,P00533,
O=C(NCc1n[nH]c(=O)c2ccccc12)[C@H]1CC(=O)N(c2ccccc2)C1,P00533,
CCN1CC2(CCN(C(=O)C(C)(C)N)CC2)C[C@H](c2ccccc2)C1=O,P00533,
N#Cc1ccc(-c2n[nH]cc2CN2CCC(c3c[nH]c4ncccc34)CC2)cc1,P00533,
CCC[C@@H](C(=O)Nc1ccn(CCC(N)=O)n1)N(C)C,P00533,
COC(=O)c1ccccc1NC(=O)CN1C(=O)c2ccccc2S1(=O)=O,P00533,
CCn1c(Cn2cncn2)nnc1C1CCN(Cc2ccccc2C)CC1,P00533,
C[C@H]1CCCCN1C(=O)CN1CCN(C(=O)Nc2cccnc2)CC1,P00533,
Cc1ccc(C)c(N2CCN([C@@H](c3ccccc3F)c3nnnn3Cc3ccco3)CC2)c1,P00533,
CCC[C@H]1CN(C(=O)OC(C)(C)C)CCN1C(=O)c1cn(Cc2cccc(F)c2)nn1,P00533,
O=C(NC1CCCC1)c1cc(Br)ccc1-n1cnnn1,P00533,
Cn1c(=O)oc2cc(S(=O)(=O)CCC(=O)Nc3ccc(CN4CCCCC4)cc3)ccc21,P00533,
CNC(=O)[C@@H]1C[C@@H](NC(=O)c2ccc(OC)o2)CN1Cc1sccc1C,P00533,
O=C(COC(=O)c1cc(S(=O)(=O)N2CCCC2)cs1)c1ccccc1,P00533,
O=C(NCc1ncccn1)c1ccc2ncoc2c1,P00533,
COCCN1CC[C@@H](c2ccccc2)CCC1=O,P00533,
CN1Cc2ccccc2O[C@]2(CC[C@H](N(C)Cc3ccccn3)CC2)C1,P00533,
COc1cc(Cl)c(C)cc1NC(=O)CCc1ccccc1,P00533,
O=C(Nc1ccc2c(c1)N1CCN=C1S2)NC1CCCCC1,P00533,
Cc1ccc(C)c(OCC(=O)Nc2c(C)nn(C)c2C)c1,P00533,
Cc1cc(-c2cnc(C3CC3)nc2[C@@H]2CCCN(C(=O)c3ccc(C#N)cc3)C2)on1,P00533,
O=C(CSc1nnc(-c2ccccc2)n1-c1ccccc1)Nc1ccccc1F,P00533,
Cc1ccc(CN2CCC(CN(C)C(=O)c3ccc([C@H]4CCCN4)s3)CC2)o1,P00533,
Cc1nc(NCc2cc(F)cc(F)c2)ccc1Br,P00533,
CCOc1cc(N2C[C@@H](CO)[C@H](c3cnn(C)c3)C2)ncn1,P00533,
Cc1nc2ccc(NC(=O)CCc3c(C)nc4nc(N)nn4c3C)cc2s1,P00533,
C[C@@H](NC(=O)N(CCCO)Cc1ccc(Cl)cc1)c1ncnn1C,P00533,
CN(CCO)C(=O)C[C@@H]1CCCN(c2nc3ccc(Cl)cc3o2)C1,P00533,
C[C@@H]1CCc2nc(-c3ccc(F)cc3)cc(=O)n2C1,P00533,
O=S(=O)(c1ccc(Oc2ccccc2)cc1)N1CCCC1,P00533,
Cc1ccc2c(c1)CCCN2C(=O)CN1CCC2(CCC(=O)N(C)C2)CC1,P00533,
CC(C)CCn1c(SCC(=O)Nc2ccc(F)cc2)nc2ccsc2c1=O,P00533,
CCc1cccc(-n2ccn3cnnc3c2=O)c1,P00533,
CCOC(=O)c1c(NC(=O)c2oc3ccccc3c2C)sc2c1CCC2,P00533,
CCCCC(=O)Nc1ccc(C)cc1NC(=O)c1ccc(COC)o1,P00533,
NC(=O)c1ccc(-c2nccc(-c3ccc(Cl)cc3)n2)cc1,P00533,
Oc1ccc2c(c1Br)CCCC2,P00533,
CC(C)(C)S(=O)(=O)c1ccccc1-c1noc(-c2ccccc2)c1C(N)=O,P00533,
Cc1cccc(O[C@@H](C)C(=O)Nc2ccc(S(=O)(=O)N3CCOCC3)cc2)c1,P00533,
Cn1nccc1CCC(=O)NCc1ccccc1CN1CCCC1=O,P00533,
C[C@@H]1CCCCN1S(=O)(=O)c1cc(Cl)c2c(c1)CCC(=O)N2,P00533,
O=C(c1ccc(N2CCC(NCc3ccc(F)cc3F)CC2)cc1)N1CCOCC1,P00533,
O=C(CSc1nnc(-c2cccnc2)n1Cc1ccccc1)OC1CCCCC1,P00533,
CC(C)OC(=O)N[C@@H]1CCCN(C(=O)c2cc3scc(C(=O)O)c3[nH]2)C1,P00533,
CCc1nc2n(n1)CCC[C@H]2NC(=O)c1c(C)oc(C)c1C,P00533,
COc1ccccc1CNC(=O)CCCC(=O)c1ccc(OC)c(OC)c1,P00533,
CN(C)C(=O)[C@H]1CN(c2ccnc3cc(C(F)(F)F)ccc23)CCO1,P00533,
COc1ccc(CN2CCN(C(=O)c3cc(-c4ccc(Br)cc4)n[nH]3)CC2)c(OC)c1OC,P00533,
CCN(C(=O)c1cc2ccc(F)cc2[nH]1)[C@@H]1CN(C(C)=O)C2(CCCCC2)C1,P00533,
Cc1cnn([C@H]2CCN(C(=O)c3cncc(-c4ccccc4)c3)C2)c1,P00533,
O=C(c1cc(-c2ccc(Cl)cc2)n[nH]1)N1CCCC[C@@H]1c1ncccn1,P00533,
O=C(N[C@H](Cc1cc(Cl)cc(Cl)c1)C(=O)O)c1cccc(Cn2ccnn2)c1,P00533,
O=C(c1cc(-c2ccccc2)on1)N1C[C@H]2C[C@@H](n3ccnc3)[C@H](O)C[C@H]2C1,P00533,
COc1ccc(Cn2cc([C@H](CC(=O)NCCN3CCOCC3)c3ccc(F)cc3)c3ccccc32)cc1,P00533,
Cn1cc(NC(=O)CS(C)(=O)=O)c(-c2ccccn2)n1,P00533,
COCCN(Cc1c(C)nn(-c2ccc(Cl)cc2)c1Oc1cccc(F)c1)C(=O)COC,P00533,
CCO[C@H]1C[C@@H](N(C)C(=O)CCN2CCCC2=O)C12CCCC2,P00533,
COc1ccc2cc(OCc3nc4c5cnn(C)c5ncn4n3)ccc2c1,P00533,
Cc1nccn1-c1cc(C(C)C)nc(N)n1,P00533,
O=C1C[C@@H](C(=O)N2CCN(Cc3ccccn3)CC2)C2(CCCC2)O1,P00533,
Cc1cnc(C(=O)Nc2ccccc2SC2CCCC2)cn1,P00533,
CCC[C@H](C(=O)NC(C)(C)C)N(C(=O)Cn1nnc(-c2ccc(C)o2)n1)c1ccc(OCC)cc1,P00533,
CN[C@H](C)[C@@H]1CCCCN1C(=O)OC(C)(C)C,P00533,
O=C(c1ccccc1N1CCOCC1)N1CCC[C@H]1c1nc(-c2cccnc2)no1,P00533,
Cc1cccc2[nH]c(CCC(=O)N3CC[C@](N)(c4cccc(F)c4)C3)nc12,P00533,
C[C@@H]1CN(c2ccccc2NCc2cn(C(C)(C)C)nn2)C[C@@H](C)O1,P00533,
COc1ccc(CN2C(=O)CN(S(C)(=O)=O)C[C@@]2(C)C(=O)NC2CCCC2)cc1,P00533,
COc1ccc(OC)c(NC(=O)Nc2ccc(Nc3ccc(-n4ccc(C)n4)nn3)cc2)c1,P00533,
O=C(c1cc2oc(Br)cc2[nH]1)N1CC(N2CCOCC2)C1,P00533,
Cc1ccc(CN[C@@H](CS(C)(=O)=O)c2ccccc2)cc1F,P00533,
Cc1cc(C)c(C#N)c(S[C@H]2CCc3ccccc3C2=O)n1,P00533,
Cc1nnc([C@@H](NS(=O)(=O)N2CCO[C@H](C)C2)C(C)C)[nH]1,P00533,
COc1ccc(Cl)cc1-n1nc(C(C)C)nc1CNC(=O)N(C)C,P00533,
COCc1cnc2n1CCN(C(=O)c1cc(C)no1)[C@@H]2C,P00533,
CCn1nccc1[C@H]1NC(=O)CC[C@@H]1NCc1ccnn1C1CCCC1,P00533,
CCOC(=O)N1CCN([C@H](c2cccc(Br)c2)c2sc3nc(C)nn3c2O)CC1,P00533,
Cc1ccc2nc(C)cc(C(=O)N[C@@H](C)c3ccccc3)c2c1,P00533,
CC[C@@H](Oc1ccccc1F)C(=O)N1CC[C@@H](C(=O)O)C1,P00533,
COc1ccc([C@@H]2Nn3c(C)nnc3S[C@@H]2C(=O)N2CCCC2)cc1Br,P00533,
CCc1nccn1CC(=O)N1CC[C@@H](c2ccc(F)cc2)C1,P00533,
CCC(=O)N1CCc2cc(S(=O)(=O)N[C@@H](C(=O)N[C@@H](C)c3ccccc3)C(C)C)ccc21,P00533,
O=S(=O)(c1ccc(-c2noc(-c3cccc(Cl)c3)n2)cc1)N1CCOCC1,P00533,
CNC(=O)C[C@]1(O)CCCN(C(=O)c2ccc(Cl)cc2C)C1,P00533,
COc1cccc(COC(=O)c2nnn(-c3cccc(F)c3)c2C)c1,P00533,
Oc1ccc(-c2n[nH]cc2-c2ccccc2)c(O)c1,P00533,
CCc1ccc(C(=O)NC[C@H]2[C@H]3CN(c4ncnc(C)c4C)C[C@]34CC[C@H]2O4)cc1,P00533,
Cc1ocnc1C(=O)Nc1cccc(Nc2ccccc2)c1,P00533,
N#Cc1ccc(N2CCC(C(=O)NC3CC3)CC2)cc1,P00533,
COc1ccc(N2CCn3c(SC/C=C/c4ccccc4)nnc32)cc1,P00533,
O=C(NCc1ccc(C(=O)Nc2cccc(Cl)c2)o1)c1ccccc1,P00533,
O=C(c1n[nH]c2ccccc12)N1C[C@@H](O)C[C@@H]1c1cccc(F)c1,P00533,
CCc1ccc(S(=O)(=O)N[C@@H]2C[C@H]3CO[C@@H](c4ccccc4)CN3C2)cc1,P00533,
Nc1nc2c(-c3ccccc3)c(C(F)(F)F)sc2s1,P00533,
COc1cnc(O[C@H]2CCN(Cc3ccc(Br)cc3)C2)nc1,P00533,
CN1C(=O)CO[C@@H]2CN(Cc3ccc(=O)[nH]c3)CC[C@]21c1ccccc1,P00533,
C[C@H](Sc1nnc(-c2cccnc2)n1Cc1ccccc1)c1nc(-c2cccnc2)no1,P00533,
CSc1ccccc1C(=O)N1C[C@@H]2CN(c3ccc4nnc(C)n4n3)C[C@@H]2C1,P00533,
CC(=O)N(C)C1CCN(C(=O)c2csc(-c3ccoc3)n2)CC1,P00533,
CN(C(=O)C1CCC1)C1CCN(Cc2ccccc2Br)CC1,P00533,
NC(=O)[C@@H](O)[C@@H](Cc1ccccc1)NC(=O)OCC1CC1,P00533,
CCN(CC)c1ccc(C(=O)Nc2cccc(CN3CCOC3=O)c2)cn1,P00533,
CC(=O)Nc1ccc(C(=O)OCC(=O)Nc2ccnn2C2CCCC2)cc1,P00533,
CCN(CC)CCNC(=O)c1sc(COc2ccc(C)cc2)nc1C,P00533,
CCOC[C@@H]1CCCN(C(=O)CCS(=O)(=O)N(C)C)C1,P00533,
Cc1cc(C)c(CC(=O)NCc2c(F)cc(F)cc2F)c(C)c1,P00533,
O=S(=O)(c1cccc(C(F)(F)F)c1)N1CCc2oc([C@H]3CCOC3)nc2C1,P00533,
Cc1csc2nc(CN3CCN(c4cnn(-c5ccccc5)c(=O)c4Cl)CC3)cc(=O)n12,P00533,
CN1CCO[C@@H](Cn2ccnc2-c2ccnc(N)c2)C1,P00533,
O=C(O)[C@@H]1CN(C(=O)CCN2C(=O)CCc3ccccc32)CCO1,P00533,
CN1C[C@H]2CCC[C@H](C1)N2S(=O)(=O)c1ccc(Oc2ccc(F)cc2)cc1,P00533,
COc1cc(F)ccc1-c1ccc(=O)n(CC(=O)Nc2cccc3c2ccn3CC(C)C)n1,P00533,
Cc1ccc(-n2cnnc2SCC(=O)OCc2cnn(-c3ccccc3)c2)cc1Cl,P00533,
COc1ccc(CCC(=O)N2[C@@H]3CC[C@H]2C[C@@H](NC(=O)c2cnc(C)cn2)C3)cc1,P00533,
Cc1ccc(C(=O)N[C@H]2CC[C@@H](n3cc(-c4ccncn4)cn3)CC2)c(C)c1,P00533,
CC(C)c1ccc(NC(=O)[C@H]2C[C@@H]2c2ccccc2)cc1,P00533,
Cc1ccc(F)cc1NC(=O)CSc1nc2ccccc2n2c(C)nnc12,P00533,
CC(=O)N(Cc1cnc(S(=O)(=O)Cc2ccccc2C)n1CC(C)C)C[C@@H]1CCCO1,P00533,
CC[C@@H](NC(C)=O)C(=O)NC[C@]1(c2ccccc2)CCC(=O)N1,P00533,
COc1ccccc1CC(=O)N1CCCC[C@H]2CN(c3ncc(C(=O)O)c(COc4ccc(Cl)cc4)n3)C[C@H]21,P00533,
COc1ccccc1NC(=O)Cn1nc2ccc(Sc3ccccc3)nn2c1=O,P00533,
Cc1ccccc1-n1c(=O)nc(N[C@H]2CCNC2)c2ccc(C(F)(F)F)cc21,P00533,
O=C(c1cccc(Cn2cccn2)c1)N1C[C@@H]2CNC[C@@H]2[C@@H]1c1cccc(F)c1,P00533,
CS(=O)(=O)CC[C@H]1CCCCN1C(=O)c1cccc2cccc(O)c12,P00533,
O=C(COC(=O)c1ccc(F)cc1)Nc1cc(Cl)ccc1Cl,P00533,
CC(C)[C@@H](O)C1CCN(Cc2nc(-c3cccc(Cl)c3)no2)CC1,P00533,
CC(=O)Nc1ccc(S(=O)(=O)N2CCN=C2C)cc1,P00533,
Cc1nc(N2CCN([C@@H](CC(C)C)C(=O)O)CC2)c2cnn(C)c2n1,P00533,
C[C@H](NS(=O)(=O)c1ccc(Br)cc1)[C@@H](c1cccs1)N1CCN(c2ccccc2)CC1,P00533,
NC(=O)[C@@H]1CCO[C@@H]1CC1CCN(C(=O)c2ncccc2F)CC1,P00533,
O=C(c1ccc(Cl)cc1)N1C[C@H]2CC[C@@H]1CN(Cc1cscn1)C2,P00533,
COc1ccc(CN(C(=O)COc2ccc(C)c(C)c2)[C@@H]2CCS(=O)(=O)C2)cc1OC,P00533,
O=c1[nH]c2cc3c(cc2cc1[C@@H](c1nnnn1Cc1ccc(F)cc1)N1CCN(Cc2ccco2)CC1)OCO3,P00533,
CC1CCN(C(=O)CSc2nc3ccccc3n2Cc2ccc(F)cc2)CC1,P00533,
CN1CCN(C2CCN(CC(=O)NCC(F)(F)F)CC2)C1=O,P00533,
CCC(CC)(C(=O)O)c1cccc2ccccc12,P00533,
O=C(COC(=O)c1ccc2ccccc2n1)Nc1ccccc1F,P00533,
COc1ccc(S(=O)(=O)Nc2ccc(C3(C(=O)NC[C@@H]4CCCO4)CC3)cc2)cc1OC,P00533,
O=C(O)[C@@H]1CC(=O)N(Cc2ccc(Cl)cc2)C1,P00533,
NC(=O)[C@@H]1C[C@@H](F)CN1CCc1ccc2c(c1)CCO2,P00533,
COc1ccccc1N1C[C@@H](C)Cn2c1nc1c2c(=O)n(CC(C)=O)c(=O)n1C,P00533,
COc1nc(C)ccc1NC(=O)c1cnoc1C,P00533,
CCN(Cc1nccn1C)C(=O)c1ccc(-c2cccc3ncccc23)nc1,P00533,
CC(=O)NS(=O)(=O)c1ccc(NC(=O)[C@H]2CC(=O)N(Cc3ccccc3Cl)C2)cc1,P00533,
Cc1cc(C)cc(C(=O)N2CCC[C@H](C(=O)Nc3[nH]nnc3C)C2)c1,P00533,
COc1ccc([C@@H]2CC(=O)c3nnc4c(-c5ccc(Cl)cc5)c(C)nn4c3C2)c(OC)c1,P00533,
CN(C[C@H]1CCCCO1)C(=O)Cn1ncc(N(C)C)cc1=O,P00533,
NC(c1cccc(Cl)c1)c1cccc(Cl)c1,P00533,
Cc1nsc(N)c1C(=O)OCc1ncc(-c2ccccc2)o1,P00533,
Cc1ncnc(N2C[C@@H]3CN(C(=O)c4cc(C5CC5)n[nH]4)C[C@H]3C2)c1C,P00533,
O=C1Nc2ccccc2CN2CCC[C@@H]12,P00533,
CCOC[C@H]1CN(C(=O)c2cccs2)Cc2ncn(CC3CC3)c21,P00533,
COc1ccccc1-c1ccnc(-n2ncc(C(=O)N3C[C@H]4CC[C@@H]3C4)c2C2CC2)n1,P00533,
Cc1nccn1-c1ccc([C@H]2C[C@@](C)(NC(=O)C(C)C)[C@@H]3CC[C@@H](C)C[C@H]3O2)cc1,P00533,
Cc1nn(C)c2c1[C@H](c1ccc(OCc3ccccc3F)cc1)CC(=O)N2,P00533,
COc1cc(F)c(Br)cc1OC,P00533,
CC(C)[C@H](O)CN[C@H](C)c1cccc(N2CCCC2=O)c1,P00533,
CC(C)(C)OC(=O)N1CC(CC(=O)NCc2c(F)cccc2C(F)(F)F)C1,P00533,
NC(=O)NC1(C(=O)NC2CCN(c3ccccc3)CC2)CC1,P00533,
Cc1noc(C)c1CC(=O)N1CCC[C@H](C2(O)CC2)C1,P00533,
COc1ccc2c(CC(=O)N3C[C@H](N)C[C@@H](C(=O)O)C3)c[nH]c2c1,P00533,
O=C([C@@H]1CC1(F)F)N1CCO[C@H](C2CC2)C1,P00533,
Cc1ccc(C)c(S(=O)(=O)Nc2cccc3ccc(O)cc23)c1,P00533,
Cc1ccc(NC(=O)c2nnc(COCC(=O)NCCN3CCCC[C@@H]3C)s2)cc1,P00533,
CCc1nn2c(c1-c1ccc(C)c(S(=O)(=O)Nc3cc(Cl)ccc3C)c1)NC(=O)CCC2=O,P00533,
Cc1nc2cc(C(=O)N(C)C[C@]3(O)CCCN(c4cnccn4)C3)ccc2n1C,P00533,
CN(CC(=O)Nc1ccc(Br)cc1F)S(C)(=O)=O,P00533,
COc1cccc(Oc2nc(N3CCN(C)CC3)nc3c2CN(C(=O)c2c(F)cccc2F)CC3)c1,P00533,
Cc1c([C@@H](C)NC(=O)CCc2n[nH]c3c2CCCC3)cnn1-c1ccccn1,P00533,
CC[C@H](NC(=O)c1ccccc1OC)c1ccc(Br)cc1,P00533,
O=C(CN1N=C(c2nc(-c3ccccc3)no2)CCC1=O)N1CCC(N2CCCCC2)CC1,P00533,
O=C(c1cccc(Cl)c1)N1CCCN(C2CCSCC2)CC1,P00533,
CNC(=O)C1(Nc2cccc(OC)c2)CCN(C(=O)c2cscn2)CC1,P00533,
CCc1n[nH]c(SCC(=O)N[C@@H]2C[C@H]2c2ccccc2)n1,P00533,
COCc1cccc(-c2ccc(C)c3ncccc23)c1,P00533,
NS(=O)(=O)c1ccc(-c2c(F)cncc2F)cc1,P00533,
COC(=O)[C@H]1CCCCN1c1ccccc1,P00533,
O=C(NCC(F)(F)F)c1ccc(NS(=O)(=O)c2ccc3ccccc3c2)cc1,P00533,
CCNC(=O)Nc1ccc(OCC(=O)NCc2ccccc2)nc1,P00533,
CCc1ncnc(NCc2ccc(Cl)cc2)c1F,P00533,
CNC(=O)C1(C)CCN(C(=O)c2c(N(C)C)noc2-c2ccc(F)c(OC)c2)CC1,P00533,
Cc1ccc(NC(=O)c2cccc(Br)c2F)c(Cl)c1,P00533,
CC[C@](NC(=O)[C@@H]1CN(C)CCO1)(C(=O)O)c1ccc(Cl)cc1,P00533,
O=C(c1cc(C2CC2)on1)N1CC[C@H](c2ccc3c(c2)OCO3)C1,P00533,
O=C(COc1ccccc1)N1C[C@H](c2nncn2C2CC2)C2(CCC2)C1,P00533,
Cc1ccc(CN2CCC[C@H]2C(=O)O)cc1,P00533,
CN(c1ccnc(C2CC2)n1)[C@@H]1CCN(Cc2cccc(F)c2)C1,P00533,
C[C@H](NC(=O)c1ccc(COc2ccc(F)cc2F)o1)c1ccccc1,P00533,
C[C@@H](C(=O)NCc1ccccc1F)N1CCN(c2nc3ccccc3s2)CC1,P00533,
CCc1nnc2cc(N3CCN(C(=O)Nc4ccc(C)c(Cl)c4)CC3)cnn12,P00533,
CC(=O)N1CCC(NC(=O)CCOc2ccccc2)CC1,P00533,
Cc1sc(NC(=O)[C@H]2COC(C)(C)CO2)nc1Br,P00533,
CCOc1oc(-c2ccc(OC)cc2)nc1C(F)(F)F,P00533,
COc1ccc(C(=O)N2C[C@H](O)[C@@H](N3CCN(CC4CCCC4)CC3)C2)cc1,P00533,
CC(C)[C@H](C(=O)N(C)Cc1cccc2cnccc12)n1cnc2ccccc2c1=O,P00533,
Cc1cccc2c(-c3ccnc(Cl)n3)c[nH]c12,P00533,
Cc1c(Cl)cccc1NC(=O)CSc1ncc(S(=O)(=O)c2ccccc2)c(N)n1,P00533,
COC(=O)C1=CC=C2C3=C(C=C(C)C=C4COC(=O)C1=C43)CCC[C@@H]2O,P00533,
COc1ccc(C(=O)N(C)C[C@H]2COc3ccccc3O2)cc1S(=O)(=O)N1CCCC[C@@H]1C,P00533,
COCCN(CC(=O)N1N=C(c2ccc(OC)cc2OC)C[C@@H]1c1ccccc1)C(=O)C1CCC1,P00533,
CCCCN(C)c1ncc(NS(=O)(=O)c2ccc(OC)cc2)cc1C(=O)O,P00533,
C[C@H](CC(=O)c1cccc(C#N)c1)CC(C)(C)C,P00533,
CCOc1ccc(S(=O)(=O)N2CCN=C2N2CCN(CC)CC2)cc1,P00533,
CC(=O)N1CCc2ccccc2[C@H]1CC(=O)N1CCc2c(cccc2C(=O)O)C1,P00533,
COC(=O)c1ccc(Cn2cnc3c2c(=O)n(CCC(C)C)c(=O)n3-c2ccc(F)cc2)o1,P00533,
CCOc1cc(C#N)ccc1OCC(=O)N[C@H](c1cc(OC)cc(OC)c1)c1nccn1C,P00533,
CCCn1cc(C(=O)N2CCN(c3ccccc3F)CC2)c2nn(-c3ccccc3)c(=O)c-2c1,P00533,
Cc1ccc(NC(=O)CSCC(=O)NCCc2ccccc2)c(C)c1,P00533,
N[C@H]1C[C@H](C(=O)NCc2cccc3ccccc23)C[C@@H]1O,P00533,
COCc1nc(CNC(=O)c2ccnc3ccccc23)no1,P00533,
CC(=O)NCCN(C)CC1CCN(C[C@H](O)c2ccccc2)CC1,P00533,
COc1ccc(-c2cc3sccc3s2)c(F)c1F,P00533,
O=C(Cc1ccc(F)cc1F)NCC1CCNCC1,P00533,
CCC[C@@H](C)CN[C@H](C)c1ccccc1,P00533,
Cc1noc(CCCC(=O)N[C@H]2CCCOc3cc(Cl)ccc32)n1,P00533,
CC(C)n1cnnc1CN1CCOc2ccc(Cl)cc2C1,P00533,
Cc1nc([C@H](C)NC(=O)C2CCN(Cc3ccco3)CC2)n[nH]1,P00533,
Cc1ccc(NC(=O)[C@H]2CCCN(C(=O)C3(c4ccc(F)cc4F)CCC3)C2)nc1,P00533,
CCc1cccc(OC2CN(C(=O)CCn3c(=O)[nH]c4ccccc43)C2)c1,P00533,
N[C@H]1CN(C(=O)Cc2cnccc2C(F)(F)F)CC12CCC2,P00533,
Cc1ccc(CN2CCCN(CC(=O)NCc3ccccc3Cl)S2(=O)=O)cc1,P00533,
Cn1cccc(C(=O)NCC[C@H](O)c2ccco2)c1=O,P00533,
COc1cccc(-c2ccc(C(=O)O)s2)c1,P00533,
O=C(Cc1ccc(F)cc1)N(CCCN1CCCC1)[C@@H]1CCCNC1,P00533,
COc1ccc(CN2CC[C@H](c3nc(-c4cccs4)no3)C2)cc1,P00533,
CO[C@@H](C)c1nc(C)c(C(=O)Nc2cccc(-c3nnnn3C)c2)s1,P00533,
O=C([C@H]1CCN(c2ncnc3ncccc23)C1)N1CCc2sccc2C1,P00533,
N#CCc1cccc(-c2cnc(N)c(OC(F)F)c2)c1,P00533,
CCNC(=O)c1cnc(N2CCN(c3ccccc3C)CC2)nc1OC,P00533,
Nc1nccnc1C[C@@H]1CCCN(Cc2ccc3c(c2)OCCO3)C1,P00533,
O=C(NC[C@@H]1CCCCO1)C1CCN(C(=O)c2ccccc2Cl)CC1,P00533,
CCn1c(C(=O)NCc2cc3ccccc3[nH]2)cnc1O,P00533,
COc1ccc(-c2nc(O)cs2)cc1,P00533,
Cc1sc2nc(SCC(=O)Nc3sccc3C(N)=O)n(C(C)C)c(=O)c2c1C,P00533,
CCN(Cc1nccn1CC)C[C@@H](O)c1cccc(O)c1,P00533,
O=C(c1ccccc1)N1CCC(N2CC[C@@H]3OCc4cnnn4[C@H]3C2)CC1,P00533,
Cn1nc2ccc(NC(=O)[C@@H]3CCc4nn(C)c(=O)n4C3)cc2n1,P00533,
COc1cccc(C(=O)Nc2ccc3c(c2)Sc2ncccc2C(=O)N3C(C)C)c1OC,P00533,
Cc1cc(NC(=O)[C@@H](Cc2ccccc2)NS(=O)(=O)c2cccs2)ccc1Br,P00533,
COc1ccc(-c2ccc(=O)n(Cc3ccccc3Cl)n2)cc1OC,P00533,
Cc1ccc(NC(=O)Cn2nc(-c3ccccc3)cc(NC(=O)c3ccccc3)c2=O)cc1,P00533,
CCn1cc2c(n1)[C@@H](COC)CN(Cc1ccc(C)s1)C2,P00533,
Cc1c(Cl)cccc1NC(=O)CCCc1ccccc1,P00533,
CC(C)c1ccc(N[C@@H]2CCCN(C(=O)Nc3ccc4c(c3)OCO4)C2)cc1,P00533,
Cc1cc(-c2nnc(-c3ccccc3)o2)c2ccccc2n1,P00533,
CCCc1nnc(SCc2cc(C(=O)OC)co2)n1CC(=O)O,P00533,
CN(Cc1ccccn1)C(=O)C1=NO[C@@]2(CCN(C(=O)NCc3cccnc3)C2)C1,P00533,
COc1ccc(C(=O)N(CC(=O)N2CCc3sccc3[C@@H]2COc2cccc(F)c2)CC2CC2)cc1,P00533,
CO[C@H]1CCCC[C@H]1NC(=O)N1CCC(n2ccnc2)CC1,P00533,
Cc1nn(-c2ccccc2)c2ncc(C(N)=O)cc12,P00533,
O=S(=O)(NCc1cccn1Cc1ccccc1)c1ccccc1,P00533,
COc1ccc(-c2csc(C)n2)cc1S(=O)(=O)N1CCC(Cc2ccccc2)CC1,P00533,
C[C@H](Cc1cc2ccccc2o1)NC(=O)c1ccc(F)cc1F,P00533,
COC(=O)c1cccc(S(=O)(=O)N[C@@H](C)c2ccc(C)o2)c1,P00533,
CCOC(=O)[C@@H](Oc1ccccc1OC)[C@H](O)c1ccc(OC)c(OC)c1,P00533,
CCCNc1ccc(Br)cc1C#N,P00533,
Cc1cccn2ncc(C(=O)NC[C@@H]3C[C@@H]4CC[C@H]3O4)c12,P00533,
CC[C@@H]1CCc2sc(C(=O)N3CCOCC3)cc2C1,P00533,
O=C(NCc1ccc(F)cc1Br)c1c(F)cccc1Br,P00533,
Cc1cccc(-c2cccc3c(C(=O)N4CCO[C@@H](CCN)C4)cccc23)c1F,P00533,
CNc1nccnc1C[C@@H]1CCCN(C(=O)c2ncccn2)C1,P00533,
Cc1ccc(C)c(OCCn2c([C@@H](C)NC(=O)c3ccco3)nc3ccccc32)c1,P00533,
CCN(c1ccccc1)S(=O)(=O)c1cc(C(=O)N2CCCCCC2)cs1,P00533,
O=C(Cn1cc(S(=O)(=O)N2CCCCCC2)ccc1=O)NCc1cccs1,P00533,
CS(=O)(=O)N1CCN(C(=O)CSc2ccccc2)CC1,P00533,
Cc1nccc(-c2ccc(-c3noc(CN4CCCCCCC4)n3)cc2)n1,P00533,
COC(=O)c1ccncc1C(=O)OCc1sc2ccccc2c1Cl,P00533,
COc1ccccc1-c1cc2nc(C)cc(N3CCN(c4ccccn4)CC3)n2n1,P00533,
COc1ccccc1-n1c(-c2ccc(C)cc2)nc2nc3ccccc3nc21,P00533,
Cn1c(=O)c(C(=O)Nc2ccccn2)nn(-c2ccc(F)cc2)c1=O,P00533,
Cn1c(C(=O)NCc2ccc(S(N)(=O)=O)cc2)cnc1-c1ccccc1,P00533,
CCN(c1ccccc1C)S(=O)(=O)c1ccc(N2CCCCS2(=O)=O)cc1,P00533,
O=c1c2ccccc2ncn1Cc1noc(COc2ccc(Cl)cc2)n1,P00533,
CC(C)(C)OC(=O)N[C@@H](CC(=O)O)C1CCC1,P00533,
O=C(O)c1cc(Br)cc(S(=O)(=O)N2CCOCC2)c1F,P00533,
O=C(c1cccc(Nc2ncccn2)c1)N1C[C@@H]2C[C@@H](C1)[C@H]1CCCC(=O)N1C2,P00533,
C[C@@H](Cc1ccsc1)NC(=O)c1cccc(-c2nc(N(C)C)n(C)n2)c1,P00533,
O=C(N[C@H]1c2ccccc2C[C@H]1C(=O)O)OCC1c2ccccc2-c2ccccc21,P00533,
Cc1cc(C)c(C(=O)N[C@@H]2C[C@H]3CO[C@@H](c4ccc(Cl)cc4)CN3C2)c(O)n1,P00533,
CCn1cnc2c(c1=O)CCN(S(=O)(=O)Cc1cccc3cccnc13)C2,P00533,
COc1ccc([C@@H](C)NC(=O)c2cc(F)cc(OC)c2)cc1,P00533,
COc1ccc2cc(C(=O)NCCN3CCc4ccccc4C3)c(C)nc2c1,P00533,
COc1ccc(CNC(=O)c2ccc(OCc3ccccc3)cc2C)cn1,P00533,
C[C@@H](Oc1cccc(CO)c1)C(=O)N(C)CCCC(=O)Nc1ccccc1,P00533,
CCn1c(CNC(=O)Cc2ccc(OC)cc2)nnc1SCC(=O)Nc1cc(F)ccc1C,P00533,
CNc1nccnc1[C@@H]1CN(S(=O)(=O)c2cccnc2)CCO1,P00533,
Cc1ccc(S(=O)(=O)CCC(=O)OCC(=O)N2CCN(S(=O)(=O)c3ccccc3)CC2)cc1,P00533,
O=C(N[C@@H]1CCS(=O)(=O)C1)c1ccc(Cl)cc1Cl,P00533,
COc1cnc(OC)n2nc(NC(=O)C3CCN(C(=O)OC(C)(C)C)CC3)nc12,P00533,
CC(C)(C)OC(=O)N[C@@H]1CCN(CC2CCOCC2)C1,P00533,
O=C(N[C@@H]1CO[C@H]2[C@@H]1OC[C@H]2O)[C@H]1CC[C@H](c2ccccc2)N1,P00533,
Cn1cnnc1[C@H]1CN(S(=O)(=O)c2cccc3cccnc23)CC12CCOCC2,P00533,
O=C(CN1C(=O)CSc2ccc(S(=O)(=O)N3CCCC3)cc21)NCCc1ccc(Cl)cc1,P00533,
C[C@@H](Cc1ccccc1Cl)C(=O)NCCc1nc(=O)o[nH]1,P00533,
Cc1ccc(NC(=O)c2ccc(F)c(S(=O)(=O)NCc3ccccc3)c2)cc1F,P00533,
Cc1ccc(C)c(-c2cnc(NC(C)C)nc2)c1,P00533,
N#CC1([C@@H](O)c2ccccc2)CCOCC1,P00533,
O[C@H](c1ncccc1Br)C(F)(F)F,P00533,
CCOC(=O)c1c(N)nc2n1CCCC2,P00533,
COc1ccc([C@H]2[C@H](C(=O)Nc3nnc[nH]3)c3ccccc3C(=O)N2C)cc1OC,P00533,
CCOC(=O)Cn1nnnc1[C@H](c1ccc(F)cc1)N1CC=C(c2ccc(F)cc2)CC1,P00533,
O=S(=O)(c1ccc2nc(O)c(O)nc2c1)N1CCCC1,P00533,
Cc1ccc(-c2cc(C(=O)NCc3ccccn3)nn2[C@H]2CCS(=O)(=O)C2)cc1,P00533,
O=C(NCCc1csc(-c2ccncc2)n1)c1ccc(F)c(F)c1,P00533,
CC(=O)NCc1nc(Cc2cccnc2)nn1CC(F)(F)F,P00533,
CCC(=O)N1N=C(c2ccc(C)cc2)C[C@H]1c1cccc2nccnc12,P00533,
COCC(=O)Nc1cccc(NC(=O)NC2(c3cccc(Cl)c3)CC2)c1C,P00533,
C[C@H](C(=O)Nc1ccc2c(c1)CCCCC2)n1cnc2c(N)ncnc21,P00533,
C[C@H](NC(=O)c1ccc2nccn2c1)C1CCNCC1,P00533,
O=C(Cn1nc2ccccc2n1)NCc1n[nH]c2c1CCCCC2,P00533,
COc1nc(Cl)ncc1Br,P00533,
Cc1n[nH]c(C)c1CNS(=O)(=O)c1ccc2c(c1)CCC2,P00533,
COCCn1c(S[C@@H](C(=O)Nc2cccc(C(C)=O)c2)c2ccccc2)nc2ccccc2c1=O,P00533,
O=C(NCc1c[nH]c2ccccc12)c1ccnc(O[C@@H]2CCOC2)c1,P00533,
Cc1cccc(Cn2c(=O)n(Cc3ccco3)c(=O)c3ncccc32)c1,P00533,
CCN(C(=O)Cc1ccc(S(=O)(=O)C(C)C)cc1)C1CC1,P00533,
O=C(CSc1nnc(CNC(=O)c2ccccc2F)n1-c1ccc(F)cc1)Nc1nccs1,P00533,
CCOC(=O)CNC(=O)N1C[C@H](C)O[C@@H](C)C1,P00533,
FC(F)c1nc(N2CCN(C[C@H]3CCCO3)CC2)c2ccccc2n1,P00533,
Cc1ccc(Cc2ccccc2C(=O)N2CCC[C@H](C3(O)CC3)C2)cc1F,P00533,
CN[C@@H]1CCCN(C(=O)c2cccc(C(N)=O)c2)C1,P00533,
Cc1cc([C@@H]2CCCN2C(=O)Nc2cccc(F)c2)on1,P00533,
Cc1c(C(=O)N[C@H](CN)C2CCCCC2)nnn1-c1ccc(F)c(F)c1,P00533,
N[C@@H]1CCC[C@@H]1C(=O)NCc1cc2ccccc2[nH]1,P00533,
CCc1cccc(NS(=O)(=O)c2ccc3c(c2)N(C(C)=O)CCCS3)c1,P00533,
CCn1c(CNC(=O)COc2ccccc2F)cc2cc(C)ccc21,P00533,
Cc1cc(S(=O)(=O)N2CC[C@H](CN)C2)ccc1Br,P00533,
CNS(=O)(=O)Cc1ccccc1CNc1ncc2ncn(C)c2n1,P00533,
C[C@H](CCC(=O)NCc1ccccn1)[C@H]1CC[C@H]2[C@@H]3[C@H](O)C[C@@H]4C[C@H](O)CC[C@]4(C)[C@H]3C[C@H](O)[C@]12C,P00533,
Cc1onc(-c2ccccn2)c1C(=O)N1CCC(F)(C2CC2)CC1,P00533,
Cn1cc(C#N)cc1C(=O)NCc1cc[nH]n1,P00533,
C[C@H](Oc1ccccc1)C(=O)Nc1ccccc1C(N)=O,P00533,
Cc1nn(-c2ccccc2)c(C)c1CC(=O)N1C[C@@H]2CC[C@H](C1)N(C)C2=O,P00533,
O=C(CN1CCC[C@@H](C(F)(F)F)C1)Nc1ccc(F)cc1,P00533,
Cc1cccc(-c2ccc(C)c(F)c2)n1,P00533,
COc1ccc(OC)c(-c2csc(NC(=O)c3cc4cc(OC)ccc4nc3C)n2)c1,P00533,
O=C(CN1C(=O)CN(C(=O)NCc2ccccc2)c2ccccc21)NCc1ccco1,P00533,
COc1cc(C(=O)Cn2c(=O)n(C)c3ccccc32)cc(OC)c1OC,P00533,
Cc1csc([C@@H]2CCCCN2C(=O)CCCn2cncn2)n1,P00533,
CCc1ccc(CN2CC[C@@H]3[C@@H](CO[C@H]3CNC(=O)N(C)C)C2)o1,P00533,
Cc1cc(N2CCN[C@H](C)C2)nc(-c2ccccc2)n1,P00533,
COc1cccc(CCC(=O)NCc2c(F)cc(Br)cc2F)c1OC,P00533,
O=C(Nc1ccc(F)c(Cl)c1)N1CCC[C@@H]1c1ccc(F)cc1,P00533,
CCOCc1cnc(C)nc1NC(=O)c1nnn(-c2ccccc2F)c1-c1ccncc1,P00533,
COCCC(=O)N1CCC(c2nc(N(C)C)ncc2-c2ccc(OC)cc2)CC1,P00533,
CCS(=O)(=O)c1ccc2oc(SCC(=O)N3C[C@@]4(C)C[C@@H]3CC(C)(C)C4)nc2c1,P00533,
CNC(=O)[C@@H]1CN(CCOc2ccc(F)cc2)CCN(C(C)=O)C1,P00533,
CC(C)(C)c1nocc1CN1CCC(c2cc(C(=O)O)on2)CC1,P00533,
Cc1ccc(S(=O)(=O)NC(=O)c2cccc(Cn3ccc(C(F)(F)F)n3)c2)c2ncccc12,P00533,
COc1cccc(C(NCc2ncc(C)o2)c2cccc(OC)c2)c1,P00533,
Cc1ccnc(C(=O)N[C@@H](C)c2ccc(S(=O)(=O)N(C)C)cc2)n1,P00533,
CNc1ncc(C(=O)N(C)Cc2ccc(Oc3ccccc3)cc2)cn1,P00533,
C[C@H](Sc1nnnn1C1CCCC1)C(=O)Nc1cccc(S(=O)(=O)N2CCOCC2)c1,P00533,
CCCS(=O)(=O)N1CC(F)(c2ccc(C(=O)O)cc2)C1,P00533,
COC(=O)c1cccc(OCCN)c1C,P00533,
O=C(Nc1ccccc1N1CCCCC1)c1cccc(Cl)c1,P00533,
CCOc1ccc(-c2nccn2[C@H]2C[C@H]3CO[C@@H](CCO)CN3C2)cc1CO,P00533,
Cc1cc(CN2CC3(CC[C@H](CNC(=O)c4ccno4)CO3)C2)no1,P00533,
Cc1ccc(C(=O)C(F)(F)F)cc1C,P00533,
CN(C)CCNC(=O)c1ccc(-c2ccccc2-n2cccn2)cc1,P00533,
COC(=O)[C@@H](N1CCNC1=O)C(C)(C)C,P00533,
CN(Cc1cccc(OC(F)F)c1)c1cn[nH]c(=O)c1Cl,P00533,
CC(=O)N1CCC(N2CCOC[C@]3(CN(c4ccc(Cl)cc4)C(=O)O3)C2)CC1,P00533,
CCc1noc(C)c1C(=O)N1CCC(CCC(=O)N(C)Cc2ccccc2)CC1,P00533,
CCOc1ccc(-c2cccc(NS(=O)(=O)c3ccc(F)cc3)c2)nn1,P00533,
CC(C)n1nnnc1-c1ccccc1NC(=O)N1Cc2ccccc2C[C@@H]1C,P00533,
Cc1cc(N2CCC(CC(=O)N3CCOCC3)CC2)n2nc(C)cc2n1,P00533,
Cn1cc(-c2ccc(NCC3([C@@H]4CCCCO4)CC3)cc2)cn1,P00533,
COc1ccc(NC(=O)Cn2c(=O)c3cc(C)nn3c3ncccc32)c(OC)c1,P00533,
CC(C)(C)OC(=O)N1CCC(COC[C@H](NC(=O)OCC2c3ccccc3-c3ccccc32)C(=O)O)CC1,P00533,
COc1ccccc1CCNC(=O)C1CCN(c2nnc(-n3cccc3)s2)CC1,P00533,
CC1(c2cc[nH]n2)CCN(c2ncnc3[nH]cnc23)CC1,P00533,
CSc1cccc(/N=c2/oc3cc(O)ccc3cc2C(=O)NC[C@H]2CCCO2)c1,P00533,
CCNc1ncc(CN2C[C@@H]3c4ccc(OC)cc4OC[C@]3(C(=O)O)C2)cn1,P00533,
COc1c(C)c(-c2ccc(-c3nnn(C)n3)nc2)c(OC)c(OC)c1OC,P00533,
Cc1cc(C(=O)N2CCC[C@@H]2c2noc(C3CC3)n2)c(C)s1,P00533,
Cc1ncsc1-c1nc2ccccc2n1CC(=O)N[C@H]1CCCC[C@@H]1C#N,P00533,
Cc1noc2nc(-c3ccc4c(c3)OCO4)cc(C(=O)NCCN(C)C)c12,P00533,
CCc1ccccc1S(=O)(=O)NCc1ccc2c(c1)N(C(=O)c1ccc(OC)cc1)CC2,P00533,
COC(=O)C[C@H]1c2cc(OC)c(OC)cc2CCN1Cc1ccc(F)cc1,P00533,
CC(C)(C)OC(=O)NC[C@@H]1CC(F)(F)CCC1=O,P00533,
CCOC(=O)c1c(NC(=O)COc2ccccc2C)sc2c1CC[C@H](CC)C2,P00533,
COC(=O)c1ccc2c(c1)CC[C@@H](NC(=O)Cc1ccc3cc(O)ccc3c1)C(=O)N2,P00533,
COc1c(F)cc(-c2cccc3c2cnn3C)cc1F,P00533,
Cc1cc(C(=O)NCc2ccc(C)o2)c2ccccc2n1,P00533,
CC(=O)c1cc(CN2CCC[C@@H](C#N)C2)cs1,P00533,
CN(C(=O)CSc1nc(-c2ccccc2)no1)c1ccc(F)cc1,P00533,
CN(Cc1nc(-c2cccnc2)no1)CC(C)(C)N1CCOCC1,P00533,
O=C(C[C@H]1CCCN1C(=O)c1ccc(Cl)c(N2CCNC2=O)c1)c1ccc(F)cc1,P00533,
CC(C)CNC(=O)[C@H](C)NC(=O)[C@H]1CC(c2ccc(Cl)cc2)=NO1,P00533,
O=C(NC(=O)c1nccc(C(F)(F)F)c1Cl)Nc1ccccc1Cl,P00533,
CCOC(=O)CCN1C[C@H](C)C[C@@H](C)C1,P00533,
Cc1cc(N2CCCCC2)nc(N2CCN(C(=O)Nc3cccc(F)c3C)CC2)n1,P00533,
O=C(c1ccccc1Cl)N1CCN(c2cccc(C(F)(F)F)c2)CC1,P00533,
COCCC(=O)N1CCC2(CC1)C[C@@H](N1CCN(CC(C)C)CC1)CCO2,P00533,
CS(=O)(=O)N1CCc2cc(C(=O)Nc3ccccc3Sc3ccccc3)ccc21,P00533,
Cc1ccc(C(=O)Nc2nnc(C3CCCCC3)s2)cc1C,P00533,
CCc1cnc(NC(=O)c2cc(Br)cnc2OC)s1,P00533,
O=c1c(Br)ccnn1Cc1ccccc1,P00533,
Cc1nc(O)[nH]c(=O)c1S(=O)(=O)NCc1ccccc1Cl,P00533,
CC[C@H]1CN(c2ncncc2C(C)C)CCC(=O)N1Cc1ccccc1,P00533,
Cc1nc([C@H]2CCN(CC(=O)NCc3ccc(C)c(F)c3)C2)n[nH]1,P00533,
CN(C)C(=O)CN1C(=O)CO[C@H](c2ccc(NS(=O)(=O)c3cccc(F)c3)cc2)[C@H]1CO,P00533,
Cc1c(C(=O)NCc2ccsc2)oc2ccccc12,P00533,
COc1cc(CN2CCCC[C@H]2c2cccnc2)cc(Br)c1O,P00533,
CCOC(=O)[C@H](CC)Sc1nc2c(cnn2-c2ccc(Cl)cc2)c(=O)[nH]1,P00533,
CCOc1ccccc1CN1CCN(Cc2nc3c(s2)CCCC3)C[C@H]1CCO,P00533,
CCOc1ccc(CC)cc1S(=O)(=O)N1CCCCC1,P00533,
Nc1cnc2c(c1)CN(C(=O)OCc1ccccc1)CC2,P00533,
COc1cnc(CN2C[C@@H](C(=O)O)[C@H](C3CC3)C2)cc1O,P00533,
CSc1ccc(NC(=O)[C@H]2CCCC(=O)C2)cc1,P00533,
CC(C)C[C@H](NC(=O)COc1ccc(CC(N)=O)cc1)c1ccccc1,P00533,
Cc1ccc(CNC(=O)[C@H]2CCCCC(=O)N2Cc2ccccc2)cc1,P00533,
CCc1nnc(N2C[C@H](C(=O)NCC3(c4ccc(Cl)cc4)CC3)CC2=O)s1,P00533,
O=C(c1cccnc1SC(F)F)N1CCC[C@@H](n2cccn2)C1,P00533,
COC(=O)c1ocnc1-c1cn([C@@H](C)c2ccccn2)nn1,P00533,
Cc1ccc(C(=O)N2CCC[C@@H](c3nc(C4CC4)ncc3-c3ccncc3)C2)cc1,P00533,
COCc1c(C(=O)N[C@H]2C[C@@H](c3cc(=O)[nH]c(C4CC4)n3)C2)noc1C,P00533,
COc1ccccc1-c1ncc(CN[C@@H]2CCC(=O)N(C)C2)cn1,P00533,
Cc1[nH]c2ccccc2c1C(=O)CN1CCCC[C@H]1C,P00533,
Cc1cccc(NC(=O)CN(C)C(=O)c2ccc(S(=O)(=O)Nc3cccc(C)c3C)cc2)c1C,P00533,
COc1ccc(-c2nn(CC(=O)Nc3ccccc3F)c(=O)c3nc(C)sc23)cc1,P00533,
CCCNC(=O)CN1CC[C@]2(O)CCCC[C@@H]2[C@@H]1c1cc(OC)c(OC)c(OC)c1,P00533,
CC(C)CCOc1ccc([C@@H](C)O)cc1,P00533,
Cc1occc1C(=O)N1CC[C@]2(C[C@H](Nc3ccccn3)CO2)C1,P00533,
CCOc1ccc(CN2CCN(C(=O)c3cnc4c(cnn4C)c3)CC2)cc1,P00533,
N#Cc1ccc(C(=O)[C@H]2CC[C@@H](C(=O)O)CC2)cc1,P00533,
C[C@@](O)(CNC(=O)c1ccsc1)Cc1ccco1,P00533,
Cc1nc(O)c2nnn(C[C@@H]3CCCN(C(=O)Cc4cccs4)C3)c2n1,P00533,
Cc1ccccc1C(=O)NC[C@@H](O)c1ccc2c(c1)CCO2,P00533,
CCN(CC)c1ncnc2c1cnn2CC(=O)Nc1ccc(C)c(C)c1,P00533,
NCc1cc(-c2cccc(F)c2)cc(C(F)(F)F)c1,P00533,
CSc1cccc(NC(=O)COc2cc(C)ccc2C(C)C)c1,P00533,
CCc1c(C(=O)N2CCC[C@@H](Cn3cncn3)C2)ccn1C,P00533,
Cc1csc(C(=O)NC2(C(=O)O)CCC(C)CC2)c1,P00533,
CC(=O)N[C@H](COC(=O)[C@@H]1OCCc2c(C)cccc21)c1ccccc1,P00533,
CN1CCO[C@@H](CNC(=O)c2cnc(-c3cnn(C)c3)s2)C1,P00533,
Cc1ccc(OC2CCN(C(=O)c3cnc(N(C)C)nc3C)CC2)cc1,P00533,
C[C@H]1C(=O)N(C)CCN1C(=O)Cc1ccc(N2CCNC2=O)cc1,P00533,
Cc1cc(N)n2nc(-c3ccc(F)cc3)cc2n1,P00533,
O=C1NCCc2nc(C3CCN(C(=O)Cc4ccccn4)CC3)cc(C(F)(F)F)c21,P00533,
O=C(NC1(c2nc(C3CC3)no2)CCCCC1)c1cc(Cl)ccc1F,P00533,
CC(C)N1CCN(c2ccc(C(=O)N3C[C@@H](C)OC[C@@H]3C)cc2)CC1,P00533,
Cc1ccc(C)c(Oc2ccc(CNC(=O)c3ccc(S(N)(=O)=O)cc3)cn2)c1,P00533,
CCNC(=O)c1sc(NS(=O)(=O)c2ccccc2)nc1C,P00533,
O=C(c1ccoc1)N1CCC2(CC1)C[C@H](Cc1nc(C3CC3)no1)CCO2,P00533,
O=C(Cn1nnc(-c2ccccc2F)n1)NCc1ccccc1,P00533,
CN(Cc1nc2ccccc2c(=O)[nH]1)C(=O)C[C@H]1CCCN(c2nc3ncccc3o2)C1,P00533,
Nc1nc2c(c(=O)[nH]1)CCC21CCN(C(=O)[C@H]2CCOC2)CC1,P00533,
O=C(O)c1cccc(-c2ccc(Cl)cc2Cl)c1,P00533,
COc1cc(S(=O)(=O)N2CCC(Cc3ccccc3)CC2)ccc1Cl,P00533,
Cc1nc(C)c(CN(C)Cc2ccc3c(c2)OCCO3)s1,P00533,
COc1ccc(Cl)cc1S(=O)(=O)Nc1ccc(C)c(Cl)c1,P00533,
COc1c(C(=O)O)cc(-c2ccc(C(=O)c3ncc[nH]3)cc2)c(OC)c1OC,P00533,
CCn1nc(C2CC2)cc1C(=O)NCc1cc2cc(OC)ccc2[nH]c1=O,P00533,
COCc1noc(C[C@@H]2CCOC3(CCN(S(=O)(=O)c4cccs4)CC3)C2)n1,P00533,
Cc1cccc(C(=O)CCc2cccc(F)c2)c1,P00533,
COc1cc(F)c(C(=O)N2CC[C@@]3(C(=O)O)CCCN(C)[C@@H]3C2)c(F)c1,P00533,
Cc1csc(=O)n1CC(=O)N1Cc2ccccc2C[C@@H]1C(N)=O,P00533,
Cn1cnnc1SCC(=O)N1N=C2/C(=C\c3ccco3)CCC[C@H]2[C@@H]1c1ccco1,P00533,
CC(C)(CNC(=O)OC(C)(C)C)CSc1ncccn1,P00533,
NC(=O)c1ccccc1NS(=O)(=O)c1ccc2ccccc2c1,P00533,
CSCC[C@H](NC(=O)CC1(n2cccc2)CCOCC1)c1nc2ccccc2n1C,P00533,
CCc1nnc2sc(-c3ccc(F)cc3)nn12,P00533,
CC(C)(C)c1cn([C@@H]2C[C@H]3CC[C@@H](C2)N3C(=O)Cc2ccccc2Cl)nn1,P00533,
C[C@@H]1C[C@@H](C)CN(C(=O)c2cc(Br)ccc2Cl)C1,P00533,
c1ccc(COc2ccccc2CNc2nnc[nH]2)cc1,P00533,
C[C@@H](NCC1(c2ccc(Cl)cc2Cl)CCOCC1)c1nnnn1C1CC1,P00533,
CCO[C@H]1CN(C)C[C@@H]1NC(=O)c1ccc2sc(C)nc2c1,P00533,
O=C(CCCc1ccccc1)NC[C@H]1[C@H]2CN(c3ncccn3)C[C@]23CC[C@H]1O3,P00533,
CC(C)c1cnc(SC[C@@H]2CCS(=O)(=O)N2C)n1C,P00533,
c1cc(-c2noc(-c3cncnc3NCC3CC3)n2)ccn1,P00533,
CCCn1cc(Cn2ccnc2-c2cccc(C#N)c2)cn1,P00533,
CN(C)C(=O)C[C@@]1(O)CCCN(Cc2noc(-c3ccccc3)n2)C1,P00533,
O=C1CSc2ccccc2N1Cc1cncn1C1CCCC1,P00533,
Cc1cccc(N2C[C@@H](C(=O)NCCN3CCOCC3)CC2=O)c1,P00533,
C[C@@H]1CCN(C(=O)OC(C)(C)C)C[C@H]1CN,P00533,
CCc1ccc(N(CC(=O)NCc2ccccc2)C(=O)CCC(=O)Nc2nccs2)cc1,P00533,
CCc1ccc2nc(N3CC(C(=O)O)C3)sc2c1,P00533,
COc1ccc(OC)c(NC(=O)c2cc(Cl)c(OC)c(Cl)c2)c1,P00533,
COc1ccc(CNC(=O)C[C@@H]2O[C@H](CNCc3ccc(F)cc3)[C@@H](O)[C@H]2O)cc1,P00533,
Cc1ncc(Cl)c(C(=O)Nc2ccc(Cl)c(CS(C)(=O)=O)c2)n1,P00533,
O=C(Nc1ccc(-c2ccc[nH]2)cc1)c1ccncc1Br,P00533,
CC(C)[C@H](NC(=O)N1CCN(c2ccccc2)CC1)C(=O)NCc1cccc(F)c1,P00533,
CN1CCC(Nc2n[nH]c3nc([C@H]4CCCN4C(=O)Cc4ccc(F)cc4)ccc23)CC1,P00533,
C[C@H](NC(=O)NCc1ccco1)c1ccc(F)cc1,P00533,
COc1ccccc1OCc1cc(C(=O)O)co1,P00533,
O=S(=O)(c1cccs1)N1CCC[C@@H](c2ccc3cn[nH]c3n2)C1,P00533,
Cc1cc(=O)c(C(=O)NC2CCN(Cc3ccccc3)CC2)c(C)n1C[C@@H]1COc2ccccc2O1,P00533,
CCOc1ccccc1NC(=O)c1cccc(NC(=O)C2CCCC2)c1,P00533,
CCn1ncc(C(=O)N2CCC[C@@](C)(c3noc(-c4ccc(F)cc4)n3)C2)c1C,P00533,
CCNC(=O)c1cc(NC(=O)c2ccc(C)c(OC)c2)ccc1Cl,P00533,
CSc1ccccc1NC(=O)CN1CCN(S(=O)(=O)c2ccc(C(C)C)cc2)CC1,P00533,
COc1ccc2c(ccn2CCC(=O)N[C@@H](C)c2nc3ccccc3[nH]2)c1,P00533,
Cc1cnc2ccc(Br)cc2c1C(=O)O,P00533,
COc1cc(-c2noc(-c3cn(C)c4ccccc4c3=O)n2)cc(OC)c1OC,P00533,
CC(=O)Cc1ccc(Cl)c(S(C)(=O)=O)c1,P00533,
Cc1c(NC(=O)CN2CCC(OCc3ccccc3)CC2)cnn1C,P00533,
CC(C)(C)OC(=O)N1CCN(C(=O)OC(C)(C)C)[C@@H](CF)C1,P00533,
O=C(NC1CCN(Cc2ccc(F)cc2)CC1)c1scnc1C1CCCC1,P00533,
COc1ccc(NC(C)=O)cc1NC(=O)Cc1csc(SCC(=O)Nc2ccc(C)cc2)n1,P00533,
O=C(Nc1nnc[nH]1)[C@H]1C[C@@H]1c1cccc2ccccc12,P00533,
COc1ccc(Cl)cc1NC(=O)[C@H]1CCCN(S(C)(=O)=O)C1,P00533,
CN(C)CCN(C(=O)c1cccc(Cl)c1)c1nc2c(Cl)cccc2s1,P00533,
Cc1ccccc1CNC(=O)[C@H]1CCCN(c2ccc(-c3ccccc3C)nn2)C1,P00533,
C[C@H]1CCCN(S(=O)(=O)c2ccc(C(=O)Nc3nc4c(F)cc(F)cc4s3)cc2)C1,P00533,
COCCn1nc(C)nc1[C@]1(c2ccccc2F)CC1(C)C,P00533,
Cc1noc([C@@H]2CCN(C(=O)Nc3ccc(-c4ccc(Cl)s4)nc3)C2)n1,P00533,
Cn1cncc1C(=O)N1CCN(c2ccnc3ccsc23)CC1,P00533,
c1ccc(COc2ccccc2CNc2ccccc2)cc1,P00533,
C[C@H](c1ccccc1)N(C)C(=O)c1ccc(NS(=O)(=O)c2ccc(F)c(F)c2)cc1,P00533,
CCOc1ccccc1CN1CCSCC1,P00533,
Cc1cc(OCC(=O)NC2CCCCC2)c(C(C)C)cc1Cl,P00533,
Cc1cccc(C(=O)N2CCOC[C@@H]2c2nc(C)c[nH]2)c1,P00533,
Cc1ccc(S(C)(=O)=O)cc1NCC(=O)N1CCC[C@@H]1c1cccs1,P00533,
O=C(NCc1ccccc1)c1ccc(C(F)(F)F)cc1,P00533,
COc1cc(C(F)(F)F)cc(S(=O)(=O)N2CCO[C@H](C(=O)O)C2)c1,P00533,
Cc1noc([C@@H]2CN(Cc3ccccc3)CC23CN(C(=O)c2ccco2)C3)n1,P00533,
Cc1ccc(CC(=O)Nc2ccc(F)cc2)cc1,P00533,
COC(=O)[C@@H](O)C1CCC(F)(F)CC1,P00533,
Cc1ccc(NC(=O)Cn2c(-c3ccc(Cl)cc3)nc(C)c(CCO)c2=O)c(F)c1,P00533,
Cn1cnc2c1c(=O)n(CC(=O)Nc1ccccc1N1CCCC1)c(=O)n2C,P00533,
O=C(CCC1CCCC1)Nc1c[nH]c2ccccc12,P00533,
Cc1nnc(NC(=O)CSc2ccccc2)s1,P00533,
Cc1cc(Cl)ccc1NC(=O)[C@H]1Cc2ccccc2N1C(=O)c1ccccc1,P00533,
CCO[C@@H]1C[C@H](NC2CCN(C(=O)c3ccccc3F)CC2)C1(C)C,P00533,
COc1ccc(CNC(=O)C[C@H](c2cccc(C)c2)n2cccc2)cc1,P00533,
CCSc1ccccc1C(=O)N1CCC2(CC1)OC(=O)c1ccccc12,P00533,
COc1ccc(-c2ccc(N3CCC[C@@H](C(=O)Nc4nccs4)C3)nn2)cc1,P00533,
c1cnc(N2CCCC[C@H]2c2ccnc(Nc3cnccn3)n2)nc1,P00533,
O=C(CN[C@@H](c1ccccc1)c1cccs1)N1CCN(S(=O)(=O)/C=C\c2ccccc2)CC1,P00533,
COC(=O)c1nn(-c2cccc(Cl)c2)c2nc3ccccc3n12,P00533,
CC(C)[C@@H](NC(=O)c1cccnc1)c1nc2ccccc2n1C(C)C,P00533,
COc1ccc(-c2csc(NC(=O)c3ccc(S(=O)(=O)N4CCc5ccccc5C4)cc3)n2)cc1,P00533,
Cc1nc(C2CCN(Cc3ccc(C(F)(F)F)cc3)CC2)n[nH]1,P00533,
CC(=O)Nc1ccc(C(=O)N(Cc2ccccc2)[C@H](C)C(=O)O)cc1,P00533,
C[C@@]1(O)CCOC2(CCN(c3nnc4ccccn34)CC2)C1,P00533,
O=C(Nc1cccc(-c2ccn[nH]2)c1)[C@H](O)c1cccnc1,P00533,
O=C(O)c1cccc(C(=O)Nc2ccc(C(=O)N3CCCCCC3)cc2)c1,P00533,
O=C(Cn1nc(-c2ccccc2)ccc1=O)N(c1ccccc1)[C@H]1C=CS(=O)(=O)C1,P00533,
CCCOc1cccc(C(=O)N(Cc2ccc(C)o2)[C@@H]2CCS(=O)(=O)C2)c1,P00533,
Cc1cc(-c2cnc(C)nc2[C@H]2CC[C@H](CNC(=O)[C@H]3CCS(=O)(=O)C3)CC2)on1,P00533,
CC[C@H]1OCCC[C@@H]1C(=O)N1CCC(c2nncn2C2CC2)CC1,P00533,
CCCc1nnsc1C(=O)Nc1cc(C)c(C(=O)OCC)s1,P00533,
C[C@H](Nc1ncncc1C(=O)O)c1cnccn1,P00533,
COC(=O)c1cc(OCc2cccc(Cl)c2)c2cc(C)ccc2n1,P00533,
O=C(NCc1cccnc1-n1cncn1)c1ccc(NC(=O)c2ccccn2)cc1,P00533,
CC(C)(C)OC(=O)N1CCC(NC(=O)OCc2ccc(F)cc2)CC1,P00533,
COc1cccc(-c2ncn([C@H]3COC[C@@H]3N3CCOCC3)c2-c2[nH]cnc2C)c1,P00533,
CCO[C@H](C)n1cc(-c2cnn(CCN(C)C)c2)cn1,P00533,
CC1CCN(CCNC(=O)c2ccc(C(=O)Nc3ccccc3)cc2)CC1,P00533,
CCOC(=O)[C@]1(Cc2ccccc2F)CCCN(C(=O)CCc2c[nH]c3ccccc23)C1,P00533,
Cc1cc(CNc2cc(Br)ccc2N2CCCC2)no1,P00533,
CC(=O)N1CCc2cc(C(=O)Nc3c[nH]nc3C)ccc21,P00533,
COC[C@@H]1CCCCN1Cc1cnc(SC)nc1,P00533,
NC(=O)[C@H]1CCCC[C@H]1Nc1ccc2nccnc2n1,P00533,
C[C@H]1[C@H](NC(=O)Nc2ccnc(-c3ccccc3)c2)CCCN1C,P00533,
COCCN1CCn2cc(C(=O)N3CCc4ccccc43)nc2C1=O,P00533,
O=S(=O)(Nc1ccc(Cl)cc1C(F)(F)F)c1ccccc1,P00533,
CCOC(=O)C[C@@H](N)c1cccc(F)c1Cl,P00533,
Cc1nc2cc(CC(=O)N3C[C@@H]4CCC[C@@H](C4)C3)ccc2[nH]1,P00533,
O=C(Nc1cccc(S(=O)(=O)N2CCCCC2)c1)c1[nH]c2ccccc2c1Cl,P00533,
Cc1ccccc1[C@H]1CN(c2ccnc(N(C)C)n2)[C@@H](C)CO1,P00533,
COc1ccc(NC(=O)Cn2cnc3c(nnn3Cc3cccc(C(F)(F)F)c3)c2=O)cc1OC,P00533,
O=C(O)[C@@H]1C[C@@H](N2CCCC2)CCN1C(=O)CCc1ccccc1,P00533,
COc1ccc(-c2nnn(CC(=O)N(c3ccc(C)cc3)[C@@H](C)C(=O)NC3CCCC3)n2)cc1OC,P00533,
O=C(NC[C@H]1CCN(Cc2ccccc2)C1)[C@H]1CC(=O)N(Cc2ccccc2)C1,P00533,
Cc1nn(CC(=O)NCCc2ccncc2)c(C)c1C,P00533,
Cc1ccc(CNC(=O)[C@H]2CCCC[C@H]2C)o1,P00533,
CC(C)NC(=O)c1noc2c1C[C@@H](NS(=O)(=O)c1cccnc1)CC2,P00533,
Cc1ccc(C)c([C@H](C)N(C)C(=O)CCc2c[nH]c3ccccc23)c1,P00533,
CC[C@H](O)c1nc2ccccc2n1CC(=O)N(C)c1ccccc1,P00533,
O=c1cccc2n1C[C@H]1C[C@@H]2CN(Cc2nc(-c3ccc(C(F)(F)F)cc3)no2)C1,P00533,
CC1CCC(NS(=O)(=O)c2ccc3c(c2)CCN3C(=O)NC2CCCCC2)CC1,P00533,
NS(=O)(=O)c1ccc(C(=O)N2CCc3ccccc3C2)o1,P00533,
C[C@H]1Oc2ccc(NC(=O)c3ccc(C(=O)N4CCOCC4)cc3)cc2N(C)C1=O,P00533,
COc1ccccc1-c1nc([C@@H]2CCCN(C(=O)c3ccnn3C)C2)no1,P00533,
CNC(=O)c1ccc(-c2nc(CN3CCN(S(=O)(=O)c4ccccc4)CC3)c(C)o2)cc1,P00533,
COCCN1CCC2(CC1)CCN(C(=O)c1cn[nH]c1)C[C@@H]2CO,P00533,
O[C@]1(COc2ccccc2)CCCN(Cc2ccc(OCCN3CCCC3)cc2)C1,P00533,
CO[C@@H]1CCCN(C(=O)C2(OC)CCNCC2)C1,P00533,
O=c1n(Cc2cccc(F)c2)nc2nnc(-c3cccs3)c(-c3cccs3)n12,P00533,
Cc1nc(-c2ccccc2NC(=O)Cn2cnnn2)cs1,P00533,
C[C@]1(C(=O)Nc2ccccc2)CC(c2ccccc2Cl)=NO1,P00533,
COc1ccc(Cn2c(C3CC3)nc3ccc(NC(=O)C4CCCCC4)cc3c2=O)cc1,P00533,
COc1ccc(OC)c([C@H]2CCCN2c2ccc(C#N)cn2)c1,P00533,
Cc1csc([C@H]2CCCCN2C(=O)c2ccnc(N(C)C)c2)n1,P00533,
O=C(Nc1nc2cc3c(cc2s1)OCO3)[C@@H]1CC12CCC2,P00533,
Cc1ccc2c(c1)sc(=NC(=O)c1ccc(S(=O)(=O)N(CCC#N)CCC#N)cc1)n2C,P00533,
O=C(NCc1ccccc1)c1nnc2n1C[C@H]1CN(Cc3cccnc3)C[C@H]1C2,P00533,
Cc1cc(Cl)ccc1NC(=O)C[C@@H](C)CC(=O)O,P00533,
COC(=O)CCCC(=O)c1ccc(F)cc1C(F)(F)F,P00533,
COc1ccccc1NC(=O)CCN1CCC[C@H]1c1nc2ccccc2[nH]1,P00533,
O=C(NC1C[C@@H]2CCC[C@@H](C1)N2C(=O)NC1CCCCC1)c1cccc(F)c1,P00533,
Cc1cc(C(=O)NCc2ccc(Cl)c(Br)c2)nn1C(C)(C)C,P00533,
COC(=O)c1c(CSc2nnc(-c3cc(OC)c(OC)c(OC)c3)o2)nc2ccccc2c1C,P00533,
O=C(N1CCCC1)[C@@]1(O)CCCN(Cc2ncc[nH]2)C1,P00533,
COc1ccc2c(c1)-c1nc(NC(=O)c3ccccc3Br)sc1CC2,P00533,
CCCCn1nccc1NC(=O)NC[C@@H](C)n1nc(C)cc1C,P00533,
CCNc1nc(NC(C)(C)C)nc(N2CCO[C@H](c3nnc(C)o3)C2)n1,P00533,
CCc1cc(C(=O)Nc2nc3ccccc3n2-c2ccccc2OC)ncn1,P00533,
COc1cc(C(=O)N2CCN(C(=O)OC(C)(C)C)[C@@H](C)C2)ccc1Br,P00533,
CC(C)(C)OC(=O)n1ccc2cc(O)ccc21,P00533,
Cc1ccc(C(=O)N2Cc3cc(CN(C4CC4)S(C)(=O)=O)ccc3OC[C@@H]2C)c(C)c1,P00533,
CNC(=O)[C@@H]1CCC[C@@]12CCN(C(=O)c1ccccc1F)C2,P00533,
CC(=O)c1cccc(NC(=O)Cc2cccc3ccccc23)c1,P00533,
O=C(CCS(=O)(=O)c1ccc(Cl)cc1)N[C@H]1CC(=O)N(c2ccc(F)cc2)C1,P00533,
Clc1ccc(-c2nnc([C@H]3CCN(C4CCCCC4)C3)o2)cc1,P00533,
Cc1noc(C)c1CN(C)Cc1ccc(C(=O)NC2CC2)cc1,P00533,
COc1ccc(NC(=O)c2ccc(-n3nc(OCc4cccc(F)c4)ccc3=O)cc2)cc1,P00533,
COc1ccccc1-c1nc(Cn2ccn3nc(-c4ccc5c(c4)OCO5)cc3c2=O)c(C)o1,P00533,
C[C@H](O)c1nnc([C@H](C)NC(=O)c2cc(F)c(C(F)(F)F)c(F)c2)[nH]1,P00533,
O=C(COc1ccccc1)N1CCC(C(=O)N2CCOC3(CCCCC3)C2)CC1,P00533,
O=C(CSc1nnc(-c2cccnc2)o1)N1CCN(c2ccc(F)cc2)CC1,P00533,
CN(c1ccc(C(=O)NCc2ccc(-n3ccnc3)cc2)c(Cl)c1)S(C)(=O)=O,P00533,
Cc1c(C(=O)N2CC[C@H]3OCC(=O)N[C@H]3C2)nnn1-c1ccc2ncccc2c1,P00533,
CC(C)[C@H](CNC(=O)[C@@H]1CCc2ccccc21)NC(=O)c1ccc(C(F)(F)F)[nH]1,P00533,
C[C@@H]1Cc2c(NC(=O)CC3CCCC3)nn(C)c2NC1=O,P00533,
N[C@H]1CC[C@@]2(CC1)C[C@H]2C(=O)NCc1[nH]ncc1Br,P00533,
O=C(c1ccc2[nH]ccc2c1)N1CC[C@@H](OCC2CC2)[C@@H]1Cc1ccccc1,P00533,
Cc1ccc([C@@H]2CC(=O)Nc3cc(N4CCCC4)c(C(N)=O)cc32)c(F)c1F,P00533,
Cc1n[nH]c2c1[C@H](c1cc(F)ccc1F)CC(=O)N2,P00533,
COc1ccccc1CN(CCS(=O)(=O)N1CCNCC1)C(=O)c1cccc(C)c1,P00533,
NC(=O)Cc1nc2ccccc2n1C[C@H](O)c1ccc(F)cc1,P00533,
COCCC(=O)Nc1ccc(Br)cc1,P00533,
Cc1cc(CNC(=O)Cc2ccc(OC(C)C)cc2)n(C)n1,P00533,
O=C(C[C@H]1N=C(O)N(Cc2ccco2)C1=O)N[C@@H](CO)c1ccccc1,P00533,
O=C(CNC(=O)c1ccc(Br)o1)N[C@@H](CN1CCOCC1)c1ccccc1,P00533,
CCn1c(SCC(=O)Nc2cc(C)ccc2OC)nnc1[C@@H](C)NC(=O)c1ccccc1F,P00533,
CCOC(=O)Cc1c(O)c2ccccc2[nH]c1=O,P00533,
COc1ccc(N2C[C@@H](C(=O)NCCc3ccccn3)CC2=O)c(OC)c1,P00533,
Cc1cc2c(cc3c(=O)n(CC(=O)N[C@H]4CCCC[C@@H]4C)ncn32)s1,P00533,
COc1ccc2nc(NC(=O)CCn3nc(C(=O)N4CCc5ccccc54)ccc3=O)sc2c1,P00533,
CCS(=O)(=O)Nc1ccc(NC(=O)c2cc(C)cc(C)c2)cc1C,P00533,
COC(=O)c1cnc(-c2ccccc2C)s1,P00533,
Oc1cccc(-c2nccn2-c2ccc3c(c2)COC3)c1,P00533,
COc1ccc(CNC(=O)Cn2nc3c(N4CCOCC4)nc4ccccc4n3c2=O)cc1,P00533,
CCc1ccc(NC(=O)NC2CCN(S(=O)(=O)CC)CC2)cc1,P00533,
Cc1ccc(CSc2nc3nccnc3c(=O)n2CCc2c[nH]c3ccccc23)cc1,P00533,
Cc1c(C(=O)N[C@@H](c2ccccc2F)c2nccn2C)oc2ccc(Br)cc12,P00533,
NC(=O)c1ccc(O[C@@H]2COCC[C@H]2NC(=O)Cc2cccc(F)c2)cc1,P00533,
COc1ccc(C2=NN(C(=O)CN(C)C(=O)NC(C)C)[C@H](c3ccccc3OC)C2)cc1,P00533,
COCc1nc(C(=O)N[C@H]2C[C@@H](CO)c3ccccc32)cs1,P00533,
CC(=O)N1CCC[C@H]1C(=O)N1CCCN(CCCc2ccccc2)CC1,P00533,
COc1cccc(CC(=O)N2C[C@H]3C[C@@H](Oc4ccc5c(c4)OCO5)[C@H](O)C[C@H]3C2)c1,P00533,
CCc1nnc(CNC(=O)c2ccc([C@@H]3CCCO3)s2)s1,P00533,
O=C(CN1CCN(c2nccs2)CC1)Nc1ccc(OC(F)F)cc1,P00533,
Cn1nc(O)c2c1CN(Cc1ccc3ccccc3c1)CC2,P00533,
Cc1ncn(C)c1C(=O)N1CCC[C@H](c2ccccc2)C1,P00533,
Cc1ccc(-c2nnn(CC(=O)N(c3ccccc3C)[C@@H](C(=O)NC(C)(C)C)c3cccs3)n2)cc1,P00533,
CS[C@@H](C)CC(=O)N1CCC(C(=O)Nc2nncs2)CC1,P00533,
COc1cccc(OC)c1C(=O)Nc1ccc(C(=O)N2CCCCC2)cc1,P00533,
CS(=O)(=O)N(CC(=O)Nc1ccc(Br)c(Cl)c1)c1ccccc1Cl,P00533,
O=C(c1cc(-c2csc(Nc3ccc(F)c(Cl)c3)n2)c[nH]1)N1CCCC1,P00533,
Cc1ccc(C(=O)N2CCNC(=O)[C@H](Cc3cccc(-c4ccccc4)c3)C2)s1,P00533,
Cc1nnsc1C(=O)N(Cc1ccccn1)c1nc2ccc(F)cc2s1,P00533,
COc1cc(CN2C[C@H]3C[C@@H]2CN3Cc2ccc(C(F)(F)F)nc2)ccn1,P00533,
O=C(Cn1cc(C(=O)Nc2cccc(-n3cccn3)c2)ccc1=O)NCc1ccc(F)cc1,P00533,
COc1ccc(S(=O)(=O)N(C)Cc2ccc([C@H]3C[C@H]3C)o2)cc1OC,P00533,
Cc1nn(C)c2c(=O)n(C)c(Cl)nc12,P00533,
O[C@@H](CNc1ccccc1)Cn1c2ccccc2c2ccccc21,P00533,
CC(C)CCNC(=O)[C@@]1(C)CCC(=O)N1CCN1CCN(C)CC1,P00533,
O=C(Cc1noc(C(=O)NCCO)n1)Nc1ccc(F)cc1F,P00533,
O=C(Nn1cnc2scc(-c3ccccc3)c2c1=O)[C@@H]1CC(=O)N(c2ccc3c(c2)OCCO3)C1,P00533,
CC(=O)N1CCN(C(=O)CN2CCC[C@@H]2Cn2nc(C)cc2C)CC1,P00533,
COc1cccc2cc(C(=O)NC[C@](C)(OC)c3cccc(Cl)c3)oc12,P00533,
Cc1cccc(-c2ccc3c(c2)C(=O)N2C[C@H](O)C[C@H]2C(=O)N3)c1C,P00533,
Cc1ccc(S(=O)(=O)N2CCC[C@@H](C(=O)Nc3cn[nH]c3)C2)cc1,P00533,
Cc1ccc(C[C@@H]2NCCc3ccccc32)cc1,P00533,
O=C(c1cc2ccccc2[nH]1)N1CCC[C@@H](Oc2cnccn2)C1,P00533,
Cc1n[nH]c(C)c1NC(=O)CSCc1nccs1,P00533,
Cc1ccc(N2CCn3c(SCC(=O)Nc4ccccc4)nnc32)cc1,P00533,
CC(C)c1ccccc1N(C)C(=O)[C@@H]1CC(=O)N(C)[C@H]1c1ccnn1C,P00533,
O=C(Nc1cnn(-c2ccncc2)c1)[C@@H]1C[C@@H]1Cc1ccccc1,P00533,
O=C(C[C@@H](c1cc2c(cc1O)OCO2)c1coc2ccccc2c1=O)N[C@@H]1C[N@]2CC[C@H]1CC2,P00533,
Cc1cc(C)c(C(=O)N2CCC[C@@H](Nc3ccccc3)C2)cc1C,P00533,
CCOC1CCN(c2ncncc2C(=O)O)CC1,P00533,
Cc1cc(-c2nc(-c3ccc(Br)o3)no2)n[nH]1,P00533,
COc1cc(C)ccc1OCc1nc(C(=O)NCc2nc(C)c[nH]2)co1,P00533,
CCC[C@@H]1N(C(=O)c2ccc(=O)[nH]c2C(C)C)CC[C@@]12C(=O)Nc1ccccc12,P00533,
O=C(Cn1ccnc1)N1C[C@H]2CC[C@@H]1CN(C1Cc3ccccc3C1)C2,P00533,
COC(=O)c1ccc(C(=O)NCc2cc(C)ccn2)cc1,P00533,
CCCn1c([C@H]2CC(=O)N(c3c(C)cccc3C)C2)nc2ccccc21,P00533,
CN(C)S(=O)(=O)c1ccc(C(=O)OCc2cc(-c3ccc(Cl)cc3)on2)cc1,P00533,
Cc1cc(C)c(N(C)[C@@H]2CCCC[C@@H]2NS(=O)(=O)c2ccc(Cl)cc2)c(C)c1,P00533,
CCN(CC)C(=O)c1ccc2nsnc2c1,P00533,
COc1ccc([C@H]2CCCN2C(=O)[C@H](C)Oc2ccc(-n3cnnn3)cc2)c(OC)c1,P00533,
Cc1ccc(NC(=O)Cc2csc(-c3ccccc3)n2)cc1F,P00533,
CC(C)NC(=O)CN1CCC(C)(c2nccs2)CC1,P00533,
CC(C)OCC(=O)N1CC[C@@H](c2cc(C(=O)N3CCOCC3)c3ccccc3n2)C1,P00533,
CCc1cc2c(=O)c(-c3nc(C)cs3)coc2cc1O[C@H](C)C(=O)OC,P00533,
CN(C[C@@]1(O)CCCN(c2nccn3cccc23)C1)C(=O)CC(C)(C)CC(=O)O,P00533,
CCC[C@@H]1c2cccn2CCN1C(=O)Nc1cc(Cl)ccc1C,P00533,
Cc1cccc(-c2noc(CSc3nc4cc5c(cc4c(=O)n3C3CCCC3)OCO5)n2)c1,P00533,
COc1ccc(CNC(=O)[C@@H]2CCCN(c3nc(C)c4ccc(S(C)(=O)=O)cc4n3)C2)c(OC)c1,P00533,
CN(Cc1nccn1CC(F)F)C(=O)Nc1ccccc1N(C)C1CCCC1,P00533,
COc1ncccc1CNS(=O)(=O)[C@@H]1CCCN(C(=O)c2ccccc2)C1,P00533,
COCCn1nnnc1CN(Cc1ccco1)C[C@@H]1CCCO1,P00533,
CCc1ccccc1NC(=O)c1nc2ccccc2n(CC)c1=O,P00533,
Cc1cnc(CN2CCCC[C@@H]2c2cc(C)nc(-c3c(C)noc3C)n2)cn1,P00533,
C[C@@H](C(=O)Nc1ccc(Cl)cc1F)n1cnc2c1c(=O)n(C)c(=O)n2C,P00533,
O=C(CNC(=O)c1ccccc1F)NCCC(c1ccccc1)c1ccccc1,P00533,
CCOc1ccc([C@@H](O)[C@@H](N)C(=O)O)cc1,P00533,
CCCn1ccc(CNc2cnc3c(c2)CCC3)n1,P00533,
OCC[C@H]1CN(Cc2cc(F)cc(F)c2)CCN1Cc1ccc(F)cc1,P00533,
Cc1ccc(Cc2c(O)nc3n(c2=O)CCS3)cc1,P00533,
COC(=O)c1[nH]c2cc(OC)c(OC)cc2c1NC(=O)CN1CCC[C@H](C)C1,P00533,
COc1ccnc(CNC(=O)[C@H]2CCC3(CCNCC3)C2)c1,P00533,
O=C(c1ccoc1)N1CCN(Cc2ccccc2)[C@@H]2CS(=O)(=O)C[C@@H]21,P00533,
C[C@H]1CSc2ccc(S(=O)(=O)NCc3ccc(CN4CCCCCC4)o3)cc2NC1=O,P00533,
Cn1cnnc1SCc1nc(-c2ccsc2)no1,P00533,
Cc1noc(C)c1CC(=O)N1CCC2(CC1)OC(=O)c1ccccc12,P00533,
Cc1cc(C)n(CCCC(=O)NCCc2ccc(C)o2)n1,P00533,
O=C(c1cnc2ccccc2n1)N1CCN(C(=O)c2ccco2)CC1,P00533,
O=S(=O)(Nc1ccc(S(=O)(=O)N2CCCC2)cc1)c1ccc2c(c1)OCCO2,P00533,
CCSc1nc2c(s1)c(=O)n(-c1ccccc1)c(=O)n2CC(=O)Nc1ccc(NC(C)=O)cc1,P00533,
COc1ccc(CNC(=O)C[C@H]2N=C(O)N(Cc3ccc(OC)cc3)C2=O)cc1,P00533,
COc1ccc(-c2csc(NC(=O)CN3CCC4(CC3)COC(C)(C)C4)n2)cc1,P00533,
CSc1nnc(CC2CCN(Cc3ccc(C(C)(C)C)cc3)CC2)n1C,P00533,
CS(=O)(=O)N1CCC[C@H]1C(=O)N(Cc1cccnc1)c1nc2ccc(F)cc2s1,P00533,
CNC[C@@H]1CCN(C(=O)c2c[nH]cc2-c2ccc(F)cc2)C1,P00533,
CC(=O)Nc1ccc(NC(=O)[C@H](C)Nc2cc(C)ccc2C)cc1,P00533,
CCCN(CCOC)C(=O)[C@@H]1C[C@@]2(CO1)CN(CCC(C)C)c1ccccc12,P00533,
COc1cc(C[C@@H]2c3cc(OC)c(OC)cc3CCN2C)c(NC(=O)C2CCCC2)cc1OC,P00533,
COc1cc(C)cc(NC(=O)CCn2cncn2)c1,P00533,
Cc1cc(CC(=O)NC[C@]2(Cc3ccc(F)cc3)CCC[C@H]2O)n[nH]1,P00533,
COc1ccc([C@H]2CC(c3ccccc3)=NN2C(=O)CN2CC[C@@H](c3cc(O)nc(N)n3)C2)cc1,P00533,
CCc1nc(-c2ccc(-n3cc(C(=O)Nc4cccc(Br)c4)c(C)n3)cc2)no1,P00533,
CCOC(=O)CC[C@@H](C)Nc1n[nH]c2nc(C)cc(C)c12,P00533,
CCOc1cc(N2CCN(C(=O)c3ccc(C)cc3)CC2)nc(C)n1,P00533,
CCc1ccc(COC(=O)c2cc3c(cc2O)OCO3)cc1,P00533,
Cc1ccc(Oc2ncnc3ccccc23)cc1C,P00533,
CCn1ncc(C)c1NC(=O)N1CCC(F)(F)C[C@@H]1C,P00533,
C[C@H](c1ccccc1)n1ccc(NC(=O)Nc2cc(C3CC3)ccn2)n1,P00533,
CCc1noc(CC)c1CC(=O)Nc1cccc(-c2cn[nH]c2)c1,P00533,
c1ccc(Nc2ccnc([C@H]3COCCN3Cc3nccs3)n2)cc1,P00533,
O=C(CC(c1ccccc1)c1ccccc1)NCCn1nc(-c2cccs2)ccc1=O,P00533,
Cc1ccccc1CN1C[C@@H]2COC[C@]2(COCc2ccccn2)C1,P00533,
C[C@@H](C(=O)Nc1ccc(Br)cc1)n1nnc2sc3c(c2c1=O)CCCC3,P00533,
COCC(=O)N(Cc1ccco1)Cc1c(-c2ccccc2)nn(C)c1Oc1ccccc1OC,P00533,
Cc1nc2ccccc2c(=O)n1-c1ccc(F)c(NC(=O)c2ccccc2F)c1,P00533,
CC(C)N(CC(=O)NC(=O)N[C@H]1CCCC[C@H]1C)Cc1nc2ccccc2c(=O)[nH]1,P00533,
O=C(CS[C@@H]1CCc2ccccc2N=C1O)NCc1ccccc1,P00533,
OCCN1CCC[C@H]2[C@@H]1CCN2Cc1nc(-c2ccc(Cl)cc2)no1,P00533,
COc1ccc(CNC(=O)CSc2nc[nH]n2)cc1,P00533,
Cc1nc(CN2CCN(C(=O)CC[C@@H]3CCCCN3C)CC2)cs1,P00533,
COCc1cccc(C(=O)NC2(c3cccc(F)c3)CCOCC2)c1,P00533,
C[C@@H](NC(=O)CC1CCN(C(=O)C2(c3ccccc3)CCCC2)CC1)c1ccccn1,P00533,
CS(=O)(=O)Nc1nc2ccccc2s1,P00533,
CS(=O)(=O)N[C@H]1CCCN(C(=O)Cc2cn3ccccc3n2)C1,P00533,
Cc1nnsc1C(=O)N1CCC(Cn2c(C)nc3cc(F)ccc3c2=O)CC1,P00533,
Fc1ccc(Cl)c([C@H](C2CCCCC2)N2CCNCC2)c1,P00533,
O=C(O)Cn1c(SC(F)F)nc2ccccc21,P00533,
Cc1c(-c2nc(-c3ccccc3)no2)sc2ncn(CC(=O)NCc3ccc(Cl)cc3)c(=O)c12,P00533,
CCCC1CCC(N)(C(=O)OC(C)(C)C)CC1,P00533,
CCc1cc(C(=O)N2CCO[C@H](c3cnn(C)c3)C2)n(C)n1,P00533,
O=C(Cc1ccccc1)NC[C@H]1[C@H]2CN(c3nnc4ccccn34)C[C@]23CC[C@H]1O3,P00533,
C[C@H]1NC(C(=O)N(C)Cc2nc3ccccc3n2C(F)F)=NN(c2ccccc2)C1=O,P00533,
CCOc1ccc([C@@H](CNC(=O)Cc2ccc(-c3ccccc3)cc2)N2CCOCC2)cc1OC,P00533,
COCCn1c(SCCc2ccccc2)nc2ccsc2c1=O,P00533,
Cc1ccc(O[C@H](C)C(=O)N[C@@H](C)c2ccc(F)cc2F)cc1,P00533,
Cc1nc(COc2ccccc2)sc1C(=O)NC1CC1,P00533,
Cc1cc(C(F)(F)F)n(C[C@H](C)CNC(=O)CCCn2cncn2)n1,P00533,
Cc1ccc(NC(=O)CN2CCC(c3nnc(C(C)C)o3)CC2)cc1Cl,P00533,
COc1ccc(Sc2cc3c(cc2NC(=O)c2ccccc2C)n(C)c(=O)n3C)cc1,P00533,
COc1cc(CNCc2c(C(=O)O)c(C)n(Cc3cccc(F)c3)c2C)cc(OC)c1OC,P00533,
CCN(CC)c1nc(C)c(Br)s1,P00533,
Cc1ccc(CN2CC[C@H](O)[C@@]3(CCCNC3=O)C2)c(F)c1F,P00533,
Cc1ccc(CS(=O)(=O)N2CCC(C(=O)Nc3c(C)cc(C)cc3C)CC2)cc1,P00533,
CC(=O)N[C@H](C)CCc1ccc(-c2csc(N3CCOCC3)n2)cc1,P00533,
CC[C@H](C)NS(=O)(=O)c1ccc(NS(=O)(=O)c2ccc(Br)cc2)cc1,P00533,
O=C(Nc1nc2c(s1)CN(S(=O)(=O)/C=C\c1ccccc1)CC2)[C@H]1CCCO1,P00533,
Cc1ccccc1C=Cc1nc2cc(Cl)ccc2o1,P00533,
CC(C)[C@@H]1CCC[C@@H]1NC(=O)c1ncoc1C1CC1,P00533,
CSc1ccc(-c2cccc3c2OCO3)cc1,P00533,
CCN1CCN(C(=O)c2cc(-c3ccncc3)cn2C)CC1,P00533,
CCOC(=O)c1[nH]c2ccccc2c1NC(=O)[C@H]1CCC(=O)[C@@H](C)C1,P00533,
Cc1nc2c([nH]1)CCC[C@H]2C(=O)N(C)CC1(CN)CC1,P00533,
Cc1cccc(Cl)c1S(=O)(=O)NC[C@@H](C(C)C)N1CCCC1,P00533,
COc1cc(-c2cc(F)cc(C(=O)N3CCc4ncccc4C3)c2)nc(OC)n1,P00533,
Cc1cccc(CC(=O)NCc2ccccc2-n2ccnc2C)c1,P00533,
O=C(Cc1nc2ccccc2[nH]1)Nc1ccccc1F,P00533,
Cc1ccccc1C(=O)Nc1ccnn1C1CCN(c2cnccn2)CC1,P00533,
Cc1cccc(CC(=O)Nc2[nH]nc(C)c2-c2ccccc2)c1,P00533,
CC(C)NC(=O)CN(Cc1ccc(Br)cc1)S(=O)(=O)c1ccccc1,P00533,
C[C@H](OCc1ccccc1)C(=O)N[C@@H]1CCN(CCF)C1=O,P00533,
O=C(c1cccnc1)N1CC[C@@H](n2c(=O)n(Cc3ccccc3)c3cccnc32)C1,P00533,
Cc1cc(C)n(Cc2ccc(C(=O)NC[C@H]3Cc4cc(-c5ncccc5C)ccc4O3)cc2)n1,P00533,
Cc1cc(C)nc(NCCC(=O)Nc2n[nH]c(C(C)C)n2)n1,P00533,
Cc1nc([C@H]2CCCCN2C(=O)CCC(N)=O)nc2c1CC(=O)N2Cc1ccc(F)cc1,P00533,
COc1ccc(NC(=O)C2CCN(c3ccc(-c4ccccc4OC)nn3)CC2)c(OC)c1,P00533,
CCc1nsc(NCc2cc3n(n2)CCCC3)n1,P00533,
Cc1ccccc1COC1CN(C(=O)CN2CC[C@H](C)C2=O)C1,P00533,
Cc1csc(CN(CC(=O)O)Cc2ccc(Cl)cc2)n1,P00533,
Cc1ccc(S(=O)(=O)N(C)c2cc(C)nn2-c2nc3ccccc3[nH]2)cc1,P00533,
CCCCC(=O)Nc1ccccc1OCc1cc(=O)n2cc(Cl)ccc2n1,P00533,
COc1cccc(CNC(=O)N2CCN(Cc3ccc(C#N)cc3)CC2)c1,P00533,
O=C(NC[C@H]1CC[C@@H](c2nc3ccccc3[nH]2)CC1)[C@H]1CCC(=O)N(C2CC2)C1,P00533,
COc1cc2c(cc1OC)CN(C(=O)CCc1c(C)noc1C)CC2,P00533,
CC(C)(C)OC(=O)N1CC[C@@H](c2ccc(F)cc2)[C@@H]1C(=O)O,P00533,
CNc1nc([C@H]2CCCN(Cc3cccnc3)C2)cn2cccc12,P00533,
Cc1cc(C)n(CCC(=O)N2CCN3C(=O)OC[C@]3(Cc3ccccc3)C2)n1,P00533,
CO[C@@H]1CCN(C(=O)OC(C)(C)C)C[C@H]1O,P00533,
O=C(O)c1cc(-c2cccs2)cn2ncnc12,P00533,
O=C(NC[C@@H]1COc2ccccc2O1)c1ccc(S(=O)(=O)C2CCCC2)cc1,P00533,
COc1cccc(-c2cnc3n2C[C@@]2(CCN(Cc4ccncc4)C2)OC3)c1,P00533,
CN(CCC#N)C(=O)c1c[nH]c2ccc(S(=O)(=O)Nc3ccccc3F)cc2c1=O,P00533,
CN1CCN(C(=O)CCN2C[C@@H](O)C[C@@H]2c2ccc(F)cc2)CC1,P00533,
CCCNC(=O)CCCn1nc(-n2cccc2)c2c(C)cc(C)nc21,P00533,
CC(C)NC(=O)c1ccc2c(c1)ncn2CCNC(=O)Nc1cccc(C(F)(F)F)c1,P00533,
COc1ccc([C@H](C)NC[C@@]2(O)CCSC2)c(Br)c1,P00533,
CNC(=O)c1ccc(-c2ccc3[nH]ncc3n2)cn1,P00533,
CC(=O)N1CSC[C@@H]1C(=O)Nc1ccc(C)cc1F,P00533,
CCN(C(=O)c1cccc(-c2cc(F)ccc2C(C)=O)c1)[C@H]1COC[C@@H]1O,P00533,
COc1ccc(S(=O)(=O)[C@@H](CNC(=O)CCc2ccccc2)c2cccnc2)cc1,P00533,
O=C(NCCN1CCCC1)C1CCN(c2ccc(C(F)(F)F)cn2)CC1,P00533,
CC(C)(C)OC(=O)N1CCC[C@@H]1c1ccco1,P00533,
CCc1nnc2sc(-c3cccc(NC(=O)C(C)C)c3)nn12,P00533,
C[C@@H]1Cc2ccccc2N1C(=O)c1ccc(N2CCC[C@@H](C(N)=O)C2)cc1,P00533,
CNC(=O)Cn1cc(NC(=O)[C@@H](C)N2CCCC2)cn1,P00533,
COc1cccc(Cn2cc(NC(=O)Nc3cc(C)ccc3C)cn2)c1,P00533,
CCOc1ccccc1C(=O)NCC1CCN(c2cnccn2)CC1,P00533,
CNC(=O)[C@@H]1C[C@@H](NC(C)C)CN1Cc1ccccc1Cl,P00533,
COC(=O)c1cccc(COC(=O)CCC(=O)Nc2cccc3ccccc23)c1,P00533,
Cc1ccsc1[C@@H](Cc1ccccc1)NC(=O)CCn1ccnc1,P00533,
Cc1cc(C)c2cc(C(=O)N3CCC(N4CCCCC4)CC3)[nH]c2c1,P00533,
O=C(COc1ccc(Cl)cc1)N[C@@H]1CCOc2ccccc21,P00533,
CC(=O)N1CCC(c2noc(CCNC(=O)c3ccc(F)c(F)c3)n2)CC1,P00533,
C[C@@H]1CN(c2ccccc2NC(=O)N2CCN(CCS(N)(=O)=O)CC2)C[C@H](C)O1,P00533,
CN1CCN(C(=O)Cc2cnn(C)c2)C[C@@H]1c1ccccc1Cl,P00533,
COC(=O)c1ccc([C@@H]2CCCNC2)cc1OCc1ccccc1,P00533,
COc1ccccc1NC(=O)C[C@H]1SCCNC1=O,P00533,
O=C(c1ncoc1C1CC1)N1CCCC[C@@H]1CCn1cccn1,P00533,
COc1ccc2c(c1)CCN(S(=O)(=O)CCNC(=O)Cc1cccc(C)c1)C2,P00533,
O=C(Cn1ccc([C@H]2CCCNC2)n1)NC/C=C/c1ccccc1,P00533,
O=C(CCc1ccccc1)NCCc1cncnc1,P00533,
C[C@@H]1CN(C(=O)CN2CCc3ccccc3C2)C[C@H](C)O1,P00533,
Cc1nn(Cc2cccc(Cl)c2)c(C)c1NC(=O)c1nc2ncccn2n1,P00533,
CN(C)C(=O)C[C@@H]1CC2(CCN(C(=O)NC3CCCC3)CC2)Oc2ccccc21,P00533,
COc1ccccc1CN(CC(=O)O)C[C@@H]1CCCO1,P00533,
Oc1cc([C@H]2CCCN(Cc3ccnc4ccccc34)C2)nc(-c2cccnc2)n1,P00533,
Cc1noc(CCCC(=O)N2CCC[C@H](COc3ccccc3Cl)C2)n1,P00533,
O=C(CCCc1ccc2cccnc2n1)N1CCC[C@@H]1CO,P00533,
CCCn1nc(-c2ccccc2)ccc1=O,P00533,
C[C@H]1CN2C[C@H](NS(=O)(=O)c3cccc(C(F)(F)F)c3)C[C@H]2CO1,P00533,
Cc1ccc(CNC2=Nc3ccccc3NC23CCCCC3)cc1,P00533,
O=C(CCn1cnc2ccccc2c1=O)Nc1ccc(F)cc1F,P00533,
COc1cccc(CC(=O)N2CCN(S(=O)(=O)c3ccc4c(c3)NC(=O)CO4)CC2)c1,P00533,
Cc1ccoc1C(=O)NC[C@@H](O)c1ccc(Cl)cc1Cl,P00533,
COc1ccc2nc(-n3ncc4c3NC(=O)C[C@H]4c3ccc(SC)cc3)sc2c1,P00533,
CCOC(=O)CNC(=O)N1C[C@H](C)Oc2ccc(Cl)cc21,P00533,
Brc1ccnc(OCc2cccnc2)c1,P00533,
O=C(Cn1ccc2ccccc21)NCc1ccccn1,P00533,
C[C@@H]1Cc2ccccc2N1CC(=O)N(C)Cc1ccsc1,P00533,
COc1ccc(F)cc1S(=O)(=O)n1ccc(C)n1,P00533,
Cc1ccc(Cl)cc1NC(=O)CS(=O)(=O)c1cccc2nsnc12,P00533,
CC(C)(C)c1cc(NC(=O)COC(=O)Cc2cccs2)n(-c2ccccc2)n1,P00533,
Cc1cc(C(=O)Nc2ccc3nc(N4CCN(C)CC4)sc3c2)nn1C,P00533,
Cc1c(Cl)c(C(F)(F)F)nn1Cc1nn2c(-c3cccs3)nnc2s1,P00533,
C[C@@H]1CCCC[C@H]1NC(=O)CN1CCN(S(=O)(=O)c2cc(Cl)ccc2Cl)CC1,P00533,
COCCn1cncc1CNC(=O)c1cccnc1O,P00533,
O=C(Nc1ccc(OC(F)F)c(Cl)c1)[C@H]1COCCN1CC1CCC1,P00533,
O=C(c1ccc(Cl)cn1)N1C[C@H]2C[C@@H](C1)[C@H](Cc1ccccc1)n1c2cccc1=O,P00533,
NC(=O)c1cc(S(=O)(=O)N2CCCC2)ccc1OCC(=O)N1CCCC1,P00533,
Cc1noc([C@@H]2CCCN(C(=O)NC[C@@H](c3ccccc3)N3CCOCC3)C2)n1,P00533,
CNc1cc(C)nc(-c2cc(NCCO)nc3[nH]ccc23)n1,P00533,
COc1ccc(C(=O)Nc2nc3cc4c(cc3s2)OCCCO4)c(OC)c1,P00533,
O=C(C[C@@H](c1ccccc1)C1CC1)N1CCOCC1,P00533,
FC(F)(F)c1ccccc1C1=CCNCC1,P00533,
O=C(C[C@H](NCCO)C(=O)O)Nc1cc(Cl)cc(Cl)c1,P00533,
O=C(COC(=O)COc1ccc2ccccc2c1)Nc1ccc(Cl)cc1Cl,P00533,
COCc1ccc(NC(=O)c2ccc(Br)cc2OC(F)(F)F)cc1,P00533,
CN1CCCN(C(=O)c2nc3sccn3c2CN(CC2CCC2)C[C@H]2CCCO2)CC1,P00533,
COC(=O)c1c[nH]nc1-c1cnccn1,P00533,
Cn1cc([C@H](Nc2cncc(C(=O)N3CCCC3)n2)[C@H]2C[C@@H](O)C2)cn1,P00533,
CC1CCN(S(=O)(=O)c2ccc(CNC(=O)c3ccc(Br)cc3)s2)CC1,P00533,
O=C(COc1ccc(F)cc1)NCc1ccccc1,P00533,
Cc1oc2ncn(CC(=O)Nc3ccc(Cl)cc3)c(=O)c2c1C,P00533,
CNC(=O)Cn1cc(-n2ccnc2-c2cc3c(cc2Cl)OCO3)cn1,P00533,
Cc1nc2ccnn2c(N2CC[C@](O)(c3ccccc3)[C@H](N(C)C)C2)c1C,P00533,
COC(=O)[C@H](c1ccccc1)C(C)(C)N,P00533,
Cc1cccc(CN2CCSCC2)c1,P00533,
O=C1N[C@@H](COCc2ccccc2)C(=O)N2CCC[C@@H]12,P00533,
NC1CC2(CCN(C(=O)OCc3ccccc3)C2)C1,P00533,
CC(C)(C)[C@H]1CN(C(=O)c2ccc(N3CCCS3(=O)=O)cc2)c2ccccc21,P00533,
O[C@@H]1CC2(CCN(Cc3cccc(-n4cccn4)c3)CC2)OC[C@@H]1O,P00533,
COc1cc(CNC(=O)NCCC(c2ccccc2)c2ccccc2)ccn1,P00533,
CCc1ccccc1-c1ccc(C(=O)N2CCCN(c3ncccn3)CC2)cn1,P00533,
O=C(O)[C@@H]1CN(C(=O)Cc2ccccn2)C[C@H]1c1ccc2c(c1)OCO2,P00533,
Cc1ccc([C@H]2Nn3c(C)nnc3S[C@H]2C(=O)Nc2ccc(Br)c(C)c2)cc1,P00533,
CCC(=O)c1cc2c(cc1NC(C)=O)OCCO2,P00533,
COC1(c2nc(CC(F)(F)F)no2)CCN(CC(C)(C)O)CC1,P00533,
CN(CCO)CCNC(=O)c1sc2cccc(F)c2c1Cl,P00533,
CCOC(=O)c1cc(-c2ccc(S(=O)(=O)Nc3ccc(C(C)C)cc3)s2)on1,P00533,
CCOC(=O)[C@@H](C)On1c(S[C@H](C)C(=O)OCC)nc2ccccc2c1=O,P00533,
CCOCC1(Cn2ccc3[nH]c(=O)c(C#N)cc3c2=O)CC1,P00533,
CNC(=O)[C@H]1CN(C(=O)[C@@H](C)Oc2ccc(C)cc2)c2ccccc2O1,P00533,
Cc1ccc(NC(=O)NC2CCN(C(=O)N3C[C@H]4C[C@H](C3)[C@H]3CCCC(=O)N3C4)CC2)cc1C,P00533,
COc1ccc(C)nc1NC(=O)C[C@H](C)c1c(C)n[nH]c1C,P00533,
CC[C@@H](NC(=O)CN1CCOc2ccccc2C1)c1cc(C)ccn1,P00533,
Cc1cc(=O)n(CC(=O)N2CC(COc3cccnc3)C2)cn1,P00533,
CCCc1cc(CNC(=O)N2CC[C@@H](CS(N)(=O)=O)C2)on1,P00533,
c1csc(CNCc2c[nH]nc2-c2ccc3c(c2)OCCO3)n1,P00533,
Cc1[nH]nc2ncc(C(=O)N3CCOCC34CC4)cc12,P00533,
Cc1noc(C)c1CN1C[C@H]2C[C@@H](C1)N(Cc1ccc(F)c(F)c1)C2,P00533,
C[C@@H](NC(=O)NCc1ccc(F)cc1)C(=O)N1CCCC[C@@H]1C,P00533,
C[C@H]1C[C@H](C)CN(S(=O)(=O)c2ccc(C(=O)OCC(=O)c3ccc(F)cc3)cc2)C1,P00533,
Cc1oc(-c2ccc(C(F)(F)F)cc2)nc1CN1CCN(c2cnccn2)CC1,P00533,
CCN1CCC[C@H]1[C@@H]1CCCN1C(=O)Cn1ccc(C(F)(F)F)n1,P00533,
COCCn1c(=O)c2c(nc3n2CCN3c2ccc(Oc3ccccc3)cc2)n(C)c1=O,P00533,
N#Cc1ccc(N2CCN(c3ncnc(C4CC4)c3F)CC2)nc1,P00533,
CCN(Cc1cn(-c2ccccc2)nc1C)C[C@@H](O)c1cccc(O)c1,P00533,
C[C@H](O)c1cccc(-c2ccc(C(=O)NCCN3CCCOC3=O)cc2)n1,P00533,
CCC(=O)N1CCC2(CC1)c1ccccc1[C@@H](NC(=O)c1ccccc1OC)[C@@H]2OC,P00533,
Cc1cc(-c2cnc(N3CCCC3)nc2C(C)C)on1,P00533,
Cc1ccc2[nH]c3c(=O)n(CC(=O)NCc4ccc(C(C)C)cc4)cnc3c2c1,P00533,
COc1ccc(CNC(=O)CCCC(=O)OCC(F)(F)F)cc1,P00533,
CCCOc1cccc(C(=O)Nc2ccc3c(c2)NC(=O)[C@H](C)O3)c1,P00533,
CN(C)S(=O)(=O)c1ccc(NC(=O)N2CCN(Cc3ccc4c(c3)OCO4)CC2)cc1,P00533,
Cn1c(=O)n(C)c2cc(Sc3ccc(F)cc3)c(NS(=O)(=O)c3ccc(F)c(F)c3)cc21,P00533,
Cc1cnc(C)n1[C@@H]1CCN(C(=O)c2ccc3ncccc3c2)C1,P00533,
COc1ccc(Br)c(C(=O)Nc2ccc3oc(C)nc3c2)c1,P00533,
COC(=O)CCCC(=O)N1C[C@@H]2CN(C(C)=O)[C@H](c3ccccc3)[C@@H]2C1,P00533,
C[C@H]1CN(C(=O)c2cc(-c3ccncc3)nc3ccccc23)Cc2nnc(C3CC3)n21,P00533,
COc1ccc(NC(=O)Nc2nnc(CSc3ccccc3)s2)cc1,P00533,
Cc1ccccc1[C@H]1[C@@H]2CN(C(=O)c3ccccc3)C[C@@H]2CN1C(=O)CN(C)C,P00533,
CC[C@H]1CN(C(=O)c2cccc3oc(C)nc23)CCN1C(=O)c1cccc(F)c1,P00533,
CCOC(=O)c1c(C)[nH]c(C(=O)Nc2c(C)cc(C)cc2Cl)c1C,P00533,
CN(C)Cc1cc(NC(=O)NCc2ccc3nonc3c2)ccn1,P00533,
O=C(Cc1c(Sc2ccccc2)[nH]c2ccccc12)N1CCCCC1,P00533,
Cc1n[nH]c([C@H]2CN(CC(=O)NCCc3ccccc3)CCO2)n1,P00533,
CCOc1cc2[nH]c(=O)n(CCCC(=O)N3CCN(c4ccccc4OC)CC3)c(=O)c2cc1OCC,P00533,
CC(C)[C@@H](NC(=O)COc1ccccc1F)c1cc(O)n2nc(C3CCOCC3)cc2n1,P00533,
COc1cccc(CC(=O)N2CC[C@H](c3ncc4c(n3)CCN(C)C4)C2)c1,P00533,
Cc1cccc(NC(=O)Nc2ccc(OCc3ccccc3)cc2)n1,P00533,
Cc1cnn(CCC(=O)Nc2ccccc2Cn2ccnc2C)c1,P00533,
Cc1ccn([C@H](C)CC(=O)NCC2(F)CCN(C(=O)c3cncc(N)n3)CC2)n1,P00533,
N#Cc1ccc(CN2CCN(c3ncc(C(F)(F)F)cc3F)CC2)cc1,P00533,
Cc1ccc(-c2onc(C)c2C)cc1S(=O)(=O)Nc1ccc(F)cc1Cl,P00533,
Cc1nn(C)c(Cl)c1[C@H]1CCCN1[C@@H](C)C(=O)Nc1ncccn1,P00533,
CCn1cc(CN2CCC[C@H](N3CCc4cc(OC)c(OC)cc4C3)C2)c(C)n1,P00533,
Cc1ccccc1-c1nnc(SCC(=O)NCc2ccccc2)[nH]1,P00533,
CC(C)c1ccc(C(=O)N[C@H](C)c2ccncc2)cc1,P00533,
O=C(C[C@@H]1CN(Cc2cccs2)[C@@H]2CO[C@@H](CC(=O)N3CCCC3)[C@H]12)N1CCCC1,P00533,
NC(=O)[C@H]1CCCN(C(=O)CSc2nnc(C3CC3)n2C2CC2)C1,P00533,
Cc1cn(C[C@H](O)COc2cccc3ccccc23)nn1,P00533,
CCN(Cc1cccnc1)C(=O)c1ccc2sc3c(c2c1)CCNC3=O,P00533,
CCCNC(=O)C1CCN(c2nc3ccsc3c(=O)n2-c2ccc(C)cc2)CC1,P00533,
Cn1c(C(=O)NCCc2ccccc2F)cc(Cl)c1Cl,P00533,
CCOc1ccccc1CNC(=O)[C@@H](CC)N1C(=O)CCn2nc(C)cc21,P00533,
Cc1occc1C(=O)N1CCC[C@@H](CNC(=O)CCc2cccc(Cl)c2)C1,P00533,
COc1ncccc1CN1C[C@@H](n2cc(NC(=O)c3cccc(F)c3)cn2)C[C@H]1COCC(=O)N(C)C,P00533,
CCN(CC)S(=O)(=O)c1cc(C(=O)c2ccc(Br)cc2)ccc1C,P00533,
C[C@@H](NC(=O)c1ccc2c(c1)OCC(=O)N2)c1nnc2ccccn12,P00533,
Cc1[nH]c(C(=O)OCC(=O)c2cccn2C)c(C)c1C(=O)OC(C)C,P00533,
O=C(COc1ccc(F)c(Cl)c1)Nc1cccnc1,P00533,
O=C(c1ccncc1F)N1CCOC2(CCN(Cc3ccccc3)CC2)C1,P00533,
Cn1ccc2cc(S(=O)(=O)N3CCC[C@@H](C(=O)NCCN4CCCCCC4)C3)ccc21,P00533,
O=C(Cc1cn2ccsc2n1)N[C@H]1CC[C@H](C(=O)N[C@@H]2CCSC2)CC1,P00533,
O=C(Cn1ccc(=O)c2ccccc21)NC1CCN(Cc2ccccc2)CC1,P00533,
O=C(Cn1ccccc1=O)N1C[C@H]2Cc3cnc(N4CCCC4)nc3[C@H]2C1,P00533,
CCn1cc(C(=O)N[C@@H]2CCOC[C@H]2Oc2ccc(C(=O)O)cc2)c(C)n1,P00533,
CCOc1ccc(-c2nc(-c3ccc(C(F)(F)F)cc3)no2)cc1,P00533,
O=C(CC1(N2Cc3ccccc3C2=O)CCOCC1)NCCn1ccc2ccccc21,P00533,
CCc1ccc(S(=O)(=O)Nc2cc(C(=O)N(C)Cc3ccccc3)ccc2N2CCNCC2)cc1,P00533,
Cc1ncnc(N2CCC(N(C)C(=O)c3cc(C)n(C)n3)CC2)c1C,P00533,
COc1cc(NC(=O)N(C)Cc2ccccc2Cl)cc(OC)c1,P00533,
O=C(O)C[C@H]1Cn2ncc(-c3ccc(Cl)cc3)c2NC1=O,P00533,
Cc1ccc2oc3c(c(=O)c2c1)[C@H](c1ccc(Cl)cc1)N(c1nnc(C)s1)C3=O,P00533,
CC(C)NC(=O)c1ccc(-c2ccc(S(=O)(=O)N3CCCC3)s2)cc1,P00533,
COC(=O)c1ccc2c(c1)NC(=O)[C@@H](c1ccccc1)N2,P00533,
Cc1scnc1C(=O)NCc1cccnc1,P00533,
Cc1ccc(S(=O)(=O)N2CCCCC2)cc1NS(=O)(=O)c1ccc(Cl)c(C(=O)O)c1,P00533,
CCCN(CCC)C(=O)[C@@H]1Sc2nnc(C)n2N[C@H]1c1ccc(C)cc1,P00533,
Cc1ncsc1CNC(=O)[C@@H]1CCNC(=O)C1,P00533,
Cc1ccc(CNC(=O)NC[C@@H]2CCCN2)cc1,P00533,
CC[C@@H](C)NC(=O)CSc1cc(=O)n(C)c2cc(Cl)ccc12,P00533,
CCS(=O)(=O)N1C[C@@H](NC(=O)Cc2ccc(OC)cc2)C(=O)NC2(CCCC2)C1,P00533,
Fc1ccc(Nc2nc(Nc3ccc(-c4nc5ccccc5[nH]4)cc3)nc(N3CCOCC3)n2)cc1,P00533,
Cc1nsc(N2CCC[C@@H](N(C)S(C)(=O)=O)C2)n1,P00533,
COc1ccc([C@H]2CN(Cc3ccccc3OCc3ccccn3)CCN2C(C)=O)cc1,P00533,
COC(=O)CCN(C(=O)C1CCN(S(=O)(=O)c2c(C)noc2/C=C/c2ccccc2F)CC1)c1ccccc1,P00533,
C[C@@H]1CN(Cc2nc3ccccc3c(=O)[nH]2)[C@@H](c2ccccc2)CO1,P00533,
CCOc1ccc(-n2nnnc2CNC(=O)COC)cc1,P00533,
O=C1CN(C(=O)CCC(=O)NC2=N[C@H]3CCCCC[C@H]3S2)CCN1,P00533,
c1ccc2[nH]c(C[C@H]3CCCN(c4ccc(Cn5ccnc5)cn4)C3)nc2c1,P00533,
CCN(C(=O)c1cccnc1)[C@@H]1CCN([C@@H](C)c2ccccc2)C1,P00533,
CCOC(=O)C[C@H]1CCCCN1C(=O)c1cn(Cc2ccccc2C(F)(F)F)nn1,P00533,
Cc1cccnc1CN(C)[C@@H]1CCCN(C(=O)c2ccnn2C(C)C)C1,P00533,
CO[C@H]1CN(c2cccc(F)c2)C12CCN(C(=O)c1ccsc1)CC2,P00533,
O=C(CSc1ccc2nc(-c3ccccc3)cn2n1)Nc1ccc(F)cc1,P00533,
C[C@@H]1CC[C@H](C)N1C(=O)NCc1cccc(OCCN2CCOCC2)c1,P00533,
O=C(NCc1nnc2n1CCC2)Nc1cn[nH]c1,P00533,
Cc1nccc(-c2cccc(NC(=O)CCc3nc(C(C)(C)C)no3)c2)n1,P00533,
C[C@H](NC(=O)C1CCN(Cc2ccccc2Cl)CC1)c1ccccc1,P00533,
CCN1C[C@H](C(=O)N2CCC[C@@H]2c2noc(C3CC3)n2)CC1=O,P00533,
C[C@@H]1CNCCC12CN(C(=O)OC(C)(C)C)C2,P00533,
Cc1ccsc1C(=O)N1CC[C@](O)(CN2CCOCC2)C1,P00533,
COc1cccc(C(=O)NCc2ccnc(N3CCCC3)c2)c1OC,P00533,
CCOc1ccc(-c2ncn(CC(=O)OC)n2)cc1OC,P00533,
CCc1ccc([C@H]2CN(CC(N)=O)[C@@H]3CCN(C(=O)OC(C)(C)C)C[C@H]23)cc1,P00533,
C[C@@H](Cc1ccccc1C(F)(F)F)NC(=O)N[C@@H]1CCCOC1,P00533,
CCCn1cc(CN2CCC[C@@H](Nc3ccc(F)cc3)C2)c(C)n1,P00533,
COc1cc2ccccc2cc1C(=O)Nc1cccc(C)n1,P00533,
CC(C)N1C(=O)C[C@H](C(=O)Nc2ccc(F)c(C(N)=O)c2)[C@H]1c1ccc(Cl)c(F)c1,P00533,
Cc1ccccc1[C@H]1CN=N[C@]12CCCc1ccccc1C2=O,P00533,
COCc1cnc(C)nc1C1CCN(C(=O)c2cc(C)oc2C)CC1,P00533,
CC(C)c1ocnc1C(=O)N1CCC[C@H]2CCC[C@@H]21,P00533,
CCCn1nc(C(=O)Nc2cccc(CO)c2)ccc1=O,P00533,
COC(=O)[C@H]1C[C@H]2CC[C@@H](C1)N2C(=O)OC(C)(C)C,P00533,
CNC(=O)c1cccc(-c2cccc(O)c2)c1,P00533,
COc1ccc(-c2nc(COC(=O)c3nnn(-c4ccc(Br)c(C)c4)c3C)c(C)o2)c(OC)c1,P00533,
O=C(c1ccc2ncsc2c1)N1CCN(c2ccnc(C(F)(F)F)c2)C(=O)C1,P00533,
COc1ccc(CN(Cc2ccccc2)S(=O)(=O)c2ccc(S(=O)(=O)N3CCCC3)cc2)cc1,P00533,
COc1ccc([C@H](C)NC(=O)COc2cccc(F)c2)cc1OC,P00533,
COc1cccc(-c2cccnc2C)c1C#N,P00533,
c1ccc([C@H]2CC[C@@H](Nc3ccc(NC4CCC4)nc3)C2)cc1,P00533,
O=C(CC[C@@H]1CCCOC1)Nc1ccc(Cl)c(-n2nnnc2C2CC2)c1,P00533,
Cc1cc(C)n(-c2ccc(=O)n([C@H](C)C(=O)Nc3cc(C)on3)n2)n1,P00533,
Cc1cccc(-n2c(SCC(=O)N[C@@H]3CCc4ccccc43)nc3ccsc3c2=O)c1,P00533,
O=C(C1CCC(Cn2c(=O)c3sccc3n(Cc3ccc(Cl)cc3)c2=O)CC1)N1CCCC1,P00533,
COc1cc([C@H]2SCC(O)=Nc3c2c(=O)[nH]n3[C@@H]2CCOC(C)(C)C2)cc2c1OCO2,P00533,
Cc1ccc(Cn2nc([C@@H]3CCCNC3)n(-c3ccccc3)c2=O)cc1C,P00533,
CS(=O)(=O)Nc1ccccc1-c1ccc(S(N)(=O)=O)c2ccccc12,P00533,
CN(C)c1cccc(C(=O)Nc2nc(-c3ccc(F)c(F)c3)cs2)c1,P00533,
COc1ccc(CNC(=O)[C@]2(C)Cc3ccccc3C(=O)N2c2cccc(Cl)c2)cc1,P00533,
C[C@@]1(NC(=O)c2cc[nH]n2)CCCc2ccccc21,P00533,
COc1ccccc1CN1C[C@H](C(=O)Nc2nnc(C(C)C)s2)CC1=O,P00533,
Cc1nn(-c2nc3ccccc3s2)c2c1[C@@H](c1cc(F)ccc1F)CC(=O)N2,P00533,
CCNC(=O)c1ccc2c(c1)nc1n2CCN(C(C)(C)CO)C1,P00533,
COC(=O)[C@H](C)Sc1nnc(CSc2nc(C)cc(C)n2)n1-c1cccc(C(F)(F)F)c1,P00533,
COc1ccc(C(=O)N2CCCn3c2nc2ccccc2c3=O)cc1,P00533,
C[C@H]1C[C@H](S(=O)(=O)N2CCC[C@@H](N3CCNC3=O)C2)C1,P00533,
Cc1cc(C(=O)N[C@H](C)c2nncn2C(C)C)ccc1F,P00533,
COc1ccc(C(=O)NCCc2nnc3n2CCN(Cc2cnc(-c4ccccc4)s2)CC3)cc1,P00533,
CN(C)c1ncccc1O[C@@H]1CCN(C(=O)CCc2ccco2)C1,P00533,
COc1ccc2c(c1)[C@]1(CCO2)C[C@@H]1C(=O)O,P00533,
Cc1cc(-n2cccc2)ccc1-c1ccncc1F,P00533,
CC(C)(C)c1nnc(N2CCC[C@@H]2C(N)=O)s1,P00533,
COc1cccn(CC(=O)N2CCC(Sc3cccc(C)c3)CC2)c1=O,P00533,
COc1ccc(NC(=O)c2ccc(C)o2)cc1OC,P00533,
O=C(CCN1CCCC1)NC1(c2cccc(Cl)c2)CC1,P00533,
CCCOc1ccc([C@H]2CC(=O)Nc3nc(SCc4cccc(Cl)c4)[nH]c(=O)c32)cc1,P00533,
O=C1O[C@H](c2c(O)[nH]c(=O)n(-c3ccc(Br)cc3)c2=O)c2ccccc21,P00533,
N[C@H]1CC[C@H](C(=O)Nc2ccc(OC3CCCC3)c(F)c2)C1,P00533,
CC(C)(C)OC(=O)N1CCN(C(=O)C[C@H]2N=C(O)N(c3ccccc3)C2=O)CC1,P00533,
CO[C@@H]1CCOC[C@H]1NC(=O)CCSc1cc(C)c2cc(C)ccc2n1,P00533,
Cn1cc(C(=O)NCc2nnc3c(C(F)(F)F)cccn23)nn1,P00533,
CCS(=O)(=O)c1ccc2oc([C@H]3CCN(C(=O)C4CCCCC4)C3)nc2c1,P00533,
Cc1nc([C@@H](C)NC(=O)c2cc3sc(C)c(C(=O)O)c3[nH]2)cs1,P00533,
OCc1ccc(-n2ccnc2)cc1Cl,P00533,
O=C(CCc1ccsc1)N[C@@H]1COCC[C@@H]1OCc1cscn1,P00533,
O=C(c1ccc(-n2cnnn2)cc1)N1CCC(c2ncc[nH]2)CC1,P00533,
Cc1nc(O)cc([C@H]2CN(C(=O)c3c(C(C)C)noc3C)CCO2)n1,P00533,
COc1ccc(F)cc1CC(=O)N[C@H](C)c1ccccc1C(F)(F)F,P00533,
COc1cccc(NC(=O)N(C)C2CCN(C3CCOCC3)CC2)c1,P00533,
COc1cccc(CNC(=O)CNc2cccc(C(F)(F)F)c2)c1,P00533,
C[C@H]1CN(S(=O)(=O)c2ccc(O)c(C(=O)O)c2)C[C@H](C)O1,P00533,
COCc1nc(C)cc(N2CCCCC[C@H]2C[C@H](O)c2ccco2)n1,P00533,
CCc1cc(C(=O)N2CCC[C@H]2c2nc(C)c3c(n2)N(Cc2ccc(F)cc2)C(=O)C3)on1,P00533,
Cc1cc2c(cc1S(=O)(=O)N1CCC[C@@H](C(=O)Nc3cccc(F)c3)C1)O[C@H](C)C(=O)N2,P00533,
Cc1ccc(-c2nnc([C@H]3CCCN3S(=O)(=O)c3ccccc3)o2)cn1,P00533,
Cc1cc(C)c2nc3c(cc2c1)CN(Cc1ccc(C)o1)C(=O)O3,P00533,
Cc1n[nH]c(C)c1[C@H](C)N(C)C(=O)CC1CCN(C(C)C)CC1,P00533,
O=C1C[C@H](c2ccccc2)N(C(=O)c2ccc(C(=O)O)s2)CCN1,P00533,
CCc1nc(-c2ccc(C(=O)Nc3ccc(C(C)=O)cc3)cc2)no1,P00533,
CCCOc1ccc([C@H]2CC(=O)Nc3c2c(C)nn3-c2ccc3nncn3n2)cc1OCC,P00533,
O=C(O)c1cc(F)cc2c1CC[C@@H]2Nc1nc(C(F)(F)F)ns1,P00533,
Cc1cc(C)c2c(=O)n(Cc3ccccc3C)c(=O)n(C)c2n1,P00533,
CCCn1c(=O)[nH]c2cc(-c3noc(Cc4ccc(Cl)cc4)n3)ccc21,P00533,
C[C@H](Sc1ccc2ccccc2n1)C(=O)Nc1cccc(C(=O)O)c1,P00533,
CCn1nc(C)c2nc(C)nc(N(C)Cc3ccco3)c21,P00533,
CNS(=O)(=O)c1cc(NC(=O)N[C@H]2CC[C@@H](Cc3ccccc3)C2)ccc1F,P00533,
COc1cc(C(=O)NCc2cccc(C)c2)cc(OC)c1OC,P00533,
Cc1nn(-c2ccc(F)cc2)c(-n2cccc2)c1C(=O)NCc1cccc(Br)c1,P00533,
Cc1ccc([C@H]2CN(C(=O)c3ccccc3F)[C@@H]3C4CCN(CC4)[C@H]23)cc1,P00533,
COc1ccc(CN(C)c2cc(OC)ncn2)cc1,P00533,
COc1cc(C(=O)N2C[C@H]3OCCN(C(C)C)[C@H]3C2)on1,P00533,
CCn1c(N2CCC(C(=O)NC3CCCC3)CC2)nc2ccccc21,P00533,
O=C(N[C@@H]1C[N@]2CC[C@H]1CC2)c1cc2ccccc2s1,P00533,
CC(C)Oc1ccc([C@@H]2CN(C(=O)C3(Cc4ccccc4)CCOCC3)CCN2C)cc1,P00533,
O=C(CCn1ccn2nc(-c3ccc(F)cc3)cc2c1=O)N1CCN(c2ccccc2Cl)CC1,P00533,
O=C(NC1CCC(C(F)(F)F)CC1)N[C@H](CO)Cc1ccccc1,P00533,
COc1ccc(OC[C@@H]2CCCN(C(=O)CCN3CCOCC3)C2)cc1,P00533,
Cc1ccc(CNc2ncnc3sc(C(=O)N[C@@H](C)CO)c(C)c23)o1,P00533,
COc1cc(SC)ccc1C(=O)Nc1ccccc1C#N,P00533,
CNC(=O)[C@H]1CCCCN1Cc1nc(C)cs1,P00533,
CC1=CC(C)(C)N(C(=O)CSc2nccn2C)c2ccccc21,P00533,
COc1cncc(CN2CCO[C@H](c3nc(N)c4nc[nH]c4n3)C2)c1,P00533,
Cc1ccn(CC(=O)N[C@H]2C[C@@H](c3cc(N4CCOCC4)ncn3)C2)n1,P00533,
Cc1nc(CN2C[C@@H](c3ccccc3)[C@@]3(CCNC3=O)C2)cs1,P00533,
O=C(NC1CCCCCC1)[C@H]1CCCN(S(=O)(=O)Cc2ccccc2)C1,P00533,
Cc1ccc(CCCC(=O)Nc2cccc3c2CCO3)cc1,P00533,
CC(=O)c1ccc(NC(=O)Cn2c3ccccc3n3c(=O)cc(-c4cccnc4)nc23)cc1,P00533,
CS(=O)(=O)Cc1noc(CSc2cccc(Cl)c2)n1,P00533,
CN1CCn2ncc(C(=O)N[C@H]3CC[C@H](C)CC3)c2S1(=O)=O,P00533,
C[C@H]1CN(C(=O)c2ccc3c(c2)OCO3)CCO1,P00533,
CN1CCN(c2ccc(-c3ccc(C(F)(F)F)c(Cl)c3)nn2)CC1,P00533,
CCCc1cc(C(=O)N2CCCC[C@@H]2c2ncc(Cc3cccc(F)c3)o2)n(C)n1,P00533,
COc1ccc(Cl)cc1NC(=O)CN1CCNC(=O)[C@@H]1C(C)C,P00533,
Cc1cnc(OC[C@H]2CCCN(CC3CCCC3)C2)nc1,P00533,
COCc1cc(=O)[nH]c2cc(NC(=O)c3csc(-c4ccccc4)n3)ccc12,P00533,
O=C(NCC[C@@H](O)c1cccc(Cl)c1)c1ccc(OC(F)(F)F)cc1,P00533,
Cc1nc(CN2CC[C@@H]3OCCN(Cc4ccncc4)[C@H]3C2)c[nH]1,P00533,
CC[C@H](C)NC(=O)CSc1nc2c(-c3ccccc3)c[nH]c2c(=O)n1C,P00533,
Brc1csc(OC[C@@H]2CCCCO2)n1,P00533,
O=C(CC1CC1)NC[C@H]1CCC[C@]2(CCN(C(=O)C3CC(O)C3)C2)O1,P00533,
Nc1nnc(N2CCN3C(=O)OC[C@@]3(Cc3ccccc3)C2)s1,P00533,
CCOc1ccccc1C(=O)OCc1ccccc1,P00533,
CCO[C@@H]1C[C@H](N(C)C(=O)c2cc3nccnc3cc2F)C12CCC2,P00533,
O=C(Nc1ccccc1Nc1ccncc1)c1cn(C[C@@H]2CCOC2)nn1,P00533,
COC(=O)c1[nH]c2ccccc2c1C(=O)OC,P00533,
CC(C)(C)OC(=O)C[C@@H]1CC[C@@H](C(=O)O)C1,P00533,
Cc1cccc(CN2CCN(CC(=O)NCc3ccccc3)C2=O)c1,P00533,
Cc1cccc([C@H](C)NC(=O)CCCc2ccc(Br)cc2)c1,P00533,
Cc1ccccc1N[C@@H](CNS(=O)(=O)c1ccc(Cl)cc1)c1ccccc1,P00533,
COc1c(Cl)cc(Cl)cc1CNCc1cccnc1,P00533,
CCOC(=O)c1c(C)oc2ccc(NS(=O)(=O)c3ccc(OC)cc3)cc12,P00533,
Nc1ccnc(CN2CCC[C@@](O)(C(=O)N3CCCC3)C2)n1,P00533,
O=C(c1ccc([C@@H]2CCCN2C(=O)c2cscn2)s1)N1CCOCC1,P00533,
CCS(=O)(=O)Nc1ccc(C2=NN(S(=O)(=O)c3ccc(C)cc3)[C@@H](c3ccco3)C2)cc1,P00533,
Cc1nn([C@@H](C)CC(=O)N2CCC(c3noc(-c4ccc(O)nc4)n3)CC2)c(C)c1C,P00533,
CO[C@H]1CC[C@H](NC(=O)c2ccccc2S(=O)(=O)Cc2ccccc2)CC1,P00533,
COc1ccc(C(=O)N2CCC(CN3CCN(C)C[C@H]3C)CC2)cc1,P00533,
COc1ccc(-c2cc(C(=O)O)c3c(C)nn(C)c3n2)cc1,P00533,
OCC[C@H]1CN(CCCC2CCCC2)CCN1C1CCCC1,P00533,
O=C([C@H]1CCN(c2cc(C(F)(F)F)ccn2)C1)N1CCSCC1,P00533,
Cc1ccc(S(=O)(=O)N2CCC(CCC(=O)NCc3ccc(Cl)cc3)CC2)cc1,P00533,
O=C1c2ccccc2-c2c1c(C(=O)c1ccc3c(c1)OCO3)c1ccccn21,P00533,
Cc1ccc(F)cc1C(=O)Nc1cccc2c1OCC(=O)N2,P00533,
Cc1nc(Nc2nc(O)cc(CSc3nc4ccccc4[nH]3)n2)nc2ccccc12,P00533,
CCOc1ccc(NC(=O)CNC(=O)c2sc3ccccc3c2Cl)cc1S(=O)(=O)N(C)C,P00533,
CNc1nc([C@@H]2CCCN2C(=O)c2cccnc2)nc2c1CN(C(C)=O)CC2,P00533,
COc1ccc(Cl)cc1NC(=O)Cn1c(-c2ccc(C)cc2)csc1=O,P00533,
COc1ccc(CN2CCC(Oc3cccnc3)CC2)cn1,P00533,
C[C@@H]1C[C@H](C)CN(S(=O)(=O)c2ccc3c(c2)N(CC(=O)N2CCN(c4cccc(Cl)c4)CC2)C(=O)CO3)C1,P00533,
O=C(NCC1(C2CC2)CCC1)N1CC[C@H](Nc2ccc3nccn3n2)C1,P00533,
Fc1ccc(Cc2n[nH]c([C@H]3CCCN3)n2)cc1,P00533,
COCc1ccccc1NC(=O)N[C@@H]1C[C@](C)(OC)C1(C)C,P00533,
COc1cccc(C(=O)c2cccc3ccccc23)c1,P00533,
Cc1ccccc1C(=O)Nc1c[nH]nc1-c1ccccc1,P00533,
CCOc1ccc(NC(=O)Cn2c(=O)n(-c3ccc(F)cc3)c(=O)c3c2cc(C)n3C)cc1,P00533,
O=C([C@H]1CC[C@@H](O)CC1)N1CC[C@@H](C2CCN(c3ncccn3)CC2)C1,P00533,
CS(=O)(=O)NCc1noc([C@@H]2CCC(=O)N2CCc2ccccc2)n1,P00533,
O=C(COC(=O)[C@@H]1CC(=O)N(c2ccccc2)C1)c1ccc(Cl)cc1,P00533,
Cn1cc([C@@H]2C[C@H](NC(=O)c3nn(-c4ccc(F)c(F)c4)c4c3CCC4)CCO2)cn1,P00533,
CC(C)(C)NCc1cc(Br)ccc1OCC(N)=O,P00533,
O=C(Nc1ccccc1)[C@@H]1CN(C(=O)Cc2cccs2)CC12CCOCC2,P00533,
COc1ccc(-c2nnc(-c3ccc(OC)c(S(=O)(=O)N4CCCC4)c3)o2)cc1OC,P00533,
CO[C@@H]1CCC[C@@]12CCCN(C(=O)c1cnn[nH]1)C2,P00533,
CC[C@H](C(=O)Oc1coc(CSc2nc(C)cc(C)n2)cc1=O)c1ccccc1,P00533,
COc1cc2c(cc1-c1nccn1-c1ccc(NC(C)=O)cc1)OCCO2,P00533,
CN(C)Cc1ccc(-c2cccc(C(=O)N[C@@H]3C=CS(=O)(=O)C3)c2)nc1,P00533,
C[C@@H](CC(=O)N[C@H](C)c1ccc(-c2ccncc2)cc1)NC(=O)C1CCCCC1,P00533,
CC1(C)CN=C(N2CCN(c3cnc4ccccc4n3)CC2)S1,P00533,
O=C(c1ccc(-n2ccnc2)cc1)N1CCC[C@@]12CCCN(CCO)C2=O,P00533,
O=C(c1cnc2cnc(Br)cn12)N1CCC[C@@](F)(CO)C1,P00533,
COc1ccc(CNC(=O)CN2C(=O)[C@@H](C)Oc3ccccc32)cc1C(=O)O,P00533,
Cc1cc(C(=O)N[C@@H]2CCN(c3cnccn3)C[C@H]2O)c2ccc(F)cc2n1,P00533,
O=C(Cn1c(=O)n(Cc2ccccc2Cl)c(=O)c2nccnc21)Nc1ccc(F)cc1F,P00533,
O=C(OCc1cc(Cl)cc2c1OCOC2)c1ccsc1,P00533,
OCc1cc2n(n1)CCCN(c1ncnc3[nH]cnc13)C2,P00533,
CC(C)CC[C@H](C)NC(=O)[C@@H](NC(=O)c1ccccc1Br)C(C)C,P00533,
CCn1c(SCc2ccc(C(N)=O)cc2)nc2cc(S(=O)(=O)N3CCCCC3)ccc21,P00533,
O=C(NCc1cccc(C(F)(F)F)c1)C1CCN(c2ncccn2)CC1,P00533,
Cc1cc2c(=O)[nH]c(CN(C)Cc3cccc4ncccc34)nc2s1,P00533,
CN1CCOC2(CCN(C(=O)Nc3ccccc3-c3ccccc3)CC2)C1,P00533,
CSCC[C@@H](O)C(=O)NCC1(Cn2ccnc2)CC1,P00533,
CCc1cc2c(NCC(=O)O)nc(C)nc2s1,P00533,
COCCn1cnc2c(N3CC[C@](F)(COC)C3)ncnc21,P00533,
COc1cc(C=Cc2ccc3cccc(O)c3n2)cc(OC)c1OC,P00533,
Cc1nc(Nc2nncs2)cc([C@H]2CCCCN2CC(=O)N(C)C)n1,P00533,
CCOC(=O)c1ccc(N2CCOCC2)c(NS(=O)(=O)c2cc(Br)c(Cl)s2)c1,P00533,
C[C@@H]1C[C@H](C(F)(F)F)n2nc([C@H]3CCCN3C(=O)CCc3ccno3)cc2N1,P00533,
Cc1c(CNC(=O)N[C@H]2CCC(C)(C)c3ccccc32)cnn1C,P00533,
COc1ccc2c(c1)CCN2C(=O)c1cc(C)nc2c1c(=O)[nH]n2C,P00533,
Cc1ccccc1N1CCN(C(=O)c2cccc(F)c2)[C@@H](C)C1=O,P00533,
Cc1[nH]ccc1C(=O)N1CCCCCCC1,P00533,
CCOc1ccc(NC(=O)CSc2nc3[nH]ncc3c(=O)n2-c2cccc(C(F)(F)F)c2)cc1,P00533,
COc1ccc(NC(=O)COc2cc(C)nc(N3CCN(c4ccccc4)CC3)n2)cc1,P00533,
CC(=O)N(CCN1CCOCC1)[C@H]1CCN(S(=O)(=O)c2cccnc2)C1,P00533,
COCCN(CC(=O)N1N=C(c2cccs2)C[C@@H]1c1ccc(OC)cc1)C(=O)COC,P00533,
Cc1cccc(C)c1NC(=O)COc1ccccc1,P00533,
COc1cc(NC(=O)c2ccc(C)c(Cl)c2)c(OC)cc1Cl,P00533,
CCCN(CCC)C(=O)C[C@@H]1C(=O)NCCN1Cc1c(F)cccc1Cl,P00533,
COC(=O)c1cc(-c2c(C)oc3cc(O)ccc3c2=O)c(C)o1,P00533,
COc1ccc(N2C[C@@H](c3nc(-c4cc(OC)c(OC)c(OC)c4)no3)CC2=O)cc1,P00533,
COc1ccc(NC(=O)c2ccccc2NC(=O)c2ccc3c(c2)OCO3)cc1,P00533,
CC(=O)N=[S@]1(=O)CC[C@@]2(CC1)CN(C(=O)[C@H]1CCCn3cnnc31)CCO2,P00533,
COc1cc(C(=O)NC2CCCC2)cc(OC)c1OC,P00533,
O=C(CCn1ccc2ccc(F)cc21)N1CCN([C@@H]2CCS(=O)(=O)C2)CC1,P00533,
O=C(CSc1nnc(-c2cccs2)o1)N[C@H](c1ccccc1)c1cccs1,P00533,
CCOc1ccc(C(C)(C)C)cc1S(=O)(=O)Nc1c(C)n(C)n(-c2ccccc2)c1=O,P00533,
O=C(CN1CCN(C[C@@H](O)C2CC2)CC1)N1CCc2ccccc21,P00533,
NC1=Nc2nc3ccccc3n2[C@H](c2cccc(O)c2)N1,P00533,
Cc1nc([C@H]2CCOC2)cc(N2CCC(C(N)=O)(N3CCCCC3)CC2)n1,P00533,
CCCn1c(C)c(C)c(S(=O)(=O)c2ccccc2)c1N,P00533,
Cc1cccc([C@@H](CC(=O)O)NC(=O)[C@@H]2COc3ccccc3O2)c1,P00533,
NC(=O)C1CCN(CC(=O)N(Cc2ccsc2)C2CC2)CC1,P00533,
Cc1ccccc1OCC(=O)NCCN1c2ccccc2N(C)S1(=O)=O,P00533,
CC(C)[C@H]1CN(C(=O)c2nn(C)c(=O)c3ccccc23)CCCN1CC1CC1,P00533,
COc1ccc(-c2nc3c(s2)CN(C(=O)COc2ccccc2)CC3)cc1,P00533,
COc1ccc([C@@H]2C(C)=Nc3ccccc3N=C2NC(=O)CSc2nnnn2C)cc1OC,P00533,
O=C1N(Cc2cccc(F)c2F)CCC[C@@]1(O)CN1CCCCO1,P00533,
O=C(O)c1ccccc1-c1ccccc1C(=O)Nc1nc2ccccc2s1,P00533,
Cc1ccc(NC(=O)Cn2c(=O)n(C(C)C)c(=O)c3sc(N4CCCCC4)nc32)c(Cl)c1,P00533,
CC(=O)Nc1cc(C(=O)Nc2ccccc2N2C[C@@H](C)O[C@@H](C)C2)ccc1F,P00533,
CN(C)S(=O)(=O)N[C@@H]1CCC[C@H](OC(=O)Nc2ccccc2)C1,P00533,
COCC[C@@]1(C(N)=O)CCCN(C(=O)Cc2ccccc2F)C1,P00533,
O=C(N[C@H](C(=O)O)c1ccccc1)c1ccn(-c2ccc(F)c(F)c2)n1,P00533,
COc1ccc(OC)c(NC(=O)Cc2c(F)cccc2Cl)c1,P00533,
Cc1nc(C(=O)NC[C@@H]2CCC3(CCN(Cc4cnc(-c5ccccc5)s4)CC3)O2)cs1,P00533,
Cc1c[nH]c(CN(C)C(=O)CN2CCN(c3ncccn3)CC2)n1,P00533,
O[C@@H](c1ccc2nccn2c1)C(F)(F)F,P00533,
COc1cccc([C@@H]2C[C@H](O)CN2C(=O)NCc2ccc3c(c2)OCCCO3)c1,P00533,
COc1ccccc1CCNC(=O)Cc1csc(NC(=O)C2CC2)n1,P00533,
O=C(CCc1c[nH]c2ccccc12)Nc1cccc(-c2nnc3n2CCCCC3)c1,P00533,
CNS(=O)(=O)C1CCN(S(=O)(=O)c2cccc3ccoc23)CC1,P00533,
COc1cccc(CNC(=O)Cn2c(C)cc(C)c(-c3nc(-c4cccc(Cl)c4)no3)c2=O)c1,P00533,
CN(C)Cc1ccc2n(c1=O)C[C@H]1C[C@@H]2CN(C(=O)c2cnc3ccccn3c2=O)C1,P00533,
Cc1ccc(N2CCC(C(=O)O)CC2)nc1,P00533,
CCNC(=O)c1cccnc1N1CCN(C(=O)c2ccco2)CC1,P00533,
COC(=O)c1cc(C(=O)N2CCC[C@@H]2c2ccccc2C)ccn1,P00533,
COc1ccc(/C=C/c2nnc(NC(=O)COc3ccc(Cl)cc3)s2)cc1,P00533,
CCOc1ccc(C(=O)N2CCC[C@H](c3nc(-c4cccs4)no3)C2)cc1,P00533,
CCN(CC)S(=O)(=O)N1CCO[C@H]2CCCC[C@@H]21,P00533,
NCCn1cc(C(=O)N(Cc2ccccn2)C[C@H]2CCCO2)nn1,P00533,
CN(CCn1cnc2ccccc21)C(=O)[C@H]1C[C@@H](N)[C@H](O)C1,P00533,
O=C(Cc1cnccn1)N[C@H]1CCOC2(CCOCC2)C1,P00533,
CC(C)(C)OC(=O)c1cccc2c1CCCC2=O,P00533,
Cc1cc(C[C@@H]2CN(C(=O)c3ccc(Cl)cn3)C[C@@H]2O)[nH]n1,P00533,
COc1ccc([C@@H](C(=O)O)c2ccccc2)cc1,P00533,
Cc1cc2c(cc1S(=O)(=O)N(C)CC(=O)Nc1cccc(Cl)c1C)OCC(=O)N2,P00533,
CCOc1ccc(C)cc1S(=O)(=O)NC1CC(C)(C)NC(C)(C)C1,P00533,
C[C@@H](NC(=O)C1CCN(S(=O)(=O)c2ccc3c(c2)CCC3)CC1)c1ccc(F)c(F)c1,P00533,
CC(=O)N[C@@H](CC(=O)Nc1nc(-c2ccc[nH]2)cs1)c1ccccc1,P00533,
N[C@@H](C(=O)O)[C@H](O)c1ccc(F)c(Br)c1,P00533,
CN(C)[C@H](CNS(=O)(=O)c1cc(F)ccc1F)c1ccsc1,P00533,
Cc1cc(-c2cc(C)sc2C)c(C)s1,P00533,
COCCN(Cc1cc(-c2cc(C)ccc2C)on1)C(=O)c1ccc(Cl)cc1,P00533,
CC(C)NC(=O)CN1CCC[C@@H](NC(=O)C(C)(C)C)C1,P00533,
CN1[C@@H]2CC[C@H]1C[C@H](NC(=O)c1nccc3ccccc13)C2,P00533,
N[C@@H](c1cccc(Oc2ccccc2)c1)C1CCOCC1,P00533,
COc1cccc(-c2cccc(C(=O)N3CC[C@@H](Cc4cccnc4)C3)c2)c1,P00533,
Cc1ccc(NC(=O)c2cccs2)cc1C,P00533,
C[C@@H](C(=O)N[C@H](c1ccccc1)c1ccccn1)c1ccccc1Cl,P00533,
O=C(NC1CCC1)C1CCN(c2ncc(Br)cc2F)CC1,P00533,
COC1CCC(NC(=O)c2cn(C(C)(C)C)nn2)CC1,P00533,
Cc1cc2c(=O)n(NC(=O)[C@@H](C)n3ncc(Br)c3C)c(C)nc2s1,P00533,
NC(=O)[C@H]1CCN(c2nc(-c3cccnc3)nc3ccccc23)C1,P00533,
Cc1cc(OCc2nc3c(C)cccc3[nH]2)ccc1Cl,P00533,
Cn1cc(CN2CCCN(C(=O)COc3ccccc3)CC2)cn1,P00533,
CCN(CC)c1nc2nc(SCC(=O)Nc3cccc(OC)c3)n(C(C)C)c(=O)c2s1,P00533,
COC(=O)C[C@@H](NC(=O)c1ccc2c(c1)S(=O)(=O)c1ccccc1C2=O)c1ccccc1,P00533,
CCC(=O)Nc1c(S(=O)(=O)c2ccc(F)cc2)c(C)c(C)n1C(C)C,P00533,
c1ccc(-c2nnc3cc(-c4ccccc4)sc3n2)cc1,P00533,
CCOc1ccc(CC(=O)N2C[C@@H]3CN(C)[C@@H](c4ccccc4C)[C@@H]3C2)cc1,P00533,
CCOc1ccc(CNC(=O)[C@@H](C)n2sc3ccccc3c2=O)cc1,P00533,
Cc1ccccc1NC(=O)N1CCC(CCNC(=O)c2ccoc2)CC1,P00533,
Cc1ccc(C)c(NC(=O)COc2ccc(C)c(C)c2)c1,P00533,
CC(C)Cn1cncc1CNC(=O)c1cn(C[C@@H]2CCCO2)nn1,P00533,
Cc1nc2ccccc2c(=O)n1Cc1noc(Cc2c(F)cccc2Cl)n1,P00533,
C[C@H]1N(S(=O)(=O)c2cccc(S(N)(=O)=O)c2)CCC12CCOCC2,P00533,
Cc1ccc(NC(=O)Cn2nc3n(c2=O)CCN(Cc2cccc(C)c2)C3=O)cc1,P00533,
Cc1ccc2cc(NC(=O)c3cnn(C(C)(C)C)c3)ccc2n1,P00533,
CCCN(C(=O)CCc1nc(-c2ccoc2)no1)[C@H]1CCc2ccccc2C1,P00533,
COc1ccc2nc(NC(=O)COC(=O)[C@@H](CCSC)NC(=O)c3ccccc3)sc2c1,P00533,
COc1c(C)c(-c2cccc(C(N)=O)c2)c(OC)c(OC)c1OC,P00533,
CCOc1ccc(C(=O)N[C@@H](C)C(=O)NCc2cscn2)cc1,P00533,
COc1cccc2c1OC[C@H](C(=O)N1CCc3oc(C4CCOCC4)nc3C1)C2,P00533,
CCNC(=O)c1cccc(C)c1OCc1noc2c1COCC2,P00533,
CC(C)[C@@H](NC(=O)c1c(F)cccc1F)C(=O)Nc1ccc(NC(=O)c2ccco2)cc1,P00533,
O=C(CCc1ccc2c(c1)OCO2)Nc1ccc(Cl)cc1Cl,P00533,
O=C(CC1CCCC1)N1CC[C@@H]2[C@@H](COCCN2Cc2cccnc2)C1,P00533,
CCOc1ccc(-c2nc(SCC(=O)Nc3ccccc3CC)n3[nH]c(=O)cc3n2)cc1,P00533,
Cc1cccc2[nH]c(CN3CC[C@@H](n4cc(C(=O)O)nn4)C3)cc12,P00533,
CCc1cc(-c2ccc(C(=O)NCc3cnn(C)c3)cc2)nc(N(C)C)n1,P00533,
O=C(c1ccccc1F)N1CCN(c2cc(N3CCCCC3)ncn2)CC1,P00533,
Cn1c(C(=O)N[C@]2(c3ccccc3)CCNC[C@H]2O)cnc1-c1ccccc1,P00533,
CCC[C@@H](N)CNS(=O)(=O)c1ccc(F)c(C#N)c1,P00533,
CC(C)CCNC(=O)[C@@H](c1cccs1)N(C(=O)Cn1nnc2ccccc21)c1ccccc1F,P00533,
COc1ccc(NC(=O)N[C@H](Cc2ccccc2)C(=O)N2CCc3ccccc32)cc1,P00533,
CC[C@@H](C(=O)N1CCCN(c2ccncc2F)CC1)N1CCOCC1,P00533,
CCCCn1nc(C)nc1C1CCN(c2nc3nc(C)ccc3o2)CC1,P00533,
COCCn1cc(CNC2(c3ccc(OC)cc3)CCCC2)c2ccccc21,P00533,
CCOC(=O)c1ccc2c(c1)sc(=NC(=O)c1ccc(S(=O)(=O)N(CC)CC)cc1)n2CC,P00533,
NC(=O)[C@H]1CCO[C@@H]1C1CCN(c2ncc(Cl)cn2)CC1,P00533,
CN1CCN(CC2CCC(=O)CC2)C(C)(C)C1=O,P00533,
O=C(Nc1nnc(-c2ccccn2)s1)c1ccc(C(=O)O)nc1,P00533,
O=C(c1ccc(C(F)(F)F)n(Cc2ccc(Cl)cc2)c1=O)N1CCOCC1,P00533,
O=C(Cn1cnnn1)Nc1ccc(Oc2ccc(F)cc2)cn1,P00533,
COc1nccc(NC(=O)N(C)C[C@@H]2CCOC2)n1,P00533,
COc1ncc(Cl)cc1C(=O)NC1(c2cccc(F)c2)CC1,P00533,
CCOc1ccc(C(=O)NCCc2sc3nc(-c4ccc(C)cc4)nn3c2C)cc1OCC,P00533,
O=C(c1ncn[nH]1)N1CCC([C@@H](O)c2ccccn2)CC1,P00533,
COc1ccccc1N1C[C@H](C(=O)Nc2cc(C)ccc2NC(C)=O)CC1=O,P00533,
Cc1ncc(C(=O)N2CCOCC2)c([C@@H]2CCCCN2S(=O)(=O)N(C)C)n1,P00533,
CC(C)(C)OC(=O)NCC1CCN(C2CCOCC2)CC1,P00533,
CSc1nc(C)cc(N2CCC[C@@H](NS(C)(=O)=O)C2)n1,P00533,
CO[C@@]1(c2nc(-c3ccoc3)no2)CCCS(=O)(=O)C1,P00533,
O=C(NCc1cc(F)cc(F)c1)c1ncc(F)cc1F,P00533,
Cc1ccc(C)c(-n2ncc(NCc3cn(C)cn3)c2C)c1,P00533,
COc1ccc([C@H]2CCCN2C(=O)CNC(=O)c2ccccc2Cl)cc1,P00533,
CCc1nc2nccc(-c3ccc(OC)c(OC)c3)n2n1,P00533,
Cc1ncc2c(c1CNC(=O)CSc1ccccc1)CCN(C(=O)[C@@H]1COc3ccccc3O1)C2,P00533,
Cc1ccccc1[C@H](C)NS(=O)(=O)N1CCCCCC1,P00533,
CC(C)c1noc([C@H](C)N2CCN(S(=O)(=O)c3cc(Cl)ccc3Cl)CC2)n1,P00533,
COc1ccc(C(N)=O)cc1NC(=O)CCNc1ccccc1C,P00533,
CNC(=O)C[C@@H]1C(=O)NCCN1C1CCN(Cc2ccccc2)CC1,P00533,
CN(C)c1ncc(CN2CCC[C@@H](n3c(=O)oc4ccccc43)C2)cn1,P00533,
O=C1C[C@H]2CN(C(=O)c3cn4ccsc4n3)C[C@H]2N1,P00533,
Cc1ccc(NC(=O)c2ccccc2NC(=O)c2cccnc2)cc1,P00533,
C[C@@H]1CN(C/C=C/c2ccccc2)CCN1c1ccc(F)cn1,P00533,
Cc1nnc(CCOC(=O)CCSc2ccccc2)o1,P00533,
CSc1ccccc1NC(=O)CN(C1CCCCC1)S(=O)(=O)c1ccc(F)cc1,P00533,
Cc1cnccc1CC(=O)N[C@@H]1C[C@H]1c1ccc(Br)cc1,P00533,
CNS(=O)(=O)c1ccc(C(=O)N2CCC(C(=O)NCCc3ccccc3F)CC2)o1,P00533,
CC(C)(C(=O)N1CCC(O)(Cc2ccncc2)CC1)c1ccc2c(c1)OCCO2,P00533,
Clc1ccc(-c2ncc(Br)cc2Br)cc1,P00533,
Cc1cccc(-c2c3c(=O)n(C)c(=O)n(C)c3c3n2C(C)(C)CO[C@@H]3c2ccc(O)cc2O)c1,P00533,
Cc1cc(CN2CCC(COc3ccc4nc(C5CC5)cn4n3)CC2)no1,P00533,
O=C(NC1CCCCCC1)c1ccccc1Br,P00533,
O=C(C[C@H]1CN(C(=O)c2n[nH]c3c2CCCC3)CC[C@@H]1Oc1ccc(Cl)cc1)N1CCCCC1,P00533,
COC[C@H]1CCCN(Cc2cnc(N(C)C)nc2)C1,P00533,
CCCCS(=O)(=O)NCc1ccc(-n2ccnc2C)c(F)c1,P00533,
O=C1C[C@H](C(=O)N2CCC[C@H]2c2nnc3ccccn23)CN1c1cccc(Cl)c1,P00533,
O=C(c1cc(-c2ccccc2)[nH]n1)N1CCc2nc(Cc3ccccc3)nn2CC1,P00533,
CN(C)c1ccnc(N2CC[C@H](COc3ccc(F)cn3)C2)n1,P00533,
Cc1nnnn1-c1cccc(NC(=O)N[C@@H]2CCCC[C@@H]2C)c1,P00533,
OC[C@@]12CCC[C@@H]1CN(Cc1ccc(Cl)cc1)C2,P00533,
CCn1c(SCC(=O)Nc2cc(C)cc(C)c2)nc2c(c1=O)S[C@@H](C)C2,P00533,
CCNC(=O)CN1CCC2(CC1)CN(CCc1ccccc1)C(=O)O2,P00533,
Cc1ccc(NC(=O)[C@@H](C)n2nc(C(F)(F)F)ccc2=O)nc1,P00533,
O=C1N(Cc2ccccc2)c2ccccc2C12CCN(Cc1ccoc1)CC2,P00533,
C[C@H](NC(=O)[C@@H]1CSCN1C(=O)OC(C)(C)C)c1cccc(C(F)(F)F)c1,P00533,
CCS(=O)(=O)Nc1cccc(C(F)(F)F)c1,P00533,
FC(F)(F)c1c[nH]c(-c2ccc(Cl)cc2)n1,P00533,
O=C(Nc1ncc(-c2ccccc2)o1)c1ccccc1SC(F)F,P00533,
CCOC(=O)C1=NO[C@H](Cc2c(Br)c(OC)c3c(c2Br)OCO3)C1,P00533,
Cc1c[nH]nc1CN1CCC[C@@H]1C(=O)NCC1CCOCC1,P00533,
O=C(NC1CCCCC1)[C@H]1C[N@]2CC[C@H]1C[C@@H]2Cn1cc(CSc2ccccc2)nn1,P00533,
COc1ccc(NC(=O)O[C@@H]2CO[C@H]3[C@@H]2OC[C@@H]3NS(=O)(=O)c2ccc(Cl)cc2)cc1,P00533,
COc1ccc(-c2nn(C)c3ncnc(Nc4cccc(C(=O)O)c4)c23)cc1,P00533,
C[C@H](c1nc2ccccc2s1)N(C)C(=O)c1ccc2cc[nH]c2c1,P00533,
CC(C)(CO)Nc1ncccc1C(=O)O,P00533,
CCc1nnc(NC(=O)[C@H](C)N(C)Cc2sccc2C)s1,P00533,
CC[C@H](C(=O)N1CCc2ccccc2C1)n1nc(C)c2sc3ccccc3c2c1=O,P00533,
CCn1ncc(C)c1NC(=O)CCC(=O)NC1CCCCCCC1,P00533,
CCN1CCC[C@@H]1CNC(=O)CNC(=O)c1nn(-c2ccc(OC)cc2)c(=O)c2ccccc12,P00533,
Cc1cc(C)n(CC(=O)NCc2ccc(Cl)cc2)n1,P00533,
CC(=O)NC[C@@H](c1ccc(C)o1)N1CCOCC1,P00533,
COc1ccc(CNc2nnc(S[C@H](C)c3nnnn3-c3ccccc3)s2)cc1,P00533,
O=C(c1ccc(N2CCC(NCCc3cccs3)CC2)cc1)N1CCC[C@H](CO)C1,P00533,
O=C(CCc1c(-c2ccc(F)cc2)[nH]c2ccccc12)NCc1ccc2c(c1)OCO2,P00533,
COC(=O)c1nn(-c2cccc(Cl)c2)c(=O)cc1Cl,P00533,
CC(=O)N1CCc2nc3sc(C(=O)Nc4cccc(F)c4)c(N)c3c(C(F)(F)F)c2C1,P00533,
Cn1ncc(N2CC[C@H](CNC(=O)c3ccc4cc[nH]c4c3)C2)cc1=O,P00533,
C[C@H]1CN(c2nc3cc(Cl)ccc3c3nnc(Cc4ccccc4)n23)CCN1C(=O)c1cccs1,P00533,
CC(=O)Nc1ccc(S(=O)(=O)NCc2ccc3c(c2)N(C(=O)c2ccc(C)cc2)CC3)cc1,P00533,
CCc1ccccc1NC(=O)Cn1c(=O)n(C(C)C)c(=O)c2sc(N3CCCCC3)nc21,P00533,
O=C(O)c1cc2c(s1)C1(CCN(C(=O)c3ccc4c(c3)CCO4)CC1)OCC2,P00533,
CCOc1ccc(-c2nc(Cn3ccn4nc(-c5ccc(C)cc5)cc4c3=O)c(C)o2)cc1OC,P00533,
CCn1nc(C(=O)NC2CCCC2)cc1-c1cccc(F)c1,P00533,
CN(C)C(=O)c1ccc(Oc2ncccn2)cc1,P00533,
O=C(NCCc1nc(-c2ccccc2)n[nH]1)[C@@H]1CCCc2[nH]ncc21,P00533,
CC(C)c1nn(C)cc1NC(=O)N1CCC[C@](C)(c2ccccc2)C1,P00533,
OCCN1CCN(c2ncnc3c2cnn3Cc2ccccc2Cl)CC1,P00533,
Cc1ccc2[nH]c(=O)c([C@@H](c3nnnn3C3CCCCC3)N3CCN(Cc4ccccc4)CC3)cc2c1,P00533,
CN(C)C(=O)c1ccc(CNCc2ccc(-n3ccnc3)cc2)[nH]1,P00533,
CCCS(=O)(=O)N1CCC[C@H]1c1cccc(CN2CCOCC2)n1,P00533,
CCS(=O)(=O)N1CCC[C@@H](c2nnc3n2CCN(C(=O)c2cc(F)ccc2F)C3)C1,P00533,
CC(C)(CNC(=O)N1CCOc2cc(O)ccc2C1)c1cccc(Cl)c1,P00533,
O=C(CCCc1cn[nH]c1)NCCc1ccc2c(c1)OCO2,P00533,
Cc1nc2cccnc2n1[C@H]1CCN(C(=O)Nc2ccccc2)C1,P00533,
CC(=O)Nc1ccccc1C(=O)NCc1cccnc1,P00533,
CC(=O)NC[C@H](c1cccs1)N1CCc2ccccc21,P00533,
COc1ccc(C(=O)c2c[nH]c3ccccc3c2=O)cc1OC,P00533,
Cc1cnc([C@@H]2CN(C)CC23CN(S(=O)(=O)c2cc(F)cc(F)c2)C3)o1,P00533,
COC(=O)c1ccc(-c2ccc(F)c(C(F)(F)F)c2)cc1C,P00533,
COc1ccc(CC(=O)Nc2cccc(SC)c2)cc1OC,P00533,
CC[C@@H](C)[C@@H](CO)NC(=O)[C@H](Cc1ccccc1)N1Cc2ccccc2C1=O,P00533,
O=C(O)[C@H]1CN(C(=O)c2cccc(Cl)c2Cl)CCO1,P00533,
COc1c[nH]c(C(=O)NCc2cccnc2N2CCN(C(C)=O)CC2)cc1=O,P00533,
C[C@H](NC(=O)C1(c2ccc(Br)cc2)CC1)c1cccnc1,P00533,
CCS(=O)(=O)N(CCN1CCCCC1)C1CN(C(=O)c2cccc(OC)c2C)C1,P00533,
CCN(C(=O)COC(=O)c1cncc(Br)c1)[C@H]1CCS(=O)(=O)C1,P00533,
COc1cccc(-c2cc(CNC(=O)C3(N)CC4(CCC(F)(F)CC4)C3)on2)c1,P00533,
CC(C)(C)c1ccc(-c2ccccc2O)cc1,P00533,
Cn1nc(C(=O)N(CCCN2CCCCCC2)C2CCOCC2)c2ccccc21,P00533,
CC(=O)c1c(C)c2cnc(Nc3ccc(N4CCN(C[C@H](C)F)CC4)cn3)nc2n(C2CCCC2)c1=O,P00533,
Cn1cc([C@@H]2[C@H](C(=O)O)CCC(=O)N2CCc2ccc(F)cc2)cn1,P00533,
O=C(Nc1cc(-c2ccccc2)n[nH]1)c1cc2c(s1)-c1ccccc1OC2,P00533,
CC[C@H](c1cccnc1)N(C)C(=O)NCCc1cccc(C(F)(F)F)c1,P00533,
Cc1ccc2c(c1)OCCN2C(=O)c1csc(S(N)(=O)=O)c1,P00533,
O=C(c1cccc(-n2cnnc2)n1)N1CCC[C@@H](c2nc3ccccc3o2)C1,P00533,
COc1ccc(CC(=O)N2CCc3nc(C(=O)NCC(C)C)sc3CC2)cc1,P00533,
NC(=O)c1cn([C@@H]2CCN(c3cc(C(F)(F)F)ccn3)C2)nn1,P00533,
Cc1csc(NC(=O)c2ccc(C(F)(F)F)nc2C)n1,P00533,
O=C(c1cc2ccccc2s1)N1[C@@H]2CC[C@H]1C[C@@H](n1cncn1)C2,P00533,
O=C(Nc1cccc(-c2ccn[nH]2)c1)N1CCCN(C2CCCCC2)CC1,P00533,
N#Cc1c(NC(=O)CNc2ccccc2C(=O)NC[C@@H]2CCCO2)sc2c1CCC2,P00533,
CN1CCN(S(=O)(=O)c2cccc(Cl)c2O)[C@H](c2ccccc2)C1,P00533,
Cc1cccc(OC2CN(C(=O)N[C@@H]3CCNC3=O)C2)c1,P00533,
CN(C)[C@@H](CNC(=O)c1cnc(-c2cccnc2)nc1)c1cccs1,P00533,
Cc1noc([C@H]2C[C@@H](O)CN2CC(F)(F)F)n1,P00533,
O=C(CCc1cccc(Cl)c1)NC[C@H](O)Cc1ccccc1,P00533,
COC(=O)c1ccccc1NC(=O)[C@@H]1CCCCN1S(=O)(=O)c1ccc(F)cc1,P00533,
COCc1nnc2n1[C@@H](C)CN(c1nc(-c3ccccc3)nc3ccccc13)C2,P00533,
O=C(c1cc(Cl)cc2c1OCC2)N1CCN(c2ccc(F)cn2)CC1,P00533,
Cc1cc(C)n2c(SCc3nnnn3-c3ccc(Cl)cc3)nnc2n1,P00533,
O=C(NC[C@H]1CCCO1)c1cnn2cccnc12,P00533,
COc1ccc(C2=NN(S(=O)(=O)c3ccccc3)[C@H](c3ccc(C)cc3)C2)cc1OC,P00533,
CCOc1cc(N(C)Cc2nnc3c(=O)n(C)ccn23)nc(C)n1,P00533,
Cn1nc(NC(=O)CCc2ccc(OC(F)(F)F)cc2)c2cccnc21,P00533,
COC(=O)c1c(NC(=O)CC(C)C)sc(C)c1C,P00533,
C[C@H](Cn1cncn1)C(=O)NCCc1cccnc1,P00533,
Cc1ccc(SCC(=O)OCC2CCN(C(=O)OC(C)(C)C)CC2)cc1,P00533,
CCOc1ccc2[nH]c3c(NCc4ccccc4OC)ncnc3c2c1,P00533,
CSc1nc(Cl)c2ncn(Cc3ccccc3)c2n1,P00533,
Cc1ccc([C@H]2CCOC(=O)N2)cc1F,P00533,
CN(C)C(=O)[C@]1(n2cccn2)CCCN(C(=O)CCc2ccc(Cl)cc2)C1,P00533,
O=C(c1cccnc1O)N1CCC(C(F)(F)F)(C(F)(F)F)C1,P00533,
O=C(c1ccc(Oc2ccccc2Br)cc1)N1CCCCC1,P00533,
Cc1ccc2[nH]c(-c3nc(CCN(C)C(=O)c4cc(F)ccc4Cl)no3)cc2c1,P00533,
O=c1[nH]c(=O)n(-c2cccc(Cl)c2)c2c1CN(Cc1ccco1)CN2,P00533,
O=C(O)c1cn(C2CC2)c2cc(Cl)c(-c3ccccc3)cc2c1=O,P00533,
CC(C)C[C@H](NC(=O)N(C)Cc1cc(-c2cccs2)n[nH]1)C(=O)O,P00533,
COc1ccc([C@@H](CC(N)=O)c2oc(C)cc(=O)c2O)c2ccccc12,P00533,
Cc1cccc2cc(CN(C[C@H]3CCCO3)S(=O)(=O)c3ccccc3)c3nnnn3c12,P00533,
COc1cc(NC(=O)CCc2c(C)nn(-c3ccc(N4CCCC4)nn3)c2C)cc(OC)c1,P00533,
COC(=O)[C@H](Cc1ccccc1)NC(=O)c1nc(SCc2ccccc2)ncc1Cl,P00533,
O=C(CN1CCC(c2nc(-c3ccc(F)cc3)no2)CC1)Nc1ccc2c(c1)OCO2,P00533,
Cc1cc(C(=O)N2CCC[C@@H](N(C)Cc3noc(C)n3)CC2)cc(O)n1,P00533,
C[C@@H](C(=O)N1CCO[C@H](CC(=O)O)C1)c1cccc(F)c1,P00533,
CCNC(=O)c1ccc(Oc2ccc(NS(=O)(=O)c3ccc(C(C)(C)C)cc3)cc2)nc1,P00533,
CCCCc1nc(N2CCN(C(=O)CC)CC2)c(C#N)c2c1COC(C)(C)C2,P00533,
COCc1nccc(NC(=O)N2CCC[C@@H](c3cc(C(C)C)n[nH]3)C2)n1,P00533,
Cn1c(N)c(C(=O)COC(=O)c2cccc(Cl)c2Cl)c(=O)n(C)c1=O,P00533,
COc1cc(OC)cc(C(=O)NCc2cnn(C)c2C)c1,P00533,
Cn1c(NC(=O)c2ccc(N3CCOCC3)nc2)nc2cc(Cl)ccc21,P00533,
Cc1[nH]c(C(=O)O)c(C)c1C(=O)N1CCC[C@H](C(=O)N2CCCCC2)C1,P00533,
Cc1nnc(-c2csc(S(=O)(=O)Nc3ccc(F)c(Cl)c3)c2)o1,P00533,
CC(C)(CC(=O)N[C@@H](Cc1cccc(Br)c1)C(=O)O)C1CC1,P00533,
O=c1[nH]nc(Cn2ccnc2-c2ccc(OCc3ccccc3)cc2)[nH]1,P00533,
O=C(CN1CCN(c2cnccn2)CC1)N1CCC[C@@H]2CCCC[C@@H]21,P00533,
c1cc(-c2nn3c(-c4ccsc4)nnc3s2)cs1,P00533,
c1ccc2c(OCc3nc4ccccc4[nH]3)cccc2c1,P00533,
COc1ccccc1Oc1cc(N2CCN(C(=O)C3CCC3)[C@@H](C)C2)ncn1,P00533,
CCn1ncc([C@H](C)NC(=O)CCn2c(=O)cc(C(F)F)c3cn(C)nc32)c1C,P00533,
COc1cc2c(cc1CN1CCC[C@H](c3n[nH]cc3C(=O)N3CCOCC3)C1)CCC2,P00533,
CC(=O)Nc1cc(NC(=O)c2cccc(F)c2)ccc1C,P00533,
Cn1cc2cc(NC(=O)c3ccc([C@@H]4CCCNC4)cc3)ccc2n1,P00533,
CCC(CC)NC(=O)CSc1ccc2c(c1)OCCCO2,P00533,
C[C@H](NC(=O)N[C@@H]1CCCc2ccccc21)C(=O)N[C@@H]1CCCc2ccccc21,P00533,
COc1ccc2cc(CN(C)C(=O)Cc3ccc(Cl)cc3)ccc2c1,P00533,
CCCNC(=O)[C@H]1CCCN(c2ccc(SCC(=O)Nc3cccc(C)c3C)nn2)C1,P00533,
Cc1ccc(NC(=O)Cc2ccc3c(c2)OCCO3)cc1Cl,P00533,
CC[C@@H]1CN(C(=O)OC(C)(C)C)CC[C@]1(NCC1(CO)CC1)c1nnnn1C1CCCC1,P00533,
Cc1nnc2ccc(N3C[C@H]4CN(C(=O)C5CCCC5)C[C@H]4C3)nn12,P00533,
Cc1ccc(-c2nnc(N(C)C[C@H]3CCOC3)n2C)c2cccnc12,P00533,
Cc1ccc(NC(=O)c2cc3c(=O)n4cccc(C)c4nc3s2)c(C)c1,P00533,
C[C@H]1CSc2ccc(S(=O)(=O)CCC(=O)N3CCOCC3)cc2NC1=O,P00533,
Cc1nc(C)c(C(=O)NC[C@@H]2CCCN(C(=O)c3n[nH]c4ccccc34)C2)o1,P00533,
COc1cc([C@H]2SC(C)=Nc3c2c(=O)[nH]n3[C@@H]2CCOC(C)(C)C2)cc2c1OCCO2,P00533,
CNc1nc(C(=O)N2CCC3(CC2)OCCc2cc(-c4ccccc4)sc23)cs1,P00533,
CNC(=O)[C@H]1CN(C(=O)c2cc(-c3ccc(Cl)cc3)n[nH]2)CCO1,P00533,
COc1cn(CC(=O)NCc2ccccc2)c(CSc2ccc(Cl)cc2)cc1=O,P00533,
CC(C)[C@@H](NC(=O)[C@@H]1CCOC1)c1ccccn1,P00533,
CNC(=O)C[C@@H]1CCN(c2nccc(-c3ccc(N(C)C)cc3)n2)C1,P00533,
Cc1ccc([C@H]2SCC(=O)Nc3c2c(C)nn3-c2ccc(F)cc2)c(C)c1,P00533,
Cc1ccc(-c2nc3n(n2)[C@H](CC(=O)Nc2cc(Cl)ccc2C)C(=O)N3)cc1,P00533,
O=C(c1ccc2c(c1)[nH]c(=O)n2CC(F)(F)F)N(CCO)CC1CC1,P00533,
COc1ncnc(OC)c1NC(=O)Cc1ccc(Oc2ccccc2)cc1,P00533,
O=C(NC[C@@H](c1ccccc1Cl)N1CCCC1)c1cccs1,P00533,
Cc1ccc(CNC(=O)Cn2nc(-c3nc(-c4cccc(C)c4)no3)c3ccccc32)cc1,P00533,
O=C(CSc1ccccn1)Nc1ccc(OC(F)(F)F)cc1,P00533,
C[C@@H](NS(=O)(=O)c1cccc2nonc12)c1ccncc1,P00533,
Cc1ccn(-c2ccccc2NC(=O)N2CC[C@@]3(CCCOC3)C2)n1,P00533,
O=C(N[C@H]1CCCOc2ccccc21)N1CC[C@@](O)(C(F)(F)F)C1,P00533,
c1ccc(CCn2cnc3c2CCN(c2cnccn2)C3)cc1,P00533,
N#CCc1ccc(NC(=O)c2ccc(Cl)cc2F)cc1,P00533,
CCOc1ccc2c(c1)CN(c1cc(C)ccc1C)CO2,P00533,
COCCn1ccc(N[C@H]2CCC[C@@H](C(F)(F)F)C2)n1,P00533,
C[C@@H](c1nc2ccccc2o1)N1CCC(C(=O)NC2CC2)CC1,P00533,
Cc1ccc(NC(=O)CSCc2cc(C)no2)c(F)c1,P00533,
COCCN1C(=O)[C@@H](c2ccccc2)CC12CCN(C(=O)c1ccco1)CC2,P00533,
CC(C)C(=O)Nc1ccc(S(=O)(=O)Nc2ccc3c(c2)CC(=O)N3)cc1,P00533,
O=C(Cn1ccnn1)Nc1nc(-c2c(F)cccc2F)cs1,P00533,
Cc1[nH]c2ccccc2c1C(=O)CN1CCO[C@H](c2ccc(Cl)cc2)C1,P00533,
Cc1cccc(Cn2c(-c3cnccn3)n[nH]c2=O)c1,P00533,
Cc1cccc(CC(=O)N2CCC3(CC2)C[C@@H](CNS(C)(=O)=O)CCO3)c1,P00533,
CC[C@@](C)(NC(=O)Nc1ccc(OC)nc1)c1ccccc1,P00533,
Cc1cc(NC(=O)[C@@H]2COc3ccccc3O2)no1,P00533,
Cn1cc(CN2CCN(C(=O)[C@@H]3CCCN(S(=O)(=O)c4ccc(F)cc4)C3)CC2)cn1,P00533,
CSC[C@@H]1CCN(C(=O)c2cnnc(-c3ccccc3)c2)C1,P00533,
Cc1n[nH]c(C)c1CCc1cc(O)nc(NC2CCN(Cc3ccccc3)CC2)n1,P00533,
C[C@H](NC(=O)c1ccccc1F)c1nnc(S[C@H](C)C(=O)NC(C)(C)C)n1C,P00533,
CCc1nnc(-c2cc3ccccc3n2CC(=O)N2CCCCCC2)o1,P00533,
C[C@@H](OC(=O)CNC(=O)c1ccc(C(C)(C)C)cc1)C(=O)Nc1ccccc1,P00533,
COc1ccc(CCC(=O)N[C@@H]2CCCCNC2=O)c(OC)c1OC,P00533,
Cn1cc(-c2cncc(CNC(=O)c3ccncc3F)c2)cn1,P00533,
O=C(COC(=O)c1ccc(S(=O)(=O)N2CCCCCC2)cc1)NCc1cccs1,P00533,
C[C@@H](CCc1ccco1)NC(=O)Cc1csc(-c2cccs2)n1,P00533,
CCC(CC)C(=O)N1C[C@H](C(=O)NCCc2ccncc2)C2(CCOCC2)C1,P00533,
CCc1ccc(NC(=O)CCn2c(=O)sc3cc(S(=O)(=O)N4CCCCCC4)ccc32)cc1,P00533,
COc1cc(Cl)cc([C@H]2CC(=O)Nc3nn(C)cc32)c1OC,P00533,
Cn1cccc1C(=O)NC1CC(F)(F)C1,P00533,
Cc1cc(OC2CN(S(=O)(=O)c3ccccc3C#N)C2)cc(=O)n1C1CC1,P00533,
C[C@@H](NC(=O)NCCc1nc(-c2ccccn2)no1)c1ccccc1,P00533,
Cn1cc([C@@H]2C(c3ccccc3)=NN=CN2O)c2ccccc21,P00533,
COc1ccc(-c2csc(NC(=O)[C@@H]3CCCN3C(=O)c3ccccc3)n2)c(OC)c1,P00533,
O=C(O)c1cc(F)ccc1-c1ccccc1F,P00533,
COc1ccc(-c2cn(C[C@@H]3CCCN(c4ncccn4)C3)nn2)cc1,P00533,
Cc1cccc(NC(=O)[C@@H]2CSCN2C(=O)C(C)C)c1C,P00533,
Cc1cccc(C)c1NC(=O)Cc1csc(SCC(=O)c2ccccc2)n1,P00533,
Cn1c(=O)[nH]c(=O)c2c1nc(N1CCCCCC1)n2Cc1ccc(Cl)cc1,P00533,
COCCN(CCOC)C(=O)c1nc([C@@H]2CCCN2C)n2ccccc12,P00533,
C[C@@](O)(CNC(=O)COc1ccccc1)c1cccs1,P00533,
CNc1nc([C@@H]2CCCN(C)C2)nc2c1CN(C(=O)CCOc1ccccc1C)CC2,P00533,
Cc1ccc(C(=O)N2[C@@H]3C[C@H]2CN(c2ccc4nnc(C)n4n2)C3)cc1F,P00533,
Cc1nc(-c2cn([C@@H]3CCCN(C(=O)c4cc(Cl)ccc4F)C3)nn2)no1,P00533,
Cc1nc(CNC(=O)OC(C)(C)C)nc(C)c1C(=O)O,P00533,
CN1CCN(c2ncc(Cl)cc2F)CC1,P00533,
CC(=O)c1ccc(C(=O)N[C@@H]2CCOC[C@H]2OCc2ccccc2)s1,P00533,
COCC(=O)Nc1cccc(S(=O)(=O)N2CCc3sccc3C2)c1,P00533,
C[C@@H](CCc1ccccc1)NC(=O)C[C@@H]1NC(=O)c2ccccc2N=C1O,P00533,
O=C(N1CCO[C@@H](CN2CCCC2)[C@@H]1c1ccccc1)C1(CO)CC1,P00533,
CN(Cc1ccc(F)cc1)[C@@H]1[C@@H](O)[C@H](Oc2ccccc2)C[C@H]1N,P00533,
O=C(CCc1nc2ccccc2c(=O)[nH]1)OCc1cccc(Cl)c1,P00533,
CCOC(=O)[C@@H](CCc1ccccc1)N1CC[C@@H](n2cnc3c(N)ncnc32)C1,P00533,
COc1cc([C@@H]2CN(C(=O)Cc3ccccc3)C[C@@H]2C(=O)NCC(C)C)cc(OC)c1OC,P00533,
Cc1cc(C(=O)N2CCCC2)ccc1NC(=O)CCS(C)(=O)=O,P00533,
CCOC(=O)c1cccc(C(=O)CCc2ccc(OC)cc2)c1,P00533,
Cc1ccc(C)c(S(=O)(=O)[C@@H](C#N)c2nc3ccccc3nc2N2CCN(C)CC2)c1,P00533,
Cc1ccc(F)cc1CNC(=O)[C@@H](C)c1ccc(CC(C)C)cc1,P00533,
Cc1ccc(C(F)(F)F)cc1C(=O)Nc1ccccc1,P00533,
CCOc1ccc(Br)c(COC)c1Cl,P00533,
CCOc1ncccc1C(=O)NC[C@@H]1COc2ccccc2O1,P00533,
O=C(c1ccccc1)N1CCN(c2ncc(Br)cc2F)CC1,P00533,
Cc1ccccc1N=c1oc2ccccc2cc1S(=O)(=O)c1ccccc1,P00533,
CC(=O)c1sc(NC(=O)c2cc(C)nn2C)nc1C,P00533,
C[C@H]1C[C@@H](N2CCCC2)CN1S(=O)(=O)c1occc1Br,P00533,
COc1cccc(CNc2ncnc3ccccc23)c1OC,P00533,
CC(C)c1c(C(=O)Nc2cccn(C)c2=O)cnn1-c1cccc(Cl)c1,P00533,
NC[C@H]1CCc2ccc(Br)cc21,P00533,
Cn1nnc(CS(=O)(=O)C2CCC(C)(C)CC2)n1,P00533,
O=c1[nH]n(-c2ccc(S(=O)(=O)N3CCc4ccccc43)cc2)c(=O)c2ccccc12,P00533,
CCOc1ccc(NC(=O)C2CCN(c3cc(N4CCCCC4)ncn3)CC2)cc1,P00533,
C[C@@H]1CC(=O)Nc2ccccc2N1C(=O)COc1ccccc1Cl,P00533,
CCOc1cc(C)c(C)cc1S(=O)(=O)N[C@@H](CC)CO,P00533,
Cc1cccc(NS(=O)(=O)c2ccc3c(c2)C(C)(C)C(=O)N3)c1,P00533,
COc1c(F)cccc1C(=O)c1ccccc1,P00533,
Cc1nc(N2CCC[C@@H](C(=O)Nc3ccccc3Cl)C2)c2c(C)c(C)oc2n1,P00533,
COc1cc2c(cc1NC(=O)CCN1C(=O)[C@H](C)Oc3ccccc31)oc1ccccc12,P00533,
Cn1cccc1CN1CCN(C2CCCCCC2)CC1,P00533,
O=c1[nH]c(CSc2nnc[nH]2)nc2c1cnn2-c1ccccc1,P00533,
Cc1nccn1CCCC(=O)N1C[C@H]2CC[C@@H]1CN(c1ncccn1)C2,P00533,
CN(C)C[C@H](O)c1cc2n(n1)CCCN(Cc1csc3ccccc13)C2,P00533,
CC[C@H](C)NC(=O)[C@@H]1CC(=O)N(c2cccc(C(F)(F)F)c2)C1,P00533,
Cc1cccc(OCC(=O)N2C[C@@H](CN3CCCCC3)[C@@H](CO)C2)c1,P00533,
CCn1nc(C(=O)N(C)Cc2ccoc2)c2c1CC[C@H](NCC(C)(C)CO)C2,P00533,
O=C(Cc1cccc(F)c1)NCc1cc(Br)ccc1F,P00533,
CCOc1ccc(NC(=O)CSc2nnc3n(CC)c(=O)c4c5c(sc4n23)CCCC5)cc1,P00533,
O=C(NC[C@H]1CCCO1)Nc1cccc(C(=O)N2CCCCC2)c1,P00533,
C[C@H]1CN(c2ccccc2)CCN1C(=O)Cn1nccc1N,P00533,
C[C@@H](c1cccs1)N(C)C(=O)c1cn(Cc2ccccc2C(F)(F)F)nn1,P00533,
C[C@H](O)[C@@](C)(CNC(=O)C1CCOCC1)Cc1ccccc1,P00533,
C[C@@](C#N)(NC(=O)CN1CCc2ccccc21)C1CC1,P00533,
Cc1nn(C)cc1C(=O)N1CCC[C@@]2(CCCN(Cc3ccnn3C)C2)C1,P00533,
c1ccc2c(c1)OC[C@H](c1nnc3sc(-c4ccc5c(c4)OCO5)nn13)O2,P00533,
Cc1nn(C(C)(C)C)c(C)c1S(=O)(=O)N1CC[C@H](N2CCCC2)C1,P00533,
CC(=O)Nc1nc([C@@H]2CCCN2CC(N)=O)cs1,P00533,
c1cc(CN2CCN(c3ccc4nccn4n3)CC2)ccn1,P00533,
Cc1ccc(C)c(NC(=O)c2ccc3c(c2)CCN3C(=O)C2CC2)c1,P00533,
Cc1cc(C)cc(NC(=O)N2CCN(c3nc(C)cc(N4CCOCC4)n3)CC2)c1,P00533,
Cc1nc2cc(NC(=O)c3cccc(Cl)c3Cl)ccc2o1,P00533,
Cc1cc(C)cc(-c2ccc3c(ccn3C)c2)c1,P00533,
Cc1nc(CCNC(=O)[C@@H]2CC(=O)N(C(C)C)C2)cs1,P00533,
COc1cccc2c1OC[C@@H](C(=O)N1CC(Oc3ccccc3C)C1)C2,P00533,
C[C@H](Oc1cccc(Cl)c1)C(=O)N1C[C@H](N)Cc2ccccc21,P00533,
CC(=O)N[C@H](CC1CCC1)C(=O)N1CCN(c2cccc3cc[nH]c23)CC1,P00533,
C[C@@H](NC(=O)Cc1c[nH]c2ccccc12)c1ccco1,P00533,
Nc1cccc(NS(=O)(=O)c2ccc(F)cc2)n1,P00533,
COc1cc(-c2nc(CN3C[C@@H]4CCC[C@H]3C4)c(C)o2)ccc1F,P00533,
CSc1ccc(-c2ccc(=O)n(CC(=O)Nc3nc(-c4ccncc4)cs3)n2)cc1,P00533,
C[C@H](Oc1ccc(F)c(F)c1)C(=O)N[C@@H]1CCCc2nn(C)cc21,P00533,
CN(C)[C@H](CNC(=O)c1ccc2c(c1)CCCC2)c1ccccc1,P00533,
CCOC(=O)c1ccc(NC(=O)c2cc(=O)c3cc(C)c(C)cc3o2)cc1,P00533,
O=C(CCSc1ccccc1)NC1CCCC1,P00533,
Cc1c(-c2ccc(F)cc2)cnc2[nH]ccc12,P00533,
Cc1nn(C)c(C)c1CCC(=O)N1CCCN(C(=O)C2CCC2)CC1,P00533,
CCOC(=O)[C@]12CCCN(Cc3ccc(C)o3)C[C@H]1CN(CC(C)C)C2,P00533,
CC(C)(C)CN(Cc1cccnc1)C[C@H]1CCCN(C2CCCCC2)C1,P00533,
CCn1nc(C)c(CCNC(=O)C2=Cc3ccccc3OC2)c1C,P00533,
Cc1ncc(CN(C)C)c([C@@H]2CCCN2Cc2ccccc2C(=O)O)n1,P00533,
COc1ccc(-c2cnn3c2NC(=O)C[C@H]3C(=O)Nc2ccc(F)c(Cl)c2)cc1OC,P00533,
O=C(CSc1nc(NCc2ccccc2)nc(N2CCOCC2)n1)Nc1ccccc1,P00533,
CC(=O)N1CCN(C(=O)Cn2nc(C(F)(F)F)cc2C)CC1,P00533,
CC(=O)Nc1ccc(C)cc1-c1nnc(SCC(=O)Nc2c(C)cccc2C)[nH]c1=O,P00533,
Cc1cc(C)cc(C(=O)NCc2ccc(N3CCOCC3)nc2)c1,P00533,
O=C(Cc1ccc(F)cn1)N1CCn2cc(Cn3cncn3)nc2C1,P00533,
COc1ncc([C@@]2(O)[C@@H]3CCC[C@H]2CN(Cc2ccccn2)C3)c(OC)n1,P00533,
O=C(NC1CC1)[C@@H]1CCCN1C(=O)CC(c1ccccc1)c1ccccc1,P00533,
CCCCN(C)CCCN1C(=O)c2cc3occc3n2C[C@@]1(C)C(=O)NC1CCCCCC1,P00533,
CCOC(=O)c1cc(OC)cc(OCC)c1F,P00533,
COCCN1C[C@H](CNC(=O)CCc2nc3ccccc3[nH]2)OCC1=O,P00533,
Cc1ccc(-n2nnnc2SCC(=O)N2CCc3ccccc32)cc1,P00533,
COc1ccnc2c1c(=O)n(CC(=O)Nc1cccc3ccccc13)c(=O)n2C,P00533,
O=C1COc2cc(-c3cnn(C4COC4)c3)cnc2N1,P00533,
CCOc1ccccc1[C@H]1SCC(=O)Nc2c1c(C)nn2-c1cccc(C)c1,P00533,
CNC(=O)CN1CCC2(CCCN(C(=O)c3ncc(OC)cn3)C2)CC1,P00533,
Cc1cnc(NS(=O)(=O)c2ccc3c(c2)CCCC3)s1,P00533,
Cc1nnc(S[C@@H](C(=O)Nc2ccc(Cl)cn2)c2ccccc2)s1,P00533,
COc1ccc(C(=O)Nc2sc3c(c2C#N)CC[C@@H](C)C3)c(OC)c1,P00533,
COc1ccc2c(C)cc(SCC(=O)N(CCC#N)c3ccc(F)cc3)nc2c1,P00533,
Cn1ccnc1CN1CC[C@@]2(CCCN(CCCc3ccccc3)C2)C1,P00533,
CCc1cc(CN(C)C(=O)NCCc2csc(-c3ncccn3)n2)on1,P00533,
O=C(O)[C@@H]1C[C@H]2C[C@]1(c1ccc(C(F)(F)F)cc1)C2,P00533,
Cc1ccc(C(=O)C[C@]2(O)C(=O)N(C)c3ccccc32)cc1,P00533,
CC1CCN(CC(=O)NC2CCN([C@H](C)c3ccccc3)CC2)CC1,P00533,
COc1cccc([C@H](C)NC(=O)COC(=O)c2ccc(C)s2)c1,P00533,
Cc1nnc(C[C@@H]2CC[C@H](NS(=O)(=O)c3ccc(C)c(F)c3)C2)o1,P00533,
Cc1c(Cl)cccc1NC(=O)N1CCN(c2cc(N3CCCC3)ncn2)CC1,P00533,
O=C(C1CCCC1)N1CC(c2nc(-c3ncccn3)no2)C1,P00533,
CC(C)Cc1ccc(-c2cc(C(=O)NC3CC3)c3ccccc3n2)cc1,P00533,
C[C@H](Nc1ccc(Oc2ccc(Br)cc2)cc1)C(=O)Nc1ccc(S(N)(=O)=O)cc1,P00533,
Cc1nc(CCNC(=O)N(C)Cc2ccc3c(c2)OCCO3)cs1,P00533,
COc1ccc(-c2ccc(=O)n(Cc3cccc(F)c3)n2)cc1,P00533,
CCOc1ccccc1N(Cc1nc2[nH]c(C)cc(=O)n2n1)S(=O)(=O)c1ccccc1,P00533,
CCOc1ccc(S(=O)(=O)NCc2ccccc2)cc1-c1nc(=O)c2c([nH]1)c(C(C)(C)C)nn2C,P00533,
CC(C)C(=O)N1N=C(c2cccs2)C[C@@H]1c1cccs1,P00533,
Cc1ccc2nc(CCN3CCN(C)[C@@H](CCO)C3)[nH]c2c1,P00533,
COc1ccc(C(=O)Nc2cnc(N3CCOCC3)nc2)cc1,P00533,
CC(C)(C)OC(=O)N1CC2(C1)[C@@H](N)CCS2(=O)=O,P00533,
Fc1ccccc1-c1noc(CCc2nc([C@H]3CCOC3)no2)n1,P00533,
Cc1ccc(Cn2c(CCNC(=O)C(C)C)nc3ccccc32)cc1,P00533,
CC(C)Oc1ccc(CNC(=O)C2CC(F)(F)C2)cc1,P00533,
Cc1c(Cl)cccc1C(=O)N[C@]1(c2ccccc2)CCN(CC(F)(F)F)C[C@H]1O,P00533,
Cc1c(C(=O)O)nnn1-c1ccc(Cl)cc1Cl,P00533,
CCOc1ccc2nc(N3CCC(NC(=O)c4ccnn4C)CC3)sc2c1,P00533,
O=S1(=O)CCN(Cc2cnn(-c3cccc(Cl)c3)c2)CC1,P00533,
O=C(c1ccc2c(=O)n3c(nc2c1)CCN(Cc1ccccc1)CC3)N1CCC[C@@H](CO)C1,P00533,
COCCN1CCN(C(=O)[C@H]2CCC(=O)N(Cc3cccc(C(F)(F)F)c3)C2)CC1,P00533,
CCOc1ccc2nc(N3C[C@H](C(=O)NCCc4nccs4)CC3=O)sc2c1,P00533,
O=C(c1ccccc1)N1CCN(C2CCCCCC2)CC1,P00533,
CC(C)N1C(=O)CO[C@H](C(=O)NCc2cccc(CO)c2)[C@H]1c1ccccc1,P00533,
NC(=O)[C@H](OC(=O)c1ccc2c(c1)CCCO2)c1cccc(Br)c1,P00533,
Cc1ncnc(N(C)CCN(C)C2CCCC2)c1C,P00533,
O=C(Nc1ccc(F)c(S(=O)(=O)N2CCOCC2)c1)c1ccncc1,P00533,
COc1cccc(N2CCN(C(=O)c3snc(C(=O)NCC(C)C)c3N)CC2)c1,P00533,
COc1ccc2c(c1)C(=O)N[C@@]1(CC2)CN(C(=O)c2cn(C)nc2C)C[C@H]1C(=O)N(C)C,P00533,
CCOC(=O)C1CCN(C(=O)C2CCN(S(=O)(=O)Cc3ccc(C)cc3)CC2)CC1,P00533,
Cc1csc(NC(=O)CN2CCCCCC2)n1,P00533,
O=C([C@H]1CCCN(S(=O)(=O)c2cccnc2)C1)N1CCCC1,P00533,
Cc1nc(C)c(F)c(OCC2CCN(c3ncc(F)cn3)CC2)n1,P00533,
O=C(NCc1cc(=O)[nH]c(C2CCC2)n1)[C@@H]1CCN(Cc2ccccc2)C1,P00533,
Cc1noc([C@]23C[C@H](NC(=O)c4cc(Cl)ccc4F)C[C@H]2CN(S(C)(=O)=O)C3)n1,P00533,
Cn1c(=O)c2ccc([C@H]3CCCCN3C(=O)C3CCCC3)nc2n(C)c1=O,P00533,
Cc1cc(C(=O)NC[C@H](c2ccccc2)N2CCCCC2)cc(=O)[nH]1,P00533,
CC1(C)C[C@@]2(CCCN2C(=O)c2cnccc2C(F)(F)F)CN1c1ccc(F)cc1,P00533,
CCCc1nc(N2CCC[C@H](C(=O)N(CC)CC)C2)c2cnn(C)c2n1,P00533,
O=C(CN1CCC(c2noc3cc(F)ccc23)CC1)NC[C@@H]1CCCO1,P00533,
C[C@@H](Sc1ncnc2cc(-c3ccc(F)cc3)sc12)C(=O)N1CCN(C(=O)c2ccco2)CC1,P00533,
CC(=O)N1N=C(c2c(O)[nH]c(=O)n(C)c2=O)C[C@@H]1c1ccc(C(C)C)cc1,P00533,
CCOC(=O)C1CCN(C(=O)CCC(=O)Nc2ccc(OCc3ccccc3)cc2)CC1,P00533,
Cc1cc(OC[C@H]2CCCN(c3ncnc4c3CCCC4)C2)ccn1,P00533,
O=C(CCOc1ccccc1)NCc1nc(-c2ccc(F)cc2)n[nH]1,P00533,
COc1cccc(NC(=O)CNC(=O)c2cc(C)nn2C)c1,P00533,
N#Cc1ccc(S(=O)(=O)N[C@@H]2CCN(c3ncccc3F)C2)o1,P00533,
COc1ccnc(N[C@@H]2CCN(Cc3c(F)cncc3F)C2)n1,P00533,
Cn1nc(C(=O)N[C@H](CCO)c2cccs2)ccc1=O,P00533,
C[C@H](C(=O)N[C@H]1CC[C@H](C)CC1)N1CCCN(c2ncccn2)CC1,P00533,
CCN1CCC[C@@H]1[C@H]1CCCN1C(=O)C1CCN(CC(C)C)CC1,P00533,
Cc1c(C)n2c3c(O)nc(=O)n(C)c3nc2n1CCc1ccccc1,P00533,
COc1ccc(CCC(=O)N2CCC[C@H](c3nnc(C4CC4)[nH]3)C2)cc1,P00533,
Cc1noc(C)c1S(=O)(=O)N1CCC[C@H](c2nnc(-c3cccs3)o2)C1,P00533,
Cc1oc(-c2nc(C#N)c(N3CCOCC3)o2)cc1S(=O)(=O)N(C)C,P00533,
C[C@@H]1CCCC[C@H]1C(=O)Nc1cnn(C2CCOCC2)c1,P00533,
CO[C@@H]1C[C@@H](c2ncc[nH]2)N(Cc2ncc(-c3ccccc3F)o2)C1,P00533,
C[C@]1(C2CCN(Cc3ccc(C(=O)O)cc3)CC2)CN(Cc2ccccc2)C(=O)CO1,P00533,
Cc1ccoc1C(=O)Nc1nc(CN2CCOCC2)cs1,P00533,
O=c1/c(=C\c2c(Cl)cccc2Cl)sc2nc3ccccc3n12,P00533,
Fc1cccc(Cl)c1CN1CCN(c2ncnc3c2ncn3C[C@@H]2CCCO2)CC1,P00533,
CC[C@H](C)NC(=O)c1ccc(CN2CCN(c3ccccc3)CC2)cc1,P00533,
COc1cc(C2CCC(=O)CC2)ccc1F,P00533,
NC(=O)c1cc(-c2ccccc2)sc1NC(=O)CN1CC[C@H](c2ccno2)C1,P00533,
CC(C)c1cc(CN(C)CCC2(O)CCCC2)on1,P00533,
C[C@H]1c2ccc(Cl)cc2CCN1Cc1cc(O)n2ncc(C#N)c2n1,P00533,
Cc1cc(N2CCNC[C@](C)(F)C2)nc(-c2cccnc2)n1,P00533,
O=C(O)c1cccc(S(=O)(=O)Nc2ccccc2Cl)c1,P00533,
Cc1ccc2c(c1)-c1c(cnn1CC(=O)N[C@H]1CCCc3ccccc31)CO2,P00533,
Cn1cc([C@H]2CCCN2C(=O)c2ccc(-n3cnnc3)cc2)cn1,P00533,
CCN1C(=O)C(C)(C)COc2ccc(NS(=O)(=O)c3cccc(C)c3)cc21,P00533,
Cc1ccc(NC(=O)c2ccc(OC(C)C)cc2)cn1,P00533,
CCOc1ccc(Br)cc1C(=O)N1CCNC(=O)[C@@H]1CC(=O)OCCc1ccccc1,P00533,
COc1ccc(CN2CC[C@]3(CCCN(C(=O)C(C)C)C3)C2)c(C)c1,P00533,
Cc1ccc(C(=O)C[C@@H]2CCCN2)cc1,P00533,
COc1cccc2cc(C(=O)NC[C@@H]3CCCO3)/c(=N\c3cc(C)ccc3F)oc12,P00533,
Cc1ccc(NC(=O)[C@@H](C)Sc2nc(=O)cc(N)n2CCc2ccccc2)cc1,P00533,
CCOC(=O)c1nn(-c2cccc(Br)c2)c(=O)cc1OCC,P00533,
Cc1nn(C[C@@H](C)c2cc(O)n3ncc(-c4ccc(F)cc4)c3n2)c(C)c1C,P00533,
COc1ccc(-c2nn(Cc3ccc(C)cc3)c(=O)c3noc(C)c23)cc1,P00533,
Cc1ccc2c(c1)[C@H](NC(=O)C1CCN(Cc3ccccc3)CC1)CC(C)(C)O2,P00533,
Cc1ccc(NC(=O)c2ccccc2Br)c2cccnc12,P00533,
CCOc1ccc(OCC)c(NC(=O)CCc2ccc3[nH]c(CC)nc3c2)c1,P00533,
CCn1cc(Br)cc1C(=O)N1CCNC[C@H]1c1cccc(F)c1,P00533,
CCn1cc([C@@H]2CN(Cc3nc(C)c(C)o3)CCO2)cn1,P00533,
Cc1ccc(OCC(=O)N2CCC3(CC2)CO[C@H](CN(C)Cc2cccnc2)C3)cc1,P00533,
CO[C@]1(CNC(=O)N2CCO[C@H](C3CC3)C2)C[C@H](C(=O)O)C1,P00533,
Cc1cn2c3c(=O)n(CC(N)=O)c(=O)n(C)c3nc2n1-c1ccccc1Cl,P00533,
O=S(=O)(Nc1ccc(-n2cc(Cl)cn2)cc1)c1ccc(Br)cc1,P00533,
Cc1ccc(OCC(=O)NC[C@H]2CCC[C@H](CNC(=O)COc3ccc(C)c(C)c3)C2)cc1C,P00533,
O=C([C@H]1CC(=O)N(C2CCCC2)C1)N1CCN(S(=O)(=O)c2ccc(F)c(Cl)c2)CC1,P00533,
N[C@@H](c1ccc(Br)cc1F)C1CCOCC1,P00533,
CCOC(=O)c1cc(CC)sc1NC(=O)c1cccc(OC)c1OC,P00533,
O=C([C@@H](Cc1ccccc1)n1cnnn1)N1CCN(c2ncccn2)CC1,P00533,
COc1ccc(OC)c(CNC(=O)CNC(=O)c2ccccc2OC(F)F)c1,P00533,
Cc1nc(CNc2nc(-c3ccccc3)nc3ccccc23)ccc1[C@H](C)O,P00533,
CCOc1ccc(-c2[nH]ncc2CNS(=O)(=O)Cc2ccc(Cl)cc2)cc1,P00533,
O=C(C1CCN(c2nc(-c3ccccc3)no2)CC1)N1CCN(c2ccccc2)CC1,P00533,
O=C(NC1(c2ccccc2)CC1)c1cc2c(s1)CCCC2,P00533,
CCOc1ccc2c(c1)c(=O)c(S(=O)(=O)c1ccc(Cl)cc1)cn2CC(=O)Nc1ccccc1,P00533,
Cc1ccc(C)c(CC(=O)Nc2nc3c(s2)CCCCC3)c1,P00533,
Cc1nn(Cc2ccccc2)c(C)c1-c1ccnnc1,P00533,
CC[C@@H](C)N(CC(=O)N1CCN(c2ccc(-c3ccc(C)cc3)nn2)CC1)C(=O)NC(C)(C)C,P00533,
Cc1cn2nc(C(=O)NC[C@@H](C)c3ccccc3)cc2c(N2CCSCC2)n1,P00533,
COc1cccc(C(=O)NC[C@H]2CCCN(Cc3nc4ccccc4[nH]3)C2)c1OC,P00533,
Cn1nc(C(=O)N2CCC[C@@H](n3ccnc3)C2)c2ccccc2c1=O,P00533,
O=C(c1csnn1)N1CCC[C@@]2(CC1)CN(c1ccccc1)C(=O)CO2,P00533,
COc1cc(C(=O)O)c(Br)cc1O,P00533,
CN(C)c1cccc(C(=O)N2CCn3nc([C@H](O)C4CC4)cc3C2)c1,P00533,
Cc1n[nH]c2c1[C@@H](c1cccc(Br)c1)SCC(=O)N2,P00533,
Cc1ccc(F)cc1C(=O)N1CC[C@](O)(c2ccccc2)[C@H](N(C)C)C1,P00533,
COc1nccc(-c2ccc(F)c(F)c2)n1,P00533,
O=C(c1ccncc1)N1CCO[C@](CO)(Cc2cccc(F)c2)C1,P00533,
COc1ccc(NC(=O)c2cc(C(F)(F)F)nc(C)n2)cn1,P00533,
CCn1c([C@H]2CCCNC2)nn(Cc2nc(-c3ccc(C)cc3)no2)c1=O,P00533,
CCCn1ncc(CN2CCN(Cc3ccccc3OCC)[C@H](CCO)C2)c1C,P00533,
O=C1Nc2ncc(Br)cc2C12CCC2,P00533,
Cc1c(C(=O)N2CCC[C@@](O)(CN3CCOCC3)CC2)sc2nc[nH]c(=O)c12,P00533,
COc1ccc(CCC(=O)NCc2cncc(-c3ccsc3)c2)c(OC)c1OC,P00533,
CC(C)C[C@H](C(=O)Nc1cn[nH]c1)N1CCCCC1=O,P00533,
CCc1nc(-c2cccc(-c3noc(CNC(=O)Cc4ccc(Cl)cc4)n3)c2)cs1,P00533,
C[C@H]1CCN(C(=O)C2(n3cccn3)CC2)CCS1,P00533,
N#Cc1ccc(-n2ccc(NC(=O)Nc3ccn(C4CCOCC4)n3)n2)c(F)c1,P00533,
O=C(Nc1ccc(Cl)cc1)N[C@@H]1C=CS(=O)(=O)C1,P00533,
Cc1ccccc1CC(=O)N1CCN(CCc2c[nH]nn2)CC1,P00533,
COc1ccc(C#N)cc1CN1C[C@H](OC)C[C@H]1CO,P00533,
CC(=O)NC(=O)c1cc2cc(Br)ccc2o/c1=N\c1ccc(C(F)(F)F)cc1,P00533,
COC(=O)C1(c2ccc(Br)cn2)CC1,P00533,
CCCCN(CC)c1ncc(NS(=O)(=O)c2cccc(F)c2)cc1C(=O)O,P00533,
Cc1ccoc1C(=O)N[C@@H]1CC[C@H](C(=O)O)C1,P00533,
C[C@@H](Nc1ccc2[nH]c(=O)[nH]c2c1)C(=O)Nc1cccc(Cl)c1Cl,P00533,
CCc1ccccc1NC(=O)N1CCc2c(sc3nc(-c4ccc(F)cc4)nn23)C1,P00533,
CCc1c(C)sc(NC(=O)c2cc(C3CC3)on2)c1C#N,P00533,
O=C(COC(=O)c1c(F)cccc1Cl)Nc1ccccc1C(=O)NC1CC1,P00533,
Cc1nn(CC(C)C)c(C)c1CCC(=O)N1CCN(c2cnn(-c3ccccc3)c(=O)c2Cl)CC1,P00533,
O=C(NC[C@@H]1CC(=O)N(C2CCCC2)C1)c1cccc(N2CCOCC2)c1,P00533,
O=C(O)c1ccc(S(=O)(=O)N[C@H]2CCCC[C@H]2C(F)(F)F)c(F)c1,P00533,
O=C1CCN(C(=O)c2ccc(Oc3ccc(F)c(F)c3)cc2)CCN1,P00533,
COC(=O)c1ccc(S(=O)(=O)N[C@@H](c2ccsc2)c2cccs2)cc1,P00533,
COc1cc(NC(=O)CN(C)S(=O)(=O)c2ccc(C)cc2)cc(OC)c1,P00533,
Cc1cnc(C2CCC2)n1C[C@H]1CCN(C(=O)C2CCCC2)C1,P00533,
CN(C)C(=O)CN1CC[C@H](c2cc(C(=O)Nc3nccs3)c3ccccc3n2)C1,P00533,
Cc1noc(-c2ccc(NC(=O)c3ccc(Cl)cc3Cl)cc2)n1,P00533,
C[C@](CNC(=O)c1cnn2c1CCCC2)(C(=O)O)c1ccccc1,P00533,
CCn1c2ccccc2c2cc(NC(=O)CSc3nncn3C)ccc21,P00533,
COc1cccc([C@@H]2C[C@@H](c3ccc(Cl)cc3)Nc3nnnn32)c1OC(F)F,P00533,
Cn1nccc1CN1CCC[C@H]1c1ccc(Cc2cccc(C(F)(F)F)c2)cn1,P00533,
O=C(Nc1ccnn1C[C@H]1CCOC1)c1cccnc1,P00533,
Cc1ccc(S(=O)(=O)N2CCC(C(=O)O[C@@H](C)C(=O)N(C)[C@H]3CCS(=O)(=O)C3)CC2)cc1,P00533,
CC(C)n1cnnc1CNc1nc(CCc2ccccc2)nc2c1CCNC2=O,P00533,
Cn1ccc2ccc(-c3ccc(CCC(=O)O)cc3)cc21,P00533,
COC(=O)c1ccc(OCc2ccccc2C#N)cc1,P00533,
Cc1nnc(SCC(=O)c2ccc(NC(=O)c3ccccc3)cc2)n1C1CC1,P00533,
CCc1ncsc1C(=O)N1CCOC[C@@H]1c1nnc(C(C)C)o1,P00533,
Cc1cccc(-c2cccc([C@@H]3CCCN(C(=O)c4ccccc4CN4CCOCC4)C3)n2)c1,P00533,
COc1ccc(N(C)S(=O)(=O)c2cccc(C(=O)Nc3ccc(Br)cc3)c2)cc1,P00533,
O=C(c1cncc(Br)c1)N1CC[C@@H](c2ccc3c(c2)CCO3)C1,P00533,
C[C@@H](NC(=O)COc1ccc(Cl)cc1)c1ccc(NS(C)(=O)=O)cc1,P00533,
CN(C)c1nc(Cl)ncc1Br,P00533,
CN[C@H]1CCCN(C(=O)C[C@H](C)c2ccccc2Br)C1,P00533,
CCN(C)C[C@H]1CCN(C(=O)c2c(-n3cccc3)sc3c2CCCC3)C1,P00533,
CCCO[C@@H]1CC[C@H](C(=O)NCc2cn(CC)nc2C)C[C@H]1NC1CCCC1,P00533,
Cn1cnc(C(=O)N2CCc3nc4ncccc4cc3C2)c1,P00533,
CCCOc1ccc(-n2nnc(C(=O)NC3CCCCC3)c2C)cc1,P00533,
O=C1N[C@H](c2ccc(-c3ccccc3)cc2)C(F)(F)CO1,P00533,
Nc1nc(N)c2c(n1)CCN(C(=O)c1cc3c(Cl)ccc(Cl)c3[nH]1)C2,P00533,
COc1ccc(CCNC(=O)CCc2c(C)[nH]c(=O)n(C)c2=O)cc1OC,P00533,
O=C(NCc1ccc2[nH]c(=O)[nH]c2c1)c1nnc2n1CCCCC2,P00533,
CC(=O)c1c(C)[nH]c(C(=O)N2CCN(Cc3csc(-c4ccccc4)n3)CC2)c1C,P00533,
C[C@@H](NC(=O)c1ccc(Cl)c(F)c1)c1ccncc1,P00533,
CC[C@@H](C)CNC(=O)[C@H](C1CCCC1)N1CCN(C(=O)c2ccccc2)CC1,P00533,
CO[C@@H]1C[C@H](C(=O)NCC2(c3ccccc3)CCCC2)CC[C@@H]1O,P00533,
COc1c(C)cnc(CN2CCCC[C@@H]2CCN2CCOCC2)c1C,P00533,
FC(F)(F)Cn1nnc(CSc2nc3cc(Cl)ccc3o2)n1,P00533,
O=C(NCc1csc(-c2cnccn2)n1)N1CCC(F)(F)CC1,P00533,
COc1ccc(C[C@H](CC(=O)O)C(=O)Nc2ccc(OC)cc2)cc1,P00533,
CCOc1ccc(NC(=O)c2cnn(-c3ccccc3)n2)cc1S(=O)(=O)N1CCCCC1,P00533,
Cc1cc(N)nc(SCC(=O)N[C@@H](C)c2ccc(Br)cc2)n1,P00533,
COC(=O)c1ccc(C(=O)NC[C@](O)(c2ccccc2)C2CC2)cc1,P00533,
CCOc1ccc(CN2CCCN(C)C3(CCNCC3)C2)cc1Cl,P00533,
CN1CCN(C(=O)CCc2ccncc2)C[C@H]1CCO,P00533,
COc1ccc(CNC(=O)Cn2c(=O)n(C(C)C)c(=O)c3nscc32)cc1,P00533,
Cc1ccc(C)c(CSc2ncnc3c2nnn3Cc2ccc(Cl)cc2)c1,P00533,
Cc1ccc2s/c(=N/C(=O)c3ccc4ncsc4c3)n(C)c2c1C,P00533,
COc1ccc(-c2nnc3sc(NC(=O)c4ccc(Br)cc4)nn23)cc1,P00533,
CCOC(=O)c1ccc(NC(=O)[C@@H]2CN(S(=O)(=O)c3ccc(C)cc3)c3cc(C)ccc3O2)cc1,P00533,
Cc1cc(C)c2c(c1)[C@@](O)(CC(=O)c1ccco1)C(=O)N2,P00533,
Cc1nn(C)c(C)c1[C@H]1CCCN1C(=O)[C@@H]1COc2ccccc2C1,P00533,
CC(C)(C)c1ccc(C(=O)NCCC(=O)Nc2ccc(Cl)cc2C(=O)NC2CC2)cc1,P00533,
COc1ncc(Cl)c(N2C[C@@H](C)O[C@@H](c3nc(C)no3)C2)n1,P00533,
COc1ccccc1CC(=O)N[C@@H](C)c1cccc(Cl)c1,P00533,
Cc1occc1C(=O)N1CCN(Cc2nnsc2Cl)CC1,P00533,
COc1ccc(CCNC(=O)c2sc(NC3CC3)nc2C)cc1,P00533,
O=C(c1ccc(-c2cc[nH]n2)cc1)N1C[C@H]2C[C@@H](Oc3ccc4c(c3)OCO4)[C@H](O)C[C@H]2C1,P00533,
Cc1cc(C)cc(C[C@@H](C)NC(=O)N[C@@H]2CCC(=O)N(C)C2)c1,P00533,
CCn1c(=O)c2ccccc2n(CC(=O)N2CCc3sccc3[C@@H]2c2cccs2)c1=O,P00533,
C[C@@H](NC[C@H](c1ccccc1)C(C)(C)CO)c1cccc(O)c1F,P00533,
CC(C)n1cc(NC(=O)c2cncc3ccccc23)cn1,P00533,
COc1cccc(-c2nc(CSc3n[nH]c(=O)c4cc(-c5ccc(F)cc5)nn34)c(C)o2)c1OC,P00533,
O=C(Cc1ccc(F)cc1)Nc1nc2c(s1)CCCCC2,P00533,
CC(C)N1[C@@H]2CC[C@H]1CN(C(=O)c1cccnc1-n1cccn1)CC2,P00533,
O=C(CCC(=O)NC1CCCC1)Nc1ccccc1CN1CCCC1,P00533,
CCn1c(S[C@@H](C)C(=O)NC2CCCC2)nnc1-c1cccnc1,P00533,
COCc1nc2ccc(NC(=O)[C@H]3CC(=O)N(c4cccc(Cl)c4)C3)cc2[nH]1,P00533,
COC(=O)c1ccc(NC(=O)Cc2ccc(OC)c(OC)c2)s1,P00533,
Cn1cnc2cnc(N[C@@H](CCn3cncn3)c3ccccc3)nc21,P00533,
Cc1cccc(OC2CCN(C(=O)c3cc(-c4cccs4)n[nH]3)CC2)n1,P00533,
CN(C)S(=O)(=O)c1ccc(N2CCCC2)c(C(=O)N2CCC[C@@H]3CCCC[C@@H]32)c1,P00533,
Cc1sc(NC(=O)CCNC(=O)c2ccco2)nc1-c1ccc(F)c(F)c1,P00533,
COc1cc([C@@H]2NC(O)=Nc3c2c(=O)n(C)c(=O)n3C)ccc1O,P00533,
CC[C@@H](C)c1nnc(NC(=O)c2ccc(OC)c(OC)c2)s1,P00533,
CN1CCN(C2(CNc3ccc(C(=O)N4CCOCC4)cn3)CCCC2)CC1,P00533,
Cc1ccc(NC(=O)N2c3ccccc3C[C@@H]2C)cc1,P00533,
Cc1ccc(-c2nnn(CC(=O)N(C[C@H]3CCCO3)[C@@H](C(=O)NC(C)(C)C)c3cccs3)n2)o1,P00533,
Cc1ccc(S(=O)(=O)N(Cc2nc(-c3ccccc3)no2)C(C)C)cc1,P00533,
Cc1ccccc1C(=O)N1CCC2(CC1)CC(=O)N(Cc1ccccc1)O2,P00533,
O=C(O)c1snnc1-c1ccccc1Br,P00533,
Cc1cc(F)ccc1-c1c(-c2ccccc2)ncn1C[C@@H]1COCCO1,P00533,
CNC(=O)c1cc(S(=O)(=O)N(C)C[C@H](C)N2CCOCC2)cs1,P00533,
O=C(Cn1cccc2cc(-c3ccc(F)cc3)nc1-2)N1CCC(O)CC1,P00533,
COc1cc([C@H]2c3c(oc4ccc(C)cc4c3=O)C(=O)N2Cc2ccccc2)cc(OC)c1OC,P00533,
C[C@H](Oc1ccccc1)C(=O)N1CCN=C1SCc1ccc(C(F)(F)F)cc1,P00533,
O[C@H](COc1ccccc1)Cn1c([C@H]2CCCO2)nc2ccccc21,P00533,
CC(C)(C)c1ccc(NC(=O)COC(=O)C2CCCC2)cc1,P00533,
COc1cc(N2CC[C@H](Nc3nccc(N4CCOCC4)n3)C2)nc(OC)n1,P00533,
CC(C)CCNC(=O)C1(Cc2ccc(-c3cccnc3)cc2)CCOCC1,P00533,
Cc1nc(-c2ccccc2)sc1C(=O)NCCn1cnc(C2CC2)cc1=O,P00533,
C[C@@H]1C[C@@H](C)CN(Cc2nc3scc(-c4ccc(Cl)cc4)c3c(=O)[nH]2)C1,P00533,
O=C(c1conc1C1CC1)N1CCC[C@@H](C(=O)N2CCOCC2)C1,P00533,
O[C@@H](Cn1cnc2cc(F)c(F)cc21)C1(O)CCC1,P00533,
Cc1ccccc1C(=O)Nc1ccc2c(n1)CCC2,P00533,
Cc1ccc(-c2nnn(CC(=O)N(c3ccccc3C)[C@H](C(=O)NC3CCCC3)c3ccc(C)o3)n2)o1,P00533,
CS(=O)(=O)N1CCC(C(=O)Nc2ccc(Cl)cc2Cl)CC1,P00533,
COc1ccc(OC)c([C@H](C)NC(=O)COCc2nc3ccccc3s2)c1,P00533,
O=C1CC[C@@H](C(=O)N2CCC3(CCc4c3nc(-c3cccnc3)[nH]c4=O)CC2)N1,P00533,
Cc1cc(C)n(C[C@H]2CCCCN2C(=O)c2csc(C)n2)n1,P00533,
CCn1nc(C)c(C(=O)N[C@H](C)c2cnc(-c3ccncc3)nc2C)c1C,P00533,
Nc1nccc(-c2sccc2Br)n1,P00533,
CC(=O)c1cc(CN2CCCC[C@H]2c2nc(C)no2)cs1,P00533,
CCOc1ccc(CC(=O)Nc2nc3c(OCC)cccc3s2)cc1,P00533,
CC(C)Cc1nc(CN2CC[C@H]3CNC[C@H]32)no1,P00533,
COCCS(=O)(=O)N1CCC(NC(=O)c2cccs2)CC1,P00533,
C[C@H](NCc1csc(COc2ccc(Cl)cc2)n1)c1ccncc1,P00533,
CCn1nc(C)c(CNC(=O)C2CCN(C(=O)N3C[C@H]4C[C@@H](C3)[C@H]3CCCC(=O)N3C4)CC2)c1C,P00533,
CNc1nccnc1C[C@H]1CCCN(Cc2ccc(F)cn2)C1,P00533,
O=C(CN1CCCN(Cc2ccccc2F)CC1)Nc1ccncc1,P00533,
O=C(N1CCOCC1)N1[C@@H]2CC[C@H]1c1ccccc12,P00533,
COc1ncccc1C(=O)NC[C@@H]1C[C@H](F)CN1c1ccnc(N(C)C)n1,P00533,
CCOC(=O)C[C@H](N)C1CCN(C(=O)OC(C)(C)C)CC1,P00533,
CC[C@@H](C)[C@@H](NC(=O)Cc1ccc2c(c1)CCC(C)(C)O2)C(=O)O,P00533,
Cc1nc(-c2ccc(C(F)(F)F)cc2)c(N)c(N2CCSCC2)n1,P00533,
COc1ccc(OC)c(N(CC(=O)Nc2ccccc2C(=O)O)S(=O)(=O)c2ccc(C)cc2)c1,P00533,
CCc1ccc(NCCC(=O)c2ccc(Br)cc2)cc1,P00533,
CCCc1cc(C(=O)N2CC[C@H]3OCC(=O)N[C@H]3C2)no1,P00533,
Cc1ccccc1NC(=O)[C@H](C)Sc1nnnn1Cc1ccccc1,P00533,
O=C(Nc1sncc1Br)c1ncc(OCC2CC2)cc1F,P00533,
N[C@@H]1CC[C@@H](n2cnc3c(F)cccc3c2=O)C1,P00533,
Cc1cccc(C)c1NC(=O)Cn1cc(C#N)c2ccccc21,P00533,
Cc1cc2c(o1)CC(C)(C)C[C@@H]2NC(=O)c1ccc(=O)[nH]n1,P00533,
CCOC(=O)[C@@H](CC)Sc1ccc2nnc(CCNS(=O)(=O)c3ccccc3)n2n1,P00533,
CN1CC[C@@H](n2ccnc2-c2c[nH]cn2)C1=O,P00533,
C[C@@H](O)C(=O)N1CCc2onc(-c3cccc4ccccc34)c2C1,P00533,
Cc1ccc(C)c2c1cc(C(=O)Nc1ccc(N3CCCS3(=O)=O)cc1)n2C,P00533,
CC(C)(C)OC(=O)N[C@@H](CCC(N)=O)C(=O)N1CC[C@H]2O[C@H]3c4cc(Cl)ccc4OC(C)(C)[C@@H]3C[C@H]2C1,P00533,
COCC(=O)N1CCC2(CC1)CN(c1ccc(C#N)c(C(F)(F)F)c1)C[C@@H]2C(=O)N(C)C,P00533,
Cn1c(N2CC[C@@H](N3CCOC3=O)C2)nc2c(F)cccc21,P00533,
Cc1ccc2nc(CNC[C@H]3CCCC[C@@]3(C)O)cc(O)c2c1,P00533,
CCCn1c(=O)n(-c2ccc(F)cc2)c(=O)c2c3c(sc21)CN(C(C)=O)CC3,P00533,
O=C(NC[C@H](c1ccoc1)N1CCSCC1)c1cccc(F)c1,P00533,
COc1ccc(CN(C(=O)Cn2nnc3ccccc32)[C@@H](C(=O)NC2CCCCC2)c2cccs2)cc1,P00533,
Nc1ncc2c(n1)C1(CCN(C(=O)[C@@H](c3cccnc3)N3CCCC3)CC1)OCC2,P00533,
Cc1ccnc(OC[C@H]2CCS(=O)(=O)C23CN(Cc2cnn(C)c2)C3)n1,P00533,
CCOC[C@H](O)CN1CCN(Cc2nc(C(=O)Nc3ccc(Cl)cc3)co2)CC1,P00533,
Cc1nnc([C@H]2COCCN2C(=O)c2coc3ccccc23)o1,P00533,
Cc1noc(C2CC2)c1NC(=O)c1oc2c(c1C)C(=O)CCC2,P00533,
COc1cc2c(cc1OC)[C@@H](NC(=O)c1ccc(C)c(-n3cnnn3)c1)CC2,P00533,
CCc1nn(CC(=O)N(CC)CC)c(=O)c2cc3oc(C)cc3n12,P00533,
CCn1nc(C(C)C)cc1C(=O)N1CCC[C@](COc2ccc(F)cc2)(CC(=O)N2CCOCC2)C1,P00533,
Clc1cccc(-c2nc(Br)nc(Br)n2)c1,P00533,
O=C(CCCc1cn[nH]c1)NC[C@H]1CN(CC2CCN(CC3CC3)CC2)C(=O)CO1,P00533,
CCC(CC)(OC)c1noc(C2CN(C(C)=O)C2)n1,P00533,
Cc1nc2cc(Oc3ncccc3C)ccc2s1,P00533,
CCN(Cc1nc(-c2ccccc2)no1)C(=O)COc1ccccc1,P00533,
Cc1cc(C(=O)Nc2nc3ccc(F)cc3s2)nn1C,P00533,
COc1cccc(CN2CCC[C@]3(CCN(c4cc(C#N)ccn4)C3)C2=O)c1OC,P00533,
OCC[C@@H]1CN(Cc2ccc(O)c(Cl)c2)CCN1CC1CCCCC1,P00533,